# Blender v2.92.0 OBJ File: ''
# www.blender.org
mtllib jaffa.mtl
o bodyModel
v 4.139287 1.597237 -2.327208
v -4.114116 1.597237 -2.327208
v 4.139287 8.475023 -2.301326
v -4.114116 8.475023 -2.301326
v -4.114116 1.579983 2.257981
v 4.139287 1.579983 2.257981
v -4.114116 8.457767 2.283865
v 4.139287 8.457767 2.283865
v -4.343373 11.208025 2.523479
v 4.368550 11.208025 2.523479
v -4.343373 11.227003 -2.520227
v 4.368550 11.227003 -2.520227
v 4.368550 8.456905 2.513125
v -4.343373 8.456905 2.513125
v 4.368550 8.475885 -2.530586
v -4.343373 8.475885 -2.530586
v -4.572636 11.227003 -2.520227
v -3.655590 11.227003 -2.520227
v -4.572636 11.227867 -2.749496
v -3.655590 11.227867 -2.749496
v -3.655590 8.475885 -2.530586
v -4.572636 8.475885 -2.530586
v -3.655590 8.476748 -2.759849
v -4.572636 8.476748 -2.759849
v -3.426327 11.227003 -2.520227
v -2.509289 11.227003 -2.520227
v -3.426327 11.227867 -2.749496
v -2.509289 11.227867 -2.749496
v -2.509289 8.475885 -2.530586
v -3.426327 8.475885 -2.530586
v -2.509289 8.476748 -2.759849
v -3.426327 8.476748 -2.759849
v 3.680768 11.227003 -2.520227
v 4.597807 11.227003 -2.520227
v 3.680768 11.227867 -2.749496
v 4.597807 11.227867 -2.749496
v 4.597807 8.475885 -2.530586
v 3.680768 8.475885 -2.530586
v 4.597807 8.476748 -2.759849
v 3.680768 8.476748 -2.759849
v 2.534459 11.227003 -2.520227
v 3.451505 11.227003 -2.520227
v 2.534459 11.227867 -2.749496
v 3.451505 11.227867 -2.749496
v 3.451505 8.475885 -2.530586
v 2.534459 8.475885 -2.530586
v 3.451505 8.476748 -2.759849
v 2.534459 8.476748 -2.759849
v -4.572636 11.224415 -1.832456
v -4.343373 11.224415 -1.832456
v -4.343373 8.473297 -1.842810
v -4.572636 8.473297 -1.842810
v -4.572636 11.220104 -0.686155
v -4.343373 11.220104 -0.686155
v -4.572636 11.223553 -1.603194
v -4.343373 11.223553 -1.603194
v -4.343373 8.468984 -0.696509
v -4.572636 8.468984 -0.696509
v -4.343373 8.472434 -1.613548
v -4.572636 8.472434 -1.613548
v -4.572636 11.211477 1.606439
v -4.343373 11.211477 1.606439
v -4.572636 11.214926 0.689400
v -4.343373 11.214926 0.689400
v -4.343373 8.460356 1.596086
v -4.572636 8.460356 1.596086
v -4.343373 8.463806 0.679046
v -4.572636 8.463806 0.679046
v -4.572636 11.208025 2.523479
v -4.572636 11.210615 1.835694
v -4.343373 11.210615 1.835694
v -4.572636 8.456905 2.513125
v -4.343373 8.459494 1.825340
v -4.572636 8.459494 1.825340
v -1.019085 3.898602 2.954495
v 1.044263 3.898602 2.954495
v -1.019085 3.921036 -3.006257
v 1.044263 3.921036 -3.006257
v 1.044263 -0.256725 2.938858
v -1.019085 -0.256725 2.938858
v 1.044263 -0.234296 -3.021895
v -1.019085 -0.234296 -3.021895
v -5.174492 -0.256683 2.938858
v 5.199571 -0.256683 2.938858
v -5.174492 -0.234254 -3.021895
v 5.199571 -0.234254 -3.021895
v 5.199571 -0.715200 2.937133
v -5.174492 -0.715200 2.937133
v 5.199571 -0.692770 -3.023621
v -5.174492 -0.692770 -3.023621
v 1.044276 3.898674 2.954496
v 2.950562 3.109066 2.951524
v 1.044276 3.921105 -3.006256
v 2.950562 3.131505 -3.009228
v 1.459076 -0.491674 2.937973
v -0.447208 0.297933 2.940945
v 1.459076 -0.469242 -3.022779
v -0.447208 0.320363 -3.019807
v 2.950541 3.109045 2.951524
v 4.409554 1.650050 2.946033
v 2.950541 3.131485 -3.009228
v 4.409554 1.672480 -3.014719
v 2.139982 -0.619512 2.937492
v 0.680977 0.839490 2.942983
v 2.139982 -0.597075 -3.023261
v 0.680977 0.861921 -3.017770
v 3.562334 1.299127 2.944712
v 4.409575 1.650056 2.946033
v 3.562334 1.321558 -3.016040
v 4.409575 1.672495 -3.014719
v 5.199368 -0.256676 2.938858
v 4.352135 -0.607607 2.937537
v 5.199368 -0.234240 -3.021895
v 4.352135 -0.585169 -3.023216
v -2.925384 3.109066 2.951524
v -1.019099 3.898674 2.954496
v -2.925384 3.131505 -3.009228
v -1.019099 3.921105 -3.006256
v 0.472386 0.297933 2.940945
v -1.433906 -0.491674 2.937973
v 0.472386 0.320363 -3.019807
v -1.433906 -0.469242 -3.022779
v -4.384375 1.650050 2.946033
v -2.925370 3.109045 2.951524
v -4.384375 1.672480 -3.014719
v -2.925370 3.131485 -3.009228
v -0.655799 0.839490 2.942983
v -2.114811 -0.619512 2.937492
v -0.655799 0.861921 -3.017770
v -2.114811 -0.597075 -3.023261
v -4.384396 1.650056 2.946033
v -3.537163 1.299119 2.944712
v -4.384396 1.672495 -3.014719
v -3.537163 1.321551 -3.016040
v -4.326958 -0.607607 2.937537
v -5.174198 -0.256676 2.938858
v -4.326958 -0.585169 -3.023216
v -5.174198 -0.234240 -3.021895
v -4.257446 0.946929 2.943387
v 4.282532 0.946929 2.943387
v -4.257446 0.969366 -3.017366
v 4.282532 0.969366 -3.017366
v 4.282532 -0.371314 2.938426
v -4.257446 -0.371314 2.938426
v 4.282532 -0.348877 -3.022326
v -4.257446 -0.348877 -3.022326
v -0.560565 3.668478 3.182894
v 0.585743 3.668478 3.182894
v -0.560565 3.692636 -3.236374
v 0.585743 3.692636 -3.236374
v 0.585743 0.917361 3.172540
v -0.560565 0.917361 3.172540
v 0.585743 0.941526 -3.246728
v -0.560565 0.941526 -3.246728
v 1.380160 3.510529 3.182298
v 2.439205 3.071866 3.180647
v 1.380160 3.534684 -3.236969
v 2.439205 3.096021 -3.238621
v 1.386393 0.530161 3.171083
v 0.327348 0.968838 3.172734
v 1.386393 0.554320 -3.248185
v 0.327348 0.992997 -3.246535
v -2.414034 3.071866 3.180647
v -1.354989 3.510529 3.182298
v -2.414034 3.096021 -3.238621
v -1.354989 3.534684 -3.236969
v -0.302170 0.968838 3.172734
v -1.361222 0.530161 3.171083
v -0.302170 0.992997 -3.246535
v -1.361222 0.554320 -3.248185
v 3.112652 2.621859 3.178954
v 3.923218 1.811292 3.175904
v 3.112652 2.646014 -3.240314
v 3.923218 1.835454 -3.243365
v 1.977870 -0.134038 3.168583
v 1.167312 0.676522 3.171634
v 1.977870 -0.109879 -3.250684
v 1.167312 0.700681 -3.247634
v -3.898040 1.811292 3.175904
v -3.087481 2.621859 3.178954
v -3.898040 1.835454 -3.243365
v -3.087481 2.646014 -3.240314
v -1.142134 0.676522 3.171634
v -1.952692 -0.134038 3.168583
v -1.142134 0.700681 -3.247634
v -1.952692 -0.109879 -3.250684
v 2.043327 0.172775 3.169739
v 4.373230 1.137848 3.173370
v 2.043327 0.196933 -3.249531
v 4.373230 1.162004 -3.245899
v 4.811903 0.078802 3.169384
v 2.482000 -0.886270 3.165746
v 4.811903 0.102968 -3.249883
v 2.482000 -0.862104 -3.253515
v -4.348057 1.137848 3.173370
v -2.018156 0.172775 3.169739
v -4.348057 1.162004 -3.245899
v -2.018156 0.196933 -3.249531
v -2.456822 -0.886270 3.165746
v -4.786730 0.078802 3.169384
v -2.456822 -0.862104 -3.253515
v -4.786730 0.102968 -3.249883
v -2.280025 11.227003 -2.520227
v -1.362980 11.227003 -2.520227
v -2.280025 11.227867 -2.749496
v -1.362980 11.227867 -2.749496
v -1.362980 8.475885 -2.530586
v -2.280025 8.475885 -2.530586
v -1.362980 8.476748 -2.759849
v -2.280025 8.476748 -2.759849
v 1.388157 11.227003 -2.520227
v 2.305196 11.227003 -2.520227
v 1.388157 11.227867 -2.749496
v 2.305196 11.227867 -2.749496
v 2.305196 8.475885 -2.530586
v 1.388157 8.475885 -2.530586
v 2.305196 8.476748 -2.759849
v 1.388157 8.476748 -2.759849
v -4.945138 -0.716064 3.166394
v -2.194008 -0.716064 3.166394
v -4.945138 -0.691906 -3.252876
v -2.194008 -0.691906 -3.252876
v -2.194008 -0.945326 3.165524
v -4.945138 -0.945326 3.165524
v -2.194008 -0.921167 -3.253737
v -4.945138 -0.921167 -3.253737
v 2.161866 -0.716064 3.166394
v 4.970316 -0.716064 3.166394
v 2.161866 -0.691906 -3.252876
v 4.970316 -0.691906 -3.252876
v 4.970316 -0.945326 3.165524
v 2.161866 -0.945326 3.165524
v 4.970316 -0.921167 -3.253737
v 2.161866 -0.921167 -3.253737
v -6.091537 -0.942736 2.477746
v -1.678260 -0.942736 2.477746
v -6.091537 -0.923757 -2.565959
v -1.678260 -0.923757 -2.565959
v -1.678260 -1.401252 2.476021
v -6.091537 -1.401252 2.476021
v -1.678260 -1.382272 -2.567686
v -6.091537 -1.382272 -2.567686
v -5.403755 -0.713474 2.478608
v -1.678260 -0.713474 2.478608
v -5.403755 -0.694495 -2.565097
v -1.678260 -0.694495 -2.565097
v -5.403755 -0.942736 2.477746
v -5.403755 -0.923757 -2.565959
v 4.941324 0.232599 2.482168
v 6.116638 -0.942715 2.477746
v 4.941324 0.251578 -2.561537
v 6.116638 -0.923736 -2.565959
v 5.751881 -1.307462 2.476374
v 4.576574 -0.132155 2.480797
v 5.751881 -1.288476 -2.567332
v 4.576574 -0.113176 -2.562910
v -4.916152 0.232599 2.482168
v -4.551395 -0.132155 2.480797
v -4.916152 0.251578 -2.561537
v -4.551395 -0.113176 -2.562910
v -5.726711 -1.307462 2.476374
v -6.091460 -0.942708 2.477746
v -5.726711 -1.288476 -2.567332
v -6.091460 -0.923729 -2.565959
v -5.633011 -1.390899 -0.275091
v -2.136780 -1.390899 -0.275091
v -5.633011 -1.383998 -2.109169
v -2.136780 -1.383998 -2.109169
v -2.136780 -1.620162 -0.275954
v -5.633011 -1.620162 -0.275954
v -2.136780 -1.613260 -2.110032
v -5.633011 -1.613260 -2.110032
v -5.633011 -1.399527 2.017504
v -2.136780 -1.399527 2.017504
v -5.633011 -1.392625 0.183425
v -2.136780 -1.392625 0.183425
v -2.136780 -1.628789 2.016642
v -5.633011 -1.628789 2.016642
v -2.136780 -1.621886 0.182562
v -5.633011 -1.621886 0.182562
v 2.161866 -1.390899 -0.275091
v 5.658098 -1.390899 -0.275091
v 2.161866 -1.383998 -2.109169
v 5.658098 -1.383998 -2.109169
v 5.658098 -1.620162 -0.275954
v 2.161866 -1.620162 -0.275954
v 5.658098 -1.613260 -2.110032
v 2.161866 -1.613260 -2.110032
v 2.161866 -1.399527 2.017504
v 5.658098 -1.399527 2.017504
v 2.161866 -1.392625 0.183425
v 5.658098 -1.392625 0.183425
v 5.658098 -1.628789 2.016642
v 2.161866 -1.628789 2.016642
v 5.658098 -1.621886 0.182562
v 2.161866 -1.621886 0.182562
v -4.572636 11.215788 0.460139
v -4.343373 11.215788 0.460139
v -4.572636 11.219240 -0.456901
v -4.343373 11.219240 -0.456901
v -4.343373 8.464670 0.449785
v -4.572636 8.464670 0.449785
v -4.343373 8.468120 -0.467254
v -4.572636 8.468120 -0.467254
v -1.133716 11.227003 -2.520227
v 1.158894 11.227003 -2.520227
v -1.133716 11.227867 -2.749496
v 1.158894 11.227867 -2.749496
v 1.158894 8.475885 -2.530586
v -1.133716 8.475885 -2.530586
v 1.158894 8.476748 -2.759849
v -1.133716 8.476748 -2.759849
v -1.806344 0.085042 3.169409
v -1.806344 0.109201 -3.249861
v -2.223077 -0.921054 3.165616
v -2.434882 -0.833314 3.165952
v -2.223077 -0.896888 -3.253645
v -2.434882 -0.809155 -3.253315
v 1.831515 0.085042 3.169409
v 1.831515 0.109201 -3.249861
v 2.460066 -0.833314 3.165952
v 2.248255 -0.921054 3.165616
v 2.460066 -0.809155 -3.253315
v 2.248255 -0.896888 -3.253645
v -4.223986 0.838088 3.229555
v -4.012174 0.750356 3.229225
v -4.223986 0.862685 -3.304345
v -4.012174 0.774946 -3.304674
v -4.275373 0.114931 3.226832
v -4.487185 0.202664 3.227164
v -4.275373 0.139522 -3.307065
v -4.487185 0.227255 -3.306736
v -3.800363 0.662616 3.228894
v -3.588558 0.574884 3.228564
v -3.800363 0.687206 -3.305004
v -3.588558 0.599473 -3.305334
v -3.851757 -0.060534 3.226172
v -4.063561 0.027199 3.226503
v -3.851757 -0.035943 -3.307725
v -4.063561 0.051790 -3.307395
v 4.037345 0.750356 3.229225
v 4.249157 0.838088 3.229555
v 4.037345 0.774946 -3.304674
v 4.249157 0.862685 -3.304345
v 4.512364 0.202664 3.227164
v 4.300551 0.114931 3.226832
v 4.512364 0.227255 -3.306736
v 4.300551 0.139522 -3.307065
v 3.613729 0.574884 3.228564
v 3.825541 0.662616 3.228894
v 3.613729 0.599473 -3.305334
v 3.825541 0.687206 -3.305004
v 4.088739 0.027199 3.226503
v 3.876928 -0.060534 3.226172
v 4.088739 0.051790 -3.307395
v 3.876928 -0.035943 -3.307725
v 3.112652 2.297408 3.235046
v 3.598987 1.811076 3.233216
v 3.112652 2.322001 -3.298851
v 3.598987 1.835671 -3.300683
v 3.436875 1.648972 3.232606
v 2.950541 2.135303 3.234436
v 3.436875 1.673560 -3.301293
v 2.950541 2.159899 -3.299464
v 2.788429 1.973193 3.233826
v 3.274764 1.486863 3.231996
v 2.788429 1.997781 -3.300073
v 3.274764 1.511450 -3.301903
v 3.112652 1.324745 3.231386
v 2.626317 1.811076 3.233216
v 3.112652 1.349332 -3.302513
v 2.626317 1.835671 -3.300683
v -3.573816 1.811076 3.233216
v -3.087481 2.297408 3.235046
v -3.573816 1.835671 -3.300683
v -3.087481 2.322001 -3.298851
v -2.925370 2.135303 3.234436
v -3.411705 1.648972 3.232606
v -2.925370 2.159899 -3.299464
v -3.411705 1.673560 -3.301293
v -3.249586 1.486863 3.231996
v -2.763258 1.973193 3.233826
v -3.249586 1.511450 -3.301903
v -2.763258 1.997781 -3.300073
v -2.601146 1.811076 3.233216
v -3.087481 1.324745 3.231386
v -2.601146 1.835671 -3.300683
v -3.087481 1.349332 -3.302513
v 1.504239 3.210771 3.238483
v 2.139667 2.947572 3.237494
v 1.504239 3.235358 -3.295416
v 2.139667 2.972159 -3.296407
v 2.051934 2.735763 3.236696
v 1.416498 2.998974 3.237686
v 2.051934 2.760350 -3.297204
v 1.416498 3.023561 -3.296211
v 1.328765 2.787157 3.236889
v 1.964193 2.523952 3.235898
v 1.328765 2.811743 -3.297009
v 1.964193 2.548545 -3.298001
v 1.876460 2.312149 3.235101
v 1.241032 2.575346 3.236094
v 1.876460 2.336735 -3.298798
v 1.241032 2.599933 -3.297807
v -2.114489 2.947572 3.237494
v -1.479061 3.210771 3.238483
v -2.114489 2.972159 -3.296407
v -1.479061 3.235358 -3.295416
v -1.391327 2.998966 3.237686
v -2.026756 2.735763 3.236696
v -1.391327 3.023553 -3.296211
v -2.026756 2.760350 -3.297204
v -1.939023 2.523952 3.235898
v -1.303594 2.787157 3.236889
v -1.939023 2.548545 -3.298001
v -1.303594 2.811743 -3.297009
v -1.215861 2.575346 3.236094
v -1.851289 2.312149 3.235101
v -1.215861 2.599933 -3.297807
v -1.851289 2.336735 -3.298798
v -0.331302 3.439002 3.239341
v 0.356480 3.439002 3.239341
v -0.331302 3.463588 -3.294558
v 0.356480 3.463588 -3.294558
v 0.356480 3.209748 3.238479
v -0.331302 3.209748 3.238479
v 0.356480 3.234334 -3.295419
v -0.331302 3.234334 -3.295419
v -0.331302 2.980484 3.237617
v 0.356480 2.980484 3.237617
v -0.331302 3.005074 -3.296283
v 0.356480 3.005074 -3.296283
v 0.356480 2.751225 3.236753
v -0.331302 2.751225 3.236753
v 0.356480 2.775811 -3.297146
v -0.331302 2.775811 -3.297146
v -4.715882 -0.772518 2.936917
v -4.486618 -0.772518 2.936917
v -4.715882 -0.750082 -3.023837
v -4.486618 -0.750082 -3.023837
v -4.486618 -1.001773 2.936054
v -4.715882 -1.001773 2.936054
v -4.486618 -0.979344 -3.024698
v -4.715882 -0.979344 -3.024698
v -4.257355 -0.772518 2.936917
v -4.028091 -0.772518 2.936917
v -4.257355 -0.750082 -3.023837
v -4.028091 -0.750082 -3.023837
v -4.028091 -1.001773 2.936054
v -4.257355 -1.001773 2.936054
v -4.028091 -0.979344 -3.024698
v -4.257355 -0.979344 -3.024698
v 4.511789 -0.772518 2.936917
v 4.741052 -0.772518 2.936917
v 4.511789 -0.750082 -3.023837
v 4.741052 -0.750082 -3.023837
v 4.741052 -1.001773 2.936054
v 4.511789 -1.001773 2.936054
v 4.741052 -0.979344 -3.024698
v 4.511789 -0.979344 -3.024698
v 4.053270 -0.772518 2.936917
v 4.282532 -0.772518 2.936917
v 4.053270 -0.750082 -3.023837
v 4.282532 -0.750082 -3.023837
v 4.282532 -1.001773 2.936054
v 4.053270 -1.001773 2.936054
v 4.282532 -0.979344 -3.024698
v 4.053270 -0.979344 -3.024698
v 4.970316 -1.513295 1.787811
v 5.428836 -1.513295 1.787811
v 4.970316 -1.508119 0.412256
v 5.428836 -1.508119 0.412256
v 5.428836 -1.742557 1.786949
v 4.970316 -1.742557 1.786949
v 5.428836 -1.737381 0.411393
v 4.970316 -1.737381 0.411393
v 4.282532 -1.513295 1.787811
v 4.741052 -1.513295 1.787811
v 4.282532 -1.508119 0.412256
v 4.741052 -1.508119 0.412256
v 4.741052 -1.742557 1.786949
v 4.282532 -1.742557 1.786949
v 4.741052 -1.737381 0.411393
v 4.282532 -1.737381 0.411393
v 4.282532 -1.504668 -0.504784
v 4.741052 -1.504668 -0.504784
v 4.282532 -1.499491 -1.880339
v 4.741052 -1.499491 -1.880339
v 4.741052 -1.733930 -0.505646
v 4.282532 -1.733930 -0.505646
v 4.741052 -1.728753 -1.881202
v 4.282532 -1.728753 -1.881202
v 4.970316 -1.504668 -0.504784
v 5.428836 -1.504668 -0.504784
v 4.970316 -1.499491 -1.880339
v 5.428836 -1.499491 -1.880339
v 5.428836 -1.733930 -0.505646
v 4.970316 -1.733930 -0.505646
v 5.428836 -1.728753 -1.881202
v 4.970316 -1.728753 -1.881202
v -5.403664 -1.513295 1.787811
v -4.945138 -1.513295 1.787811
v -5.403664 -1.508119 0.412256
v -4.945138 -1.508119 0.412256
v -4.945138 -1.742557 1.786949
v -5.403664 -1.742557 1.786949
v -4.945138 -1.737381 0.411393
v -5.403664 -1.737381 0.411393
v -4.715882 -1.513295 1.787811
v -4.257355 -1.513295 1.787811
v -4.715882 -1.508119 0.412256
v -4.257355 -1.508119 0.412256
v -4.257355 -1.742557 1.786949
v -4.715882 -1.742557 1.786949
v -4.257355 -1.737381 0.411393
v -4.715882 -1.737381 0.411393
v -4.715882 -1.504668 -0.504784
v -4.257355 -1.504668 -0.504784
v -4.715882 -1.499491 -1.880339
v -4.257355 -1.499491 -1.880339
v -4.257355 -1.733930 -0.505646
v -4.715882 -1.733930 -0.505646
v -4.257355 -1.728753 -1.881202
v -4.715882 -1.728753 -1.881202
v -5.403664 -1.504668 -0.504784
v -4.945138 -1.504668 -0.504784
v -5.403664 -1.499491 -1.880339
v -4.945138 -1.499491 -1.880339
v -4.945138 -1.733930 -0.505646
v -5.403664 -1.733930 -0.505646
v -4.945138 -1.728753 -1.881202
v -5.403664 -1.728753 -1.881202
v -1.821499 8.475023 -2.301326
v 1.846677 8.475023 -2.301326
v -1.821499 8.475885 -2.530586
v 1.846677 8.475885 -2.530586
v 1.846677 3.431316 -2.320307
v -1.821499 3.431316 -2.320307
v 1.846677 3.432179 -2.549567
v -1.821499 3.432179 -2.549567
v -1.592243 8.475885 -2.530586
v -0.216671 8.475885 -2.530586
v -1.592243 8.476748 -2.759849
v -0.216671 8.476748 -2.759849
v -0.216671 8.017370 -2.532313
v -1.592243 8.017370 -2.532313
v -0.216671 8.018232 -2.761574
v -1.592243 8.018232 -2.761574
v -1.592243 7.788108 -2.533176
v -0.216671 7.788108 -2.533176
v -1.592243 7.788970 -2.762438
v -0.216671 7.788970 -2.762438
v -0.216671 7.329594 -2.534901
v -1.592243 7.329594 -2.534901
v -0.216671 7.330454 -2.764163
v -1.592243 7.330454 -2.764163
v -1.592243 7.100329 -2.535763
v -0.216671 7.100329 -2.535763
v -1.592243 7.101192 -2.765025
v -0.216671 7.101192 -2.765025
v -0.216671 6.641813 -2.537489
v -1.592243 6.641813 -2.537489
v -0.216671 6.642675 -2.766751
v -1.592243 6.642675 -2.766751
v -1.592243 6.412552 -2.538351
v -0.216671 6.412552 -2.538351
v -1.592243 6.413414 -2.767613
v -0.216671 6.413414 -2.767613
v -0.216671 5.954035 -2.540077
v -1.592243 5.954035 -2.540077
v -0.216671 5.954897 -2.769339
v -1.592243 5.954897 -2.769339
v -1.592243 5.724774 -2.540939
v -0.216671 5.724774 -2.540939
v -1.592243 5.725636 -2.770202
v -0.216671 5.725636 -2.770202
v -0.216671 5.266258 -2.542666
v -1.592243 5.266258 -2.542666
v -0.216671 5.267120 -2.771928
v -1.592243 5.267120 -2.771928
v -1.592243 5.036996 -2.543528
v -0.216671 5.036996 -2.543528
v -1.592243 5.037858 -2.772790
v -0.216671 5.037858 -2.772790
v -0.216671 4.578475 -2.545254
v -1.592243 4.578475 -2.545254
v -0.216671 4.579337 -2.774515
v -1.592243 4.579337 -2.774515
v -1.592243 4.349218 -2.546116
v -0.216671 4.349218 -2.546116
v -1.592243 4.350080 -2.775378
v -0.216671 4.350080 -2.775378
v -0.216671 3.890697 -2.547841
v -1.592243 3.890697 -2.547841
v -0.216671 3.891557 -2.777104
v -1.592243 3.891557 -2.777104
v 0.241849 4.349218 -2.546116
v 1.617414 4.349218 -2.546116
v 0.241849 4.350080 -2.775378
v 1.617414 4.350080 -2.775378
v 1.617414 3.890697 -2.547841
v 0.241849 3.890697 -2.547841
v 1.617414 3.891557 -2.777104
v 0.241849 3.891557 -2.777104
v 0.241849 5.036996 -2.543528
v 1.617414 5.036996 -2.543528
v 0.241849 5.037858 -2.772790
v 1.617414 5.037858 -2.772790
v 1.617414 4.578475 -2.545254
v 0.241849 4.578475 -2.545254
v 1.617414 4.579337 -2.774515
v 0.241849 4.579337 -2.774515
v 0.241849 5.724774 -2.540939
v 1.617414 5.724774 -2.540939
v 0.241849 5.725636 -2.770202
v 1.617414 5.725636 -2.770202
v 1.617414 5.266258 -2.542666
v 0.241849 5.266258 -2.542666
v 1.617414 5.267120 -2.771928
v 0.241849 5.267120 -2.771928
v 0.241849 6.412552 -2.538351
v 1.617414 6.412552 -2.538351
v 0.241849 6.413414 -2.767613
v 1.617414 6.413414 -2.767613
v 1.617414 5.954035 -2.540077
v 0.241849 5.954035 -2.540077
v 1.617414 5.954897 -2.769339
v 0.241849 5.954897 -2.769339
v 0.241849 7.100329 -2.535763
v 1.617414 7.100329 -2.535763
v 0.241849 7.101192 -2.765025
v 1.617414 7.101192 -2.765025
v 1.617414 6.641813 -2.537489
v 0.241849 6.641813 -2.537489
v 1.617414 6.642675 -2.766751
v 0.241849 6.642675 -2.766751
v 0.241849 7.788108 -2.533176
v 1.617414 7.788108 -2.533176
v 0.241849 7.788970 -2.762438
v 1.617414 7.788970 -2.762438
v 1.617414 7.329594 -2.534901
v 0.241849 7.329594 -2.534901
v 1.617414 7.330454 -2.764163
v 0.241849 7.330454 -2.764163
v 0.241849 8.475885 -2.530586
v 1.617414 8.475885 -2.530586
v 0.241849 8.476748 -2.759849
v 1.617414 8.476748 -2.759849
v 1.617414 8.017370 -2.532313
v 0.241849 8.017370 -2.532313
v 1.617414 8.018232 -2.761574
v 0.241849 8.018232 -2.761574
v 4.368550 11.224415 -1.832456
v 4.597807 11.224415 -1.832456
v 4.597807 8.473297 -1.842810
v 4.368550 8.473297 -1.842810
v 4.368550 11.220104 -0.686155
v 4.597807 11.220104 -0.686155
v 4.368550 11.223553 -1.603194
v 4.597807 11.223553 -1.603194
v 4.597807 8.468984 -0.696509
v 4.368550 8.468984 -0.696509
v 4.597807 8.472434 -1.613548
v 4.368550 8.472434 -1.613548
v 4.368550 11.215788 0.460139
v 4.597807 11.215788 0.460139
v 4.368550 11.219240 -0.456901
v 4.597807 11.219240 -0.456901
v 4.597807 8.464670 0.449785
v 4.368550 8.464670 0.449785
v 4.597807 8.468120 -0.467254
v 4.368550 8.468120 -0.467254
v 4.368550 11.211477 1.606439
v 4.597807 11.211477 1.606439
v 4.368550 11.214926 0.689400
v 4.597807 11.214926 0.689400
v 4.597807 8.460356 1.596086
v 4.368550 8.460356 1.596086
v 4.597807 8.463806 0.679046
v 4.368550 8.463806 0.679046
v 4.597807 11.208025 2.523479
v 4.368550 11.210615 1.835694
v 4.597807 11.210615 1.835694
v 4.597807 8.456905 2.513125
v 4.597807 8.459494 1.825340
v 4.368550 8.459494 1.825340
v -4.572636 11.207161 2.752734
v -3.655590 11.207161 2.752734
v -3.655590 11.208025 2.523479
v -3.655590 8.456041 2.742380
v -4.572636 8.456041 2.742380
v -3.655590 8.456905 2.513125
v -3.426327 11.207161 2.752734
v -2.509289 11.207161 2.752734
v -3.426327 11.208025 2.523479
v -2.509289 11.208025 2.523479
v -2.509289 8.456041 2.742380
v -3.426327 8.456041 2.742380
v -2.509289 8.456905 2.513125
v -3.426327 8.456905 2.513125
v -2.280025 11.207161 2.752734
v -1.362980 11.207161 2.752734
v -2.280025 11.208025 2.523479
v -1.362980 11.208025 2.523479
v -1.362980 8.456041 2.742380
v -2.280025 8.456041 2.742380
v -1.362980 8.456905 2.513125
v -2.280025 8.456905 2.513125
v -1.133716 11.207161 2.752734
v 1.158894 11.207161 2.752734
v -1.133716 11.208025 2.523479
v 1.158894 11.208025 2.523479
v 1.158894 8.456041 2.742380
v -1.133716 8.456041 2.742380
v 1.158894 8.456905 2.513125
v -1.133716 8.456905 2.513125
v 1.388157 11.207161 2.752734
v 2.305196 11.207161 2.752734
v 1.388157 11.208025 2.523479
v 2.305196 11.208025 2.523479
v 2.305196 8.456041 2.742380
v 1.388157 8.456041 2.742380
v 2.305196 8.456905 2.513125
v 1.388157 8.456905 2.513125
v 2.534459 11.207161 2.752734
v 3.451505 11.207161 2.752734
v 2.534459 11.208025 2.523479
v 3.451505 11.208025 2.523479
v 3.451505 8.456041 2.742380
v 2.534459 8.456041 2.742380
v 3.451505 8.456905 2.513125
v 2.534459 8.456905 2.513125
v 3.680768 11.207161 2.752734
v 4.597807 11.207161 2.752734
v 3.680768 11.208025 2.523479
v 4.597807 8.456041 2.742380
v 3.680768 8.456041 2.742380
v 3.680768 8.456905 2.513125
v -0.797973 10.176525 -2.753451
v 0.012585 10.987085 -2.750402
v -0.797973 10.177389 -2.982706
v 0.012585 10.987949 -2.979650
v 1.471598 9.528086 -2.755891
v 0.661039 8.717529 -2.758943
v 1.471598 9.528952 -2.985147
v 0.661039 8.718393 -2.988198
v -1.446420 9.528086 -2.755891
v -1.446420 9.528952 -2.985147
v 0.012585 9.365969 -2.756503
v -0.635861 8.717529 -2.758943
v 0.012585 9.366835 -2.985758
v -0.635861 8.718393 -2.988198
v -0.635861 10.177389 -2.982706
v -0.473750 10.339506 -2.982096
v -0.635861 10.177605 -3.040025
v -0.473750 10.339722 -3.039415
v 0.823151 9.042622 -2.986978
v 0.661039 8.880502 -2.987587
v 0.823151 9.042837 -3.044296
v 0.661039 8.880718 -3.044907
v -0.149526 10.663727 -2.980869
v 0.012585 10.825838 -2.980260
v -0.149526 10.663942 -3.038195
v 0.012585 10.826054 -3.037585
v 1.309486 9.528952 -2.985147
v 1.147375 9.366835 -2.985758
v 1.309486 9.529167 -3.042465
v 1.147375 9.367050 -3.043076
v -0.392690 10.420559 -2.981785
v -0.230579 10.582676 -2.981175
v -0.392690 10.420775 -3.039110
v -0.230579 10.582892 -3.038500
v 1.066315 9.285784 -2.986062
v 0.904203 9.123665 -2.986674
v 1.066315 9.285999 -3.043381
v 0.904203 9.123878 -3.043992
v -0.798008 9.042587 -2.986978
v -0.210347 9.630238 -2.984765
v -0.798008 9.042803 -3.044296
v -0.210347 9.630453 -3.042084
v -0.048235 9.468126 -2.985378
v -0.635896 8.880470 -2.987587
v -0.048235 9.468342 -3.042695
v -0.635896 8.880685 -3.044907
v -1.041172 9.285757 -2.986062
v -0.453518 9.873398 -2.983851
v -1.041172 9.285973 -3.043381
v -0.453518 9.873613 -3.041169
v -0.291406 9.711296 -2.984460
v -0.879060 9.123638 -2.986674
v -0.291406 9.711512 -3.041779
v -0.879060 9.123854 -3.043992
v -1.284343 9.528917 -2.985147
v -0.696682 10.116570 -2.982935
v -1.284343 9.529133 -3.042465
v -0.696682 10.116785 -3.040254
v -0.534570 9.954458 -2.983545
v -1.122231 9.366800 -2.985758
v -0.534570 9.954674 -3.040864
v -1.122231 9.367016 -3.043076
v -4.114116 14.877037 2.308049
v 4.139287 14.877037 2.308049
v -4.114116 14.894291 -2.277169
v 4.139287 14.894291 -2.277169
v 4.139287 11.208887 2.294217
v -4.114116 11.208887 2.294217
v 4.139287 11.226141 -2.290972
v -4.114116 11.226141 -2.290972
v -4.026432 14.665234 2.307224
v 0.100466 16.374638 2.313686
v -4.026432 14.682489 -2.277966
v 0.100466 16.391890 -2.271504
v 0.714612 14.891981 2.308105
v -3.412286 13.182577 2.301645
v 0.714612 14.909235 -2.277113
v -3.412286 13.199829 -2.283545
v -0.075337 16.374674 2.313686
v 4.051569 14.665268 2.307224
v -0.075337 16.391926 -2.271504
v 4.051569 14.682522 -2.277966
v 3.437422 13.182610 2.301645
v -0.689476 14.892017 2.308105
v 3.437422 13.199865 -2.283545
v -0.689476 14.909271 -2.277113
v 1.703340 -0.942736 2.477746
v 6.116618 -0.942736 2.477746
v 1.703340 -0.923757 -2.565959
v 6.116618 -0.923757 -2.565959
v 6.116618 -1.401252 2.476021
v 1.703340 -1.401252 2.476021
v 6.116618 -1.382272 -2.567686
v 1.703340 -1.382272 -2.567686
v 1.703340 -0.713474 2.478608
v 5.658098 -0.713474 2.478608
v 1.703340 -0.694495 -2.565097
v 5.658098 -0.694495 -2.565097
v 5.658098 -0.942736 2.477746
v 5.658098 -0.923757 -2.565959
v -2.280025 15.352814 -2.275444
v 2.305196 15.352814 -2.275444
v -2.280025 15.354538 -2.733967
v 2.305196 15.354538 -2.733967
v -2.280025 11.226141 -2.290972
v 2.305196 11.226141 -2.290972
v 0.012396 16.585615 2.543745
v 4.457012 14.744610 2.536787
v 0.012396 16.604595 -2.499968
v 4.457012 14.763588 -2.506919
v 4.369279 14.532810 2.535990
v -0.075337 16.373812 2.542948
v 4.369279 14.551788 -2.507716
v -0.075337 16.392790 -2.500765
v -4.431876 14.744577 2.536787
v 0.012733 16.585581 2.543745
v -4.431876 14.763554 -2.506919
v 0.012733 16.604559 -2.499968
v 0.100466 16.373777 2.542948
v -4.344142 14.532766 2.535990
v 0.100466 16.392754 -2.500766
v -4.344142 14.551752 -2.507716
v -4.431876 13.369022 2.531611
v 0.012733 15.210026 2.538567
v -4.431876 13.387999 -2.512095
v 0.012733 15.229004 -2.505168
v 0.100466 14.998222 2.537770
v -4.344142 13.157211 2.530814
v 0.100466 15.017199 -2.505964
v -4.344142 13.176189 -2.512892
v 0.012396 15.210060 2.538567
v 4.457012 13.369055 2.531612
v 0.012396 15.229040 -2.505168
v 4.457012 13.388033 -2.512095
v 4.369279 13.157244 2.530815
v -0.075337 14.998257 2.537770
v 4.369279 13.176222 -2.512892
v -0.075337 15.017235 -2.505964
v -4.431876 11.993467 2.526436
v 0.012733 13.834469 2.533363
v -4.431876 12.012444 -2.517271
v 0.012733 13.853447 -2.510344
v 0.100466 13.622660 2.532566
v -4.344142 11.781656 2.525638
v 0.100466 13.641645 -2.511140
v -4.344142 11.800640 -2.518068
v 0.012396 13.834505 2.533363
v 4.457012 11.993492 2.526436
v 0.012396 13.853483 -2.510343
v 4.457012 12.012472 -2.517271
v 4.369279 11.781698 2.525638
v -0.075337 13.622692 2.532566
v 4.369279 11.800676 -2.518068
v -0.075337 13.641672 -2.511140
vt 0.326619 0.853673
vt 0.150225 0.853673
vt 0.345468 0.647508
vt 0.127223 0.650365
vt 0.679702 0.846902
vt 0.861096 0.847180
vt 0.696015 0.694139
vt 0.851534 0.694139
vt 0.326619 0.853673
vt 0.345468 0.647508
vt 0.150225 0.853673
vt 0.127223 0.650365
vt 0.121518 0.586977
vt 0.351172 0.584120
vt 0.121518 0.586977
vt 0.351172 0.584120
vt 0.351172 0.647508
vt 0.121518 0.650365
vt 0.351172 0.647508
vt 0.121518 0.650365
vt 0.678240 0.694139
vt 0.864433 0.694139
vt 0.678240 0.625534
vt 0.864433 0.625534
vt 0.115813 0.586977
vt 0.138634 0.586977
vt 0.115813 0.586977
vt 0.138634 0.586977
vt 0.138634 0.650365
vt 0.115813 0.650365
vt 0.138634 0.650365
vt 0.115813 0.650365
vt 0.144339 0.586977
vt 0.167160 0.586977
vt 0.144339 0.586977
vt 0.167160 0.586977
vt 0.167160 0.650365
vt 0.144339 0.650365
vt 0.167160 0.650365
vt 0.144339 0.650365
vt 0.334057 0.584120
vt 0.356877 0.584120
vt 0.334057 0.584120
vt 0.356877 0.584120
vt 0.356877 0.647508
vt 0.334057 0.647508
vt 0.356877 0.647508
vt 0.334057 0.647508
vt 0.305531 0.584120
vt 0.328351 0.584120
vt 0.305531 0.584120
vt 0.328351 0.584120
vt 0.328351 0.647508
vt 0.305531 0.647508
vt 0.328351 0.647508
vt 0.305531 0.647508
vt 0.115813 0.586977
vt 0.121518 0.586977
vt 0.121518 0.650365
vt 0.115813 0.650365
vt 0.115813 0.586977
vt 0.121518 0.586977
vt 0.115813 0.586977
vt 0.121518 0.586977
vt 0.121518 0.650365
vt 0.115813 0.650365
vt 0.121518 0.650365
vt 0.115813 0.650365
vt 0.115813 0.586977
vt 0.121518 0.586977
vt 0.115813 0.586977
vt 0.121518 0.586977
vt 0.121518 0.650365
vt 0.115813 0.650365
vt 0.121518 0.650365
vt 0.115813 0.650365
vt 0.671198 0.625534
vt 0.671198 0.625534
vt 0.678240 0.625534
vt 0.115813 0.650365
vt 0.121518 0.650365
vt 0.115813 0.650365
vt 0.121518 0.586977
vt 0.115813 0.586977
vt 0.115813 0.586977
vt 0.216373 0.795788
vt 0.260471 0.795788
vt 0.216373 0.795788
vt 0.260471 0.795788
vt 0.260471 0.899411
vt 0.216373 0.899411
vt 0.260471 0.899411
vt 0.216373 0.899411
vt 0.748350 0.892640
vt 0.792448 0.892640
vt 0.748350 0.789017
vt 0.792448 0.789017
vt 0.127563 0.899410
vt 0.349279 0.899410
vt 0.127563 0.899410
vt 0.349279 0.899410
vt 0.349279 0.910844
vt 0.127563 0.910844
vt 0.349279 0.910844
vt 0.127563 0.910844
vt 0.672516 0.946106
vt 0.860747 0.943249
vt 0.659540 0.892639
vt 0.881256 0.892639
vt 0.260471 0.795787
vt 0.301213 0.815477
vt 0.260471 0.795787
vt 0.301213 0.815477
vt 0.269337 0.905270
vt 0.228595 0.885579
vt 0.269337 0.905270
vt 0.228595 0.885579
vt 0.760572 0.878808
vt 0.801314 0.898499
vt 0.792448 0.789016
vt 0.833190 0.808706
vt 0.301213 0.815478
vt 0.332395 0.851861
vt 0.301213 0.815478
vt 0.332395 0.851861
vt 0.283889 0.908458
vt 0.252707 0.872074
vt 0.283889 0.908458
vt 0.252707 0.872074
vt 0.784684 0.865303
vt 0.815866 0.901687
vt 0.833190 0.808707
vt 0.864372 0.845090
vt 0.314288 0.860612
vt 0.332395 0.851861
vt 0.314288 0.860612
vt 0.332395 0.851861
vt 0.349275 0.899410
vt 0.331168 0.908161
vt 0.349275 0.899409
vt 0.331168 0.908161
vt 0.863145 0.901390
vt 0.881252 0.892639
vt 0.846265 0.853841
vt 0.864372 0.845090
vt 0.175631 0.815477
vt 0.216372 0.795787
vt 0.175631 0.815477
vt 0.216372 0.795787
vt 0.248249 0.885579
vt 0.207507 0.905270
vt 0.248249 0.885579
vt 0.207507 0.905270
vt 0.739484 0.898499
vt 0.780226 0.878808
vt 0.707608 0.808706
vt 0.748349 0.789016
vt 0.144449 0.851861
vt 0.175631 0.815478
vt 0.144449 0.851861
vt 0.175631 0.815478
vt 0.224137 0.872074
vt 0.192955 0.908458
vt 0.224137 0.872074
vt 0.192955 0.908458
vt 0.721017 0.957620
vt 0.756114 0.865303
vt 0.676426 0.845090
vt 0.707608 0.808707
vt 0.144449 0.851861
vt 0.162556 0.860612
vt 0.144449 0.851861
vt 0.162556 0.860612
vt 0.145676 0.908161
vt 0.127569 0.899410
vt 0.145676 0.908161
vt 0.127569 0.899409
vt 0.659546 0.892639
vt 0.677653 0.901390
vt 0.676426 0.845090
vt 0.694533 0.853841
vt 0.147162 0.869395
vt 0.329680 0.869395
vt 0.147162 0.869395
vt 0.329680 0.869395
vt 0.329680 0.902268
vt 0.147162 0.902268
vt 0.329680 0.902268
vt 0.147162 0.902268
vt 0.679139 0.895497
vt 0.861657 0.895497
vt 0.679139 0.862624
vt 0.861657 0.862624
vt 0.226172 0.801506
vt 0.250671 0.801506
vt 0.226172 0.801506
vt 0.250671 0.801506
vt 0.250671 0.870111
vt 0.226172 0.870111
vt 0.250671 0.870111
vt 0.226172 0.870111
vt 0.758149 0.863340
vt 0.782648 0.863340
vt 0.758149 0.794735
vt 0.782648 0.794735
vt 0.267650 0.805444
vt 0.290284 0.816384
vt 0.267650 0.805444
vt 0.290284 0.816384
vt 0.267783 0.879766
vt 0.245149 0.868827
vt 0.267783 0.879766
vt 0.245149 0.868827
vt 0.777126 0.862056
vt 0.799760 0.872995
vt 0.799627 0.798673
vt 0.822261 0.809613
vt 0.186560 0.816384
vt 0.209194 0.805444
vt 0.186560 0.816384
vt 0.209194 0.805444
vt 0.231695 0.868827
vt 0.209061 0.879766
vt 0.231695 0.868827
vt 0.209061 0.879766
vt 0.741038 0.872995
vt 0.763672 0.862056
vt 0.718537 0.809613
vt 0.741171 0.798673
vt 0.304677 0.827605
vt 0.322001 0.847819
vt 0.304677 0.827605
vt 0.322001 0.847819
vt 0.280424 0.896330
vt 0.263101 0.876117
vt 0.280424 0.896330
vt 0.263101 0.876117
vt 0.795078 0.869346
vt 0.812401 0.889559
vt 0.836654 0.820834
vt 0.853978 0.841048
vt 0.154843 0.847819
vt 0.172167 0.827605
vt 0.154843 0.847819
vt 0.172167 0.827605
vt 0.213743 0.876117
vt 0.196420 0.896330
vt 0.213743 0.876117
vt 0.196420 0.896330
vt 0.728397 0.889559
vt 0.745720 0.869346
vt 0.686820 0.841048
vt 0.704144 0.820834
vt 0.281823 0.888679
vt 0.331618 0.864612
vt 0.281823 0.888679
vt 0.331618 0.864612
vt 0.340994 0.891022
vt 0.291199 0.915088
vt 0.340994 0.891022
vt 0.291199 0.915088
vt 0.818904 0.962620
vt 0.872971 0.884251
vt 0.813800 0.881908
vt 0.863595 0.857841
vt 0.145225 0.864612
vt 0.195021 0.888679
vt 0.145225 0.864612
vt 0.195021 0.888679
vt 0.185645 0.915088
vt 0.135850 0.891022
vt 0.185645 0.915088
vt 0.135850 0.891022
vt 0.667827 0.884251
vt 0.714717 0.963334
vt 0.677202 0.857841
vt 0.726998 0.881908
vt 0.172865 0.586977
vt 0.208542 0.584120
vt 0.172865 0.586977
vt 0.208542 0.584120
vt 0.208542 0.647508
vt 0.172865 0.650365
vt 0.208542 0.647508
vt 0.172865 0.650365
vt 0.277005 0.584120
vt 0.299825 0.584120
vt 0.277005 0.584120
vt 0.299825 0.584120
vt 0.299825 0.647508
vt 0.277005 0.647508
vt 0.299825 0.647508
vt 0.277005 0.647508
vt 0.132464 0.910844
vt 0.191262 0.910844
vt 0.132464 0.910844
vt 0.191262 0.910844
vt 0.191262 0.916561
vt 0.132464 0.916561
vt 0.191262 0.916561
vt 0.132464 0.916561
vt 0.676740 0.951033
vt 0.719558 0.964604
vt 0.676740 0.946106
vt 0.719558 0.959677
vt 0.284357 0.910844
vt 0.344379 0.910844
vt 0.284357 0.910844
vt 0.344379 0.910844
vt 0.344379 0.916561
vt 0.284357 0.916561
vt 0.344379 0.916561
vt 0.284357 0.916561
vt 0.813007 0.963890
vt 0.856523 0.948176
vt 0.813007 0.958962
vt 0.856523 0.943249
vt 0.107963 0.916561
vt 0.202285 0.916561
vt 0.107963 0.916561
vt 0.202285 0.916561
vt 0.202285 0.927995
vt 0.107963 0.927995
vt 0.202285 0.927995
vt 0.107963 0.927995
vt 0.655623 0.960887
vt 0.729059 0.974458
vt 0.655623 0.951033
vt 0.729059 0.964604
vt 0.122663 0.910844
vt 0.202285 0.910844
vt 0.122663 0.910844
vt 0.202285 0.910844
vt 0.122663 0.916561
vt 0.122663 0.916561
vt 0.668293 0.951033
vt 0.668293 0.946106
vt 0.729059 0.959677
vt 0.343760 0.887252
vt 0.368879 0.916561
vt 0.343760 0.887252
vt 0.368879 0.916561
vt 0.361083 0.925656
vt 0.335964 0.896348
vt 0.361083 0.925656
vt 0.335964 0.896348
vt 0.867941 0.889577
vt 0.870920 0.956014
vt 0.875737 0.880481
vt 0.877639 0.948176
vt 0.133084 0.887252
vt 0.140880 0.896348
vt 0.133084 0.887252
vt 0.140880 0.896348
vt 0.115761 0.925656
vt 0.107965 0.916560
vt 0.115761 0.925656
vt 0.107965 0.916560
vt 0.655625 0.951032
vt 0.662344 0.958871
vt 0.665061 0.880481
vt 0.672857 0.889577
vt 0.117763 0.927995
vt 0.192485 0.927995
vt 0.117763 0.927995
vt 0.192485 0.927995
vt 0.192485 0.933712
vt 0.117763 0.933712
vt 0.192485 0.933712
vt 0.117763 0.933712
vt 0.117763 0.927995
vt 0.192485 0.927995
vt 0.117763 0.927995
vt 0.192485 0.927995
vt 0.192485 0.933712
vt 0.117763 0.933712
vt 0.192485 0.933712
vt 0.117763 0.933712
vt 0.664070 0.965815
vt 0.720612 0.979386
vt 0.664070 0.960887
vt 0.720612 0.974458
vt 0.284357 0.927995
vt 0.359079 0.927995
vt 0.284357 0.927995
vt 0.359079 0.927995
vt 0.359079 0.933712
vt 0.284357 0.933712
vt 0.359079 0.933712
vt 0.284357 0.933712
vt 0.284357 0.927995
vt 0.359079 0.927995
vt 0.284357 0.927995
vt 0.359079 0.927995
vt 0.359079 0.933712
vt 0.284357 0.933712
vt 0.359079 0.933712
vt 0.284357 0.933712
vt 0.813007 0.978671
vt 0.869193 0.962958
vt 0.813007 0.973744
vt 0.869193 0.958030
vt 0.115813 0.586977
vt 0.121518 0.586977
vt 0.115813 0.586977
vt 0.121518 0.586977
vt 0.121518 0.650365
vt 0.115813 0.650365
vt 0.121518 0.650365
vt 0.115813 0.650365
vt 0.214248 0.584120
vt 0.271300 0.584120
vt 0.214248 0.584120
vt 0.271300 0.584120
vt 0.271300 0.647508
vt 0.214248 0.647508
vt 0.271300 0.647508
vt 0.214248 0.647508
vt 0.199547 0.890867
vt 0.199547 0.890866
vt 0.190641 0.915956
vt 0.186114 0.913768
vt 0.190641 0.915956
vt 0.186114 0.913768
vt 0.715122 0.962197
vt 0.719023 0.964082
vt 0.731524 0.884096
vt 0.277296 0.890867
vt 0.277296 0.890866
vt 0.290730 0.913768
vt 0.286203 0.915956
vt 0.290730 0.913768
vt 0.286203 0.915956
vt 0.814598 0.963368
vt 0.818500 0.961482
vt 0.809273 0.884096
vt 0.147877 0.872082
vt 0.152404 0.874270
vt 0.147877 0.872082
vt 0.152404 0.874270
vt 0.146779 0.890116
vt 0.142252 0.887928
vt 0.146779 0.890116
vt 0.142252 0.887928
vt 0.674229 0.881157
vt 0.678756 0.883345
vt 0.679854 0.865311
vt 0.684381 0.867499
vt 0.156931 0.876458
vt 0.161458 0.878646
vt 0.156931 0.876458
vt 0.161458 0.878646
vt 0.155832 0.894491
vt 0.151306 0.892304
vt 0.155832 0.894491
vt 0.151306 0.892304
vt 0.683283 0.885533
vt 0.687809 0.887720
vt 0.688908 0.869687
vt 0.693435 0.871875
vt 0.324440 0.874270
vt 0.328967 0.872082
vt 0.324440 0.874270
vt 0.328967 0.872082
vt 0.334592 0.887928
vt 0.330065 0.890116
vt 0.334592 0.887928
vt 0.330065 0.890116
vt 0.862042 0.883345
vt 0.866569 0.881157
vt 0.856417 0.867499
vt 0.860944 0.865311
vt 0.315386 0.878646
vt 0.319913 0.876458
vt 0.315386 0.878646
vt 0.319913 0.876458
vt 0.325538 0.892304
vt 0.321011 0.894491
vt 0.325538 0.892304
vt 0.321011 0.894491
vt 0.852988 0.887720
vt 0.857515 0.885533
vt 0.847363 0.871875
vt 0.851890 0.869687
vt 0.304677 0.835691
vt 0.315071 0.847819
vt 0.304677 0.835691
vt 0.315071 0.847819
vt 0.311607 0.851861
vt 0.301213 0.839733
vt 0.311607 0.851861
vt 0.301213 0.839733
vt 0.833190 0.832962
vt 0.843584 0.845090
vt 0.836654 0.828920
vt 0.847048 0.841048
vt 0.297748 0.843776
vt 0.308142 0.855904
vt 0.297748 0.843776
vt 0.308142 0.855904
vt 0.304677 0.859946
vt 0.294283 0.847819
vt 0.304677 0.859946
vt 0.294283 0.847819
vt 0.826260 0.841048
vt 0.836654 0.853175
vt 0.829725 0.837005
vt 0.840119 0.849133
vt 0.161773 0.847819
vt 0.172167 0.835691
vt 0.161773 0.847819
vt 0.172167 0.835691
vt 0.175631 0.839733
vt 0.165237 0.851861
vt 0.175631 0.839733
vt 0.165237 0.851861
vt 0.697214 0.845090
vt 0.707608 0.832962
vt 0.693750 0.841048
vt 0.704144 0.828920
vt 0.168702 0.855904
vt 0.179096 0.843776
vt 0.168702 0.855904
vt 0.179096 0.843776
vt 0.182561 0.847819
vt 0.172167 0.859946
vt 0.182561 0.847819
vt 0.172167 0.859946
vt 0.704144 0.853175
vt 0.714538 0.841048
vt 0.700679 0.849133
vt 0.711073 0.837005
vt 0.270302 0.812914
vt 0.283882 0.819478
vt 0.270302 0.812914
vt 0.283882 0.819478
vt 0.282007 0.824759
vt 0.268427 0.818196
vt 0.282007 0.824759
vt 0.268427 0.818196
vt 0.800404 0.811425
vt 0.813984 0.817988
vt 0.802279 0.806143
vt 0.815859 0.812707
vt 0.266552 0.823478
vt 0.280132 0.830041
vt 0.266552 0.823478
vt 0.280132 0.830041
vt 0.278257 0.835323
vt 0.264676 0.828760
vt 0.278257 0.835323
vt 0.264676 0.828760
vt 0.796653 0.821989
vt 0.810234 0.828552
vt 0.798529 0.816707
vt 0.812109 0.823270
vt 0.192962 0.819478
vt 0.206542 0.812914
vt 0.192962 0.819478
vt 0.206542 0.812914
vt 0.208417 0.818196
vt 0.194837 0.824759
vt 0.208417 0.818196
vt 0.194837 0.824759
vt 0.726814 0.817988
vt 0.740394 0.811425
vt 0.724939 0.812707
vt 0.738519 0.806143
vt 0.196712 0.830041
vt 0.210292 0.823478
vt 0.196712 0.830041
vt 0.210292 0.823478
vt 0.212167 0.828760
vt 0.198587 0.835323
vt 0.212167 0.828760
vt 0.198587 0.835323
vt 0.730564 0.828552
vt 0.744144 0.821989
vt 0.728689 0.823270
vt 0.742269 0.816707
vt 0.231072 0.807223
vt 0.245772 0.807223
vt 0.231072 0.807223
vt 0.245772 0.807223
vt 0.245772 0.812940
vt 0.231072 0.812940
vt 0.245772 0.812940
vt 0.231072 0.812940
vt 0.763049 0.806169
vt 0.777749 0.806169
vt 0.763049 0.800452
vt 0.777749 0.800452
vt 0.231072 0.818657
vt 0.245772 0.818657
vt 0.231072 0.818657
vt 0.245772 0.818657
vt 0.245772 0.824374
vt 0.231072 0.824374
vt 0.245772 0.824374
vt 0.231072 0.824374
vt 0.763049 0.817603
vt 0.777749 0.817603
vt 0.763049 0.811886
vt 0.777749 0.811886
vt 0.137364 0.912273
vt 0.142264 0.912273
vt 0.137364 0.912273
vt 0.142264 0.912273
vt 0.142264 0.917990
vt 0.137364 0.917990
vt 0.142264 0.917990
vt 0.137364 0.917990
vt 0.680963 0.952264
vt 0.685186 0.952264
vt 0.680963 0.947337
vt 0.685186 0.947337
vt 0.147164 0.912273
vt 0.152064 0.912273
vt 0.147164 0.912273
vt 0.152064 0.912273
vt 0.152064 0.917990
vt 0.147164 0.917990
vt 0.152064 0.917990
vt 0.147164 0.917990
vt 0.689409 0.952264
vt 0.693632 0.952264
vt 0.689409 0.947337
vt 0.693632 0.947337
vt 0.334580 0.912273
vt 0.339480 0.912273
vt 0.334580 0.912273
vt 0.339480 0.912273
vt 0.339480 0.917990
vt 0.334580 0.917990
vt 0.339480 0.917990
vt 0.334580 0.917990
vt 0.848078 0.949407
vt 0.852301 0.949407
vt 0.848078 0.944480
vt 0.852301 0.944480
vt 0.324780 0.912273
vt 0.329680 0.912273
vt 0.324780 0.912273
vt 0.329680 0.912273
vt 0.329680 0.917990
vt 0.324780 0.917990
vt 0.329680 0.917990
vt 0.324780 0.917990
vt 0.839632 0.949407
vt 0.843855 0.949407
vt 0.842489 0.958051
vt 0.843855 0.944480
vt 0.344379 0.930854
vt 0.354179 0.930854
vt 0.344379 0.930854
vt 0.354179 0.930854
vt 0.354179 0.936571
vt 0.344379 0.936571
vt 0.354179 0.936571
vt 0.344379 0.936571
vt 0.329680 0.930854
vt 0.339480 0.930854
vt 0.329680 0.930854
vt 0.339480 0.930854
vt 0.339480 0.936571
vt 0.329680 0.936571
vt 0.339480 0.936571
vt 0.329680 0.936571
vt 0.329680 0.930854
vt 0.339480 0.930854
vt 0.329680 0.930854
vt 0.339480 0.930854
vt 0.339480 0.936571
vt 0.329680 0.936571
vt 0.339480 0.936571
vt 0.329680 0.936571
vt 0.344379 0.930854
vt 0.354179 0.930854
vt 0.344379 0.930854
vt 0.354179 0.930854
vt 0.354179 0.936571
vt 0.344379 0.936571
vt 0.354179 0.936571
vt 0.344379 0.936571
vt 0.122665 0.930854
vt 0.132464 0.930854
vt 0.122665 0.930854
vt 0.132464 0.930854
vt 0.132464 0.936571
vt 0.122665 0.936571
vt 0.132464 0.936571
vt 0.122665 0.936571
vt 0.137364 0.930854
vt 0.147164 0.930854
vt 0.137364 0.930854
vt 0.147164 0.930854
vt 0.147164 0.936571
vt 0.137364 0.936571
vt 0.147164 0.936571
vt 0.137364 0.936571
vt 0.137364 0.930854
vt 0.147164 0.930854
vt 0.137364 0.930854
vt 0.147164 0.930854
vt 0.147164 0.936571
vt 0.137364 0.936571
vt 0.147164 0.936571
vt 0.137364 0.936571
vt 0.122665 0.930854
vt 0.132464 0.930854
vt 0.122665 0.930854
vt 0.132464 0.930854
vt 0.132464 0.936571
vt 0.122665 0.936571
vt 0.132464 0.936571
vt 0.122665 0.936571
vt 0.197132 0.647508
vt 0.288415 0.647508
vt 0.197132 0.647508
vt 0.288415 0.647508
vt 0.277620 0.807936
vt 0.199223 0.807936
vt 0.277620 0.807936
vt 0.199223 0.807936
vt 0.202837 0.647508
vt 0.237068 0.647508
vt 0.202837 0.647508
vt 0.237068 0.647508
vt 0.237068 0.658072
vt 0.204123 0.693594
vt 0.237068 0.658072
vt 0.204123 0.693594
vt 0.204123 0.699311
vt 0.233522 0.699311
vt 0.204123 0.699311
vt 0.233522 0.699311
vt 0.233522 0.710746
vt 0.204123 0.710746
vt 0.233522 0.710746
vt 0.204123 0.710746
vt 0.204123 0.716462
vt 0.233522 0.716462
vt 0.204123 0.716462
vt 0.233522 0.716462
vt 0.233522 0.727897
vt 0.204123 0.727897
vt 0.233522 0.727897
vt 0.204123 0.727897
vt 0.204123 0.733614
vt 0.233522 0.733614
vt 0.204123 0.733614
vt 0.233522 0.733614
vt 0.233522 0.745048
vt 0.204123 0.745048
vt 0.233522 0.745048
vt 0.204123 0.745048
vt 0.204123 0.750765
vt 0.233522 0.750765
vt 0.204123 0.750765
vt 0.233522 0.750765
vt 0.233522 0.762199
vt 0.204123 0.762199
vt 0.233522 0.762199
vt 0.204123 0.762199
vt 0.204123 0.767917
vt 0.233522 0.767917
vt 0.204123 0.767917
vt 0.233522 0.767917
vt 0.233522 0.779351
vt 0.204123 0.779351
vt 0.233522 0.779351
vt 0.204123 0.779351
vt 0.204123 0.785068
vt 0.233522 0.785068
vt 0.204123 0.785068
vt 0.233522 0.785068
vt 0.233522 0.796502
vt 0.204123 0.796502
vt 0.233522 0.796502
vt 0.204123 0.796502
vt 0.243322 0.785068
vt 0.272721 0.785068
vt 0.243322 0.785068
vt 0.272721 0.785068
vt 0.272721 0.796502
vt 0.243322 0.796502
vt 0.272721 0.796502
vt 0.243322 0.796502
vt 0.243322 0.767917
vt 0.272721 0.767917
vt 0.243322 0.767917
vt 0.272721 0.767917
vt 0.272721 0.779351
vt 0.243322 0.779351
vt 0.272721 0.779351
vt 0.243322 0.779351
vt 0.243322 0.750765
vt 0.272721 0.750765
vt 0.243322 0.750765
vt 0.272721 0.750765
vt 0.272721 0.762199
vt 0.243322 0.762199
vt 0.272721 0.762199
vt 0.243322 0.762199
vt 0.243322 0.733614
vt 0.272721 0.733614
vt 0.243322 0.733614
vt 0.272721 0.733614
vt 0.272721 0.745048
vt 0.243322 0.745048
vt 0.272721 0.745048
vt 0.243322 0.745048
vt 0.243322 0.716462
vt 0.272721 0.716462
vt 0.243322 0.716462
vt 0.272721 0.716462
vt 0.272721 0.727897
vt 0.243322 0.727897
vt 0.272721 0.727897
vt 0.243322 0.727897
vt 0.243322 0.699311
vt 0.272721 0.699311
vt 0.243322 0.699311
vt 0.272721 0.699311
vt 0.272721 0.710746
vt 0.243322 0.710746
vt 0.272721 0.710746
vt 0.243322 0.710746
vt 0.248479 0.647508
vt 0.282710 0.647508
vt 0.248479 0.647508
vt 0.282710 0.647508
vt 0.282710 0.658072
vt 0.248479 0.658072
vt 0.282710 0.658072
vt 0.248479 0.658072
vt 0.351172 0.584120
vt 0.356877 0.584120
vt 0.356877 0.647508
vt 0.351172 0.647508
vt 0.351172 0.584120
vt 0.356877 0.584120
vt 0.351172 0.584120
vt 0.356877 0.584120
vt 0.356877 0.647508
vt 0.351172 0.647508
vt 0.356877 0.647508
vt 0.351172 0.647508
vt 0.351172 0.584120
vt 0.356877 0.584120
vt 0.351172 0.584120
vt 0.356877 0.584120
vt 0.356877 0.647508
vt 0.351172 0.647508
vt 0.356877 0.647508
vt 0.351172 0.647508
vt 0.351172 0.584120
vt 0.356877 0.584120
vt 0.351172 0.584120
vt 0.356877 0.584120
vt 0.356877 0.647508
vt 0.351172 0.647508
vt 0.356877 0.647508
vt 0.351172 0.647508
vt 0.864433 0.694139
vt 0.869333 0.694139
vt 0.864433 0.625534
vt 0.869333 0.625534
vt 0.869333 0.694139
vt 0.869333 0.625534
vt 0.864433 0.625534
vt 0.356877 0.584120
vt 0.356877 0.584120
vt 0.351172 0.584120
vt 0.356877 0.647508
vt 0.356877 0.647508
vt 0.351172 0.647508
vt 0.869333 0.694139
vt 0.869333 0.694139
vt 0.869333 0.625534
vt 0.671198 0.625534
vt 0.692940 0.625534
vt 0.692940 0.625534
vt 0.138634 0.650365
vt 0.115813 0.650365
vt 0.138634 0.650365
vt 0.138634 0.586977
vt 0.673341 0.694139
vt 0.692940 0.694139
vt 0.692940 0.694139
vt 0.115813 0.586977
vt 0.697840 0.625534
vt 0.717439 0.625534
vt 0.697840 0.625534
vt 0.717439 0.625534
vt 0.717439 0.694139
vt 0.697840 0.694139
vt 0.717439 0.694139
vt 0.697840 0.694139
vt 0.167160 0.650365
vt 0.144339 0.650365
vt 0.167160 0.586977
vt 0.144339 0.586977
vt 0.144339 0.650365
vt 0.144339 0.586977
vt 0.722339 0.625534
vt 0.741938 0.625534
vt 0.722339 0.625534
vt 0.741938 0.625534
vt 0.741938 0.694139
vt 0.722339 0.694139
vt 0.741938 0.694139
vt 0.722339 0.694139
vt 0.208542 0.647508
vt 0.172865 0.650365
vt 0.208542 0.584120
vt 0.172865 0.586977
vt 0.172865 0.650365
vt 0.172865 0.586977
vt 0.746838 0.625534
vt 0.795836 0.625534
vt 0.746838 0.625534
vt 0.795836 0.625534
vt 0.795836 0.694139
vt 0.746838 0.694139
vt 0.795836 0.694139
vt 0.746838 0.694139
vt 0.271300 0.647508
vt 0.214248 0.647508
vt 0.271300 0.584120
vt 0.214248 0.584120
vt 0.214248 0.647508
vt 0.214248 0.584120
vt 0.800736 0.625534
vt 0.820335 0.625534
vt 0.800736 0.625534
vt 0.820335 0.625534
vt 0.820335 0.694139
vt 0.800736 0.694139
vt 0.820335 0.694139
vt 0.800736 0.694139
vt 0.299825 0.647508
vt 0.277005 0.647508
vt 0.299825 0.584120
vt 0.277005 0.584120
vt 0.277005 0.647508
vt 0.277005 0.584120
vt 0.825235 0.625534
vt 0.844834 0.625534
vt 0.825235 0.625534
vt 0.844834 0.625534
vt 0.844834 0.694139
vt 0.825235 0.694139
vt 0.844834 0.694139
vt 0.825235 0.694139
vt 0.328351 0.647508
vt 0.305531 0.647508
vt 0.328351 0.584120
vt 0.305531 0.584120
vt 0.305531 0.647508
vt 0.305531 0.584120
vt 0.870498 0.625311
vt 0.869333 0.625534
vt 0.870498 0.625311
vt 0.356877 0.647508
vt 0.334057 0.647508
vt 0.334057 0.647508
vt 0.334057 0.584120
vt 0.849734 0.694139
vt 0.869333 0.694139
vt 0.334057 0.584120
vt 0.207402 0.606599
vt 0.245452 0.582674
vt 0.207402 0.606599
vt 0.245452 0.582674
vt 0.303191 0.615989
vt 0.291892 0.658414
vt 0.303191 0.615989
vt 0.291892 0.658414
vt 0.184285 0.617525
vt 0.184285 0.617525
vt 0.245452 0.630523
vt 0.196799 0.655556
vt 0.245452 0.630523
vt 0.196799 0.655556
vt 0.215012 0.606599
vt 0.222623 0.601814
vt 0.215012 0.606599
vt 0.222623 0.601814
vt 0.286501 0.644593
vt 0.284642 0.651628
vt 0.286501 0.644593
vt 0.284642 0.651628
vt 0.237842 0.592244
vt 0.245452 0.587459
vt 0.237842 0.592244
vt 0.245452 0.587459
vt 0.293080 0.621489
vt 0.291222 0.628523
vt 0.293080 0.621489
vt 0.291222 0.628523
vt 0.226427 0.599421
vt 0.234038 0.594637
vt 0.226427 0.599421
vt 0.234038 0.594637
vt 0.290165 0.631667
vt 0.289307 0.639701
vt 0.290165 0.631667
vt 0.289307 0.639701
vt 0.197759 0.641701
vt 0.234986 0.622749
vt 0.197759 0.641701
vt 0.234986 0.622749
vt 0.242597 0.627533
vt 0.200546 0.648629
vt 0.242597 0.627533
vt 0.200546 0.648629
vt 0.194737 0.633631
vt 0.223572 0.615572
vt 0.194737 0.633631
vt 0.223572 0.615572
vt 0.231182 0.620356
vt 0.196810 0.638595
vt 0.231182 0.620356
vt 0.196810 0.638595
vt 0.191894 0.621989
vt 0.212157 0.608394
vt 0.191894 0.621989
vt 0.212157 0.608394
vt 0.219768 0.613180
vt 0.195216 0.630346
vt 0.219768 0.613180
vt 0.195216 0.630346
vt 0.150225 0.522081
vt 0.326619 0.522081
vt 0.150225 0.522081
vt 0.326619 0.522081
vt 0.345468 0.584120
vt 0.127223 0.586977
vt 0.345468 0.584120
vt 0.127223 0.586977
vt 0.641236 0.615133
vt 0.877603 0.615133
vt 0.639980 0.467433
vt 0.876347 0.467433
vt 0.152099 0.527363
vt 0.240300 0.484735
vt 0.152099 0.527363
vt 0.240300 0.484735
vt 0.253426 0.521709
vt 0.165225 0.564336
vt 0.253426 0.521709
vt 0.165225 0.564336
vt 0.660079 0.524054
vt 0.778268 0.466935
vt 0.642491 0.474511
vt 0.760680 0.417390
vt 0.236543 0.484734
vt 0.324744 0.527362
vt 0.236543 0.484734
vt 0.324744 0.527362
vt 0.311618 0.564336
vt 0.223417 0.521708
vt 0.311618 0.564336
vt 0.223417 0.521708
vt 0.738056 0.466933
vt 0.856245 0.524054
vt 0.755645 0.417388
vt 0.873834 0.474509
vt 0.274557 0.916561
vt 0.368878 0.916561
vt 0.274557 0.916561
vt 0.368878 0.916561
vt 0.368878 0.927995
vt 0.274557 0.927995
vt 0.368878 0.927995
vt 0.274557 0.927995
vt 0.804561 0.973744
vt 0.877638 0.958030
vt 0.804561 0.963890
vt 0.877638 0.948176
vt 0.274557 0.910844
vt 0.359079 0.910844
vt 0.274557 0.910844
vt 0.359079 0.910844
vt 0.359079 0.916561
vt 0.359079 0.916561
vt 0.869193 0.948176
vt 0.804561 0.958962
vt 0.869193 0.943249
vt 0.189424 0.510647
vt 0.287420 0.510647
vt 0.189424 0.510647
vt 0.287420 0.510647
vt 0.172865 0.586977
vt 0.299825 0.584120
vt 0.238418 0.479452
vt 0.333409 0.525362
vt 0.238418 0.479452
vt 0.333409 0.525362
vt 0.331534 0.530644
vt 0.236543 0.484734
vt 0.331534 0.530644
vt 0.236543 0.484734
vt 0.755645 0.417388
vt 0.882933 0.478907
vt 0.758158 0.410310
vt 0.885445 0.471830
vt 0.143434 0.525363
vt 0.238425 0.479453
vt 0.143434 0.525363
vt 0.238425 0.479453
vt 0.240300 0.484735
vt 0.145309 0.530645
vt 0.240300 0.484735
vt 0.145309 0.530645
vt 0.633392 0.478909
vt 0.760680 0.417390
vt 0.630880 0.471831
vt 0.758167 0.410312
vt 0.143434 0.559665
vt 0.238425 0.513756
vt 0.143434 0.559665
vt 0.238425 0.513756
vt 0.240300 0.519038
vt 0.145309 0.564947
vt 0.240300 0.519038
vt 0.145309 0.564947
vt 0.633392 0.524873
vt 0.760680 0.463355
vt 0.630880 0.517795
vt 0.758167 0.456278
vt 0.238418 0.513755
vt 0.333409 0.559665
vt 0.238418 0.513755
vt 0.333409 0.559665
vt 0.331534 0.564946
vt 0.236543 0.519037
vt 0.331534 0.564946
vt 0.236543 0.519037
vt 0.755645 0.463354
vt 0.882933 0.524872
vt 0.758158 0.456276
vt 0.885445 0.517795
vt 0.143434 0.593968
vt 0.238425 0.548059
vt 0.143434 0.593968
vt 0.238425 0.548059
vt 0.240300 0.553340
vt 0.145309 0.599250
vt 0.240300 0.553340
vt 0.145309 0.599250
vt 0.633392 0.570839
vt 0.760680 0.509320
vt 0.630880 0.563761
vt 0.758167 0.502243
vt 0.238418 0.548058
vt 0.333409 0.593967
vt 0.238418 0.548058
vt 0.333409 0.593967
vt 0.331534 0.599249
vt 0.236543 0.553340
vt 0.331534 0.599249
vt 0.236543 0.553340
vt 0.755645 0.509320
vt 0.884189 0.595963
vt 0.758158 0.502242
vt 0.885445 0.563760
vn 0.0000 0.0038 -1.0000
vn 0.0000 -0.0038 1.0000
vn 1.0000 -0.0000 0.0000
vn -1.0000 -0.0000 0.0000
vn 0.0000 1.0000 0.0038
vn 0.0000 -1.0000 -0.0038
vn 0.3827 0.9239 0.0035
vn -0.3827 -0.9239 -0.0035
vn 0.9239 -0.3827 -0.0014
vn -0.9239 0.3827 0.0014
vn 0.7071 0.7071 0.0027
vn -0.7071 -0.7071 -0.0027
vn 0.7071 -0.7071 -0.0027
vn -0.7071 0.7071 0.0027
vn -0.3827 0.9239 0.0035
vn 0.3827 -0.9239 -0.0035
vn 0.9239 0.3827 0.0014
vn -0.9239 -0.3827 -0.0014
vn -0.7071 0.7071 0.0026
vn 0.7071 0.7071 0.0026
vn -0.7071 -0.7071 -0.0026
vn 0.7071 -0.7071 -0.0026
usemtl Mat
s 1
f 1/1/1 2/2/1 3/3/1
f 2/2/1 4/4/1 3/3/1
f 5/5/2 6/6/2 7/7/2
f 6/6/2 8/8/2 7/7/2
f 6/9/3 1/1/3 8/10/3
f 1/1/3 3/3/3 8/10/3
f 2/2/4 5/11/4 4/4/4
f 5/11/4 7/12/4 4/4/4
f 9/13/5 10/14/5 11/15/5
f 10/14/5 12/16/5 11/15/5
f 13/17/6 14/18/6 15/19/6
f 14/18/6 16/20/6 15/19/6
f 15/19/1 16/20/1 12/16/1
f 16/20/1 11/15/1 12/16/1
f 14/21/2 13/22/2 9/23/2
f 13/22/2 10/24/2 9/23/2
f 13/17/3 15/19/3 10/14/3
f 15/19/3 12/16/3 10/14/3
f 16/20/4 14/18/4 11/15/4
f 14/18/4 9/13/4 11/15/4
f 17/25/5 18/26/5 19/27/5
f 18/26/5 20/28/5 19/27/5
f 21/29/6 22/30/6 23/31/6
f 22/30/6 24/32/6 23/31/6
f 23/31/1 24/32/1 20/28/1
f 24/32/1 19/27/1 20/28/1
f 22/30/2 21/29/2 17/25/2
f 21/29/2 18/26/2 17/25/2
f 21/29/3 23/31/3 18/26/3
f 23/31/3 20/28/3 18/26/3
f 24/32/4 22/30/4 19/27/4
f 22/30/4 17/25/4 19/27/4
f 25/33/5 26/34/5 27/35/5
f 26/34/5 28/36/5 27/35/5
f 29/37/6 30/38/6 31/39/6
f 30/38/6 32/40/6 31/39/6
f 31/39/1 32/40/1 28/36/1
f 32/40/1 27/35/1 28/36/1
f 30/38/2 29/37/2 25/33/2
f 29/37/2 26/34/2 25/33/2
f 29/37/3 31/39/3 26/34/3
f 31/39/3 28/36/3 26/34/3
f 32/40/4 30/38/4 27/35/4
f 30/38/4 25/33/4 27/35/4
f 33/41/5 34/42/5 35/43/5
f 34/42/5 36/44/5 35/43/5
f 37/45/6 38/46/6 39/47/6
f 38/46/6 40/48/6 39/47/6
f 39/47/1 40/48/1 36/44/1
f 40/48/1 35/43/1 36/44/1
f 38/46/2 37/45/2 33/41/2
f 37/45/2 34/42/2 33/41/2
f 37/45/3 39/47/3 34/42/3
f 39/47/3 36/44/3 34/42/3
f 40/48/4 38/46/4 35/43/4
f 38/46/4 33/41/4 35/43/4
f 41/49/5 42/50/5 43/51/5
f 42/50/5 44/52/5 43/51/5
f 45/53/6 46/54/6 47/55/6
f 46/54/6 48/56/6 47/55/6
f 47/55/1 48/56/1 44/52/1
f 48/56/1 43/51/1 44/52/1
f 46/54/2 45/53/2 41/49/2
f 45/53/2 42/50/2 41/49/2
f 45/53/3 47/55/3 42/50/3
f 47/55/3 44/52/3 42/50/3
f 48/56/4 46/54/4 43/51/4
f 46/54/4 41/49/4 43/51/4
f 49/57/5 50/58/5 17/25/5
f 50/58/5 11/15/5 17/25/5
f 51/59/6 52/60/6 16/20/6
f 52/60/6 22/30/6 16/20/6
f 16/20/1 22/30/1 11/15/1
f 22/30/1 17/25/1 11/15/1
f 52/60/2 51/59/2 49/57/2
f 51/59/2 50/58/2 49/57/2
f 51/59/3 16/20/3 50/58/3
f 16/20/3 11/15/3 50/58/3
f 22/30/4 52/60/4 17/25/4
f 52/60/4 49/57/4 17/25/4
f 53/61/5 54/62/5 55/63/5
f 54/62/5 56/64/5 55/63/5
f 57/65/6 58/66/6 59/67/6
f 58/66/6 60/68/6 59/67/6
f 59/67/1 60/68/1 56/64/1
f 60/68/1 55/63/1 56/64/1
f 58/66/2 57/65/2 53/61/2
f 57/65/2 54/62/2 53/61/2
f 57/65/3 59/67/3 54/62/3
f 59/67/3 56/64/3 54/62/3
f 60/68/4 58/66/4 55/63/4
f 58/66/4 53/61/4 55/63/4
f 61/69/5 62/70/5 63/71/5
f 62/70/5 64/72/5 63/71/5
f 65/73/6 66/74/6 67/75/6
f 66/74/6 68/76/6 67/75/6
f 67/75/1 68/76/1 64/72/1
f 68/76/1 63/71/1 64/72/1
f 66/74/2 65/73/2 61/69/2
f 65/73/2 62/70/2 61/69/2
f 65/73/3 67/75/3 62/70/3
f 67/75/3 64/72/3 62/70/3
f 68/76/4 66/74/4 63/71/4
f 66/74/4 61/69/4 63/71/4
f 69/77/5 9/23/5 70/78/5
f 9/23/5 71/79/5 70/78/5
f 14/18/6 72/80/6 73/81/6
f 72/80/6 74/82/6 73/81/6
f 73/81/1 74/82/1 71/83/1
f 74/82/1 70/84/1 71/83/1
f 72/80/2 14/18/2 69/85/2
f 14/18/2 9/13/2 69/85/2
f 14/18/3 73/81/3 9/13/3
f 73/81/3 71/83/3 9/13/3
f 74/82/4 72/80/4 70/84/4
f 72/80/4 69/85/4 70/84/4
f 75/86/5 76/87/5 77/88/5
f 76/87/5 78/89/5 77/88/5
f 79/90/6 80/91/6 81/92/6
f 80/91/6 82/93/6 81/92/6
f 81/92/1 82/93/1 78/89/1
f 82/93/1 77/88/1 78/89/1
f 80/94/2 79/95/2 75/96/2
f 79/95/2 76/97/2 75/96/2
f 79/90/3 81/92/3 76/87/3
f 81/92/3 78/89/3 76/87/3
f 82/93/4 80/91/4 77/88/4
f 80/91/4 75/86/4 77/88/4
f 83/98/5 84/99/5 85/100/5
f 84/99/5 86/101/5 85/100/5
f 87/102/6 88/103/6 89/104/6
f 88/103/6 90/105/6 89/104/6
f 89/104/1 90/105/1 86/101/1
f 90/105/1 85/100/1 86/101/1
f 88/106/2 87/107/2 83/108/2
f 87/107/2 84/109/2 83/108/2
f 87/102/3 89/104/3 84/99/3
f 89/104/3 86/101/3 84/99/3
f 90/105/4 88/103/4 85/100/4
f 88/103/4 83/98/4 85/100/4
f 91/110/7 92/111/7 93/112/7
f 92/111/7 94/113/7 93/112/7
f 95/114/8 96/115/8 97/116/8
f 96/115/8 98/117/8 97/116/8
f 97/116/1 98/117/1 94/113/1
f 98/117/1 93/112/1 94/113/1
f 96/118/2 95/119/2 91/120/2
f 95/119/2 92/121/2 91/120/2
f 95/114/9 97/116/9 92/111/9
f 97/116/9 94/113/9 92/111/9
f 98/117/10 96/115/10 93/112/10
f 96/115/10 91/110/10 93/112/10
f 99/122/11 100/123/11 101/124/11
f 100/123/11 102/125/11 101/124/11
f 103/126/12 104/127/12 105/128/12
f 104/127/12 106/129/12 105/128/12
f 105/128/1 106/129/1 102/125/1
f 106/129/1 101/124/1 102/125/1
f 104/130/2 103/131/2 99/132/2
f 103/131/2 100/133/2 99/132/2
f 103/126/13 105/128/13 100/123/13
f 105/128/13 102/125/13 100/123/13
f 106/129/14 104/127/14 101/124/14
f 104/127/14 99/122/14 101/124/14
f 107/134/15 108/135/15 109/136/15
f 108/135/15 110/137/15 109/136/15
f 111/138/16 112/139/16 113/140/16
f 112/139/16 114/141/16 113/140/16
f 113/140/1 114/141/1 110/137/1
f 114/141/1 109/136/1 110/137/1
f 112/142/2 111/143/2 107/144/2
f 111/143/2 108/145/2 107/144/2
f 111/138/17 113/140/17 108/135/17
f 113/140/17 110/137/17 108/135/17
f 114/141/18 112/139/18 109/136/18
f 112/139/18 107/134/18 109/136/18
f 115/146/15 116/147/15 117/148/15
f 116/147/15 118/149/15 117/148/15
f 119/150/16 120/151/16 121/152/16
f 120/151/16 122/153/16 121/152/16
f 121/152/1 122/153/1 118/149/1
f 122/153/1 117/148/1 118/149/1
f 120/154/2 119/155/2 115/156/2
f 119/155/2 116/157/2 115/156/2
f 119/150/17 121/152/17 116/147/17
f 121/152/17 118/149/17 116/147/17
f 122/153/18 120/151/18 117/148/18
f 120/151/18 115/146/18 117/148/18
f 123/158/14 124/159/14 125/160/14
f 124/159/14 126/161/14 125/160/14
f 127/162/13 128/163/13 129/164/13
f 128/163/13 130/165/13 129/164/13
f 129/164/1 130/165/1 126/161/1
f 130/165/1 125/160/1 126/161/1
f 128/166/2 127/167/2 123/168/2
f 127/167/2 124/169/2 123/168/2
f 127/162/11 129/164/11 124/159/11
f 129/164/11 126/161/11 124/159/11
f 130/165/12 128/163/12 125/160/12
f 128/163/12 123/158/12 125/160/12
f 131/170/7 132/171/7 133/172/7
f 132/171/7 134/173/7 133/172/7
f 135/174/8 136/175/8 137/176/8
f 136/175/8 138/177/8 137/176/8
f 137/176/1 138/177/1 134/173/1
f 138/177/1 133/172/1 134/173/1
f 136/178/2 135/179/2 131/180/2
f 135/179/2 132/181/2 131/180/2
f 135/174/9 137/176/9 132/171/9
f 137/176/9 134/173/9 132/171/9
f 138/177/10 136/175/10 133/172/10
f 136/175/10 131/170/10 133/172/10
f 139/182/5 140/183/5 141/184/5
f 140/183/5 142/185/5 141/184/5
f 143/186/6 144/187/6 145/188/6
f 144/187/6 146/189/6 145/188/6
f 145/188/1 146/189/1 142/185/1
f 146/189/1 141/184/1 142/185/1
f 144/190/2 143/191/2 139/192/2
f 143/191/2 140/193/2 139/192/2
f 143/186/3 145/188/3 140/183/3
f 145/188/3 142/185/3 140/183/3
f 146/189/4 144/187/4 141/184/4
f 144/187/4 139/182/4 141/184/4
f 147/194/5 148/195/5 149/196/5
f 148/195/5 150/197/5 149/196/5
f 151/198/6 152/199/6 153/200/6
f 152/199/6 154/201/6 153/200/6
f 153/200/1 154/201/1 150/197/1
f 154/201/1 149/196/1 150/197/1
f 152/202/2 151/203/2 147/204/2
f 151/203/2 148/205/2 147/204/2
f 151/198/3 153/200/3 148/195/3
f 153/200/3 150/197/3 148/195/3
f 154/201/4 152/199/4 149/196/4
f 152/199/4 147/194/4 149/196/4
f 155/206/7 156/207/7 157/208/7
f 156/207/7 158/209/7 157/208/7
f 159/210/8 160/211/8 161/212/8
f 160/211/8 162/213/8 161/212/8
f 161/212/1 162/213/1 158/209/1
f 162/213/1 157/208/1 158/209/1
f 160/214/2 159/215/2 155/216/2
f 159/215/2 156/217/2 155/216/2
f 159/210/9 161/212/9 156/207/9
f 161/212/9 158/209/9 156/207/9
f 162/213/10 160/211/10 157/208/10
f 160/211/10 155/206/10 157/208/10
f 163/218/15 164/219/15 165/220/15
f 164/219/15 166/221/15 165/220/15
f 167/222/16 168/223/16 169/224/16
f 168/223/16 170/225/16 169/224/16
f 169/224/1 170/225/1 166/221/1
f 170/225/1 165/220/1 166/221/1
f 168/226/2 167/227/2 163/228/2
f 167/227/2 164/229/2 163/228/2
f 167/222/17 169/224/17 164/219/17
f 169/224/17 166/221/17 164/219/17
f 170/225/18 168/223/18 165/220/18
f 168/223/18 163/218/18 165/220/18
f 171/230/11 172/231/11 173/232/11
f 172/231/11 174/233/11 173/232/11
f 175/234/12 176/235/12 177/236/12
f 176/235/12 178/237/12 177/236/12
f 177/236/1 178/237/1 174/233/1
f 178/237/1 173/232/1 174/233/1
f 176/238/2 175/239/2 171/240/2
f 175/239/2 172/241/2 171/240/2
f 175/234/13 177/236/13 172/231/13
f 177/236/13 174/233/13 172/231/13
f 178/237/14 176/235/14 173/232/14
f 176/235/14 171/230/14 173/232/14
f 179/242/14 180/243/14 181/244/14
f 180/243/14 182/245/14 181/244/14
f 183/246/13 184/247/13 185/248/13
f 184/247/13 186/249/13 185/248/13
f 185/248/1 186/249/1 182/245/1
f 186/249/1 181/244/1 182/245/1
f 184/250/2 183/251/2 179/252/2
f 183/251/2 180/253/2 179/252/2
f 183/246/11 185/248/11 180/243/11
f 185/248/11 182/245/11 180/243/11
f 186/249/12 184/247/12 181/244/12
f 184/247/12 179/242/12 181/244/12
f 187/254/15 188/255/15 189/256/15
f 188/255/15 190/257/15 189/256/15
f 191/258/16 192/259/16 193/260/16
f 192/259/16 194/261/16 193/260/16
f 193/260/1 194/261/1 190/257/1
f 194/261/1 189/256/1 190/257/1
f 192/262/2 191/263/2 187/264/2
f 191/263/2 188/265/2 187/264/2
f 191/258/17 193/260/17 188/255/17
f 193/260/17 190/257/17 188/255/17
f 194/261/18 192/259/18 189/256/18
f 192/259/18 187/254/18 189/256/18
f 195/266/7 196/267/7 197/268/7
f 196/267/7 198/269/7 197/268/7
f 199/270/8 200/271/8 201/272/8
f 200/271/8 202/273/8 201/272/8
f 201/272/1 202/273/1 198/269/1
f 202/273/1 197/268/1 198/269/1
f 200/274/2 199/275/2 195/276/2
f 199/275/2 196/277/2 195/276/2
f 199/270/9 201/272/9 196/267/9
f 201/272/9 198/269/9 196/267/9
f 202/273/10 200/271/10 197/268/10
f 200/271/10 195/266/10 197/268/10
f 203/278/5 204/279/5 205/280/5
f 204/279/5 206/281/5 205/280/5
f 207/282/6 208/283/6 209/284/6
f 208/283/6 210/285/6 209/284/6
f 209/284/1 210/285/1 206/281/1
f 210/285/1 205/280/1 206/281/1
f 208/283/2 207/282/2 203/278/2
f 207/282/2 204/279/2 203/278/2
f 207/282/3 209/284/3 204/279/3
f 209/284/3 206/281/3 204/279/3
f 210/285/4 208/283/4 205/280/4
f 208/283/4 203/278/4 205/280/4
f 211/286/5 212/287/5 213/288/5
f 212/287/5 214/289/5 213/288/5
f 215/290/6 216/291/6 217/292/6
f 216/291/6 218/293/6 217/292/6
f 217/292/1 218/293/1 214/289/1
f 218/293/1 213/288/1 214/289/1
f 216/291/2 215/290/2 211/286/2
f 215/290/2 212/287/2 211/286/2
f 215/290/3 217/292/3 212/287/3
f 217/292/3 214/289/3 212/287/3
f 218/293/4 216/291/4 213/288/4
f 216/291/4 211/286/4 213/288/4
f 219/294/5 220/295/5 221/296/5
f 220/295/5 222/297/5 221/296/5
f 223/298/6 224/299/6 225/300/6
f 224/299/6 226/301/6 225/300/6
f 225/300/1 226/301/1 222/297/1
f 226/301/1 221/296/1 222/297/1
f 224/302/2 223/303/2 219/304/2
f 223/303/2 220/305/2 219/304/2
f 223/298/3 225/300/3 220/295/3
f 225/300/3 222/297/3 220/295/3
f 226/301/4 224/299/4 221/296/4
f 224/299/4 219/294/4 221/296/4
f 227/306/5 228/307/5 229/308/5
f 228/307/5 230/309/5 229/308/5
f 231/310/6 232/311/6 233/312/6
f 232/311/6 234/313/6 233/312/6
f 233/312/1 234/313/1 230/309/1
f 234/313/1 229/308/1 230/309/1
f 232/314/2 231/315/2 227/316/2
f 231/315/2 228/317/2 227/316/2
f 231/310/3 233/312/3 228/307/3
f 233/312/3 230/309/3 228/307/3
f 234/313/4 232/311/4 229/308/4
f 232/311/4 227/306/4 229/308/4
f 235/318/5 236/319/5 237/320/5
f 236/319/5 238/321/5 237/320/5
f 239/322/6 240/323/6 241/324/6
f 240/323/6 242/325/6 241/324/6
f 241/324/1 242/325/1 238/321/1
f 242/325/1 237/320/1 238/321/1
f 240/326/2 239/327/2 235/328/2
f 239/327/2 236/329/2 235/328/2
f 239/322/3 241/324/3 236/319/3
f 241/324/3 238/321/3 236/319/3
f 242/325/4 240/323/4 237/320/4
f 240/323/4 235/318/4 237/320/4
f 243/330/5 244/331/5 245/332/5
f 244/331/5 246/333/5 245/332/5
f 236/319/6 247/334/6 238/321/6
f 247/334/6 248/335/6 238/321/6
f 238/321/1 248/335/1 246/333/1
f 248/335/1 245/332/1 246/333/1
f 247/336/2 236/329/2 243/337/2
f 236/329/2 244/338/2 243/337/2
f 236/319/3 238/321/3 244/331/3
f 238/321/3 246/333/3 244/331/3
f 248/335/4 247/334/4 245/332/4
f 247/334/4 243/330/4 245/332/4
f 249/339/11 250/340/11 251/341/11
f 250/340/11 252/342/11 251/341/11
f 253/343/12 254/344/12 255/345/12
f 254/344/12 256/346/12 255/345/12
f 255/345/1 256/346/1 252/342/1
f 256/346/1 251/341/1 252/342/1
f 254/347/2 253/348/2 249/349/2
f 253/348/2 250/350/2 249/349/2
f 253/343/13 255/345/13 250/340/13
f 255/345/13 252/342/13 250/340/13
f 256/346/14 254/344/14 251/341/14
f 254/344/14 249/339/14 251/341/14
f 257/351/11 258/352/11 259/353/11
f 258/352/11 260/354/11 259/353/11
f 261/355/12 262/356/12 263/357/12
f 262/356/12 264/358/12 263/357/12
f 263/357/1 264/358/1 260/354/1
f 264/358/1 259/353/1 260/354/1
f 262/359/2 261/360/2 257/361/2
f 261/360/2 258/362/2 257/361/2
f 261/355/13 263/357/13 258/352/13
f 263/357/13 260/354/13 258/352/13
f 264/358/14 262/356/14 259/353/14
f 262/356/14 257/351/14 259/353/14
f 265/363/5 266/364/5 267/365/5
f 266/364/5 268/366/5 267/365/5
f 269/367/6 270/368/6 271/369/6
f 270/368/6 272/370/6 271/369/6
f 271/369/1 272/370/1 268/366/1
f 272/370/1 267/365/1 268/366/1
f 270/368/2 269/367/2 265/363/2
f 269/367/2 266/364/2 265/363/2
f 269/367/3 271/369/3 266/364/3
f 271/369/3 268/366/3 266/364/3
f 272/370/4 270/368/4 267/365/4
f 270/368/4 265/363/4 267/365/4
f 273/371/5 274/372/5 275/373/5
f 274/372/5 276/374/5 275/373/5
f 277/375/6 278/376/6 279/377/6
f 278/376/6 280/378/6 279/377/6
f 279/377/1 280/378/1 276/374/1
f 280/378/1 275/373/1 276/374/1
f 278/379/2 277/380/2 273/381/2
f 277/380/2 274/382/2 273/381/2
f 277/375/3 279/377/3 274/372/3
f 279/377/3 276/374/3 274/372/3
f 280/378/4 278/376/4 275/373/4
f 278/376/4 273/371/4 275/373/4
f 281/383/5 282/384/5 283/385/5
f 282/384/5 284/386/5 283/385/5
f 285/387/6 286/388/6 287/389/6
f 286/388/6 288/390/6 287/389/6
f 287/389/1 288/390/1 284/386/1
f 288/390/1 283/385/1 284/386/1
f 286/388/2 285/387/2 281/383/2
f 285/387/2 282/384/2 281/383/2
f 285/387/3 287/389/3 282/384/3
f 287/389/3 284/386/3 282/384/3
f 288/390/4 286/388/4 283/385/4
f 286/388/4 281/383/4 283/385/4
f 289/391/5 290/392/5 291/393/5
f 290/392/5 292/394/5 291/393/5
f 293/395/6 294/396/6 295/397/6
f 294/396/6 296/398/6 295/397/6
f 295/397/1 296/398/1 292/394/1
f 296/398/1 291/393/1 292/394/1
f 294/399/2 293/400/2 289/401/2
f 293/400/2 290/402/2 289/401/2
f 293/395/3 295/397/3 290/392/3
f 295/397/3 292/394/3 290/392/3
f 296/398/4 294/396/4 291/393/4
f 294/396/4 289/391/4 291/393/4
f 297/403/5 298/404/5 299/405/5
f 298/404/5 300/406/5 299/405/5
f 301/407/6 302/408/6 303/409/6
f 302/408/6 304/410/6 303/409/6
f 303/409/1 304/410/1 300/406/1
f 304/410/1 299/405/1 300/406/1
f 302/408/2 301/407/2 297/403/2
f 301/407/2 298/404/2 297/403/2
f 301/407/3 303/409/3 298/404/3
f 303/409/3 300/406/3 298/404/3
f 304/410/4 302/408/4 299/405/4
f 302/408/4 297/403/4 299/405/4
f 305/411/5 306/412/5 307/413/5
f 306/412/5 308/414/5 307/413/5
f 309/415/6 310/416/6 311/417/6
f 310/416/6 312/418/6 311/417/6
f 311/417/1 312/418/1 308/414/1
f 312/418/1 307/413/1 308/414/1
f 310/416/2 309/415/2 305/411/2
f 309/415/2 306/412/2 305/411/2
f 309/415/3 311/417/3 306/412/3
f 311/417/3 308/414/3 306/412/3
f 312/418/4 310/416/4 307/413/4
f 310/416/4 305/411/4 307/413/4
f 196/267/7 313/419/7 198/269/7
f 313/419/7 314/420/7 198/269/7
f 315/421/8 316/422/8 317/423/8
f 316/422/8 318/424/8 317/423/8
f 317/423/1 318/424/1 314/420/1
f 318/424/1 198/269/1 314/420/1
f 316/425/2 315/426/2 196/277/2
f 315/426/2 313/427/2 196/277/2
f 315/421/9 317/423/9 313/419/9
f 317/423/9 314/420/9 313/419/9
f 318/424/10 316/422/10 198/269/10
f 316/422/10 196/267/10 198/269/10
f 319/428/15 187/254/15 320/429/15
f 187/254/15 189/256/15 320/429/15
f 321/430/16 322/431/16 323/432/16
f 322/431/16 324/433/16 323/432/16
f 323/432/1 324/433/1 189/256/1
f 324/433/1 320/429/1 189/256/1
f 322/434/2 321/435/2 319/436/2
f 321/435/2 187/264/2 319/436/2
f 321/430/17 323/432/17 187/254/17
f 323/432/17 189/256/17 187/254/17
f 324/433/18 322/431/18 320/429/18
f 322/431/18 319/428/18 320/429/18
f 325/437/7 326/438/7 327/439/7
f 326/438/7 328/440/7 327/439/7
f 329/441/8 330/442/8 331/443/8
f 330/442/8 332/444/8 331/443/8
f 331/443/1 332/444/1 328/440/1
f 332/444/1 327/439/1 328/440/1
f 330/445/2 329/446/2 325/447/2
f 329/446/2 326/448/2 325/447/2
f 329/441/9 331/443/9 326/438/9
f 331/443/9 328/440/9 326/438/9
f 332/444/10 330/442/10 327/439/10
f 330/442/10 325/437/10 327/439/10
f 333/449/7 334/450/7 335/451/7
f 334/450/7 336/452/7 335/451/7
f 337/453/8 338/454/8 339/455/8
f 338/454/8 340/456/8 339/455/8
f 339/455/1 340/456/1 336/452/1
f 340/456/1 335/451/1 336/452/1
f 338/457/2 337/458/2 333/459/2
f 337/458/2 334/460/2 333/459/2
f 337/453/9 339/455/9 334/450/9
f 339/455/9 336/452/9 334/450/9
f 340/456/10 338/454/10 335/451/10
f 338/454/10 333/449/10 335/451/10
f 341/461/15 342/462/15 343/463/15
f 342/462/15 344/464/15 343/463/15
f 345/465/16 346/466/16 347/467/16
f 346/466/16 348/468/16 347/467/16
f 347/467/1 348/468/1 344/464/1
f 348/468/1 343/463/1 344/464/1
f 346/469/2 345/470/2 341/471/2
f 345/470/2 342/472/2 341/471/2
f 345/465/17 347/467/17 342/462/17
f 347/467/17 344/464/17 342/462/17
f 348/468/18 346/466/18 343/463/18
f 346/466/18 341/461/18 343/463/18
f 349/473/15 350/474/15 351/475/15
f 350/474/15 352/476/15 351/475/15
f 353/477/16 354/478/16 355/479/16
f 354/478/16 356/480/16 355/479/16
f 355/479/1 356/480/1 352/476/1
f 356/480/1 351/475/1 352/476/1
f 354/481/2 353/482/2 349/483/2
f 353/482/2 350/484/2 349/483/2
f 353/477/17 355/479/17 350/474/17
f 355/479/17 352/476/17 350/474/17
f 356/480/18 354/478/18 351/475/18
f 354/478/18 349/473/18 351/475/18
f 357/485/11 358/486/11 359/487/11
f 358/486/11 360/488/11 359/487/11
f 361/489/12 362/490/12 363/491/12
f 362/490/12 364/492/12 363/491/12
f 363/491/1 364/492/1 360/488/1
f 364/492/1 359/487/1 360/488/1
f 362/493/2 361/494/2 357/495/2
f 361/494/2 358/496/2 357/495/2
f 361/489/13 363/491/13 358/486/13
f 363/491/13 360/488/13 358/486/13
f 364/492/14 362/490/14 359/487/14
f 362/490/14 357/485/14 359/487/14
f 365/497/11 366/498/11 367/499/11
f 366/498/11 368/500/11 367/499/11
f 369/501/12 370/502/12 371/503/12
f 370/502/12 372/504/12 371/503/12
f 371/503/1 372/504/1 368/500/1
f 372/504/1 367/499/1 368/500/1
f 370/505/2 369/506/2 365/507/2
f 369/506/2 366/508/2 365/507/2
f 369/501/13 371/503/13 366/498/13
f 371/503/13 368/500/13 366/498/13
f 372/504/14 370/502/14 367/499/14
f 370/502/14 365/497/14 367/499/14
f 373/509/14 374/510/14 375/511/14
f 374/510/14 376/512/14 375/511/14
f 377/513/13 378/514/13 379/515/13
f 378/514/13 380/516/13 379/515/13
f 379/515/1 380/516/1 376/512/1
f 380/516/1 375/511/1 376/512/1
f 378/517/2 377/518/2 373/519/2
f 377/518/2 374/520/2 373/519/2
f 377/513/11 379/515/11 374/510/11
f 379/515/11 376/512/11 374/510/11
f 380/516/12 378/514/12 375/511/12
f 378/514/12 373/509/12 375/511/12
f 381/521/14 382/522/14 383/523/14
f 382/522/14 384/524/14 383/523/14
f 385/525/13 386/526/13 387/527/13
f 386/526/13 388/528/13 387/527/13
f 387/527/1 388/528/1 384/524/1
f 388/528/1 383/523/1 384/524/1
f 386/529/2 385/530/2 381/531/2
f 385/530/2 382/532/2 381/531/2
f 385/525/11 387/527/11 382/522/11
f 387/527/11 384/524/11 382/522/11
f 388/528/12 386/526/12 383/523/12
f 386/526/12 381/521/12 383/523/12
f 389/533/7 390/534/7 391/535/7
f 390/534/7 392/536/7 391/535/7
f 393/537/8 394/538/8 395/539/8
f 394/538/8 396/540/8 395/539/8
f 395/539/1 396/540/1 392/536/1
f 396/540/1 391/535/1 392/536/1
f 394/541/2 393/542/2 389/543/2
f 393/542/2 390/544/2 389/543/2
f 393/537/9 395/539/9 390/534/9
f 395/539/9 392/536/9 390/534/9
f 396/540/10 394/538/10 391/535/10
f 394/538/10 389/533/10 391/535/10
f 397/545/7 398/546/7 399/547/7
f 398/546/7 400/548/7 399/547/7
f 401/549/8 402/550/8 403/551/8
f 402/550/8 404/552/8 403/551/8
f 403/551/1 404/552/1 400/548/1
f 404/552/1 399/547/1 400/548/1
f 402/553/2 401/554/2 397/555/2
f 401/554/2 398/556/2 397/555/2
f 401/549/9 403/551/9 398/546/9
f 403/551/9 400/548/9 398/546/9
f 404/552/10 402/550/10 399/547/10
f 402/550/10 397/545/10 399/547/10
f 405/557/15 406/558/15 407/559/15
f 406/558/15 408/560/15 407/559/15
f 409/561/16 410/562/16 411/563/16
f 410/562/16 412/564/16 411/563/16
f 411/563/1 412/564/1 408/560/1
f 412/564/1 407/559/1 408/560/1
f 410/565/2 409/566/2 405/567/2
f 409/566/2 406/568/2 405/567/2
f 409/561/17 411/563/17 406/558/17
f 411/563/17 408/560/17 406/558/17
f 412/564/18 410/562/18 407/559/18
f 410/562/18 405/557/18 407/559/18
f 413/569/15 414/570/15 415/571/15
f 414/570/15 416/572/15 415/571/15
f 417/573/16 418/574/16 419/575/16
f 418/574/16 420/576/16 419/575/16
f 419/575/1 420/576/1 416/572/1
f 420/576/1 415/571/1 416/572/1
f 418/577/2 417/578/2 413/579/2
f 417/578/2 414/580/2 413/579/2
f 417/573/17 419/575/17 414/570/17
f 419/575/17 416/572/17 414/570/17
f 420/576/18 418/574/18 415/571/18
f 418/574/18 413/569/18 415/571/18
f 421/581/5 422/582/5 423/583/5
f 422/582/5 424/584/5 423/583/5
f 425/585/6 426/586/6 427/587/6
f 426/586/6 428/588/6 427/587/6
f 427/587/1 428/588/1 424/584/1
f 428/588/1 423/583/1 424/584/1
f 426/589/2 425/590/2 421/591/2
f 425/590/2 422/592/2 421/591/2
f 425/585/3 427/587/3 422/582/3
f 427/587/3 424/584/3 422/582/3
f 428/588/4 426/586/4 423/583/4
f 426/586/4 421/581/4 423/583/4
f 429/593/5 430/594/5 431/595/5
f 430/594/5 432/596/5 431/595/5
f 433/597/6 434/598/6 435/599/6
f 434/598/6 436/600/6 435/599/6
f 435/599/1 436/600/1 432/596/1
f 436/600/1 431/595/1 432/596/1
f 434/601/2 433/602/2 429/603/2
f 433/602/2 430/604/2 429/603/2
f 433/597/3 435/599/3 430/594/3
f 435/599/3 432/596/3 430/594/3
f 436/600/4 434/598/4 431/595/4
f 434/598/4 429/593/4 431/595/4
f 437/605/5 438/606/5 439/607/5
f 438/606/5 440/608/5 439/607/5
f 441/609/6 442/610/6 443/611/6
f 442/610/6 444/612/6 443/611/6
f 443/611/1 444/612/1 440/608/1
f 444/612/1 439/607/1 440/608/1
f 442/613/2 441/614/2 437/615/2
f 441/614/2 438/616/2 437/615/2
f 441/609/3 443/611/3 438/606/3
f 443/611/3 440/608/3 438/606/3
f 444/612/4 442/610/4 439/607/4
f 442/610/4 437/605/4 439/607/4
f 445/617/5 446/618/5 447/619/5
f 446/618/5 448/620/5 447/619/5
f 449/621/6 450/622/6 451/623/6
f 450/622/6 452/624/6 451/623/6
f 451/623/1 452/624/1 448/620/1
f 452/624/1 447/619/1 448/620/1
f 450/625/2 449/626/2 445/627/2
f 449/626/2 446/628/2 445/627/2
f 449/621/3 451/623/3 446/618/3
f 451/623/3 448/620/3 446/618/3
f 452/624/4 450/622/4 447/619/4
f 450/622/4 445/617/4 447/619/4
f 453/629/5 454/630/5 455/631/5
f 454/630/5 456/632/5 455/631/5
f 457/633/6 458/634/6 459/635/6
f 458/634/6 460/636/6 459/635/6
f 459/635/1 460/636/1 456/632/1
f 460/636/1 455/631/1 456/632/1
f 458/637/2 457/638/2 453/639/2
f 457/638/2 454/640/2 453/639/2
f 457/633/3 459/635/3 454/630/3
f 459/635/3 456/632/3 454/630/3
f 460/636/4 458/634/4 455/631/4
f 458/634/4 453/629/4 455/631/4
f 461/641/5 462/642/5 463/643/5
f 462/642/5 464/644/5 463/643/5
f 465/645/6 466/646/6 467/647/6
f 466/646/6 468/648/6 467/647/6
f 467/647/1 468/648/1 464/644/1
f 468/648/1 463/643/1 464/644/1
f 466/649/2 465/650/2 461/651/2
f 465/650/2 462/652/2 461/651/2
f 465/645/3 467/647/3 462/642/3
f 467/647/3 464/644/3 462/642/3
f 468/648/4 466/646/4 463/643/4
f 466/646/4 461/641/4 463/643/4
f 469/653/5 470/654/5 471/655/5
f 470/654/5 472/656/5 471/655/5
f 473/657/6 474/658/6 475/659/6
f 474/658/6 476/660/6 475/659/6
f 475/659/1 476/660/1 472/656/1
f 476/660/1 471/655/1 472/656/1
f 474/658/2 473/657/2 469/653/2
f 473/657/2 470/654/2 469/653/2
f 473/657/3 475/659/3 470/654/3
f 475/659/3 472/656/3 470/654/3
f 476/660/4 474/658/4 471/655/4
f 474/658/4 469/653/4 471/655/4
f 477/661/5 478/662/5 479/663/5
f 478/662/5 480/664/5 479/663/5
f 481/665/6 482/666/6 483/667/6
f 482/666/6 484/668/6 483/667/6
f 483/667/1 484/668/1 480/664/1
f 484/668/1 479/663/1 480/664/1
f 482/666/2 481/665/2 477/661/2
f 481/665/2 478/662/2 477/661/2
f 481/665/3 483/667/3 478/662/3
f 483/667/3 480/664/3 478/662/3
f 484/668/4 482/666/4 479/663/4
f 482/666/4 477/661/4 479/663/4
f 485/669/5 486/670/5 487/671/5
f 486/670/5 488/672/5 487/671/5
f 489/673/6 490/674/6 491/675/6
f 490/674/6 492/676/6 491/675/6
f 491/675/1 492/676/1 488/672/1
f 492/676/1 487/671/1 488/672/1
f 490/674/2 489/673/2 485/669/2
f 489/673/2 486/670/2 485/669/2
f 489/673/3 491/675/3 486/670/3
f 491/675/3 488/672/3 486/670/3
f 492/676/4 490/674/4 487/671/4
f 490/674/4 485/669/4 487/671/4
f 493/677/5 494/678/5 495/679/5
f 494/678/5 496/680/5 495/679/5
f 497/681/6 498/682/6 499/683/6
f 498/682/6 500/684/6 499/683/6
f 499/683/1 500/684/1 496/680/1
f 500/684/1 495/679/1 496/680/1
f 498/682/2 497/681/2 493/677/2
f 497/681/2 494/678/2 493/677/2
f 497/681/3 499/683/3 494/678/3
f 499/683/3 496/680/3 494/678/3
f 500/684/4 498/682/4 495/679/4
f 498/682/4 493/677/4 495/679/4
f 501/685/5 502/686/5 503/687/5
f 502/686/5 504/688/5 503/687/5
f 505/689/6 506/690/6 507/691/6
f 506/690/6 508/692/6 507/691/6
f 507/691/1 508/692/1 504/688/1
f 508/692/1 503/687/1 504/688/1
f 506/690/2 505/689/2 501/685/2
f 505/689/2 502/686/2 501/685/2
f 505/689/3 507/691/3 502/686/3
f 507/691/3 504/688/3 502/686/3
f 508/692/4 506/690/4 503/687/4
f 506/690/4 501/685/4 503/687/4
f 509/693/5 510/694/5 511/695/5
f 510/694/5 512/696/5 511/695/5
f 513/697/6 514/698/6 515/699/6
f 514/698/6 516/700/6 515/699/6
f 515/699/1 516/700/1 512/696/1
f 516/700/1 511/695/1 512/696/1
f 514/698/2 513/697/2 509/693/2
f 513/697/2 510/694/2 509/693/2
f 513/697/3 515/699/3 510/694/3
f 515/699/3 512/696/3 510/694/3
f 516/700/4 514/698/4 511/695/4
f 514/698/4 509/693/4 511/695/4
f 517/701/5 518/702/5 519/703/5
f 518/702/5 520/704/5 519/703/5
f 521/705/6 522/706/6 523/707/6
f 522/706/6 524/708/6 523/707/6
f 523/707/1 524/708/1 520/704/1
f 524/708/1 519/703/1 520/704/1
f 522/706/2 521/705/2 517/701/2
f 521/705/2 518/702/2 517/701/2
f 521/705/3 523/707/3 518/702/3
f 523/707/3 520/704/3 518/702/3
f 524/708/4 522/706/4 519/703/4
f 522/706/4 517/701/4 519/703/4
f 525/709/5 526/710/5 527/711/5
f 526/710/5 528/712/5 527/711/5
f 529/713/6 530/714/6 531/715/6
f 530/714/6 532/716/6 531/715/6
f 531/715/1 532/716/1 528/712/1
f 532/716/1 527/711/1 528/712/1
f 530/714/2 529/713/2 525/709/2
f 529/713/2 526/710/2 525/709/2
f 529/713/3 531/715/3 526/710/3
f 531/715/3 528/712/3 526/710/3
f 532/716/4 530/714/4 527/711/4
f 530/714/4 525/709/4 527/711/4
f 533/717/5 534/718/5 535/719/5
f 534/718/5 536/720/5 535/719/5
f 537/721/6 538/722/6 539/723/6
f 538/722/6 540/724/6 539/723/6
f 539/723/1 540/724/1 536/720/1
f 540/724/1 535/719/1 536/720/1
f 538/722/2 537/721/2 533/717/2
f 537/721/2 534/718/2 533/717/2
f 537/721/3 539/723/3 534/718/3
f 539/723/3 536/720/3 534/718/3
f 540/724/4 538/722/4 535/719/4
f 538/722/4 533/717/4 535/719/4
f 541/725/5 542/726/5 543/727/5
f 542/726/5 544/728/5 543/727/5
f 545/729/6 546/730/6 547/731/6
f 546/730/6 548/732/6 547/731/6
f 547/731/1 548/732/1 544/728/1
f 548/732/1 543/727/1 544/728/1
f 546/730/2 545/729/2 541/725/2
f 545/729/2 542/726/2 541/725/2
f 545/729/3 547/731/3 542/726/3
f 547/731/3 544/728/3 542/726/3
f 548/732/4 546/730/4 543/727/4
f 546/730/4 541/725/4 543/727/4
f 549/733/5 550/734/5 551/735/5
f 550/734/5 552/736/5 551/735/5
f 553/737/6 554/738/6 555/739/6
f 554/738/6 556/740/6 555/739/6
f 555/739/1 556/740/1 552/736/1
f 556/740/1 551/735/1 552/736/1
f 554/738/2 553/737/2 549/733/2
f 553/737/2 550/734/2 549/733/2
f 553/737/3 555/739/3 550/734/3
f 555/739/3 552/736/3 550/734/3
f 556/740/4 554/738/4 551/735/4
f 554/738/4 549/733/4 551/735/4
f 557/741/5 558/742/5 559/743/5
f 558/742/5 560/744/5 559/743/5
f 561/745/6 562/746/6 563/747/6
f 562/746/6 564/748/6 563/747/6
f 563/747/1 564/748/1 560/744/1
f 564/748/1 559/743/1 560/744/1
f 562/746/2 561/745/2 557/741/2
f 561/745/2 558/742/2 557/741/2
f 561/745/3 563/747/3 558/742/3
f 563/747/3 560/744/3 558/742/3
f 564/748/4 562/746/4 559/743/4
f 562/746/4 557/741/4 559/743/4
f 565/749/5 566/750/5 567/751/5
f 566/750/5 568/752/5 567/751/5
f 569/753/6 570/754/6 571/755/6
f 570/754/6 572/756/6 571/755/6
f 571/755/1 572/756/1 568/752/1
f 572/756/1 567/751/1 568/752/1
f 570/754/2 569/753/2 565/749/2
f 569/753/2 566/750/2 565/749/2
f 569/753/3 571/755/3 566/750/3
f 571/755/3 568/752/3 566/750/3
f 572/756/4 570/754/4 567/751/4
f 570/754/4 565/749/4 567/751/4
f 573/757/5 574/758/5 575/759/5
f 574/758/5 576/760/5 575/759/5
f 577/761/6 578/762/6 579/763/6
f 578/762/6 580/764/6 579/763/6
f 579/763/1 580/764/1 576/760/1
f 580/764/1 575/759/1 576/760/1
f 578/762/2 577/761/2 573/757/2
f 577/761/2 574/758/2 573/757/2
f 577/761/3 579/763/3 574/758/3
f 579/763/3 576/760/3 574/758/3
f 580/764/4 578/762/4 575/759/4
f 578/762/4 573/757/4 575/759/4
f 581/765/5 582/766/5 583/767/5
f 582/766/5 584/768/5 583/767/5
f 585/769/6 586/770/6 587/771/6
f 586/770/6 588/772/6 587/771/6
f 587/771/1 588/772/1 584/768/1
f 588/772/1 583/767/1 584/768/1
f 586/770/2 585/769/2 581/765/2
f 585/769/2 582/766/2 581/765/2
f 585/769/3 587/771/3 582/766/3
f 587/771/3 584/768/3 582/766/3
f 588/772/4 586/770/4 583/767/4
f 586/770/4 581/765/4 583/767/4
f 589/773/5 590/774/5 591/775/5
f 590/774/5 592/776/5 591/775/5
f 593/777/6 594/778/6 595/779/6
f 594/778/6 596/780/6 595/779/6
f 595/779/1 596/780/1 592/776/1
f 596/780/1 591/775/1 592/776/1
f 594/778/2 593/777/2 589/773/2
f 593/777/2 590/774/2 589/773/2
f 593/777/3 595/779/3 590/774/3
f 595/779/3 592/776/3 590/774/3
f 596/780/4 594/778/4 591/775/4
f 594/778/4 589/773/4 591/775/4
f 597/781/5 598/782/5 599/783/5
f 598/782/5 600/784/5 599/783/5
f 601/785/6 602/786/6 603/787/6
f 602/786/6 604/788/6 603/787/6
f 603/787/1 604/788/1 600/784/1
f 604/788/1 599/783/1 600/784/1
f 602/786/2 601/785/2 597/781/2
f 601/785/2 598/782/2 597/781/2
f 601/785/3 603/787/3 598/782/3
f 603/787/3 600/784/3 598/782/3
f 604/788/4 602/786/4 599/783/4
f 602/786/4 597/781/4 599/783/4
f 605/789/5 606/790/5 607/791/5
f 606/790/5 608/792/5 607/791/5
f 609/793/6 610/794/6 611/795/6
f 610/794/6 612/796/6 611/795/6
f 611/795/1 612/796/1 608/792/1
f 612/796/1 607/791/1 608/792/1
f 610/794/2 609/793/2 605/789/2
f 609/793/2 606/790/2 605/789/2
f 609/793/3 611/795/3 606/790/3
f 611/795/3 608/792/3 606/790/3
f 612/796/4 610/794/4 607/791/4
f 610/794/4 605/789/4 607/791/4
f 613/797/5 614/798/5 615/799/5
f 614/798/5 616/800/5 615/799/5
f 617/801/6 618/802/6 619/803/6
f 618/802/6 620/804/6 619/803/6
f 619/803/1 620/804/1 616/800/1
f 620/804/1 615/799/1 616/800/1
f 618/802/2 617/801/2 613/797/2
f 617/801/2 614/798/2 613/797/2
f 617/801/3 619/803/3 614/798/3
f 619/803/3 616/800/3 614/798/3
f 620/804/4 618/802/4 615/799/4
f 618/802/4 613/797/4 615/799/4
f 621/805/5 622/806/5 623/807/5
f 622/806/5 624/808/5 623/807/5
f 625/809/6 626/810/6 627/811/6
f 626/810/6 628/812/6 627/811/6
f 627/811/1 628/812/1 624/808/1
f 628/812/1 623/807/1 624/808/1
f 626/810/2 625/809/2 621/805/2
f 625/809/2 622/806/2 621/805/2
f 625/809/3 627/811/3 622/806/3
f 627/811/3 624/808/3 622/806/3
f 628/812/4 626/810/4 623/807/4
f 626/810/4 621/805/4 623/807/4
f 629/813/5 630/814/5 631/815/5
f 630/814/5 632/816/5 631/815/5
f 633/817/6 634/818/6 635/819/6
f 634/818/6 636/820/6 635/819/6
f 635/819/1 636/820/1 632/816/1
f 636/820/1 631/815/1 632/816/1
f 634/818/2 633/817/2 629/813/2
f 633/817/2 630/814/2 629/813/2
f 633/817/3 635/819/3 630/814/3
f 635/819/3 632/816/3 630/814/3
f 636/820/4 634/818/4 631/815/4
f 634/818/4 629/813/4 631/815/4
f 637/821/5 638/822/5 639/823/5
f 638/822/5 640/824/5 639/823/5
f 641/825/6 642/826/6 643/827/6
f 642/826/6 644/828/6 643/827/6
f 643/827/1 644/828/1 640/824/1
f 644/828/1 639/823/1 640/824/1
f 642/826/2 641/825/2 637/821/2
f 641/825/2 638/822/2 637/821/2
f 641/825/3 643/827/3 638/822/3
f 643/827/3 640/824/3 638/822/3
f 644/828/4 642/826/4 639/823/4
f 642/826/4 637/821/4 639/823/4
f 645/829/5 646/830/5 647/831/5
f 646/830/5 648/832/5 647/831/5
f 649/833/6 650/834/6 651/835/6
f 650/834/6 652/836/6 651/835/6
f 651/835/1 652/836/1 648/832/1
f 652/836/1 647/831/1 648/832/1
f 650/834/2 649/833/2 645/829/2
f 649/833/2 646/830/2 645/829/2
f 649/833/3 651/835/3 646/830/3
f 651/835/3 648/832/3 646/830/3
f 652/836/4 650/834/4 647/831/4
f 650/834/4 645/829/4 647/831/4
f 653/837/5 654/838/5 12/16/5
f 654/838/5 34/42/5 12/16/5
f 655/839/6 656/840/6 37/45/6
f 656/840/6 15/19/6 37/45/6
f 37/45/1 15/19/1 34/42/1
f 15/19/1 12/16/1 34/42/1
f 656/840/2 655/839/2 653/837/2
f 655/839/2 654/838/2 653/837/2
f 655/839/3 37/45/3 654/838/3
f 37/45/3 34/42/3 654/838/3
f 15/19/4 656/840/4 12/16/4
f 656/840/4 653/837/4 12/16/4
f 657/841/5 658/842/5 659/843/5
f 658/842/5 660/844/5 659/843/5
f 661/845/6 662/846/6 663/847/6
f 662/846/6 664/848/6 663/847/6
f 663/847/1 664/848/1 660/844/1
f 664/848/1 659/843/1 660/844/1
f 662/846/2 661/845/2 657/841/2
f 661/845/2 658/842/2 657/841/2
f 661/845/3 663/847/3 658/842/3
f 663/847/3 660/844/3 658/842/3
f 664/848/4 662/846/4 659/843/4
f 662/846/4 657/841/4 659/843/4
f 665/849/5 666/850/5 667/851/5
f 666/850/5 668/852/5 667/851/5
f 669/853/6 670/854/6 671/855/6
f 670/854/6 672/856/6 671/855/6
f 671/855/1 672/856/1 668/852/1
f 672/856/1 667/851/1 668/852/1
f 670/854/2 669/853/2 665/849/2
f 669/853/2 666/850/2 665/849/2
f 669/853/3 671/855/3 666/850/3
f 671/855/3 668/852/3 666/850/3
f 672/856/4 670/854/4 667/851/4
f 670/854/4 665/849/4 667/851/4
f 673/857/5 674/858/5 675/859/5
f 674/858/5 676/860/5 675/859/5
f 677/861/6 678/862/6 679/863/6
f 678/862/6 680/864/6 679/863/6
f 679/863/1 680/864/1 676/860/1
f 680/864/1 675/859/1 676/860/1
f 678/865/2 677/866/2 673/867/2
f 677/866/2 674/868/2 673/867/2
f 677/866/3 679/869/3 674/868/3
f 679/863/3 676/860/3 674/858/3
f 680/864/4 678/862/4 675/859/4
f 678/862/4 673/857/4 675/859/4
f 10/24/5 681/870/5 682/871/5
f 681/872/5 683/873/5 682/874/5
f 684/875/6 13/17/6 685/876/6
f 13/17/6 686/877/6 685/876/6
f 685/876/1 686/877/1 683/873/1
f 686/877/1 682/874/1 683/873/1
f 13/17/2 684/875/2 10/14/2
f 684/875/2 681/872/2 10/14/2
f 684/878/3 685/879/3 681/870/3
f 685/879/3 683/880/3 681/870/3
f 686/877/4 13/17/4 682/874/4
f 13/17/4 10/14/4 682/874/4
f 687/881/5 688/882/5 69/77/5
f 688/882/5 689/883/5 69/77/5
f 690/884/6 691/885/6 692/886/6
f 691/885/6 72/80/6 692/886/6
f 692/886/1 72/80/1 689/887/1
f 72/80/1 69/85/1 689/887/1
f 691/888/2 690/889/2 687/881/2
f 690/889/2 688/882/2 687/881/2
f 690/889/3 692/890/3 688/882/3
f 692/890/3 689/883/3 688/882/3
f 72/80/4 691/885/4 69/85/4
f 691/885/4 687/891/4 69/85/4
f 693/892/5 694/893/5 695/894/5
f 694/893/5 696/895/5 695/894/5
f 697/896/6 698/897/6 699/898/6
f 698/897/6 700/899/6 699/898/6
f 699/900/1 700/901/1 696/902/1
f 700/901/1 695/903/1 696/902/1
f 698/897/2 697/896/2 693/892/2
f 697/896/2 694/893/2 693/892/2
f 697/896/3 699/898/3 694/893/3
f 699/898/3 696/895/3 694/893/3
f 700/901/4 698/904/4 695/903/4
f 698/904/4 693/905/4 695/903/4
f 701/906/5 702/907/5 703/908/5
f 702/907/5 704/909/5 703/908/5
f 705/910/6 706/911/6 707/912/6
f 706/911/6 708/913/6 707/912/6
f 707/914/1 708/915/1 704/916/1
f 708/915/1 703/917/1 704/916/1
f 706/911/2 705/910/2 701/906/2
f 705/910/2 702/907/2 701/906/2
f 705/910/3 707/912/3 702/907/3
f 707/912/3 704/909/3 702/907/3
f 708/915/4 706/918/4 703/917/4
f 706/918/4 701/919/4 703/917/4
f 709/920/5 710/921/5 711/922/5
f 710/921/5 712/923/5 711/922/5
f 713/924/6 714/925/6 715/926/6
f 714/925/6 716/927/6 715/926/6
f 715/928/1 716/929/1 712/930/1
f 716/929/1 711/931/1 712/930/1
f 714/925/2 713/924/2 709/920/2
f 713/924/2 710/921/2 709/920/2
f 713/924/3 715/926/3 710/921/3
f 715/926/3 712/923/3 710/921/3
f 716/929/4 714/932/4 711/931/4
f 714/932/4 709/933/4 711/931/4
f 717/934/5 718/935/5 719/936/5
f 718/935/5 720/937/5 719/936/5
f 721/938/6 722/939/6 723/940/6
f 722/939/6 724/941/6 723/940/6
f 723/942/1 724/943/1 720/944/1
f 724/943/1 719/945/1 720/944/1
f 722/939/2 721/938/2 717/934/2
f 721/938/2 718/935/2 717/934/2
f 721/938/3 723/940/3 718/935/3
f 723/940/3 720/937/3 718/935/3
f 724/943/4 722/946/4 719/945/4
f 722/946/4 717/947/4 719/945/4
f 725/948/5 726/949/5 727/950/5
f 726/949/5 728/951/5 727/950/5
f 729/952/6 730/953/6 731/954/6
f 730/953/6 732/955/6 731/954/6
f 731/956/1 732/957/1 728/958/1
f 732/957/1 727/959/1 728/958/1
f 730/953/2 729/952/2 725/948/2
f 729/952/2 726/949/2 725/948/2
f 729/952/3 731/954/3 726/949/3
f 731/954/3 728/951/3 726/949/3
f 732/957/4 730/960/4 727/959/4
f 730/960/4 725/961/4 727/959/4
f 733/962/5 734/963/5 735/964/5
f 734/963/5 681/870/5 735/964/5
f 736/965/6 737/966/6 684/875/6
f 737/966/6 738/967/6 684/875/6
f 684/875/1 738/967/1 681/872/1
f 738/967/1 735/968/1 681/872/1
f 737/969/2 736/970/2 733/962/2
f 736/970/2 734/963/2 733/962/2
f 736/970/3 684/878/3 734/963/3
f 684/878/3 681/870/3 734/963/3
f 738/967/4 737/966/4 735/968/4
f 737/966/4 733/971/4 735/968/4
f 739/972/14 740/973/14 741/974/14
f 740/973/14 742/975/14 741/974/14
f 743/976/13 744/977/13 745/978/13
f 744/977/13 746/979/13 745/978/13
f 745/978/1 746/979/1 742/975/1
f 746/979/1 741/974/1 742/975/1
f 744/977/2 743/976/2 739/972/2
f 743/976/2 740/973/2 739/972/2
f 743/976/11 745/978/11 740/973/11
f 745/978/11 742/975/11 740/973/11
f 746/979/12 744/977/12 741/974/12
f 744/977/12 739/972/12 741/974/12
f 747/980/14 739/972/14 748/981/14
f 739/972/14 741/974/14 748/981/14
f 749/982/13 750/983/13 751/984/13
f 750/983/13 752/985/13 751/984/13
f 751/984/1 752/985/1 741/974/1
f 752/985/1 748/981/1 741/974/1
f 750/983/2 749/982/2 747/980/2
f 749/982/2 739/972/2 747/980/2
f 749/982/11 751/984/11 739/972/11
f 751/984/11 741/974/11 739/972/11
f 752/985/12 750/983/12 748/981/12
f 750/983/12 747/980/12 748/981/12
f 753/986/14 754/987/14 755/988/14
f 754/987/14 756/989/19 755/988/14
f 757/990/13 758/991/13 759/992/13
f 758/991/13 760/993/13 759/992/13
f 759/992/1 760/993/1 756/989/1
f 760/993/1 755/988/1 756/989/1
f 758/991/2 757/990/2 753/986/2
f 757/990/2 754/987/2 753/986/2
f 757/990/20 759/992/20 754/987/11
f 759/992/20 756/989/11 754/987/11
f 760/993/12 758/991/12 755/988/21
f 758/991/12 753/986/21 755/988/21
f 761/994/14 762/995/14 763/996/14
f 762/995/14 764/997/19 763/996/14
f 765/998/22 766/999/13 767/1000/13
f 766/999/13 768/1001/13 767/1000/13
f 767/1000/1 768/1001/1 764/997/1
f 768/1001/1 763/996/1 764/997/1
f 766/999/2 765/998/2 761/994/2
f 765/998/2 762/995/2 761/994/2
f 765/998/20 767/1000/20 762/995/11
f 767/1000/20 764/997/11 762/995/11
f 768/1001/12 766/999/12 763/996/21
f 766/999/12 761/994/21 763/996/21
f 769/1002/14 770/1003/14 771/1004/14
f 770/1003/14 772/1005/14 771/1004/14
f 773/1006/13 774/1007/22 775/1008/13
f 774/1007/22 776/1009/22 775/1008/13
f 775/1008/1 776/1009/1 772/1005/1
f 776/1009/1 771/1004/1 772/1005/1
f 774/1007/2 773/1006/2 769/1002/2
f 773/1006/2 770/1003/2 769/1002/2
f 773/1006/20 775/1008/20 770/1003/11
f 775/1008/20 772/1005/11 770/1003/11
f 776/1009/21 774/1007/21 771/1004/12
f 774/1007/21 769/1002/12 771/1004/12
f 777/1010/14 778/1011/14 779/1012/14
f 778/1011/14 780/1013/14 779/1012/14
f 781/1014/13 782/1015/22 783/1016/13
f 782/1015/22 784/1017/22 783/1016/13
f 783/1016/1 784/1017/1 780/1013/1
f 784/1017/1 779/1012/1 780/1013/1
f 782/1015/2 781/1014/2 777/1010/2
f 781/1014/2 778/1011/2 777/1010/2
f 781/1014/11 783/1016/11 778/1011/11
f 783/1016/11 780/1013/20 778/1011/11
f 784/1017/21 782/1015/12 779/1012/12
f 782/1015/12 777/1010/12 779/1012/12
f 785/1018/14 786/1019/19 787/1020/14
f 786/1019/19 788/1021/19 787/1020/14
f 789/1022/13 790/1023/13 791/1024/13
f 790/1023/13 792/1025/13 791/1024/13
f 791/1024/1 792/1025/1 788/1021/1
f 792/1025/1 787/1020/1 788/1021/1
f 790/1023/2 789/1022/2 785/1018/2
f 789/1022/2 786/1019/2 785/1018/2
f 789/1022/20 791/1024/11 786/1019/11
f 791/1024/11 788/1021/11 786/1019/11
f 792/1025/12 790/1023/12 787/1020/12
f 790/1023/12 785/1018/21 787/1020/12
f 793/1026/14 794/1027/14 795/1028/14
f 794/1027/14 796/1029/14 795/1028/14
f 797/1030/22 798/1031/13 799/1032/22
f 798/1031/13 800/1033/13 799/1032/22
f 799/1032/1 800/1033/1 796/1029/1
f 800/1033/1 795/1028/1 796/1029/1
f 798/1031/2 797/1030/2 793/1026/2
f 797/1030/2 794/1027/2 793/1026/2
f 797/1030/11 799/1032/11 794/1027/11
f 799/1032/11 796/1029/20 794/1027/11
f 800/1033/12 798/1031/12 795/1028/12
f 798/1031/12 793/1026/21 795/1028/12
f 801/1034/5 802/1035/5 803/1036/5
f 802/1035/5 804/1037/5 803/1036/5
f 805/1038/6 806/1039/6 807/1040/6
f 806/1039/6 808/1041/6 807/1040/6
f 807/1040/1 808/1041/1 804/1037/1
f 808/1041/1 803/1036/1 804/1037/1
f 806/1042/2 805/1043/2 801/1044/2
f 805/1043/2 802/1045/2 801/1044/2
f 805/1038/3 807/1040/3 802/1035/3
f 807/1040/3 804/1037/3 802/1035/3
f 808/1041/4 806/1039/4 803/1036/4
f 806/1039/4 801/1034/4 803/1036/4
f 809/1046/15 810/1047/15 811/1048/15
f 810/1047/15 812/1049/15 811/1048/15
f 813/1050/16 814/1051/16 815/1052/16
f 814/1051/16 816/1053/16 815/1052/16
f 815/1052/1 816/1053/1 812/1049/1
f 816/1053/1 811/1048/1 812/1049/1
f 814/1054/2 813/1055/2 809/1056/2
f 813/1055/2 810/1057/2 809/1056/2
f 813/1050/17 815/1052/17 810/1047/17
f 815/1052/17 812/1049/17 810/1047/17
f 816/1053/18 814/1051/18 811/1048/18
f 814/1051/18 809/1046/18 811/1048/18
f 817/1058/7 818/1059/7 819/1060/7
f 818/1059/7 820/1061/7 819/1060/7
f 821/1062/8 822/1063/8 823/1064/8
f 822/1063/8 824/1065/8 823/1064/8
f 823/1064/1 824/1065/1 820/1061/1
f 824/1065/1 819/1060/1 820/1061/1
f 822/1066/2 821/1067/2 817/1068/2
f 821/1067/2 818/1069/2 817/1068/2
f 821/1062/9 823/1064/9 818/1059/9
f 823/1064/9 820/1061/9 818/1059/9
f 824/1065/10 822/1063/10 819/1060/10
f 822/1063/10 817/1058/10 819/1060/10
f 825/1070/5 826/1071/5 827/1072/5
f 826/1071/5 828/1073/5 827/1072/5
f 829/1074/6 830/1075/6 831/1076/6
f 830/1075/6 832/1077/6 831/1076/6
f 831/1076/1 832/1077/1 828/1073/1
f 832/1077/1 827/1072/1 828/1073/1
f 830/1078/2 829/1079/2 825/1080/2
f 829/1079/2 826/1081/2 825/1080/2
f 829/1074/3 831/1076/3 826/1071/3
f 831/1076/3 828/1073/3 826/1071/3
f 832/1077/4 830/1075/4 827/1072/4
f 830/1075/4 825/1070/4 827/1072/4
f 833/1082/5 834/1083/5 835/1084/5
f 834/1083/5 836/1085/5 835/1084/5
f 837/1086/6 825/1070/6 838/1087/6
f 825/1070/6 827/1072/6 838/1087/6
f 838/1087/1 827/1072/1 836/1085/1
f 827/1072/1 835/1084/1 836/1085/1
f 825/1080/2 837/1088/2 833/1089/2
f 837/1088/2 834/1090/2 833/1089/2
f 837/1086/3 838/1087/3 834/1083/3
f 838/1087/3 836/1085/3 834/1083/3
f 827/1072/4 825/1070/4 835/1084/4
f 825/1070/4 833/1082/4 835/1084/4
f 839/1091/5 840/1092/5 841/1093/5
f 840/1092/5 842/1094/5 841/1093/5
f 214/289/1 205/280/1 842/1094/1
f 205/280/1 841/1093/1 842/1094/1
f 843/1095/2 844/1096/2 839/1091/2
f 844/1096/2 840/1092/2 839/1091/2
f 844/1096/3 214/289/3 840/1092/3
f 214/289/3 842/1094/3 840/1092/3
f 205/280/4 843/1095/4 841/1093/4
f 843/1095/4 839/1091/4 841/1093/4
f 845/1097/7 846/1098/7 847/1099/7
f 846/1098/7 848/1100/7 847/1099/7
f 849/1101/8 850/1102/8 851/1103/8
f 850/1102/8 852/1104/8 851/1103/8
f 851/1103/1 852/1104/1 848/1100/1
f 852/1104/1 847/1099/1 848/1100/1
f 850/1105/2 849/1106/2 845/1107/2
f 849/1106/2 846/1108/2 845/1107/2
f 849/1101/9 851/1103/9 846/1098/9
f 851/1103/9 848/1100/9 846/1098/9
f 852/1104/10 850/1102/10 847/1099/10
f 850/1102/10 845/1097/10 847/1099/10
f 853/1109/15 854/1110/15 855/1111/15
f 854/1110/15 856/1112/15 855/1111/15
f 857/1113/16 858/1114/16 859/1115/16
f 858/1114/16 860/1116/16 859/1115/16
f 859/1115/1 860/1116/1 856/1112/1
f 860/1116/1 855/1111/1 856/1112/1
f 858/1117/2 857/1118/2 853/1119/2
f 857/1118/2 854/1120/2 853/1119/2
f 857/1113/17 859/1115/17 854/1110/17
f 859/1115/17 856/1112/17 854/1110/17
f 860/1116/18 858/1114/18 855/1111/18
f 858/1114/18 853/1109/18 855/1111/18
f 861/1121/15 862/1122/15 863/1123/15
f 862/1122/15 864/1124/15 863/1123/15
f 865/1125/16 866/1126/16 867/1127/16
f 866/1126/16 868/1128/16 867/1127/16
f 867/1127/1 868/1128/1 864/1124/1
f 868/1128/1 863/1123/1 864/1124/1
f 866/1129/2 865/1130/2 861/1131/2
f 865/1130/2 862/1132/2 861/1131/2
f 865/1125/17 867/1127/17 862/1122/17
f 867/1127/17 864/1124/17 862/1122/17
f 868/1128/18 866/1126/18 863/1123/18
f 866/1126/18 861/1121/18 863/1123/18
f 869/1133/7 870/1134/7 871/1135/7
f 870/1134/7 872/1136/7 871/1135/7
f 873/1137/8 874/1138/8 875/1139/8
f 874/1138/8 876/1140/8 875/1139/8
f 875/1139/1 876/1140/1 872/1136/1
f 876/1140/1 871/1135/1 872/1136/1
f 874/1141/2 873/1142/2 869/1143/2
f 873/1142/2 870/1144/2 869/1143/2
f 873/1137/9 875/1139/9 870/1134/9
f 875/1139/9 872/1136/9 870/1134/9
f 876/1140/10 874/1138/10 871/1135/10
f 874/1138/10 869/1133/10 871/1135/10
f 877/1145/15 878/1146/15 879/1147/15
f 878/1146/15 880/1148/15 879/1147/15
f 881/1149/16 882/1150/16 883/1151/16
f 882/1150/16 884/1152/16 883/1151/16
f 883/1151/1 884/1152/1 880/1148/1
f 884/1152/1 879/1147/1 880/1148/1
f 882/1153/2 881/1154/2 877/1155/2
f 881/1154/2 878/1156/2 877/1155/2
f 881/1149/17 883/1151/17 878/1146/17
f 883/1151/17 880/1148/17 878/1146/17
f 884/1152/18 882/1150/18 879/1147/18
f 882/1150/18 877/1145/18 879/1147/18
f 885/1157/7 886/1158/7 887/1159/7
f 886/1158/7 888/1160/7 887/1159/7
f 889/1161/8 890/1162/8 891/1163/8
f 890/1162/8 892/1164/8 891/1163/8
f 891/1163/1 892/1164/1 888/1160/1
f 892/1164/1 887/1159/1 888/1160/1
f 890/1165/2 889/1166/2 885/1167/2
f 889/1166/2 886/1168/2 885/1167/2
f 889/1161/9 891/1163/9 886/1158/9
f 891/1163/9 888/1160/9 886/1158/9
f 892/1164/10 890/1162/10 887/1159/10
f 890/1162/10 885/1157/10 887/1159/10
o leftArmModel
v 9.167754 -0.115833 2.904542
v 3.704757 -0.135660 2.779907
v 9.292388 -0.115396 -2.558508
v 3.829391 -0.135223 -2.683144
v 9.228167 11.884486 -2.558547
v 3.765170 11.864660 -2.683184
v 3.640536 11.864223 2.779868
v 9.103532 11.884050 2.904504
v 7.120445 9.788431 3.466336
v 7.547768 10.143538 3.476126
v 7.700097 10.144073 -3.200935
v 7.272777 9.788973 -3.210726
v 9.418840 8.385158 3.214941
v 3.348843 8.363128 3.076457
v 9.557323 8.385646 -2.855116
v 3.487326 8.363620 -2.993597
v 9.535915 12.385608 -2.855128
v 3.465919 12.363581 -2.993612
v 3.327435 12.363091 3.076444
v 9.397432 12.385119 3.214928
v 6.383841 8.374146 3.145699
v 6.522324 8.374632 -2.924358
v 9.424191 7.385170 3.214944
v 6.389193 7.374156 3.145703
v 9.562675 7.385658 -2.855112
v 6.527677 7.374641 -2.924354
v 3.864158 9.305429 3.088325
v 6.848821 8.299749 3.156298
v 4.002640 9.305919 -2.981733
v 6.987301 8.300238 -2.913758
v 6.389186 7.374197 3.145702
v 3.404523 8.379869 3.077731
v 6.527668 7.374681 -2.924354
v 3.543006 8.380361 -2.992327
v 8.868662 7.620920 0.889237
v 9.475661 7.623125 0.903085
v 8.939283 8.769228 -2.475567
v 9.546283 8.771431 -2.461719
v 9.498977 6.237371 0.206218
v 8.891977 6.235168 0.192368
v 9.569598 7.385684 -3.158588
v 8.962597 7.383482 -3.172437
v 8.818750 8.768795 2.807704
v 9.425750 8.770998 2.821553
v 8.901659 7.621027 -0.557097
v 9.508657 7.623230 -0.543248
v 9.417268 7.385138 3.518423
v 8.810268 7.382935 3.504574
v 9.500176 6.237366 0.153630
v 8.893177 6.235163 0.139782
v 8.888325 7.029663 0.166070
v 9.495325 7.031866 0.179918
v 8.923379 5.969117 -1.121579
v 9.530378 5.971320 -1.107730
v 9.471624 5.971115 1.467577
v 8.864625 5.968910 1.453727
v 9.506677 4.910566 0.179927
v 8.899677 4.908363 0.166078
v 9.497218 6.678310 0.179919
v 9.800716 6.679413 0.186843
v 9.520586 5.971285 -0.678513
v 9.824086 5.972387 -0.671589
v 9.784917 5.972250 1.045283
v 9.481417 5.971149 1.038358
v 9.808284 5.265215 0.186849
v 9.504785 5.264114 0.179925
v 9.506126 8.005934 -0.522076
v 9.809628 8.007036 -0.515152
v 9.539230 8.544203 -2.099327
v 9.842730 8.545303 -2.092404
v 9.825171 7.083200 -0.979732
v 9.521670 7.082100 -0.986656
v 9.858274 7.621473 -2.556982
v 9.554774 7.620371 -2.563906
v 9.435234 8.543818 2.459102
v 9.738733 8.544920 2.466025
v 9.474098 8.005800 0.881853
v 9.777597 8.006903 0.888777
v 9.733079 7.621006 2.930614
v 9.429581 7.619904 2.923690
v 9.771944 7.082994 1.353363
v 9.468443 7.081892 1.346439
v 9.463092 8.081913 1.346456
v 9.766590 8.083014 1.353381
v 9.516319 8.082099 -0.986630
v 9.819818 8.083200 -0.979706
v 9.771942 7.083025 1.353384
v 9.468443 7.081923 1.346460
v 9.825171 7.083210 -0.979701
v 9.521670 7.082109 -0.986625
v 9.483500 9.241556 0.179914
v 9.786999 9.242658 0.186837
v 9.518552 8.181008 -1.107740
v 9.822052 8.182109 -1.100816
v 9.763299 8.181903 1.474489
v 9.459798 8.180802 1.467565
v 9.798353 7.121349 0.186841
v 9.494852 7.120247 0.179917
v 9.413957 11.885177 2.607924
v 9.717457 11.886277 2.614848
v 9.524743 11.885563 -2.248121
v 9.828242 11.886663 -2.241196
v 9.718794 11.636279 2.614849
v 9.415296 11.635179 2.607925
v 9.829580 11.636666 -2.241195
v 9.526081 11.635565 -2.248119
v 9.417971 11.135183 2.607927
v 9.721470 11.136284 2.614852
v 9.528758 11.135571 -2.248117
v 9.832256 11.136671 -2.241193
v 9.722808 10.886287 2.614852
v 9.419310 10.885185 2.607928
v 9.833593 10.886673 -2.241192
v 9.530094 10.885572 -2.248116
v 3.934201 11.115278 3.393801
v 8.790199 11.132904 3.504589
v 4.086532 11.115821 -3.283261
v 8.942529 11.133444 -3.172474
v 8.791537 10.882906 3.504590
v 3.935539 10.865280 3.393802
v 8.943868 10.883446 -3.172473
v 4.087869 10.865824 -3.283261
v 7.965567 11.879918 2.645644
v 8.079580 10.358061 -2.351855
v 7.965567 10.357660 2.645644
v 4.903134 11.868789 -2.424324
v 4.903134 10.346531 -2.424324
v 8.787524 11.632898 3.504587
v 3.931526 11.615273 3.393800
v 8.939854 11.633439 -3.172476
v 4.083856 11.615816 -3.283263
v 8.938515 11.883437 -3.172477
v 4.082517 11.865808 -3.283264
v 3.930187 11.865273 3.393798
v 8.786184 11.882896 3.504585
v 7.580215 10.378505 3.476895
v 8.794213 10.382911 3.504592
v 7.732544 10.379045 -3.200168
v 8.946543 10.383452 -3.172470
v 8.807592 7.882936 3.504596
v 7.593593 7.878531 3.476900
v 8.959922 7.883472 -3.172465
v 7.745924 7.879066 -3.200162
v 6.366214 10.374099 3.449197
v 6.518544 10.374642 -3.227864
v 7.582890 9.878510 3.476896
v 6.368890 9.874104 3.449199
v 7.735221 9.879052 -3.200165
v 6.521220 9.874646 -3.227862
v 9.421985 10.385191 2.607931
v 9.725484 10.386292 2.614855
v 9.449680 10.385287 1.393919
v 9.753181 10.386388 1.400844
v 9.729498 9.636298 2.614858
v 9.425999 9.635198 2.607935
v 9.757195 9.636395 1.400847
v 9.453693 9.635295 1.393923
v 9.505075 10.385481 -1.034102
v 9.808574 10.386581 -1.027178
v 9.532770 10.385577 -2.248114
v 9.836270 10.386679 -2.241189
v 9.812589 9.636589 -1.027174
v 9.509088 9.635488 -1.034099
v 9.840285 9.636685 -2.241187
v 9.536784 9.635585 -2.248111
v 9.463529 10.385336 0.786915
v 9.767029 10.386436 0.793839
v 9.491224 10.385432 -0.427096
v 9.794725 10.386533 -0.420172
v 9.771043 9.636444 0.793843
v 9.467544 9.635343 0.786919
v 9.798740 9.636540 -0.420170
v 9.495239 9.635440 -0.427094
v 6.796169 10.229198 3.458990
v 8.089487 9.173219 3.488366
v 6.948502 10.229739 -3.218072
v 8.241817 9.173763 -3.188697
v 7.662166 8.818116 3.478577
v 6.368850 9.874093 3.449199
v 7.814497 8.818659 -3.198485
v 6.521180 9.874636 -3.227863
v 7.978873 9.791546 3.485920
v 8.131204 9.792088 -3.191142
v 7.551551 9.436440 3.476126
v 7.703882 9.436984 -3.200936
v 4.789122 11.868388 2.573175
v 8.079580 11.880319 -2.351855
v 4.789122 10.346130 2.573175
vt 0.565459 0.725168
vt 0.619961 0.725168
vt 0.565459 0.779669
vt 0.619961 0.779669
vt 0.702142 0.358188
vt 0.655493 0.358188
vt 0.702142 0.233792
vt 0.655493 0.233792
vt 0.702142 0.358188
vt 0.655493 0.358188
vt 0.702142 0.233792
vt 0.655493 0.233792
vt 0.696959 0.358188
vt 0.650310 0.358188
vt 0.696959 0.233792
vt 0.650310 0.233792
vt 0.696959 0.358188
vt 0.650310 0.358188
vt 0.696959 0.233792
vt 0.650310 0.233792
vt 0.026755 0.649169
vt 0.026755 0.626771
vt 0.056142 0.625937
vt 0.056142 0.648336
vt 0.083429 0.580671
vt 0.026244 0.581615
vt 0.093568 0.625324
vt 0.024328 0.623936
vt 0.024328 0.623936
vt 0.093568 0.625324
vt 0.026244 0.581615
vt 0.083429 0.580671
vt 0.024328 0.623936
vt 0.093568 0.625324
vt 0.026244 0.581615
vt 0.083429 0.580671
vt 0.024328 0.623936
vt 0.026244 0.581615
vt 0.083429 0.580671
vt 0.093568 0.625324
vt 0.026244 0.581615
vt 0.083429 0.580671
vt 0.024328 0.623936
vt 0.026244 0.581615
vt 0.083429 0.580671
vt 0.083429 0.580671
vt 0.026244 0.581615
vt 0.093568 0.625324
vt 0.024328 0.623936
vt 0.024328 0.623936
vt 0.093568 0.625324
vt 0.026244 0.581615
vt 0.083429 0.580671
vt 0.024328 0.623936
vt 0.093568 0.625324
vt 0.026244 0.581615
vt 0.024328 0.623936
vt 0.026244 0.581615
vt 0.093568 0.625324
vt 0.083429 0.580671
vt 0.024328 0.623936
vt 0.093568 0.625324
vt 0.026244 0.581615
vt 0.083429 0.580671
vt 0.083429 0.580671
vt 0.026244 0.581615
vt 0.093568 0.625324
vt 0.024328 0.623936
vt 0.024328 0.623936
vt 0.093568 0.625324
vt 0.026244 0.581615
vt 0.083429 0.580671
vt 0.024328 0.623936
vt 0.093568 0.625324
vt 0.026244 0.581615
vt 0.083429 0.580671
vt 0.024328 0.623936
vt 0.026244 0.581615
vt 0.093568 0.625324
vt 0.083429 0.580671
vt 0.024328 0.623936
vt 0.093568 0.625324
vt 0.026244 0.581615
vt 0.083429 0.580671
vt 0.083429 0.580671
vt 0.026244 0.581615
vt 0.093568 0.625324
vt 0.024328 0.623936
vt 0.024328 0.623936
vt 0.093568 0.625324
vt 0.026244 0.581615
vt 0.083429 0.580671
vt 0.024328 0.623936
vt 0.093568 0.625324
vt 0.026244 0.581615
vt 0.083429 0.580671
vt 0.024328 0.623936
vt 0.026244 0.581615
vt 0.093568 0.625324
vt 0.083429 0.580671
vt 0.024328 0.623936
vt 0.093568 0.625324
vt 0.026244 0.581615
vt 0.083429 0.580671
vt 0.083429 0.580671
vt 0.026244 0.581615
vt 0.093568 0.625324
vt 0.024328 0.623936
vt 0.024328 0.623936
vt 0.093568 0.625324
vt 0.026244 0.581615
vt 0.083429 0.580671
vt 0.024328 0.623936
vt 0.093568 0.625324
vt 0.026244 0.581615
vt 0.083429 0.580671
vt 0.024328 0.623936
vt 0.026244 0.581615
vt 0.093568 0.625324
vt 0.083429 0.580671
vt 0.024328 0.623936
vt 0.093568 0.625324
vt 0.026244 0.581615
vt 0.083429 0.580671
vt 0.083429 0.580671
vt 0.026244 0.581615
vt 0.093568 0.625324
vt 0.024328 0.623936
vt 0.024328 0.623936
vt 0.093568 0.625324
vt 0.026244 0.581615
vt 0.083429 0.580671
vt 0.024328 0.623936
vt 0.093568 0.625324
vt 0.026244 0.581615
vt 0.083429 0.580671
vt 0.024328 0.623936
vt 0.026244 0.581615
vt 0.093568 0.625324
vt 0.083429 0.580671
vt 0.056142 0.648336
vt 0.026755 0.649169
vt 0.056142 0.625937
vt 0.026755 0.626771
vt 0.026755 0.626771
vt 0.056142 0.625937
vt 0.026755 0.649169
vt 0.056142 0.648336
vt 0.056142 0.648336
vt 0.026755 0.649169
vt 0.056142 0.625937
vt 0.026755 0.626771
vt 0.056142 0.648336
vt 0.026755 0.649169
vt 0.056142 0.625937
vt 0.026755 0.626771
vt 0.056142 0.648336
vt 0.056142 0.625937
vt 0.026755 0.649169
vt 0.026755 0.626771
vt 0.056142 0.648336
vt 0.026755 0.649169
vt 0.056142 0.625937
vt 0.026755 0.626771
vt 0.026755 0.626771
vt 0.056142 0.625937
vt 0.026755 0.649169
vt 0.056142 0.648336
vt 0.056142 0.648336
vt 0.026755 0.649169
vt 0.056142 0.625937
vt 0.026755 0.626771
vt 0.056142 0.648336
vt 0.026755 0.649169
vt 0.056142 0.625937
vt 0.026755 0.626771
vt 0.056142 0.648336
vt 0.056142 0.625937
vt 0.026755 0.649169
vt 0.026755 0.626771
vt 0.056142 0.648336
vt 0.026755 0.649169
vt 0.056142 0.625937
vt 0.026755 0.626771
vt 0.026755 0.626771
vt 0.056142 0.625937
vt 0.026755 0.649169
vt 0.056142 0.648336
vt 0.056142 0.648336
vt 0.026755 0.649169
vt 0.056142 0.625937
vt 0.026755 0.626771
vt 0.056142 0.648336
vt 0.026755 0.649169
vt 0.056142 0.625937
vt 0.026755 0.626771
vt 0.056142 0.648336
vt 0.056142 0.625937
vt 0.026755 0.649169
vt 0.026755 0.626771
vt 0.056142 0.648336
vt 0.026755 0.649169
vt 0.056142 0.625937
vt 0.026755 0.626771
vt 0.026755 0.626771
vt 0.056142 0.625937
vt 0.026755 0.649169
vt 0.056142 0.648336
vt 0.056142 0.648336
vt 0.026755 0.649169
vt 0.056142 0.625937
vt 0.026755 0.626771
vt 0.056142 0.648336
vt 0.026755 0.649169
vt 0.056142 0.625937
vt 0.026755 0.626771
vt 0.056142 0.648336
vt 0.056142 0.625937
vt 0.026755 0.649169
vt 0.026755 0.626771
vt 0.056142 0.648336
vt 0.026755 0.649169
vt 0.056142 0.625937
vt 0.026755 0.626771
vt 0.026755 0.626771
vt 0.056142 0.625937
vt 0.026755 0.649169
vt 0.056142 0.648336
vt 0.056142 0.648336
vt 0.026755 0.649169
vt 0.056142 0.625937
vt 0.026755 0.626771
vt 0.056142 0.648336
vt 0.026755 0.649169
vt 0.056142 0.625937
vt 0.026755 0.626771
vt 0.056142 0.648336
vt 0.056142 0.625937
vt 0.026755 0.649169
vt 0.026755 0.626771
vt 0.068056 0.579699
vt 0.027063 0.580254
vt 0.061945 0.562352
vt 0.029841 0.562352
vt 0.029841 0.562352
vt 0.061945 0.562352
vt 0.027063 0.580254
vt 0.068056 0.579699
vt 0.068056 0.579699
vt 0.027063 0.580254
vt 0.061945 0.562352
vt 0.029841 0.562352
vt 0.068056 0.579699
vt 0.027063 0.580254
vt 0.061945 0.562352
vt 0.029841 0.562352
vt 0.068056 0.579699
vt 0.061945 0.562352
vt 0.027063 0.580254
vt 0.029841 0.562352
vt 0.068056 0.579699
vt 0.027063 0.580254
vt 0.061945 0.562352
vt 0.029841 0.562352
vt 0.029841 0.562352
vt 0.061945 0.562352
vt 0.027063 0.580254
vt 0.068056 0.579699
vt 0.068056 0.579699
vt 0.027063 0.580254
vt 0.061945 0.562352
vt 0.029841 0.562352
vt 0.068056 0.579699
vt 0.027063 0.580254
vt 0.061945 0.562352
vt 0.029841 0.562352
vt 0.068056 0.579699
vt 0.061945 0.562352
vt 0.027063 0.580254
vt 0.029841 0.562352
vt 0.068056 0.579699
vt 0.027063 0.580254
vt 0.061945 0.562352
vt 0.029841 0.562352
vt 0.029841 0.562352
vt 0.061945 0.562352
vt 0.027063 0.580254
vt 0.068056 0.579699
vt 0.068056 0.579699
vt 0.027063 0.580254
vt 0.061945 0.562352
vt 0.029841 0.562352
vt 0.068056 0.579699
vt 0.027063 0.580254
vt 0.061945 0.562352
vt 0.029841 0.562352
vt 0.068056 0.579699
vt 0.061945 0.562352
vt 0.027063 0.580254
vt 0.029841 0.562352
vt 0.033384 0.577976
vt 0.035044 0.564604
vt 0.033384 0.577976
vt 0.056044 0.564604
vt 0.056044 0.564604
vt 0.029841 0.562352
vt 0.061945 0.562352
vt 0.027063 0.580254
vt 0.068056 0.579699
vt 0.068056 0.579699
vt 0.027063 0.580254
vt 0.061945 0.562352
vt 0.029841 0.562352
vt 0.068056 0.579699
vt 0.027063 0.580254
vt 0.061945 0.562352
vt 0.029841 0.562352
vt 0.068056 0.579699
vt 0.061945 0.562352
vt 0.029841 0.562352
vt 0.027063 0.580254
vt 0.061945 0.562352
vt 0.029841 0.562352
vt 0.056142 0.648336
vt 0.026755 0.649169
vt 0.056142 0.625937
vt 0.026755 0.626771
vt 0.026755 0.626771
vt 0.056142 0.625937
vt 0.026755 0.649169
vt 0.056142 0.648336
vt 0.056142 0.648336
vt 0.026755 0.649169
vt 0.056142 0.625937
vt 0.026755 0.626771
vt 0.056142 0.648336
vt 0.026755 0.649169
vt 0.056142 0.625937
vt 0.026755 0.626771
vt 0.056142 0.648336
vt 0.056142 0.625937
vt 0.026755 0.649169
vt 0.026755 0.626771
vt 0.056142 0.648336
vt 0.026755 0.649169
vt 0.056142 0.625937
vt 0.026755 0.626771
vt 0.056142 0.625937
vt 0.026755 0.649169
vt 0.056142 0.648336
vt 0.056142 0.648336
vt 0.026755 0.649169
vt 0.026755 0.626771
vt 0.056142 0.648336
vt 0.026755 0.649169
vt 0.056142 0.625937
vt 0.056142 0.648336
vt 0.026755 0.649169
vt 0.026755 0.626771
vt 0.056142 0.648336
vt 0.026755 0.649169
vt 0.056142 0.625937
vt 0.026755 0.626771
vt 0.026755 0.626771
vt 0.056142 0.625937
vt 0.026755 0.649169
vt 0.056142 0.648336
vt 0.056142 0.648336
vt 0.026755 0.649169
vt 0.056142 0.625937
vt 0.026755 0.626771
vt 0.056142 0.648336
vt 0.026755 0.649169
vt 0.056142 0.625937
vt 0.026755 0.626771
vt 0.056142 0.648336
vt 0.056142 0.625937
vt 0.026755 0.649169
vt 0.026755 0.626771
vt 0.056142 0.648336
vt 0.026755 0.649169
vt 0.056142 0.625937
vt 0.026755 0.626771
vt 0.026755 0.626771
vt 0.056142 0.625937
vt 0.026755 0.649169
vt 0.056142 0.648336
vt 0.056142 0.648336
vt 0.026755 0.649169
vt 0.056142 0.625937
vt 0.026755 0.626771
vt 0.056142 0.648336
vt 0.026755 0.649169
vt 0.056142 0.625937
vt 0.026755 0.626771
vt 0.056142 0.648336
vt 0.056142 0.625937
vt 0.026755 0.649169
vt 0.026755 0.626771
vt 0.056142 0.648336
vt 0.026755 0.649169
vt 0.056142 0.625937
vt 0.026755 0.626771
vt 0.026755 0.626771
vt 0.056142 0.625937
vt 0.026755 0.649169
vt 0.056142 0.648336
vt 0.056142 0.648336
vt 0.026755 0.649169
vt 0.056142 0.625937
vt 0.026755 0.626771
vt 0.056142 0.648336
vt 0.026755 0.649169
vt 0.056142 0.625937
vt 0.026755 0.626771
vt 0.056142 0.648336
vt 0.056142 0.625937
vt 0.026755 0.649169
vt 0.026755 0.626771
vt 0.056142 0.648336
vt 0.026755 0.649169
vt 0.056142 0.625937
vt 0.026755 0.626771
vt 0.026755 0.626771
vt 0.056142 0.625937
vt 0.026755 0.649169
vt 0.056142 0.648336
vt 0.056142 0.648336
vt 0.026755 0.649169
vt 0.056142 0.625937
vt 0.026755 0.626771
vt 0.056142 0.648336
vt 0.026755 0.649169
vt 0.056142 0.625937
vt 0.026755 0.626771
vt 0.056142 0.648336
vt 0.056142 0.625937
vt 0.026755 0.649169
vt 0.026755 0.626771
vt 0.056142 0.648336
vt 0.026755 0.649169
vt 0.026755 0.626771
vt 0.026755 0.626771
vt 0.056142 0.625937
vt 0.026755 0.649169
vt 0.056142 0.648336
vt 0.026755 0.649169
vt 0.056142 0.625937
vt 0.026755 0.626771
vt 0.056142 0.648336
vt 0.026755 0.649169
vt 0.056142 0.625937
vt 0.026755 0.626771
vt 0.056142 0.648336
vt 0.056142 0.625937
vt 0.068056 0.579699
vt 0.060198 0.577613
vt 0.035044 0.564604
vt 0.060198 0.577613
vt 0.027063 0.580254
vn 0.0036 -1.0000 0.0000
vn 0.0228 0.0001 -0.9997
vn -0.0228 -0.0001 0.9997
vn 0.9997 0.0054 0.0228
vn -0.9997 -0.0054 -0.0228
vn -0.6389 0.7692 -0.0145
vn -0.0036 1.0000 -0.0000
vn 0.3192 0.9477 0.0074
vn -0.3191 -0.9477 -0.0074
vn -0.3192 -0.9477 -0.0074
vn 0.8954 -0.4449 0.0204
vn -0.8954 0.4449 -0.0204
vn -0.0108 0.9464 0.3228
vn 0.0108 -0.9464 -0.3228
vn 0.0187 0.4494 -0.8931
vn -0.0187 -0.4494 0.8931
vn 0.9997 0.0053 0.0228
vn -0.9997 -0.0053 -0.0228
vn 0.0039 0.9465 -0.3228
vn -0.0039 -0.9465 0.3228
vn 0.0220 -0.4492 -0.8931
vn -0.0220 0.4492 0.8931
vn 0.0117 0.7720 -0.6355
vn -0.0117 -0.7720 0.6355
vn 0.0173 -0.7719 -0.6355
vn -0.0173 0.7719 0.6355
vn -0.9997 0.0000 -0.0228
vn -0.0228 -0.0000 0.9997
vn 0.6322 0.7747 0.0145
vn -0.6322 -0.7747 -0.0145
vn 0.6389 -0.7692 0.0145
vn 0.0228 0.0000 -0.9997
vn 0.9997 -0.0000 0.0228
usemtl Mat_1
s 1
f 893/1169/23 894/1170/23 895/1171/23
f 894/1170/23 896/1172/23 895/1171/23
f 895/1173/24 896/1174/24 897/1175/24
f 896/1174/24 898/1176/24 897/1175/24
f 894/1177/25 893/1178/25 899/1179/25
f 893/1178/25 900/1180/25 899/1179/25
f 893/1181/26 895/1182/26 900/1183/26
f 895/1182/26 897/1184/26 900/1183/26
f 896/1185/27 894/1186/27 898/1187/27
f 894/1186/27 899/1188/27 898/1187/27
f 901/1189/28 902/1190/28 903/1191/28
f 904/1192/28 901/1189/28 903/1191/28
f 905/1193/23 906/1194/23 907/1195/23
f 906/1194/23 908/1196/23 907/1195/23
f 907/1197/24 908/1198/24 909/1199/24
f 908/1198/24 910/1200/24 909/1199/24
f 906/1201/25 905/1202/25 911/1203/25
f 905/1202/25 912/1204/25 911/1203/25
f 905/1205/26 907/1195/26 912/1206/26
f 907/1195/26 909/1207/26 912/1206/26
f 908/1196/27 906/1208/27 910/1209/27
f 906/1208/27 911/1210/27 910/1209/27
f 913/1211/29 905/1202/29 914/1212/29
f 905/1202/29 907/1213/29 914/1212/29
f 915/1214/23 916/1215/23 917/1216/23
f 916/1215/23 918/1217/23 917/1216/23
f 917/1218/24 918/1219/24 907/1220/24
f 918/1219/24 914/1221/24 907/1220/24
f 916/1222/25 915/1223/25 913/1224/25
f 915/1223/25 905/1193/25 913/1224/25
f 915/1225/26 917/1216/26 905/1226/26
f 917/1216/26 907/1213/26 905/1226/26
f 918/1217/27 916/1227/27 914/1212/27
f 916/1227/27 913/1228/27 914/1212/27
f 919/1229/30 920/1230/30 921/1231/30
f 920/1230/30 922/1232/30 921/1231/30
f 923/1233/31 924/1234/31 925/1235/32
f 924/1234/31 926/1236/32 925/1235/32
f 925/1237/24 926/1238/24 922/1239/24
f 926/1238/24 921/1240/24 922/1239/24
f 924/1241/25 923/1242/25 919/1243/25
f 923/1242/25 920/1244/25 919/1243/25
f 923/1245/33 925/1235/33 920/1246/33
f 925/1235/33 922/1232/33 920/1246/33
f 926/1236/34 924/1247/34 921/1231/34
f 924/1247/34 919/1248/34 921/1231/34
f 927/1249/35 928/1250/35 929/1251/35
f 928/1250/35 930/1252/35 929/1251/35
f 931/1253/36 932/1254/36 933/1255/36
f 932/1254/36 934/1256/36 933/1255/36
f 933/1257/37 934/1258/37 930/1259/37
f 934/1258/37 929/1260/37 930/1259/37
f 932/1261/38 931/1262/38 927/1263/38
f 931/1262/38 928/1264/38 927/1263/38
f 931/1265/39 933/1255/26 928/1266/39
f 933/1255/26 930/1252/26 928/1266/39
f 934/1256/40 932/1267/27 929/1251/40
f 932/1267/27 927/1268/27 929/1251/40
f 935/1269/41 936/1270/41 937/1271/41
f 936/1270/41 938/1272/41 937/1271/41
f 939/1273/42 940/1274/42 941/1275/42
f 940/1274/42 942/1276/42 941/1275/42
f 941/1277/43 942/1278/43 938/1279/43
f 942/1278/43 937/1280/43 938/1279/43
f 940/1281/44 939/1282/44 935/1283/44
f 939/1282/44 936/1284/44 935/1283/44
f 939/1285/26 941/1275/26 936/1286/26
f 941/1275/26 938/1272/26 936/1286/26
f 942/1276/27 940/1287/27 937/1271/27
f 940/1287/27 935/1288/27 937/1271/27
f 943/1289/45 944/1290/45 945/1291/45
f 944/1290/45 946/1292/45 945/1291/45
f 947/1293/46 948/1294/46 949/1295/46
f 948/1294/46 950/1296/46 949/1295/46
f 949/1297/47 950/1298/47 946/1299/47
f 950/1298/47 945/1300/47 946/1299/47
f 948/1301/48 947/1302/48 943/1303/48
f 947/1302/48 944/1304/48 943/1303/48
f 947/1305/26 949/1295/26 944/1306/26
f 949/1295/26 946/1292/26 944/1306/26
f 950/1296/40 948/1307/40 945/1291/40
f 948/1307/40 943/1308/27 945/1291/40
f 951/1309/45 952/1310/45 953/1311/45
f 952/1310/45 954/1312/45 953/1311/45
f 955/1313/46 956/1314/46 957/1315/46
f 956/1314/46 958/1316/46 957/1315/46
f 957/1317/47 958/1318/47 954/1319/47
f 958/1318/47 953/1320/47 954/1319/47
f 956/1321/48 955/1322/48 951/1323/48
f 955/1322/48 952/1324/48 951/1323/48
f 955/1325/26 957/1315/26 952/1326/26
f 957/1315/26 954/1312/26 952/1326/26
f 958/1316/40 956/1327/27 953/1311/27
f 956/1327/27 951/1328/27 953/1311/27
f 959/1329/35 960/1330/35 961/1331/35
f 960/1330/35 962/1332/35 961/1331/35
f 963/1333/36 964/1334/36 965/1335/36
f 964/1334/36 966/1336/36 965/1335/36
f 965/1337/37 966/1338/37 962/1339/37
f 966/1338/37 961/1340/37 962/1339/37
f 964/1341/38 963/1342/38 959/1343/38
f 963/1342/38 960/1344/38 959/1343/38
f 963/1345/26 965/1335/26 960/1346/26
f 965/1335/26 962/1332/26 960/1346/26
f 966/1336/27 964/1347/27 961/1331/27
f 964/1347/27 959/1348/27 961/1331/27
f 967/1349/41 968/1350/41 969/1351/41
f 968/1350/41 970/1352/41 969/1351/41
f 971/1353/42 972/1354/42 973/1355/42
f 972/1354/42 974/1356/42 973/1355/42
f 973/1357/43 974/1358/43 970/1359/43
f 974/1358/43 969/1360/43 970/1359/43
f 972/1361/44 971/1362/44 967/1363/44
f 971/1362/44 968/1364/44 967/1363/44
f 971/1365/26 973/1355/26 968/1366/26
f 973/1355/26 970/1352/26 968/1366/26
f 974/1356/27 972/1367/27 969/1351/27
f 972/1367/27 967/1368/27 969/1351/27
f 975/1369/29 976/1370/29 977/1371/29
f 976/1370/29 978/1372/29 977/1371/29
f 979/1373/23 980/1374/23 981/1375/23
f 980/1374/23 982/1376/23 981/1375/23
f 981/1377/24 982/1378/24 978/1379/24
f 982/1378/24 977/1380/24 978/1379/24
f 980/1381/25 979/1382/25 975/1383/25
f 979/1382/25 976/1384/25 975/1383/25
f 979/1385/26 981/1375/26 976/1386/26
f 981/1375/26 978/1372/26 976/1386/26
f 982/1376/40 980/1387/40 977/1371/40
f 980/1387/40 975/1388/40 977/1371/40
f 983/1389/45 984/1390/45 985/1391/45
f 984/1390/45 986/1392/45 985/1391/45
f 987/1393/46 988/1394/46 989/1395/46
f 988/1394/46 990/1396/46 989/1395/46
f 989/1397/47 990/1398/47 986/1399/47
f 990/1398/47 985/1400/47 986/1399/47
f 988/1401/48 987/1402/48 983/1403/48
f 987/1402/48 984/1404/48 983/1403/48
f 987/1405/26 989/1395/26 984/1406/26
f 989/1395/26 986/1392/26 984/1406/26
f 990/1396/27 988/1407/27 985/1391/27
f 988/1407/27 983/1408/40 985/1391/27
f 991/1409/29 992/1410/29 993/1411/29
f 992/1410/29 994/1412/29 993/1411/29
f 995/1413/23 996/1414/23 997/1415/23
f 996/1414/23 998/1416/23 997/1415/23
f 997/1417/24 998/1418/24 994/1419/24
f 998/1418/24 993/1420/24 994/1419/24
f 996/1421/25 995/1422/25 991/1423/25
f 995/1422/25 992/1424/25 991/1423/25
f 995/1425/26 997/1415/39 992/1426/26
f 997/1415/39 994/1412/39 992/1426/26
f 998/1416/40 996/1427/27 993/1411/40
f 996/1427/27 991/1428/27 993/1411/40
f 999/1429/29 1000/1430/29 1001/1431/29
f 1000/1430/29 1002/1432/29 1001/1431/29
f 1003/1433/23 1004/1434/23 1005/1435/23
f 1004/1434/23 1006/1436/23 1005/1435/23
f 1005/1437/24 1006/1438/24 1002/1439/24
f 1006/1438/24 1001/1440/24 1002/1439/24
f 1004/1441/25 1003/1442/25 999/1443/25
f 1003/1442/25 1000/1444/25 999/1443/25
f 1003/1445/39 1005/1435/39 1000/1446/39
f 1005/1435/39 1002/1432/39 1000/1446/39
f 1006/1436/40 1004/1447/27 1001/1431/40
f 1004/1447/27 999/1448/27 1001/1431/40
f 1007/1449/29 1008/1450/29 1009/1451/29
f 1008/1450/29 1010/1452/29 1009/1451/29
f 1011/1453/23 1012/1454/23 1013/1455/23
f 1012/1454/23 1014/1456/23 1013/1455/23
f 1013/1457/24 1014/1458/24 1010/1459/24
f 1014/1458/24 1009/1460/24 1010/1459/24
f 1012/1461/25 1011/1462/25 1007/1463/25
f 1011/1462/25 1008/1464/25 1007/1463/25
f 1011/1465/26 1013/1455/26 1008/1466/26
f 1013/1455/26 1010/1452/26 1008/1466/26
f 1014/1456/40 1012/1467/27 1009/1451/40
f 1012/1467/27 1007/1468/27 1009/1451/40
f 1015/1469/49 1016/1470/49 1017/1471/49
f 1016/1470/50 1018/1472/50 1019/1473/50
f 1020/1474/23 1021/1475/23 1022/1476/23
f 1021/1475/23 1023/1477/23 1022/1476/23
f 1022/1478/24 1023/1479/24 1024/1480/24
f 1023/1479/24 1025/1481/24 1024/1480/24
f 1021/1482/25 1020/1483/25 1026/1484/25
f 1020/1483/25 1027/1485/25 1026/1484/25
f 1020/1486/26 1022/1476/26 1027/1487/26
f 1022/1476/26 1024/1488/26 1027/1487/26
f 1023/1477/27 1021/1489/27 1025/1490/27
f 1021/1489/27 1026/1491/27 1025/1490/27
f 1028/1492/29 1029/1493/29 1030/1494/29
f 1029/1493/29 1031/1495/29 1030/1494/29
f 1032/1496/23 1033/1497/23 1034/1498/23
f 1033/1497/23 1035/1499/23 1034/1498/23
f 1034/1500/24 1035/1501/24 1031/1502/24
f 1035/1501/24 1030/1503/24 1031/1502/24
f 1033/1504/25 1032/1505/25 1028/1506/25
f 1032/1505/25 1029/1507/25 1028/1506/25
f 1032/1508/26 1034/1498/39 1029/1509/26
f 1034/1498/39 1031/1495/39 1029/1509/26
f 1035/1499/27 1033/1510/27 1030/1494/27
f 1033/1510/27 1028/1511/40 1030/1494/27
f 1036/1512/29 1028/1513/29 1037/1514/29
f 1028/1513/29 1030/1503/29 1037/1514/29
f 1038/1515/23 1039/1516/23 1040/1517/23
f 1039/1516/23 1041/1518/23 1040/1517/23
f 1040/1519/24 1041/1520/24 1030/1494/24
f 1041/1520/24 1037/1521/24 1030/1494/24
f 1039/1522/25 1038/1523/25 1036/1524/25
f 1038/1523/25 1028/1511/25 1036/1524/25
f 1038/1525/26 1040/1517/26 1028/1506/26
f 1040/1517/26 1030/1503/26 1028/1506/26
f 1041/1518/27 1039/1526/40 1037/1514/27
f 1039/1526/40 1036/1527/40 1037/1514/27
f 1042/1528/29 1043/1529/29 1044/1530/29
f 1043/1529/29 1045/1531/29 1044/1530/29
f 1046/1532/23 1047/1533/23 1048/1534/23
f 1047/1533/23 1049/1535/23 1048/1534/23
f 1048/1536/24 1049/1537/24 1045/1538/24
f 1049/1537/24 1044/1539/24 1045/1538/24
f 1047/1540/25 1046/1541/25 1042/1542/25
f 1046/1541/25 1043/1543/25 1042/1542/25
f 1046/1544/26 1048/1534/26 1043/1545/26
f 1048/1534/26 1045/1531/26 1043/1545/26
f 1049/1535/40 1047/1546/27 1044/1530/40
f 1047/1546/27 1042/1547/27 1044/1530/40
f 1050/1548/29 1051/1549/29 1052/1550/29
f 1051/1549/29 1053/1551/29 1052/1550/29
f 1054/1552/23 1055/1553/23 1056/1554/23
f 1055/1553/23 1057/1555/23 1056/1554/23
f 1056/1556/24 1057/1557/24 1053/1558/24
f 1057/1557/24 1052/1559/24 1053/1558/24
f 1055/1560/25 1054/1561/25 1050/1562/25
f 1054/1561/25 1051/1563/25 1050/1562/25
f 1054/1564/26 1056/1554/26 1051/1565/26
f 1056/1554/26 1053/1551/26 1051/1565/26
f 1057/1555/40 1055/1566/40 1052/1550/40
f 1055/1566/40 1050/1567/40 1052/1550/40
f 1058/1568/29 1059/1569/29 1060/1570/29
f 1059/1569/29 1061/1571/29 1060/1570/29
f 1062/1572/23 1063/1573/23 1064/1574/23
f 1063/1573/23 1065/1575/23 1064/1574/23
f 1064/1576/24 1065/1577/24 1061/1578/24
f 1065/1577/24 1060/1579/24 1061/1578/24
f 1063/1580/25 1062/1581/25 1058/1582/25
f 1062/1581/25 1059/1583/25 1058/1582/25
f 1062/1584/39 1064/1574/26 1059/1585/39
f 1064/1574/26 1061/1571/26 1059/1585/39
f 1065/1575/27 1063/1586/27 1060/1570/27
f 1063/1586/27 1058/1587/27 1060/1570/27
f 1066/1588/51 1067/1589/51 1068/1590/51
f 1067/1589/51 1069/1591/51 1068/1590/51
f 1070/1592/52 1071/1593/52 1072/1594/52
f 1071/1593/52 1073/1595/52 1072/1594/52
f 1072/1596/24 1073/1597/24 1069/1598/24
f 1073/1597/24 1068/1599/24 1069/1598/24
f 1071/1600/25 1070/1601/25 1066/1602/25
f 1070/1601/25 1067/1603/25 1066/1602/25
f 1070/1604/53 1072/1594/53 1067/1605/53
f 1072/1594/53 1069/1591/53 1067/1605/53
f 1073/1595/28 1071/1606/28 1068/1590/28
f 1071/1606/28 1066/1607/28 1068/1590/28
f 902/1608/51 1074/1609/51 903/1191/51
f 1074/1609/51 1075/1610/51 903/1191/51
f 1076/1611/52 901/1612/52 1077/1613/52
f 901/1612/52 904/1192/52 1077/1613/52
f 1077/1614/24 904/1615/24 1075/1616/24
f 904/1615/24 903/1617/24 1075/1616/24
f 901/1618/25 1076/1619/25 902/1620/25
f 1076/1619/25 1074/1621/25 902/1620/25
f 1076/1622/53 1077/1613/53 1074/1623/53
f 1077/1613/53 1075/1610/53 1074/1623/53
f 1026/1624/29 1015/1469/29 1078/1625/29
f 1018/1472/29 1026/1624/29 1078/1625/29
f 1024/1488/29 1018/1472/29 1079/1626/29
f 1015/1469/29 1024/1488/29 1079/1626/29
f 1078/1625/54 1017/1471/54 1080/1627/54
f 1019/1473/55 1078/1625/55 1080/1627/55
f 1015/1469/49 1079/1626/49 1016/1470/49
f 1016/1470/50 1079/1626/50 1018/1472/50
f 1026/1624/29 1027/1628/29 1015/1469/29
f 1018/1472/29 1025/1490/29 1026/1624/29
f 1024/1488/29 1025/1490/29 1018/1472/29
f 1015/1469/29 1027/1628/29 1024/1488/29
f 1078/1625/54 1015/1469/54 1017/1471/54
f 1019/1473/55 1018/1472/55 1078/1625/55
o rightArmModel
v -3.382082 -0.085428 2.138885
v -8.330828 -0.104830 2.317229
v -3.560425 -0.086113 -2.809906
v -8.509171 -0.105515 -2.631561
v -3.617396 11.913774 -2.809856
v -8.566141 11.894371 -2.631510
v -8.387799 11.895058 2.317279
v -3.439052 11.914460 2.138935
v -6.951209 9.458714 2.816495
v -7.341694 9.810739 2.830510
v -7.559669 9.809904 -3.218011
v -7.169184 9.457880 -3.232030
v -3.137599 8.415608 2.403944
v -8.636203 8.394051 2.602105
v -3.335759 8.414849 -3.094711
v -8.834364 8.393289 -2.896551
v -3.354747 12.414812 -3.094695
v -8.853354 12.393250 -2.896533
v -8.655193 12.394013 2.602123
v -3.156588 12.415570 2.403961
v -5.886901 8.404830 2.503024
v -6.085059 8.404071 -2.995633
v -5.882152 7.404837 2.503021
v -8.631455 7.394058 2.602101
v -6.080312 7.404078 -2.995635
v -8.829617 7.393301 -2.896556
v -6.307424 8.327080 2.518191
v -3.613481 9.354151 2.420936
v -6.505584 8.326321 -2.980463
v -3.811641 9.353392 -3.077721
v -3.188252 8.431928 2.405766
v -5.882195 7.404856 2.503022
v -3.386412 8.431170 -3.092889
v -6.080356 7.404099 -2.995634
v -8.708056 7.631536 0.507868
v -8.158195 7.633694 0.488053
v -8.823352 8.779154 -2.540184
v -8.273492 8.781308 -2.560001
v -8.174366 6.247799 -0.143226
v -8.724228 6.245642 -0.123410
v -8.289661 7.395416 -3.191280
v -8.839523 7.393260 -3.171464
v -8.650879 8.779807 2.245750
v -8.101018 8.781962 2.225932
v -8.755271 7.631344 -0.802315
v -8.205413 7.633501 -0.822132
v -8.071688 7.396244 2.857196
v -8.621548 7.394083 2.877011
v -8.176084 6.247782 -0.190863
v -8.725944 6.245626 -0.171047
v -8.728856 7.040131 -0.147228
v -8.178997 7.042288 -0.167045
v -8.765856 5.979319 -1.313672
v -8.215998 5.981476 -1.333488
v -8.131925 5.981800 0.999393
v -8.681786 5.979643 1.019210
v -8.168927 4.920986 -0.167050
v -8.718785 4.918831 -0.147235
v -9.002108 6.685499 -0.137322
v -8.727178 6.686575 -0.147229
v -9.026775 5.978296 -0.914951
v -8.751844 5.979374 -0.924859
v -8.695798 5.979589 0.630396
v -8.970728 5.978514 0.640303
v -8.720465 5.272377 -0.147234
v -8.995395 5.271299 -0.137325
v -9.031329 8.012978 -0.773225
v -8.756398 8.014053 -0.783133
v -9.085372 8.550923 -2.202001
v -8.810442 8.552002 -2.211908
v -8.767179 7.090124 -1.203986
v -9.042109 7.089048 -1.194078
v -8.821222 7.628071 -2.632760
v -9.096152 7.626997 -2.622852
v -8.936562 8.551476 1.927326
v -8.661631 8.552555 1.917418
v -8.985497 8.013132 0.498547
v -8.710567 8.014210 0.488638
v -8.642077 7.628726 2.338266
v -8.917008 7.627655 2.348174
v -8.691013 7.090397 0.909483
v -8.965943 7.089321 0.919392
v -8.970691 8.089341 0.919414
v -8.695761 8.090418 0.909506
v -9.046855 8.089047 -1.194048
v -8.771924 8.090124 -1.203957
v -8.691013 7.090427 0.909502
v -8.965943 7.089352 0.919411
v -8.767177 7.090134 -1.203960
v -9.042107 7.089058 -1.194051
v -9.014277 9.248744 -0.137307
v -8.739347 9.249823 -0.147216
v -9.051279 8.187930 -1.303757
v -8.776349 8.189009 -1.313665
v -8.692277 8.189332 1.019214
v -8.967208 8.188253 1.029123
v -8.729277 7.128511 -0.147228
v -9.004207 7.127436 -0.137320
v -8.947566 11.892863 2.062165
v -8.672636 11.893942 2.052255
v -9.106093 11.892254 -2.336761
v -8.831163 11.893332 -2.346670
v -8.671448 11.643944 2.052255
v -8.946379 11.642865 2.062164
v -8.829975 11.643334 -2.346671
v -9.104905 11.642256 -2.336762
v -8.944006 11.142871 2.062162
v -8.669075 11.143949 2.052253
v -9.102532 11.142261 -2.336763
v -8.827602 11.143339 -2.346672
v -8.667889 10.893950 2.052253
v -8.942818 10.892873 2.062161
v -8.826415 10.893341 -2.346673
v -9.101345 10.892262 -2.336765
v -8.089490 11.146218 2.857235
v -3.690606 11.163465 2.698705
v -8.307467 11.145383 -3.191287
v -3.908581 11.162630 -3.349816
v -3.689420 10.913466 2.698705
v -8.088305 10.896220 2.857234
v -3.907395 10.912633 -3.349817
v -8.306279 10.895385 -3.191288
v -4.439624 11.305225 2.005107
v -4.605738 11.909900 -2.604349
v -4.605738 11.304588 -2.604349
v -7.565569 11.898293 -2.497682
v -7.565569 11.292982 -2.497682
v -3.692979 11.663460 2.698708
v -8.091865 11.646214 2.857238
v -3.910955 11.662621 -3.349813
v -8.309839 11.645378 -3.191285
v -3.912141 11.912621 -3.349813
v -8.311027 11.895376 -3.191284
v -8.093051 11.896212 2.857238
v -3.694166 11.913458 2.698709
v -8.085930 10.396225 2.857233
v -6.986207 10.400537 2.817601
v -8.303906 10.395391 -3.191289
v -7.204183 10.399701 -3.230921
v -6.974339 7.900558 2.817587
v -8.074060 7.896245 2.857220
v -7.192314 7.899724 -3.230935
v -8.292037 7.895412 -3.191302
v -5.886487 10.404849 2.777969
v -6.104462 10.404016 -3.270554
v -5.884113 9.904854 2.777967
v -6.983834 9.900541 2.817598
v -6.102088 9.904016 -3.270555
v -7.201810 9.899706 -3.230922
v -8.940443 10.392878 2.062159
v -8.665513 10.393956 2.052251
v -8.980075 10.392725 0.962427
v -8.705146 10.393804 0.952520
v -8.661953 9.643963 2.052249
v -8.936883 9.642884 2.062157
v -8.701585 9.643810 0.952518
v -8.976515 9.642732 0.962426
v -9.059339 10.392420 -1.237036
v -8.784409 10.393498 -1.246943
v -9.098969 10.392267 -2.336767
v -8.824040 10.393346 -2.346674
v -8.780848 9.643506 -1.246946
v -9.055779 9.642427 -1.237038
v -8.820479 9.643353 -2.346676
v -9.095409 9.642275 -2.336768
v -8.999890 10.392650 0.412562
v -8.724961 10.393727 0.402654
v -9.039522 10.392497 -0.687170
v -8.764592 10.393575 -0.697077
v -8.721400 9.643735 0.402652
v -8.996330 9.642656 0.412560
v -8.761030 9.643582 -0.697079
v -9.035962 9.642504 -0.687172
v -7.435961 9.191644 2.834007
v -6.274566 10.256866 2.791979
v -7.653936 9.190804 -3.214516
v -6.492542 10.256030 -3.256543
v -5.884081 9.904843 2.777966
v -7.045476 8.839621 2.819995
v -6.102057 9.904010 -3.270556
v -7.263452 8.838785 -3.228528
v -6.954567 10.165808 2.816500
v -7.172543 10.164968 -3.232023
v -6.564068 9.813787 2.802486
v -6.782045 9.812952 -3.246035
v -4.439624 11.910537 2.005107
v -7.399454 11.898933 2.111774
v -7.399454 11.293622 2.111774
vt 0.909733 0.776307
vt 0.907477 0.709454
vt 0.963029 0.775592
vt 0.971994 0.706513
vt 0.662349 0.364505
vt 0.711617 0.364505
vt 0.662349 0.233125
vt 0.711617 0.233125
vt 0.662349 0.364505
vt 0.711617 0.364505
vt 0.662349 0.233125
vt 0.711617 0.233125
vt 0.656875 0.364505
vt 0.706143 0.364505
vt 0.656875 0.233125
vt 0.706143 0.233125
vt 0.656875 0.364505
vt 0.706143 0.364505
vt 0.656875 0.233125
vt 0.706143 0.233125
vt 0.023024 0.650391
vt 0.022274 0.628797
vt 0.065398 0.628297
vt 0.066148 0.649891
vt 0.025950 0.582563
vt 0.084598 0.584313
vt 0.023575 0.627374
vt 0.092848 0.626749
vt 0.092848 0.626749
vt 0.023575 0.627374
vt 0.084598 0.584313
vt 0.025950 0.582563
vt 0.092848 0.626749
vt 0.023575 0.627374
vt 0.084598 0.584313
vt 0.025950 0.582563
vt 0.092848 0.626749
vt 0.084598 0.584313
vt 0.025950 0.582563
vt 0.023575 0.627374
vt 0.084598 0.584313
vt 0.025950 0.582563
vt 0.023575 0.627374
vt 0.084598 0.584313
vt 0.025950 0.582563
vt 0.025950 0.582563
vt 0.084598 0.584313
vt 0.023575 0.627374
vt 0.092848 0.626749
vt 0.092848 0.626749
vt 0.023575 0.627374
vt 0.084598 0.584313
vt 0.025950 0.582563
vt 0.092848 0.626749
vt 0.023575 0.627374
vt 0.025950 0.582563
vt 0.092848 0.626749
vt 0.084598 0.584313
vt 0.023575 0.627374
vt 0.025950 0.582563
vt 0.092848 0.626749
vt 0.023575 0.627374
vt 0.084598 0.584313
vt 0.025950 0.582563
vt 0.025950 0.582563
vt 0.084598 0.584313
vt 0.023575 0.627374
vt 0.092848 0.626749
vt 0.092848 0.626749
vt 0.023575 0.627374
vt 0.084598 0.584313
vt 0.025950 0.582563
vt 0.092848 0.626749
vt 0.023575 0.627374
vt 0.084598 0.584313
vt 0.025950 0.582563
vt 0.092848 0.626749
vt 0.084598 0.584313
vt 0.023575 0.627374
vt 0.025950 0.582563
vt 0.092848 0.626749
vt 0.023575 0.627374
vt 0.084598 0.584313
vt 0.025950 0.582563
vt 0.025950 0.582563
vt 0.084598 0.584313
vt 0.023575 0.627374
vt 0.092848 0.626749
vt 0.092848 0.626749
vt 0.023575 0.627374
vt 0.084598 0.584313
vt 0.025950 0.582563
vt 0.092848 0.626749
vt 0.023575 0.627374
vt 0.084598 0.584313
vt 0.025950 0.582563
vt 0.092848 0.626749
vt 0.084598 0.584313
vt 0.023575 0.627374
vt 0.025950 0.582563
vt 0.092848 0.626749
vt 0.023575 0.627374
vt 0.084598 0.584313
vt 0.025950 0.582563
vt 0.025950 0.582563
vt 0.084598 0.584313
vt 0.023575 0.627374
vt 0.092848 0.626749
vt 0.092848 0.626749
vt 0.023575 0.627374
vt 0.084598 0.584313
vt 0.025950 0.582563
vt 0.092848 0.626749
vt 0.023575 0.627374
vt 0.084598 0.584313
vt 0.025950 0.582563
vt 0.092848 0.626749
vt 0.084598 0.584313
vt 0.023575 0.627374
vt 0.025950 0.582563
vt 0.092848 0.626749
vt 0.023575 0.627374
vt 0.084598 0.584313
vt 0.025950 0.582563
vt 0.025950 0.582563
vt 0.084598 0.584313
vt 0.023575 0.627374
vt 0.092848 0.626749
vt 0.092848 0.626749
vt 0.023575 0.627374
vt 0.084598 0.584313
vt 0.025950 0.582563
vt 0.092848 0.626749
vt 0.023575 0.627374
vt 0.084598 0.584313
vt 0.025950 0.582563
vt 0.092848 0.626749
vt 0.084598 0.584313
vt 0.023575 0.627374
vt 0.025950 0.582563
vt 0.066148 0.649891
vt 0.023024 0.650391
vt 0.065398 0.628297
vt 0.022274 0.628797
vt 0.022274 0.628797
vt 0.065398 0.628297
vt 0.023024 0.650391
vt 0.066148 0.649891
vt 0.066148 0.649891
vt 0.023024 0.650391
vt 0.065398 0.628297
vt 0.022274 0.628797
vt 0.066148 0.649891
vt 0.023024 0.650391
vt 0.065398 0.628297
vt 0.022274 0.628797
vt 0.066148 0.649891
vt 0.065398 0.628297
vt 0.023024 0.650391
vt 0.022274 0.628797
vt 0.066148 0.649891
vt 0.023024 0.650391
vt 0.065398 0.628297
vt 0.022274 0.628797
vt 0.022274 0.628797
vt 0.065398 0.628297
vt 0.023024 0.650391
vt 0.066148 0.649891
vt 0.066148 0.649891
vt 0.023024 0.650391
vt 0.065398 0.628297
vt 0.022274 0.628797
vt 0.066148 0.649891
vt 0.023024 0.650391
vt 0.065398 0.628297
vt 0.022274 0.628797
vt 0.066148 0.649891
vt 0.065398 0.628297
vt 0.023024 0.650391
vt 0.022274 0.628797
vt 0.066148 0.649891
vt 0.023024 0.650391
vt 0.065398 0.628297
vt 0.022274 0.628797
vt 0.022274 0.628797
vt 0.065398 0.628297
vt 0.023024 0.650391
vt 0.066148 0.649891
vt 0.066148 0.649891
vt 0.023024 0.650391
vt 0.065398 0.628297
vt 0.022274 0.628797
vt 0.066148 0.649891
vt 0.023024 0.650391
vt 0.065398 0.628297
vt 0.022274 0.628797
vt 0.066148 0.649891
vt 0.065398 0.628297
vt 0.023024 0.650391
vt 0.022274 0.628797
vt 0.066148 0.649891
vt 0.023024 0.650391
vt 0.065398 0.628297
vt 0.022274 0.628797
vt 0.022274 0.628797
vt 0.065398 0.628297
vt 0.023024 0.650391
vt 0.066148 0.649891
vt 0.066148 0.649891
vt 0.023024 0.650391
vt 0.065398 0.628297
vt 0.022274 0.628797
vt 0.066148 0.649891
vt 0.023024 0.650391
vt 0.065398 0.628297
vt 0.022274 0.628797
vt 0.066148 0.649891
vt 0.065398 0.628297
vt 0.023024 0.650391
vt 0.022274 0.628797
vt 0.066148 0.649891
vt 0.023024 0.650391
vt 0.065398 0.628297
vt 0.022274 0.628797
vt 0.022274 0.628797
vt 0.065398 0.628297
vt 0.023024 0.650391
vt 0.066148 0.649891
vt 0.066148 0.649891
vt 0.023024 0.650391
vt 0.065398 0.628297
vt 0.022274 0.628797
vt 0.066148 0.649891
vt 0.023024 0.650391
vt 0.065398 0.628297
vt 0.022274 0.628797
vt 0.066148 0.649891
vt 0.065398 0.628297
vt 0.023024 0.650391
vt 0.022274 0.628797
vt 0.066399 0.582203
vt 0.024774 0.581703
vt 0.063399 0.563359
vt 0.029524 0.563859
vt 0.029524 0.563859
vt 0.063399 0.563359
vt 0.024774 0.581703
vt 0.066399 0.582203
vt 0.066399 0.582203
vt 0.024774 0.581703
vt 0.063399 0.563359
vt 0.029524 0.563859
vt 0.066399 0.582203
vt 0.024774 0.581703
vt 0.063399 0.563359
vt 0.029524 0.563859
vt 0.066399 0.582203
vt 0.063399 0.563359
vt 0.024774 0.581703
vt 0.029524 0.563859
vt 0.066399 0.582203
vt 0.024774 0.581703
vt 0.063399 0.563359
vt 0.029524 0.563859
vt 0.029524 0.563859
vt 0.063399 0.563359
vt 0.024774 0.581703
vt 0.066399 0.582203
vt 0.066399 0.582203
vt 0.024774 0.581703
vt 0.063399 0.563359
vt 0.029524 0.563859
vt 0.066399 0.582203
vt 0.024774 0.581703
vt 0.063399 0.563359
vt 0.029524 0.563859
vt 0.066399 0.582203
vt 0.063399 0.563359
vt 0.024774 0.581703
vt 0.029524 0.563859
vt 0.066399 0.582203
vt 0.024774 0.581703
vt 0.063399 0.563359
vt 0.029524 0.563859
vt 0.029524 0.563859
vt 0.063399 0.563359
vt 0.024774 0.581703
vt 0.066399 0.582203
vt 0.066399 0.582203
vt 0.024774 0.581703
vt 0.063399 0.563359
vt 0.029524 0.563859
vt 0.066399 0.582203
vt 0.024774 0.581703
vt 0.063399 0.563359
vt 0.029524 0.563859
vt 0.066399 0.582203
vt 0.063399 0.563359
vt 0.024774 0.581703
vt 0.029524 0.563859
vt 0.031226 0.579543
vt 0.034500 0.565900
vt 0.034500 0.565900
vt 0.057293 0.565564
vt 0.057293 0.565564
vt 0.029524 0.563859
vt 0.063399 0.563359
vt 0.024774 0.581703
vt 0.066399 0.582203
vt 0.066399 0.582203
vt 0.024774 0.581703
vt 0.063399 0.563359
vt 0.029524 0.563859
vt 0.066399 0.582203
vt 0.024774 0.581703
vt 0.063399 0.563359
vt 0.029524 0.563859
vt 0.066399 0.582203
vt 0.063399 0.563359
vt 0.029524 0.563859
vt 0.024774 0.581703
vt 0.063399 0.563359
vt 0.029524 0.563859
vt 0.066148 0.649891
vt 0.023024 0.650391
vt 0.065398 0.628297
vt 0.022274 0.628797
vt 0.022274 0.628797
vt 0.065398 0.628297
vt 0.023024 0.650391
vt 0.066148 0.649891
vt 0.066148 0.649891
vt 0.023024 0.650391
vt 0.065398 0.628297
vt 0.022274 0.628797
vt 0.066148 0.649891
vt 0.023024 0.650391
vt 0.065398 0.628297
vt 0.022274 0.628797
vt 0.066148 0.649891
vt 0.065398 0.628297
vt 0.023024 0.650391
vt 0.022274 0.628797
vt 0.066148 0.649891
vt 0.023024 0.650391
vt 0.022274 0.628797
vt 0.022274 0.628797
vt 0.065398 0.628297
vt 0.023024 0.650391
vt 0.066148 0.649891
vt 0.066148 0.649891
vt 0.023024 0.650391
vt 0.065398 0.628297
vt 0.066148 0.649891
vt 0.023024 0.650391
vt 0.022274 0.628797
vt 0.066148 0.649891
vt 0.065398 0.628297
vt 0.023024 0.650391
vt 0.066148 0.649891
vt 0.023024 0.650391
vt 0.065398 0.628297
vt 0.022274 0.628797
vt 0.022274 0.628797
vt 0.065398 0.628297
vt 0.023024 0.650391
vt 0.066148 0.649891
vt 0.066148 0.649891
vt 0.023024 0.650391
vt 0.065398 0.628297
vt 0.022274 0.628797
vt 0.066148 0.649891
vt 0.023024 0.650391
vt 0.065398 0.628297
vt 0.022274 0.628797
vt 0.066148 0.649891
vt 0.065398 0.628297
vt 0.023024 0.650391
vt 0.022274 0.628797
vt 0.066148 0.649891
vt 0.023024 0.650391
vt 0.065398 0.628297
vt 0.022274 0.628797
vt 0.022274 0.628797
vt 0.065398 0.628297
vt 0.023024 0.650391
vt 0.066148 0.649891
vt 0.066148 0.649891
vt 0.023024 0.650391
vt 0.065398 0.628297
vt 0.022274 0.628797
vt 0.066148 0.649891
vt 0.023024 0.650391
vt 0.065398 0.628297
vt 0.022274 0.628797
vt 0.066148 0.649891
vt 0.065398 0.628297
vt 0.023024 0.650391
vt 0.022274 0.628797
vt 0.066148 0.649891
vt 0.023024 0.650391
vt 0.065398 0.628297
vt 0.022274 0.628797
vt 0.022274 0.628797
vt 0.065398 0.628297
vt 0.023024 0.650391
vt 0.066148 0.649891
vt 0.066148 0.649891
vt 0.023024 0.650391
vt 0.065398 0.628297
vt 0.022274 0.628797
vt 0.066148 0.649891
vt 0.023024 0.650391
vt 0.065398 0.628297
vt 0.022274 0.628797
vt 0.066148 0.649891
vt 0.065398 0.628297
vt 0.023024 0.650391
vt 0.022274 0.628797
vt 0.066148 0.649891
vt 0.023024 0.650391
vt 0.065398 0.628297
vt 0.022274 0.628797
vt 0.022274 0.628797
vt 0.065398 0.628297
vt 0.023024 0.650391
vt 0.066148 0.649891
vt 0.066148 0.649891
vt 0.023024 0.650391
vt 0.065398 0.628297
vt 0.022274 0.628797
vt 0.066148 0.649891
vt 0.023024 0.650391
vt 0.065398 0.628297
vt 0.022274 0.628797
vt 0.066148 0.649891
vt 0.065398 0.628297
vt 0.023024 0.650391
vt 0.022274 0.628797
vt 0.066148 0.649891
vt 0.023024 0.650391
vt 0.022274 0.628797
vt 0.022274 0.628797
vt 0.065398 0.628297
vt 0.023024 0.650391
vt 0.066148 0.649891
vt 0.023024 0.650391
vt 0.065398 0.628297
vt 0.022274 0.628797
vt 0.066148 0.649891
vt 0.023024 0.650391
vt 0.065398 0.628297
vt 0.022274 0.628797
vt 0.066148 0.649891
vt 0.065398 0.628297
vt 0.066399 0.582203
vt 0.031226 0.579543
vt 0.059233 0.579880
vt 0.059233 0.579880
vt 0.024774 0.581703
vn 0.0039 -1.0000 -0.0000
vn -0.0360 -0.0002 -0.9994
vn 0.0360 0.0002 0.9994
vn 0.9993 0.0047 -0.0360
vn -0.9993 -0.0047 0.0360
vn -0.6689 -0.7430 0.0242
vn -0.0039 1.0000 0.0000
vn -0.3558 0.9345 0.0127
vn 0.3558 -0.9345 -0.0127
vn 0.9074 0.4189 -0.0328
vn -0.9074 -0.4189 0.0328
vn 0.0090 0.9359 0.3520
vn -0.0090 -0.9359 -0.3520
vn -0.0344 0.4146 -0.9093
vn 0.0344 -0.4146 0.9093
vn -0.0164 0.9358 -0.3520
vn 0.0164 -0.9358 0.3521
vn 0.0164 -0.9358 0.3520
vn -0.0311 -0.4149 -0.9093
vn 0.0311 0.4149 0.9093
vn -0.0271 0.7400 -0.6721
vn 0.0271 -0.7400 0.6721
vn -0.0213 -0.7402 -0.6721
vn 0.0213 0.7402 0.6721
vn 0.0090 0.9359 0.3521
vn -0.0090 -0.9359 -0.3521
vn -0.0164 0.9358 -0.3521
vn 0.0163 -0.9358 0.3520
vn -0.0312 -0.4149 -0.9093
vn 0.0312 0.4149 0.9093
vn 0.9993 0.0048 -0.0360
vn -0.9993 -0.0048 0.0360
vn -0.0691 0.9958 -0.0608
vn -0.0286 0.9992 0.0266
vn -0.0406 0.9984 0.0398
vn 0.0193 0.9996 0.0216
vn -0.0038 1.0000 0.0000
vn -0.6753 0.7372 0.0242
vn 0.6753 -0.7372 -0.0242
vn 0.6689 0.7430 -0.0242
vn 0.6752 -0.7372 -0.0242
vn -0.0526 0.8168 -0.5745
vn 0.0194 0.9995 -0.0260
vn 0.0349 0.9985 -0.0414
usemtl Mat_1
s 1
f 1081/1629/56 1082/1630/56 1083/1631/56
f 1082/1630/56 1084/1632/56 1083/1631/56
f 1083/1633/57 1084/1634/57 1085/1635/57
f 1084/1634/57 1086/1636/57 1085/1635/57
f 1082/1637/58 1081/1638/58 1087/1639/58
f 1081/1638/58 1088/1640/58 1087/1639/58
f 1081/1641/59 1083/1642/59 1088/1643/59
f 1083/1642/59 1085/1644/59 1088/1643/59
f 1084/1645/60 1082/1646/60 1086/1647/60
f 1082/1646/60 1087/1648/60 1086/1647/60
f 1089/1649/61 1090/1650/61 1091/1651/61
f 1092/1652/61 1089/1649/61 1091/1651/61
f 1093/1653/56 1094/1654/56 1095/1655/56
f 1094/1654/56 1096/1656/56 1095/1655/56
f 1095/1657/57 1096/1658/57 1097/1659/57
f 1096/1658/57 1098/1660/57 1097/1659/57
f 1094/1661/58 1093/1662/58 1099/1663/58
f 1093/1662/58 1100/1664/58 1099/1663/58
f 1093/1665/59 1095/1655/59 1100/1666/59
f 1095/1655/59 1097/1667/59 1100/1666/59
f 1096/1656/60 1094/1668/60 1098/1669/60
f 1094/1668/60 1099/1670/60 1098/1669/60
f 1094/1661/62 1101/1671/62 1096/1672/62
f 1101/1671/62 1102/1673/62 1096/1672/62
f 1103/1674/56 1104/1675/56 1105/1676/56
f 1104/1675/56 1106/1677/56 1105/1676/56
f 1105/1678/57 1106/1679/57 1102/1680/57
f 1106/1679/57 1096/1681/57 1102/1680/57
f 1104/1682/58 1103/1683/58 1094/1654/58
f 1103/1683/58 1101/1684/58 1094/1654/58
f 1103/1685/59 1105/1676/59 1101/1686/59
f 1105/1676/59 1102/1673/59 1101/1686/59
f 1106/1677/60 1104/1687/60 1096/1672/60
f 1104/1687/60 1094/1688/60 1096/1672/60
f 1107/1689/63 1108/1690/63 1109/1691/63
f 1108/1690/63 1110/1692/63 1109/1691/63
f 1111/1693/64 1112/1694/64 1113/1695/64
f 1112/1694/64 1114/1696/64 1113/1695/64
f 1113/1697/57 1114/1698/57 1110/1699/57
f 1114/1698/57 1109/1700/57 1110/1699/57
f 1112/1701/58 1111/1702/58 1107/1703/58
f 1111/1702/58 1108/1704/58 1107/1703/58
f 1111/1705/65 1113/1695/65 1108/1706/65
f 1113/1695/65 1110/1692/65 1108/1706/65
f 1114/1696/66 1112/1707/66 1109/1691/66
f 1112/1707/66 1107/1708/66 1109/1691/66
f 1115/1709/67 1116/1710/67 1117/1711/67
f 1116/1710/67 1118/1712/67 1117/1711/67
f 1119/1713/68 1120/1714/68 1121/1715/68
f 1120/1714/68 1122/1716/68 1121/1715/68
f 1121/1717/69 1122/1718/69 1118/1719/69
f 1122/1718/69 1117/1720/69 1118/1719/69
f 1120/1721/70 1119/1722/70 1115/1723/70
f 1119/1722/70 1116/1724/70 1115/1723/70
f 1119/1725/59 1121/1715/59 1116/1726/59
f 1121/1715/59 1118/1712/59 1116/1726/59
f 1122/1716/60 1120/1727/60 1117/1711/60
f 1120/1727/60 1115/1728/60 1117/1711/60
f 1123/1729/71 1124/1730/71 1125/1731/71
f 1124/1730/71 1126/1732/71 1125/1731/71
f 1127/1733/72 1128/1734/73 1129/1735/73
f 1128/1734/73 1130/1736/73 1129/1735/73
f 1129/1737/74 1130/1738/74 1126/1739/74
f 1130/1738/74 1125/1740/74 1126/1739/74
f 1128/1741/75 1127/1742/75 1123/1743/75
f 1127/1742/75 1124/1744/75 1123/1743/75
f 1127/1745/59 1129/1735/59 1124/1746/59
f 1129/1735/59 1126/1732/59 1124/1746/59
f 1130/1736/60 1128/1747/60 1125/1731/60
f 1128/1747/60 1123/1748/60 1125/1731/60
f 1131/1749/76 1132/1750/76 1133/1751/76
f 1132/1750/76 1134/1752/76 1133/1751/76
f 1135/1753/77 1136/1754/77 1137/1755/77
f 1136/1754/77 1138/1756/77 1137/1755/77
f 1137/1757/78 1138/1758/78 1134/1759/78
f 1138/1758/78 1133/1760/78 1134/1759/78
f 1136/1761/79 1135/1762/79 1131/1763/79
f 1135/1762/79 1132/1764/79 1131/1763/79
f 1135/1765/59 1137/1755/59 1132/1766/59
f 1137/1755/59 1134/1752/59 1132/1766/59
f 1138/1756/60 1136/1767/60 1133/1751/60
f 1136/1767/60 1131/1768/60 1133/1751/60
f 1139/1769/76 1140/1770/76 1141/1771/76
f 1140/1770/76 1142/1772/76 1141/1771/76
f 1143/1773/77 1144/1774/77 1145/1775/77
f 1144/1774/77 1146/1776/77 1145/1775/77
f 1145/1777/78 1146/1778/78 1142/1779/78
f 1146/1778/78 1141/1780/78 1142/1779/78
f 1144/1781/79 1143/1782/79 1139/1783/79
f 1143/1782/79 1140/1784/79 1139/1783/79
f 1143/1785/59 1145/1775/59 1140/1786/59
f 1145/1775/59 1142/1772/59 1140/1786/59
f 1146/1776/60 1144/1787/60 1141/1771/60
f 1144/1787/60 1139/1788/60 1141/1771/60
f 1147/1789/67 1148/1790/67 1149/1791/80
f 1148/1790/67 1150/1792/80 1149/1791/80
f 1151/1793/68 1152/1794/68 1153/1795/81
f 1152/1794/68 1154/1796/81 1153/1795/81
f 1153/1797/69 1154/1798/69 1150/1799/69
f 1154/1798/69 1149/1800/69 1150/1799/69
f 1152/1801/70 1151/1802/70 1147/1803/70
f 1151/1802/70 1148/1804/70 1147/1803/70
f 1151/1805/59 1153/1795/59 1148/1806/59
f 1153/1795/59 1150/1792/59 1148/1806/59
f 1154/1796/60 1152/1807/60 1149/1791/60
f 1152/1807/60 1147/1808/60 1149/1791/60
f 1155/1809/82 1156/1810/82 1157/1811/82
f 1156/1810/82 1158/1812/82 1157/1811/82
f 1159/1813/83 1160/1814/83 1161/1815/83
f 1160/1814/83 1162/1816/73 1161/1815/83
f 1161/1817/84 1162/1818/74 1158/1819/74
f 1162/1818/74 1157/1820/74 1158/1819/74
f 1160/1821/85 1159/1822/85 1155/1823/75
f 1159/1822/85 1156/1824/75 1155/1823/75
f 1159/1825/59 1161/1815/59 1156/1826/59
f 1161/1815/59 1158/1812/59 1156/1826/59
f 1162/1816/60 1160/1827/60 1157/1811/60
f 1160/1827/60 1155/1828/60 1157/1811/60
f 1163/1829/62 1164/1830/62 1165/1831/62
f 1164/1830/62 1166/1832/62 1165/1831/62
f 1167/1833/56 1168/1834/56 1169/1835/56
f 1168/1834/56 1170/1836/56 1169/1835/56
f 1169/1837/57 1170/1838/57 1166/1839/57
f 1170/1838/57 1165/1840/57 1166/1839/57
f 1168/1841/58 1167/1842/58 1163/1843/58
f 1167/1842/58 1164/1844/58 1163/1843/58
f 1167/1845/59 1169/1835/59 1164/1846/59
f 1169/1835/59 1166/1832/59 1164/1846/59
f 1170/1836/60 1168/1847/60 1165/1831/60
f 1168/1847/60 1163/1848/60 1165/1831/60
f 1171/1849/76 1172/1850/76 1173/1851/76
f 1172/1850/76 1174/1852/76 1173/1851/76
f 1175/1853/77 1176/1854/77 1177/1855/77
f 1176/1854/77 1178/1856/77 1177/1855/77
f 1177/1857/78 1178/1858/78 1174/1859/78
f 1178/1858/78 1173/1860/78 1174/1859/78
f 1176/1861/79 1175/1862/79 1171/1863/79
f 1175/1862/79 1172/1864/79 1171/1863/79
f 1175/1865/59 1177/1855/59 1172/1866/59
f 1177/1855/59 1174/1852/59 1172/1866/59
f 1178/1856/60 1176/1867/60 1173/1851/60
f 1176/1867/60 1171/1868/60 1173/1851/60
f 1179/1869/62 1180/1870/62 1181/1871/62
f 1180/1870/62 1182/1872/62 1181/1871/62
f 1183/1873/56 1184/1874/56 1185/1875/56
f 1184/1874/56 1186/1876/56 1185/1875/56
f 1185/1877/57 1186/1878/57 1182/1879/57
f 1186/1878/57 1181/1880/57 1182/1879/57
f 1184/1881/58 1183/1882/58 1179/1883/58
f 1183/1882/58 1180/1884/58 1179/1883/58
f 1183/1885/86 1185/1875/59 1180/1886/86
f 1185/1875/59 1182/1872/59 1180/1886/86
f 1186/1876/60 1184/1887/60 1181/1871/60
f 1184/1887/60 1179/1888/60 1181/1871/60
f 1187/1889/62 1188/1890/62 1189/1891/62
f 1188/1890/62 1190/1892/62 1189/1891/62
f 1191/1893/56 1192/1894/56 1193/1895/56
f 1192/1894/56 1194/1896/56 1193/1895/56
f 1193/1897/57 1194/1898/57 1190/1899/57
f 1194/1898/57 1189/1900/57 1190/1899/57
f 1192/1901/58 1191/1902/58 1187/1903/58
f 1191/1902/58 1188/1904/58 1187/1903/58
f 1191/1905/59 1193/1895/59 1188/1906/59
f 1193/1895/59 1190/1892/59 1188/1906/59
f 1194/1896/60 1192/1907/60 1189/1891/60
f 1192/1907/60 1187/1908/60 1189/1891/60
f 1195/1909/62 1196/1910/62 1197/1911/62
f 1196/1910/62 1198/1912/62 1197/1911/62
f 1199/1913/56 1200/1914/56 1201/1915/56
f 1200/1914/56 1202/1916/56 1201/1915/56
f 1201/1917/57 1202/1918/57 1198/1919/57
f 1202/1918/57 1197/1920/57 1198/1919/57
f 1200/1921/58 1199/1922/58 1195/1923/58
f 1199/1922/58 1196/1924/58 1195/1923/58
f 1199/1925/59 1201/1915/59 1196/1926/59
f 1201/1915/59 1198/1912/59 1196/1926/59
f 1202/1916/87 1200/1927/60 1197/1911/87
f 1200/1927/60 1195/1928/60 1197/1911/87
f 1203/1929/88 1204/1930/89 1205/1931/90
f 1205/1931/90 1206/1932/91 1207/1933/92
f 1208/1934/56 1209/1935/56 1210/1936/56
f 1209/1935/56 1211/1937/56 1210/1936/56
f 1210/1938/57 1211/1939/57 1212/1940/57
f 1211/1939/57 1213/1941/57 1212/1940/57
f 1209/1942/58 1208/1943/58 1214/1944/58
f 1208/1943/58 1215/1945/58 1214/1944/58
f 1208/1946/59 1210/1936/59 1215/1947/59
f 1210/1936/59 1212/1948/59 1215/1947/59
f 1211/1937/60 1209/1949/60 1213/1950/60
f 1209/1949/60 1214/1951/60 1213/1950/60
f 1216/1952/62 1217/1953/62 1218/1954/62
f 1217/1953/62 1219/1955/62 1218/1954/62
f 1220/1956/56 1221/1957/56 1222/1958/56
f 1221/1957/56 1223/1959/56 1222/1958/56
f 1222/1960/57 1223/1961/57 1219/1962/57
f 1223/1961/57 1218/1963/57 1219/1962/57
f 1221/1964/58 1220/1965/58 1216/1966/58
f 1220/1965/58 1217/1967/58 1216/1966/58
f 1220/1968/59 1222/1958/59 1217/1969/59
f 1222/1958/59 1219/1955/59 1217/1969/59
f 1223/1959/60 1221/1970/60 1218/1954/60
f 1221/1970/60 1216/1971/60 1218/1954/60
f 1217/1972/62 1224/1973/62 1219/1962/62
f 1224/1973/62 1225/1974/62 1219/1962/62
f 1226/1975/56 1227/1976/56 1228/1977/56
f 1227/1976/56 1229/1978/56 1228/1977/56
f 1228/1979/57 1229/1980/57 1225/1981/57
f 1229/1980/57 1219/1955/57 1225/1981/57
f 1227/1982/58 1226/1983/58 1217/1969/58
f 1226/1983/58 1224/1984/58 1217/1969/58
f 1226/1985/59 1228/1977/59 1224/1986/59
f 1228/1977/59 1225/1974/59 1224/1986/59
f 1229/1978/60 1227/1987/60 1219/1962/60
f 1227/1987/60 1217/1967/60 1219/1962/60
f 1230/1988/62 1231/1989/62 1232/1990/62
f 1231/1989/62 1233/1991/62 1232/1990/62
f 1234/1992/56 1235/1993/56 1236/1994/56
f 1235/1993/56 1237/1995/56 1236/1994/56
f 1236/1996/57 1237/1997/57 1233/1998/57
f 1237/1997/57 1232/1999/57 1233/1998/57
f 1235/2000/58 1234/2001/58 1230/2002/58
f 1234/2001/58 1231/2003/58 1230/2002/58
f 1234/2004/59 1236/1994/59 1231/2005/59
f 1236/1994/59 1233/1991/59 1231/2005/59
f 1237/1995/60 1235/2006/60 1232/1990/60
f 1235/2006/60 1230/2007/60 1232/1990/60
f 1238/2008/62 1239/2009/62 1240/2010/62
f 1239/2009/62 1241/2011/62 1240/2010/62
f 1242/2012/56 1243/2013/56 1244/2014/56
f 1243/2013/56 1245/2015/56 1244/2014/56
f 1244/2016/57 1245/2017/57 1241/2018/57
f 1245/2017/57 1240/2019/57 1241/2018/57
f 1243/2020/58 1242/2021/58 1238/2022/58
f 1242/2021/58 1239/2023/58 1238/2022/58
f 1242/2024/59 1244/2014/59 1239/2025/59
f 1244/2014/59 1241/2011/59 1239/2025/59
f 1245/2015/60 1243/2026/60 1240/2010/60
f 1243/2026/60 1238/2027/60 1240/2010/60
f 1246/2028/62 1247/2029/62 1248/2030/62
f 1247/2029/62 1249/2031/62 1248/2030/62
f 1250/2032/56 1251/2033/56 1252/2034/56
f 1251/2033/56 1253/2035/56 1252/2034/56
f 1252/2036/57 1253/2037/57 1249/2038/57
f 1253/2037/57 1248/2039/57 1249/2038/57
f 1251/2040/58 1250/2041/58 1246/2042/58
f 1250/2041/58 1247/2043/58 1246/2042/58
f 1250/2044/59 1252/2034/59 1247/2045/59
f 1252/2034/59 1249/2031/59 1247/2045/59
f 1253/2035/60 1251/2046/60 1248/2030/60
f 1251/2046/60 1246/2047/60 1248/2030/60
f 1254/2048/93 1255/2049/93 1256/2050/93
f 1255/2049/93 1257/2051/93 1256/2050/93
f 1258/2052/94 1259/2053/94 1260/2054/94
f 1259/2053/94 1261/2055/94 1260/2054/94
f 1260/2056/57 1261/2057/57 1257/2058/57
f 1261/2057/57 1256/2059/57 1257/2058/57
f 1259/2060/58 1258/2061/58 1254/2062/58
f 1258/2061/58 1255/2063/58 1254/2062/58
f 1258/2064/95 1260/2054/95 1255/2065/95
f 1260/2054/95 1257/2051/95 1255/2065/95
f 1261/2055/61 1259/2066/61 1256/2050/61
f 1259/2066/61 1254/2067/61 1256/2050/61
f 1090/2068/93 1262/2069/93 1091/1651/93
f 1262/2069/93 1263/2070/93 1091/1651/93
f 1264/2071/94 1089/2072/94 1265/2073/94
f 1089/2072/94 1092/1652/96 1265/2073/94
f 1265/2074/57 1092/2075/57 1263/2076/57
f 1092/2075/57 1091/2077/57 1263/2076/57
f 1089/2078/58 1264/2079/58 1090/2080/58
f 1264/2079/58 1262/2081/58 1090/2080/58
f 1264/2082/95 1265/2073/95 1262/2083/95
f 1265/2073/95 1263/2070/95 1262/2083/95
f 1214/2084/62 1266/2085/97 1267/2086/98
f 1213/1950/62 1267/2086/98 1206/1932/91
f 1204/1930/89 1213/1950/62 1206/1932/91
f 1266/2085/97 1212/1948/62 1204/1930/89
f 1267/2086/98 1203/1929/88 1268/2087/99
f 1206/1932/91 1268/2087/99 1207/1933/92
f 1203/1929/88 1266/2085/97 1204/1930/89
f 1205/1931/90 1204/1930/89 1206/1932/91
f 1214/2084/62 1215/2088/62 1266/2085/97
f 1213/1950/62 1214/2084/62 1267/2086/98
f 1204/1930/89 1212/1948/62 1213/1950/62
f 1266/2085/97 1215/2088/62 1212/1948/62
f 1267/2086/98 1266/2085/97 1203/1929/88
f 1206/1932/91 1267/2086/98 1268/2087/99
o rightLegModel
v -4.626150 12.059381 2.193251
v 0.284189 12.059381 -2.195071
v 0.284189 12.059382 2.193252
v -4.626151 22.259378 -2.195072
v 0.284186 22.259378 2.193251
v 0.284188 22.259378 -2.195072
v -4.626152 22.259378 2.193249
v -4.626150 12.059381 -2.195072
vt 0.645603 0.402406
vt 0.729430 0.376156
vt 0.729430 0.376156
vt 0.640603 0.166506
vt 0.704430 0.165256
vt 0.704430 0.165256
vt 0.704430 0.165256
vt 0.645603 0.402406
vt 0.640603 0.166506
vt 0.640603 0.166506
vt 0.729430 0.376156
vt 0.704430 0.165256
vt 0.729430 0.376156
vt 0.645603 0.402406
vt 0.705921 0.167037
vt 0.645040 0.399726
vt 0.639411 0.167037
vt 0.640603 0.166506
vt 0.729430 0.376156
vt 0.645603 0.402406
vt 0.704430 0.165256
vt 0.731251 0.374396
vn 0.0000 -1.0000 0.0000
vn 0.0000 1.0000 0.0000
vn -0.0000 0.0000 1.0000
vn 0.0000 -0.0000 -1.0000
vn -1.0000 -0.0000 -0.0000
vn 1.0000 0.0000 0.0000
usemtl Mat
s 1
f 1269/2089/100 1270/2090/100 1271/2091/100
f 1272/2092/101 1273/2093/101 1274/2094/101
f 1271/2095/102 1275/2096/102 1269/2097/102
f 1276/2098/103 1274/2099/103 1270/2100/103
f 1269/2101/104 1272/2092/104 1276/2102/104
f 1270/2103/105 1273/2104/105 1271/2105/105
f 1269/2089/100 1276/2102/100 1270/2090/100
f 1272/2092/101 1275/2106/101 1273/2093/101
f 1271/2095/102 1273/2107/102 1275/2096/102
f 1276/2098/103 1272/2108/103 1274/2099/103
f 1269/2101/104 1275/2109/104 1272/2092/104
f 1270/2103/105 1274/2110/105 1273/2104/105
o leftLegModel
v -0.227853 11.989162 2.193252
v 4.582012 11.989162 -2.195069
v 4.582011 11.989162 2.193253
v -0.227855 22.189159 -2.195073
v 4.582010 22.189159 2.193251
v 4.582010 22.189159 -2.195072
v -0.227856 22.189159 2.193249
v -0.227853 11.989161 -2.195071
vt 0.704801 0.165510
vt 0.638160 0.168724
vt 0.638160 0.168724
vt 0.730069 0.374380
vt 0.642446 0.410005
vt 0.642446 0.410005
vt 0.642446 0.410005
vt 0.704801 0.165510
vt 0.730069 0.374380
vt 0.723593 0.371269
vt 0.640737 0.165642
vt 0.642178 0.400768
vt 0.638998 0.165995
vt 0.724482 0.370957
vt 0.705488 0.166508
vt 0.796831 0.387579
vt 0.896578 0.197304
vt 0.874505 0.402110
vt 0.704801 0.165510
vt 0.730069 0.374380
vt 0.638160 0.168724
vt 0.706307 0.168261
vt 0.642079 0.399705
vt 0.826400 0.188951
vn 0.0000 -1.0000 0.0000
vn 0.0000 1.0000 0.0000
vn -0.0000 0.0000 1.0000
vn 0.0000 -0.0000 -1.0000
vn -1.0000 -0.0000 -0.0000
vn 1.0000 0.0000 0.0000
usemtl Mat
s 1
f 1277/2111/106 1278/2112/106 1279/2113/106
f 1280/2114/107 1281/2115/107 1282/2116/107
f 1279/2117/108 1283/2118/108 1277/2119/108
f 1284/2120/109 1282/2121/109 1278/2122/109
f 1277/2123/110 1280/2124/110 1284/2125/110
f 1278/2126/111 1281/2127/111 1279/2128/111
f 1277/2111/106 1284/2129/106 1278/2112/106
f 1280/2114/107 1283/2130/107 1281/2115/107
f 1279/2117/108 1281/2131/108 1283/2118/108
f 1284/2120/109 1280/2132/109 1282/2121/109
f 1277/2123/110 1283/2133/110 1280/2124/110
f 1278/2126/111 1282/2134/111 1281/2127/111
o rightFootModel
v -4.990837 23.981371 2.295426
v 0.295954 24.004560 2.295426
v -4.990837 23.981371 -2.274764
v 0.295954 24.004560 -2.274764
v 0.309266 21.295996 2.295424
v -4.977521 21.265795 2.295424
v 0.309266 21.295996 -2.274765
v -4.977521 21.265795 -2.274765
v 0.295954 24.001921 -2.274764
v -4.990837 23.971720 -2.274764
v -4.990837 23.971720 2.295426
v 0.295954 24.001921 2.295426
v -2.781060 21.131979 -1.817748
v -0.100564 22.346340 -1.817745
v -2.781060 21.131979 -2.274766
v -0.100564 22.346340 -2.274765
v 0.309249 21.296043 -1.817748
v -2.371246 20.081680 -1.817748
v 0.309249 21.296043 -2.274765
v -2.371246 20.081680 -2.274767
v -4.578052 22.320763 -1.817745
v -1.885757 21.137094 -1.817748
v -4.578052 22.320763 -2.274765
v -1.885757 21.137094 -2.274766
v -2.285210 20.082172 -1.817748
v -4.977503 21.265841 -1.817748
v -2.285210 20.082172 -2.274767
v -4.977503 21.265841 -2.274765
v -2.854400 19.568869 -1.817748
v -1.797041 19.574909 -1.817748
v -2.854400 19.568869 -2.274767
v -1.797041 19.574909 -2.274767
v -1.785829 17.296234 -1.817747
v -2.843187 17.290195 -1.817747
v -1.785829 17.296234 -2.274766
v -2.843187 17.290195 -2.274766
v -3.248098 17.086468 -1.817747
v -2.318472 18.098848 -1.817747
v -3.248098 17.086468 -2.274766
v -2.318472 18.098848 -2.274766
v -1.378939 17.097145 -1.817747
v -2.308564 16.084766 -1.817748
v -1.378939 17.097145 -2.274766
v -2.308564 16.084766 -2.274766
v -4.973320 20.411291 2.295423
v 0.313470 20.441492 2.295423
v -4.973320 20.411291 -2.274767
v 0.313470 20.441492 -2.274767
v 0.317675 19.586990 2.295423
v -4.969113 19.556789 2.295423
v 0.317675 19.586990 -2.274767
v -4.969113 19.556787 -2.274767
v -4.964911 18.702286 2.295423
v 0.321879 18.732487 2.295423
v -4.964911 18.702286 -2.274766
v 0.321879 18.732485 -2.274766
v 0.326083 17.877983 2.295423
v -4.960705 17.847782 2.295423
v 0.326083 17.877983 -2.274766
v -4.960705 17.847782 -2.274766
v -4.990837 23.981371 -2.960292
v 0.295954 24.004560 -2.960292
v 0.305062 22.583010 -2.274765
v -4.981725 22.559820 -2.274765
v 0.305062 22.583010 -2.960292
v -4.981725 22.559820 -2.960292
v -2.874266 17.088604 -2.274766
v -2.316490 17.696032 -2.274766
v -2.874266 17.088604 -2.503277
v -2.316490 17.696032 -2.503277
v -1.752770 17.095009 -2.274766
v -2.310546 16.487583 -2.274766
v -1.752770 17.095009 -2.503277
v -2.310546 16.487583 -2.503277
v -2.603968 22.772511 -2.274764
v -2.075290 22.774828 -2.274764
v -2.603968 22.772511 -2.503274
v -2.075290 22.774828 -2.503274
v -2.057772 18.839893 -2.274766
v -2.586450 18.836874 -2.274766
v -2.057772 18.839893 -2.503276
v -2.586450 18.836874 -2.503276
v -2.075290 22.400322 -2.503274
v -2.603968 22.397303 -2.503274
v -2.603968 22.397303 -2.274765
v -2.075290 22.400322 -2.274765
v -4.619721 23.076313 -2.274764
v -1.927429 21.892645 -2.274765
v -4.619721 23.076313 -2.503274
v -1.927429 21.892645 -2.503274
v -2.289435 20.936623 -2.274767
v -4.981730 22.120291 -2.274765
v -2.289435 20.936623 -2.503276
v -4.981730 22.120291 -2.503274
v -4.981730 22.559816 -2.503274
v -4.981730 22.559816 -2.274765
v -4.619721 23.293865 -2.503274
v -4.619721 23.293865 -2.274764
v -2.746823 21.887964 -2.274765
v -0.066327 23.102325 -2.274764
v -2.746823 21.887964 -2.503274
v -0.066327 23.102325 -2.503274
v 0.305065 22.150494 -2.274765
v -2.375431 20.936132 -2.274767
v 0.305065 22.150494 -2.503274
v -2.375431 20.936132 -2.503276
v 0.305065 22.583006 -2.274765
v 0.305065 22.583006 -2.503274
v -0.066327 23.313837 -2.274764
v -0.066327 23.313837 -2.503274
v -2.586988 18.945946 -2.292186
v -2.058307 18.948963 -2.292186
v -2.586450 18.836945 -2.503301
v -2.057772 18.839964 -2.503301
v -2.053778 18.027931 -1.986122
v -2.582455 18.024912 -1.986122
v -2.053240 17.918932 -2.197238
v -2.581920 17.915913 -2.197238
vt 0.137926 0.078974
vt 0.081968 0.077776
vt 0.137926 0.078974
vt 0.081968 0.077776
vt 0.083564 0.178596
vt 0.152647 0.181668
vt 0.083564 0.178596
vt 0.152647 0.181668
vt 0.081968 0.077776
vt 0.137926 0.078974
vt 0.137926 0.078974
vt 0.081968 0.077776
vt 0.116974 0.188222
vt 0.092618 0.135895
vt 0.116974 0.188222
vt 0.092618 0.135895
vt 0.083564 0.178596
vt 0.115956 0.226725
vt 0.083564 0.178596
vt 0.115956 0.226725
vt 0.146954 0.139853
vt 0.104217 0.188018
vt 0.146954 0.139853
vt 0.104217 0.188018
vt 0.114730 0.226706
vt 0.152647 0.181665
vt 0.114730 0.226706
vt 0.152647 0.181665
vt 0.127215 0.247049
vt 0.112149 0.246810
vt 0.127215 0.247049
vt 0.112149 0.246810
vt 0.116665 0.315845
vt 0.131944 0.316013
vt 0.116665 0.315845
vt 0.131944 0.316013
vt 0.137794 0.321685
vt 0.124222 0.304242
vt 0.137794 0.321685
vt 0.124222 0.304242
vt 0.110786 0.321388
vt 0.127704 0.344966
vt 0.110786 0.321388
vt 0.127704 0.344966
vt 0.157408 0.213661
vt 0.082076 0.212463
vt 0.157408 0.213661
vt 0.082076 0.212463
vt 0.082016 0.246331
vt 0.157348 0.247528
vt 0.082016 0.246331
vt 0.157348 0.247528
vt 0.171932 0.276575
vt 0.077536 0.279752
vt 0.171932 0.276575
vt 0.077536 0.279752
vt 0.076226 0.309248
vt 0.176560 0.308567
vt 0.076226 0.309248
vt 0.176560 0.308567
vt 0.137926 0.078974
vt 0.081968 0.077776
vt 0.086838 0.143656
vt 0.152706 0.147801
vt 0.086838 0.143656
vt 0.152706 0.147801
vt 0.132393 0.321627
vt 0.122431 0.306469
vt 0.132393 0.321627
vt 0.122431 0.306469
vt 0.116188 0.321449
vt 0.122346 0.340117
vt 0.116188 0.321449
vt 0.122346 0.340117
vt 0.114451 0.138072
vt 0.106917 0.137952
vt 0.114451 0.138072
vt 0.106917 0.137952
vt 0.120507 0.274872
vt 0.128040 0.274992
vt 0.120507 0.274872
vt 0.128040 0.274992
vt 0.106917 0.137952
vt 0.114451 0.138072
vt 0.114451 0.138072
vt 0.106917 0.137952
vt 0.143262 0.111336
vt 0.104811 0.158073
vt 0.143262 0.111336
vt 0.104811 0.158073
vt 0.109969 0.195963
vt 0.152706 0.147801
vt 0.109969 0.195963
vt 0.152706 0.147801
vt 0.152706 0.147801
vt 0.152706 0.147801
vt 0.143262 0.111336
vt 0.143262 0.111336
vt 0.116487 0.158260
vt 0.092131 0.105930
vt 0.116487 0.158260
vt 0.092131 0.105930
vt 0.086838 0.143656
vt 0.111194 0.195983
vt 0.086838 0.143656
vt 0.111194 0.195983
vt 0.086838 0.143656
vt 0.086838 0.143656
vt 0.092131 0.105930
vt 0.092131 0.105930
vt 0.128048 0.270667
vt 0.120515 0.270550
vt 0.128040 0.274988
vt 0.120507 0.274868
vt 0.118636 0.297228
vt 0.126275 0.297312
vt 0.118628 0.300264
vt 0.126267 0.300348
vn -0.0044 1.0000 0.0000
vn 0.0057 -1.0000 0.0000
vn 0.0000 0.0000 -1.0000
vn 0.0000 -0.0000 1.0000
vn 1.0000 0.0049 0.0000
vn -1.0000 -0.0049 0.0000
vn -0.4127 0.9109 0.0000
vn 0.4127 -0.9109 0.0000
vn 0.9316 0.3635 0.0000
vn -0.9316 -0.3635 0.0000
vn 0.4025 0.9154 0.0000
vn -0.4025 -0.9154 0.0000
vn 0.9352 -0.3541 0.0000
vn -0.9352 0.3541 0.0000
vn -0.0057 1.0000 0.0000
vn -0.7366 0.6764 0.0000
vn 0.7366 -0.6764 0.0000
vn 0.7294 0.6841 0.0000
vn -0.7294 -0.6841 0.0000
vn 0.0044 -1.0000 0.0000
vn 1.0000 0.0064 0.0000
vn -1.0000 -0.0064 0.0000
vn -0.8969 0.4423 0.0000
vn 0.8915 0.4530 0.0000
vn -0.0051 0.8885 -0.4588
vn 0.0051 -0.8885 0.4588
vn 0.0018 -0.3153 -0.9490
vn -0.0018 0.3153 0.9490
usemtl Mat
s 1
f 1285/2135/112 1286/2136/112 1287/2137/112
f 1286/2136/112 1288/2138/112 1287/2137/112
f 1289/2139/113 1290/2140/113 1291/2141/113
f 1290/2140/113 1292/2142/113 1291/2141/113
f 1291/2141/114 1292/2142/114 1293/2143/114
f 1292/2142/114 1294/2144/114 1293/2143/114
f 1290/2140/115 1289/2139/115 1295/2145/115
f 1289/2139/115 1296/2146/115 1295/2145/115
f 1289/2139/116 1291/2141/116 1296/2146/116
f 1291/2141/116 1293/2143/116 1296/2146/116
f 1292/2142/117 1290/2140/117 1294/2144/117
f 1290/2140/117 1295/2145/117 1294/2144/117
f 1297/2147/118 1298/2148/118 1299/2149/118
f 1298/2148/118 1300/2150/118 1299/2149/118
f 1301/2151/119 1302/2152/119 1303/2153/119
f 1302/2152/119 1304/2154/119 1303/2153/119
f 1303/2153/114 1304/2154/114 1300/2150/114
f 1304/2154/114 1299/2149/114 1300/2150/114
f 1302/2152/115 1301/2151/115 1297/2147/115
f 1301/2151/115 1298/2148/115 1297/2147/115
f 1301/2151/120 1303/2153/120 1298/2148/120
f 1303/2153/120 1300/2150/120 1298/2148/120
f 1304/2154/121 1302/2152/121 1299/2149/121
f 1302/2152/121 1297/2147/121 1299/2149/121
f 1305/2155/122 1306/2156/122 1307/2157/122
f 1306/2156/122 1308/2158/122 1307/2157/122
f 1309/2159/123 1310/2160/123 1311/2161/123
f 1310/2160/123 1312/2162/123 1311/2161/123
f 1311/2161/114 1312/2162/114 1308/2158/114
f 1312/2162/114 1307/2157/114 1308/2158/114
f 1310/2160/115 1309/2159/115 1305/2155/115
f 1309/2159/115 1306/2156/115 1305/2155/115
f 1309/2159/124 1311/2161/124 1306/2156/124
f 1311/2161/124 1308/2158/124 1306/2156/124
f 1312/2162/125 1310/2160/125 1307/2157/125
f 1310/2160/125 1305/2155/125 1307/2157/125
f 1313/2163/126 1314/2164/126 1315/2165/126
f 1314/2164/126 1316/2166/126 1315/2165/126
f 1317/2167/113 1318/2168/113 1319/2169/113
f 1318/2168/113 1320/2170/113 1319/2169/113
f 1319/2169/114 1320/2170/114 1316/2166/114
f 1320/2170/114 1315/2165/114 1316/2166/114
f 1318/2168/115 1317/2167/115 1313/2163/115
f 1317/2167/115 1314/2164/115 1313/2163/115
f 1317/2167/116 1319/2169/116 1314/2164/116
f 1319/2169/116 1316/2166/116 1314/2164/116
f 1320/2170/117 1318/2168/117 1315/2165/117
f 1318/2168/117 1313/2163/117 1315/2165/117
f 1321/2171/127 1322/2172/127 1323/2173/127
f 1322/2172/127 1324/2174/127 1323/2173/127
f 1325/2175/128 1326/2176/128 1327/2177/128
f 1326/2176/128 1328/2178/128 1327/2177/128
f 1327/2177/114 1328/2178/114 1324/2174/114
f 1328/2178/114 1323/2173/114 1324/2174/114
f 1326/2176/115 1325/2175/115 1321/2171/115
f 1325/2175/115 1322/2172/115 1321/2171/115
f 1325/2175/129 1327/2177/129 1322/2172/129
f 1327/2177/129 1324/2174/129 1322/2172/129
f 1328/2178/130 1326/2176/130 1323/2173/130
f 1326/2176/130 1321/2171/130 1323/2173/130
f 1329/2179/126 1330/2180/126 1331/2181/126
f 1330/2180/126 1332/2182/126 1331/2181/126
f 1333/2183/113 1334/2184/113 1335/2185/113
f 1334/2184/113 1336/2186/113 1335/2185/113
f 1335/2185/114 1336/2186/114 1332/2182/114
f 1336/2186/114 1331/2181/114 1332/2182/114
f 1334/2184/115 1333/2183/115 1329/2179/115
f 1333/2183/115 1330/2180/115 1329/2179/115
f 1333/2183/116 1335/2185/116 1330/2180/116
f 1335/2185/116 1332/2182/116 1330/2180/116
f 1336/2186/117 1334/2184/117 1331/2181/117
f 1334/2184/117 1329/2179/117 1331/2181/117
f 1337/2187/126 1338/2188/126 1339/2189/126
f 1338/2188/126 1340/2190/126 1339/2189/126
f 1341/2191/113 1342/2192/113 1343/2193/113
f 1342/2192/113 1344/2194/113 1343/2193/113
f 1343/2193/114 1344/2194/114 1340/2190/114
f 1344/2194/114 1339/2189/114 1340/2190/114
f 1342/2192/115 1341/2191/115 1337/2187/115
f 1341/2191/115 1338/2188/115 1337/2187/115
f 1341/2191/116 1343/2193/116 1338/2188/116
f 1343/2193/116 1340/2190/116 1338/2188/116
f 1344/2194/117 1342/2192/117 1339/2189/117
f 1342/2192/117 1337/2187/117 1339/2189/117
f 1287/2137/112 1288/2138/112 1345/2195/112
f 1288/2138/112 1346/2196/112 1345/2195/112
f 1347/2197/131 1348/2198/131 1349/2199/131
f 1348/2198/131 1350/2200/131 1349/2199/131
f 1349/2199/114 1350/2200/114 1346/2196/114
f 1350/2200/114 1345/2195/114 1346/2196/114
f 1348/2198/115 1347/2197/115 1287/2137/115
f 1347/2197/115 1288/2138/115 1287/2137/115
f 1347/2197/132 1349/2199/132 1288/2138/132
f 1349/2199/132 1346/2196/132 1288/2138/132
f 1350/2200/133 1348/2198/133 1345/2195/133
f 1348/2198/133 1287/2137/133 1345/2195/133
f 1351/2201/127 1352/2202/127 1353/2203/127
f 1352/2202/127 1354/2204/127 1353/2203/127
f 1355/2205/128 1356/2206/128 1357/2207/128
f 1356/2206/128 1358/2208/128 1357/2207/128
f 1357/2207/114 1358/2208/114 1354/2204/114
f 1358/2208/114 1353/2203/114 1354/2204/114
f 1356/2206/115 1355/2205/115 1351/2201/115
f 1355/2205/115 1352/2202/115 1351/2201/115
f 1355/2205/129 1357/2207/129 1352/2202/129
f 1357/2207/129 1354/2204/129 1352/2202/129
f 1358/2208/130 1356/2206/130 1353/2203/130
f 1356/2206/130 1351/2201/130 1353/2203/130
f 1359/2209/112 1360/2210/112 1361/2211/112
f 1360/2210/112 1362/2212/112 1361/2211/112
f 1363/2213/113 1364/2214/113 1365/2215/113
f 1364/2214/113 1366/2216/113 1365/2215/113
f 1365/2215/114 1366/2216/114 1367/2217/114
f 1366/2216/114 1368/2218/114 1367/2217/114
f 1364/2214/115 1363/2213/115 1369/2219/115
f 1363/2213/115 1370/2220/115 1369/2219/115
f 1363/2213/116 1365/2215/116 1370/2220/116
f 1365/2215/116 1367/2217/116 1370/2220/116
f 1366/2216/117 1364/2214/117 1368/2218/117
f 1364/2214/117 1369/2219/117 1368/2218/117
f 1371/2221/122 1372/2222/122 1373/2223/122
f 1372/2222/122 1374/2224/122 1373/2223/122
f 1375/2225/123 1376/2226/123 1377/2227/123
f 1376/2226/123 1378/2228/123 1377/2227/123
f 1377/2227/114 1378/2228/114 1374/2224/114
f 1378/2228/114 1373/2223/114 1374/2224/114
f 1376/2226/115 1375/2225/115 1371/2221/115
f 1375/2225/115 1372/2222/115 1371/2221/115
f 1375/2225/124 1377/2227/124 1372/2222/124
f 1377/2227/124 1374/2224/124 1372/2222/124
f 1379/2229/134 1380/2230/134 1381/2231/134
f 1380/2230/134 1382/2232/134 1381/2231/134
f 1383/2233/118 1384/2234/118 1385/2235/118
f 1384/2234/118 1386/2236/118 1385/2235/118
f 1387/2237/119 1388/2238/119 1389/2239/119
f 1388/2238/119 1390/2240/119 1389/2239/119
f 1389/2239/114 1390/2240/114 1386/2236/114
f 1390/2240/114 1385/2235/114 1386/2236/114
f 1388/2238/115 1387/2237/115 1383/2233/115
f 1387/2237/115 1384/2234/115 1383/2233/115
f 1391/2241/135 1392/2242/135 1393/2243/135
f 1392/2242/135 1394/2244/135 1393/2243/135
f 1390/2240/121 1388/2238/121 1385/2235/121
f 1388/2238/121 1383/2233/121 1385/2235/121
f 1395/2245/136 1396/2246/136 1397/2247/136
f 1396/2246/136 1398/2248/136 1397/2247/136
f 1399/2249/137 1400/2250/137 1401/2251/137
f 1400/2250/137 1402/2252/137 1401/2251/137
f 1401/2251/138 1402/2252/138 1398/2248/138
f 1402/2252/138 1397/2247/138 1398/2248/138
f 1400/2250/139 1399/2249/139 1395/2245/139
f 1399/2249/139 1396/2246/139 1395/2245/139
f 1399/2249/116 1401/2251/116 1396/2246/116
f 1401/2251/116 1398/2248/116 1396/2246/116
f 1402/2252/117 1400/2250/117 1397/2247/117
f 1400/2250/117 1395/2245/117 1397/2247/117
o leftFootModel
v -0.399565 24.068649 2.312462
v 4.853817 24.075872 2.312462
v -0.399565 24.068651 -2.272542
v 4.853817 24.075872 -2.272542
v 4.857925 21.360867 2.312461
v -0.395459 21.351423 2.312461
v 4.857925 21.360867 -2.272543
v -0.395459 21.351423 -2.272543
v 4.853817 24.086903 -2.272542
v -0.399565 24.077457 -2.272542
v -0.399565 24.077456 2.312462
v 4.853817 24.086903 2.312462
v 1.786632 21.207901 -1.814045
v 4.454233 22.420624 -1.814042
v 1.786632 21.207901 -2.272545
v 4.454233 22.420624 -2.272543
v 4.857907 21.360914 -1.814045
v 2.190307 20.148190 -1.814045
v 4.857907 21.360914 -2.272543
v 2.190307 20.148190 -2.272545
v 0.005040 22.412624 -1.814042
v 2.676279 21.209499 -1.814045
v 0.005040 22.412624 -2.272543
v 2.676279 21.209499 -2.272545
v 2.275799 20.148342 -1.814045
v -0.395440 21.351469 -1.814044
v 2.275799 20.148342 -2.272545
v -0.395440 21.351469 -2.272543
v 1.708488 19.633493 -1.814045
v 2.759165 19.635382 -1.814045
v 1.708488 19.633493 -2.272546
v 2.759165 19.635382 -2.272546
v 2.762623 17.339771 -1.814045
v 1.711947 17.337883 -1.814045
v 2.762623 17.339771 -2.272546
v 1.711947 17.337883 -2.272546
v 1.308916 17.134253 -1.814045
v 2.236062 18.150450 -1.814045
v 1.308916 17.134253 -2.272546
v 2.236062 18.150450 -2.272546
v 3.166266 17.137592 -1.814045
v 2.239120 16.121399 -1.814046
v 3.166266 17.137592 -2.272546
v 2.239120 16.121399 -2.272546
v -0.394161 20.490568 2.312459
v 4.859222 20.500011 2.312459
v -0.394161 20.490568 -2.272545
v 4.859222 20.500011 -2.272545
v 4.860518 19.639158 2.312459
v -0.392865 19.629715 2.312459
v 4.860518 19.639162 -2.272546
v -0.392865 19.629715 -2.272546
v -0.391567 18.768860 2.312458
v 4.861816 18.778305 2.312458
v -0.391567 18.768860 -2.272546
v 4.861816 18.778307 -2.272546
v 4.863112 17.917452 2.312458
v -0.390271 17.908007 2.312458
v 4.863112 17.917454 -2.272546
v -0.390271 17.908007 -2.272546
v -0.399565 24.068651 -2.960293
v 4.853817 24.075872 -2.960293
v 4.856627 22.649696 -2.272543
v -0.396754 22.642475 -2.272543
v 4.856627 22.649696 -2.960294
v -0.396754 22.642475 -2.960294
v 1.680385 17.134920 -2.272546
v 2.236674 17.744638 -2.272546
v 1.680385 17.134920 -2.501796
v 2.236674 17.744638 -2.501796
v 2.794797 17.136925 -2.272546
v 2.238508 16.527208 -2.272546
v 2.794797 17.136925 -2.501796
v 2.238508 16.527208 -2.501796
v 1.966867 22.848637 -2.272542
v 2.492206 22.849358 -2.272542
v 1.966867 22.848637 -2.501792
v 2.492206 22.849358 -2.501792
v 2.497609 18.895954 -2.272546
v 1.972271 18.895010 -2.272546
v 2.497609 18.895954 -2.501796
v 1.972271 18.895010 -2.501796
v 2.492206 22.482841 -2.501792
v 1.966867 22.481899 -2.501792
v 1.966867 22.481899 -2.272543
v 2.492206 22.482841 -2.272543
v -0.033821 23.173941 -2.272542
v 2.637417 21.970818 -2.272543
v -0.033821 23.173941 -2.501792
v 2.637417 21.970818 -2.501792
v 2.274482 21.009144 -2.272545
v -0.396757 22.212269 -2.272543
v 2.274482 21.009144 -2.501795
v -0.396757 22.212269 -2.501792
v -0.396757 22.642469 -2.501792
v -0.396757 22.642469 -2.272543
v -0.033821 23.377794 -2.501792
v -0.033821 23.377794 -2.272542
v 1.823201 21.969353 -2.272543
v 4.490801 23.182077 -2.272542
v 1.823201 21.969353 -2.501792
v 4.490801 23.182077 -2.501792
v 4.856631 22.221716 -2.272543
v 2.189030 21.008991 -2.272545
v 4.856631 22.221716 -2.501792
v 2.189030 21.008991 -2.501795
v 4.856631 22.649693 -2.272543
v 4.856631 22.649693 -2.501792
v 4.490801 23.384016 -2.272542
v 4.490801 23.384016 -2.501792
v 1.972106 19.004892 -2.290022
v 2.497444 19.005835 -2.290022
v 1.972271 18.895081 -2.501822
v 2.497609 18.896025 -2.501822
v 2.498842 18.077955 -1.982966
v 1.973503 18.077011 -1.982966
v 2.499007 17.968147 -2.194766
v 1.973669 17.967201 -2.194766
vt 0.374066 0.085987
vt 0.312537 0.085638
vt 0.374066 0.085987
vt 0.312537 0.085638
vt 0.304632 0.205588
vt 0.366161 0.205934
vt 0.304632 0.205588
vt 0.366161 0.205934
vt 0.312537 0.085638
vt 0.366661 0.193934
vt 0.374566 0.073987
vt 0.313037 0.073638
vt 0.374066 0.085987
vt 0.305132 0.193588
vt 0.313037 0.073638
vt 0.374566 0.073987
vt 0.312537 0.085638
vt 0.374066 0.085987
vt 0.342104 0.214715
vt 0.310860 0.168093
vt 0.342104 0.214715
vt 0.310860 0.168093
vt 0.304632 0.205585
vt 0.337376 0.253707
vt 0.304632 0.205585
vt 0.337376 0.253707
vt 0.361470 0.166886
vt 0.331684 0.214657
vt 0.361470 0.166886
vt 0.331684 0.214657
vt 0.336375 0.253701
vt 0.366160 0.205934
vt 0.336375 0.253701
vt 0.366160 0.205934
vt 0.343019 0.272645
vt 0.330713 0.272577
vt 0.343019 0.272645
vt 0.330713 0.272577
vt 0.328423 0.361795
vt 0.340729 0.361865
vt 0.328423 0.361795
vt 0.340729 0.361865
vt 0.345449 0.369357
vt 0.334090 0.329964
vt 0.345449 0.369357
vt 0.334090 0.329964
vt 0.323695 0.369235
vt 0.333929 0.396625
vt 0.323695 0.369235
vt 0.333929 0.396625
vt 0.366146 0.237611
vt 0.304617 0.237262
vt 0.366146 0.237611
vt 0.304617 0.237262
vt 0.304602 0.268937
vt 0.366131 0.269286
vt 0.304602 0.268937
vt 0.366131 0.269286
vt 0.366116 0.300960
vt 0.304587 0.300614
vt 0.366116 0.300960
vt 0.304587 0.300614
vt 0.304572 0.332289
vt 0.366100 0.332638
vt 0.304572 0.332289
vt 0.366100 0.332638
vt 0.374066 0.085987
vt 0.312537 0.085638
vt 0.304647 0.173911
vt 0.366176 0.174259
vt 0.304647 0.173911
vt 0.366176 0.174259
vt 0.366676 0.162259
vt 0.374566 0.073987
vt 0.313037 0.073638
vt 0.305147 0.161911
vt 0.313037 0.073638
vt 0.374566 0.073987
vt 0.341098 0.369333
vt 0.334583 0.346896
vt 0.341098 0.369333
vt 0.334583 0.346896
vt 0.328046 0.369259
vt 0.334561 0.391693
vt 0.328046 0.369259
vt 0.334561 0.391693
vt 0.339993 0.165839
vt 0.333840 0.165803
vt 0.339993 0.165839
vt 0.333840 0.165803
vt 0.332276 0.296284
vt 0.338430 0.296318
vt 0.332276 0.296284
vt 0.338430 0.296318
vt 0.333840 0.165803
vt 0.339993 0.165839
vt 0.339993 0.165839
vt 0.333840 0.165803
vt 0.369782 0.119230
vt 0.332140 0.184643
vt 0.369782 0.119230
vt 0.332140 0.184643
vt 0.336390 0.222029
vt 0.366176 0.174259
vt 0.336390 0.222029
vt 0.366176 0.174259
vt 0.366176 0.174259
vt 0.366176 0.174259
vt 0.369782 0.119230
vt 0.369782 0.119230
vt 0.341675 0.184698
vt 0.316789 0.118933
vt 0.341675 0.184698
vt 0.316789 0.118933
vt 0.304647 0.173911
vt 0.337391 0.222035
vt 0.304647 0.173911
vt 0.337391 0.222035
vt 0.304647 0.173911
vt 0.304647 0.173911
vt 0.316789 0.118933
vt 0.316789 0.118933
vt 0.338431 0.292275
vt 0.332279 0.292242
vt 0.338430 0.296318
vt 0.332276 0.296281
vt 0.331512 0.334634
vt 0.337165 0.332667
vt 0.331510 0.338673
vt 0.337664 0.338707
vn -0.0014 1.0000 0.0000
vn 0.0018 -1.0000 0.0000
vn 0.0000 0.0000 -1.0000
vn 0.0000 -0.0000 1.0000
vn 1.0000 0.0015 0.0000
vn -1.0000 -0.0015 0.0000
vn -0.4139 0.9103 0.0000
vn 0.4139 -0.9103 0.0000
vn 0.9345 0.3560 0.0000
vn -0.9345 -0.3560 0.0000
vn 0.4107 0.9118 0.0000
vn -0.4107 -0.9118 0.0000
vn 0.9356 -0.3531 0.0000
vn -0.9356 0.3531 0.0000
vn -0.0018 1.0000 0.0000
vn -0.7387 0.6740 0.0000
vn 0.7387 -0.6740 0.0000
vn 0.7365 0.6764 0.0000
vn -0.7365 -0.6764 0.0000
vn 0.0014 -1.0000 0.0000
vn 1.0000 0.0020 0.0000
vn -1.0000 -0.0020 0.0000
vn -0.8967 0.4426 0.0000
vn 0.8951 0.4459 0.0000
vn -0.0016 0.8878 -0.4603
vn 0.0016 -0.8878 0.4603
vn 0.0006 -0.3142 -0.9494
vn -0.0006 0.3142 0.9494
usemtl Mat
s 1
f 1403/2253/140 1404/2254/140 1405/2255/140
f 1404/2254/140 1406/2256/140 1405/2255/140
f 1407/2257/141 1408/2258/141 1409/2259/141
f 1408/2258/141 1410/2260/141 1409/2259/141
f 1409/2259/142 1410/2260/142 1411/2261/142
f 1410/2262/142 1412/2263/142 1411/2264/142
f 1408/2258/143 1407/2257/143 1413/2265/143
f 1407/2266/143 1414/2267/143 1413/2268/143
f 1407/2257/144 1409/2259/144 1414/2269/144
f 1409/2259/144 1411/2261/144 1414/2269/144
f 1410/2260/145 1408/2258/145 1412/2270/145
f 1408/2258/145 1413/2265/145 1412/2270/145
f 1415/2271/146 1416/2272/146 1417/2273/146
f 1416/2272/146 1418/2274/146 1417/2273/146
f 1419/2275/147 1420/2276/147 1421/2277/147
f 1420/2276/147 1422/2278/147 1421/2277/147
f 1421/2277/142 1422/2278/142 1418/2274/142
f 1422/2278/142 1417/2273/142 1418/2274/142
f 1420/2276/143 1419/2275/143 1415/2271/143
f 1419/2275/143 1416/2272/143 1415/2271/143
f 1419/2275/148 1421/2277/148 1416/2272/148
f 1421/2277/148 1418/2274/148 1416/2272/148
f 1422/2278/149 1420/2276/149 1417/2273/149
f 1420/2276/149 1415/2271/149 1417/2273/149
f 1423/2279/150 1424/2280/150 1425/2281/150
f 1424/2280/150 1426/2282/150 1425/2281/150
f 1427/2283/151 1428/2284/151 1429/2285/151
f 1428/2284/151 1430/2286/151 1429/2285/151
f 1429/2285/142 1430/2286/142 1426/2282/142
f 1430/2286/142 1425/2281/142 1426/2282/142
f 1428/2284/143 1427/2283/143 1423/2279/143
f 1427/2283/143 1424/2280/143 1423/2279/143
f 1427/2283/152 1429/2285/152 1424/2280/152
f 1429/2285/152 1426/2282/152 1424/2280/152
f 1430/2286/153 1428/2284/153 1425/2281/153
f 1428/2284/153 1423/2279/153 1425/2281/153
f 1431/2287/154 1432/2288/154 1433/2289/154
f 1432/2288/154 1434/2290/154 1433/2289/154
f 1435/2291/141 1436/2292/141 1437/2293/141
f 1436/2292/141 1438/2294/141 1437/2293/141
f 1437/2293/142 1438/2294/142 1434/2290/142
f 1438/2294/142 1433/2289/142 1434/2290/142
f 1436/2292/143 1435/2291/143 1431/2287/143
f 1435/2291/143 1432/2288/143 1431/2287/143
f 1435/2291/144 1437/2293/144 1432/2288/144
f 1437/2293/144 1434/2290/144 1432/2288/144
f 1438/2294/145 1436/2292/145 1433/2289/145
f 1436/2292/145 1431/2287/145 1433/2289/145
f 1439/2295/155 1440/2296/155 1441/2297/155
f 1440/2296/155 1442/2298/155 1441/2297/155
f 1443/2299/156 1444/2300/156 1445/2301/156
f 1444/2300/156 1446/2302/156 1445/2301/156
f 1445/2301/142 1446/2302/142 1442/2298/142
f 1446/2302/142 1441/2297/142 1442/2298/142
f 1444/2300/143 1443/2299/143 1439/2295/143
f 1443/2299/143 1440/2296/143 1439/2295/143
f 1443/2299/157 1445/2301/157 1440/2296/157
f 1445/2301/157 1442/2298/157 1440/2296/157
f 1446/2302/158 1444/2300/158 1441/2297/158
f 1444/2300/158 1439/2295/158 1441/2297/158
f 1447/2303/154 1448/2304/154 1449/2305/154
f 1448/2304/154 1450/2306/154 1449/2305/154
f 1451/2307/141 1452/2308/141 1453/2309/141
f 1452/2308/141 1454/2310/141 1453/2309/141
f 1453/2309/142 1454/2310/142 1450/2306/142
f 1454/2310/142 1449/2305/142 1450/2306/142
f 1452/2308/143 1451/2307/143 1447/2303/143
f 1451/2307/143 1448/2304/143 1447/2303/143
f 1451/2307/144 1453/2309/144 1448/2304/144
f 1453/2309/144 1450/2306/144 1448/2304/144
f 1454/2310/145 1452/2308/145 1449/2305/145
f 1452/2308/145 1447/2303/145 1449/2305/145
f 1455/2311/154 1456/2312/154 1457/2313/154
f 1456/2312/154 1458/2314/154 1457/2313/154
f 1459/2315/141 1460/2316/141 1461/2317/141
f 1460/2316/141 1462/2318/141 1461/2317/141
f 1461/2317/142 1462/2318/142 1458/2314/142
f 1462/2318/142 1457/2313/142 1458/2314/142
f 1460/2316/143 1459/2315/143 1455/2311/143
f 1459/2315/143 1456/2312/143 1455/2311/143
f 1459/2315/144 1461/2317/144 1456/2312/144
f 1461/2317/144 1458/2314/144 1456/2312/144
f 1462/2318/145 1460/2316/145 1457/2313/145
f 1460/2316/145 1455/2311/145 1457/2313/145
f 1405/2255/140 1406/2256/140 1463/2319/140
f 1406/2256/140 1464/2320/140 1463/2319/140
f 1465/2321/159 1466/2322/159 1467/2323/159
f 1466/2322/159 1468/2324/159 1467/2323/159
f 1467/2323/142 1468/2324/142 1464/2320/142
f 1468/2325/142 1463/2326/142 1464/2327/142
f 1466/2322/143 1465/2321/143 1405/2255/143
f 1465/2328/143 1406/2329/143 1405/2330/143
f 1465/2321/160 1467/2323/160 1406/2256/160
f 1467/2323/160 1464/2320/160 1406/2256/160
f 1468/2324/161 1466/2322/161 1463/2319/161
f 1466/2322/161 1405/2255/161 1463/2319/161
f 1469/2331/155 1470/2332/155 1471/2333/155
f 1470/2332/155 1472/2334/155 1471/2333/155
f 1473/2335/156 1474/2336/156 1475/2337/156
f 1474/2336/156 1476/2338/156 1475/2337/156
f 1475/2337/142 1476/2338/142 1472/2334/142
f 1476/2338/142 1471/2333/142 1472/2334/142
f 1474/2336/143 1473/2335/143 1469/2331/143
f 1473/2335/143 1470/2332/143 1469/2331/143
f 1473/2335/157 1475/2337/157 1470/2332/157
f 1475/2337/157 1472/2334/157 1470/2332/157
f 1476/2338/158 1474/2336/158 1471/2333/158
f 1474/2336/158 1469/2331/158 1471/2333/158
f 1477/2339/140 1478/2340/140 1479/2341/140
f 1478/2340/140 1480/2342/140 1479/2341/140
f 1481/2343/141 1482/2344/141 1483/2345/141
f 1482/2344/141 1484/2346/141 1483/2345/141
f 1483/2345/142 1484/2346/142 1485/2347/142
f 1484/2346/142 1486/2348/142 1485/2347/142
f 1482/2344/143 1481/2343/143 1487/2349/143
f 1481/2343/143 1488/2350/143 1487/2349/143
f 1481/2343/144 1483/2345/144 1488/2350/144
f 1483/2345/144 1485/2347/144 1488/2350/144
f 1484/2346/145 1482/2344/145 1486/2348/145
f 1482/2344/145 1487/2349/145 1486/2348/145
f 1489/2351/150 1490/2352/150 1491/2353/150
f 1490/2352/150 1492/2354/150 1491/2353/150
f 1493/2355/151 1494/2356/151 1495/2357/151
f 1494/2356/151 1496/2358/151 1495/2357/151
f 1495/2357/142 1496/2358/142 1492/2354/142
f 1496/2358/142 1491/2353/142 1492/2354/142
f 1494/2356/143 1493/2355/143 1489/2351/143
f 1493/2355/143 1490/2352/143 1489/2351/143
f 1493/2355/152 1495/2357/152 1490/2352/152
f 1495/2357/152 1492/2354/152 1490/2352/152
f 1497/2359/162 1498/2360/162 1499/2361/162
f 1498/2360/162 1500/2362/162 1499/2361/162
f 1501/2363/146 1502/2364/146 1503/2365/146
f 1502/2364/146 1504/2366/146 1503/2365/146
f 1505/2367/147 1506/2368/147 1507/2369/147
f 1506/2368/147 1508/2370/147 1507/2369/147
f 1507/2369/142 1508/2370/142 1504/2366/142
f 1508/2370/142 1503/2365/142 1504/2366/142
f 1506/2368/143 1505/2367/143 1501/2363/143
f 1505/2367/143 1502/2364/143 1501/2363/143
f 1509/2371/163 1510/2372/163 1511/2373/163
f 1510/2372/163 1512/2374/163 1511/2373/163
f 1508/2370/149 1506/2368/149 1503/2365/149
f 1506/2368/149 1501/2363/149 1503/2365/149
f 1513/2375/164 1514/2376/164 1515/2377/164
f 1514/2376/164 1516/2378/164 1515/2377/164
f 1517/2379/165 1518/2380/165 1519/2381/165
f 1518/2380/165 1520/2382/165 1519/2381/165
f 1519/2381/166 1520/2382/166 1516/2378/166
f 1520/2382/166 1515/2377/166 1516/2378/166
f 1518/2380/167 1517/2379/167 1513/2375/167
f 1517/2379/167 1514/2376/167 1513/2375/167
f 1517/2379/144 1519/2381/144 1514/2376/144
f 1519/2381/144 1516/2378/144 1514/2376/144
f 1520/2382/145 1518/2380/145 1515/2377/145
f 1518/2380/145 1513/2375/145 1515/2377/145
