# Blender v2.92.0 OBJ File: ''
# www.blender.org
mtllib serpent.mtl
o headModel
v -1.692082 -7.402401 -6.072061
v -3.285910 -7.263706 -6.456761
v -3.035324 -7.443957 -5.868433
v 0.141439 3.437054 5.801914
v -1.651277 1.419537 5.827463
v 0.190324 0.464100 6.087589
v -1.651277 1.419537 5.827463
v -3.470289 0.763358 5.286316
v -1.614624 -1.028639 6.104201
v -6.443776 0.321576 4.060847
v -8.071707 0.218231 3.065874
v -6.753381 -0.849394 3.515444
v -7.513021 0.223751 2.381515
v -7.531706 0.923151 2.887476
v -7.005563 0.944853 2.814571
v 0.066318 6.071172 4.700894
v -1.713885 4.271398 4.711052
v 0.125923 3.838176 5.535453
v -4.632418 2.458548 4.419006
v -6.480222 1.515966 3.790444
v -6.149417 0.797884 3.764265
v -7.217412 1.175906 3.139444
v -6.480222 1.515966 3.790444
v -6.661366 1.675609 3.388126
v -2.611107 -0.372338 5.122802
v 0.164219 -0.541554 4.993093
v -2.759419 -1.677174 3.931696
v -3.441324 -1.394872 5.445694
v -6.753381 -0.849394 3.515444
v -3.624757 -1.920831 5.850504
v -3.624757 -1.920831 5.850504
v -6.936814 -1.375353 3.920274
v -4.381634 -4.630945 5.726653
v 0.214513 0.014859 6.564953
v -1.592661 -1.620536 6.463799
v 0.263674 -3.179469 6.897442
v -3.534679 -7.308177 -5.783411
v -4.062339 -6.490029 -7.936893
v -0.132463 -7.232026 -6.239642
v -5.812179 -5.332356 -3.234606
v -5.778017 -5.291377 -3.720240
v -6.181952 -5.689193 -3.432064
v -6.584708 -7.200462 -4.170719
v -6.510112 -7.142619 -4.644391
v -6.816360 -7.640113 -4.764723
v -3.035324 -7.443957 -5.868433
v -3.236703 -8.920037 -5.635298
v -3.007892 -8.939037 -5.622047
v -6.181952 -5.689193 -3.432064
v -6.134939 -5.631677 -3.901644
v -6.584708 -7.200462 -4.170719
v -3.851637 -3.963309 -6.912910
v -5.778017 -5.291377 -3.720240
v -3.760656 -3.780794 -6.441143
v -0.115924 -7.353043 -6.133583
v -0.162800 -6.868902 -7.322203
v -1.692082 -7.402401 -6.072061
v 0.263674 -3.179469 6.897442
v -1.551327 -4.250454 6.706745
v 0.274419 -3.740718 7.138515
v -7.794081 -4.086498 3.860135
v -9.809237 -3.227783 0.826864
v -8.250716 -4.654597 3.899524
v -9.809237 -3.227783 0.826864
v -9.822552 -3.040629 0.201213
v -10.301859 -3.630116 0.685864
v -10.301859 -3.630116 0.685864
v -10.315205 -3.442933 0.060203
v -10.667154 -6.126411 -0.580973
v -5.812179 -5.332356 -3.234606
v -9.187177 -3.070394 -0.715205
v -5.378242 -3.397853 -2.551560
v -1.536048 -4.811646 6.947666
v -4.573564 -5.194780 5.974682
v -2.166324 -7.418307 6.233582
v -2.166324 -7.418307 6.233582
v -5.203829 -7.801461 5.260608
v -2.314835 -7.971103 6.472378
v -11.083702 -6.496607 -0.828817
v -11.097018 -6.309434 -1.454478
v -11.315215 -8.115502 -1.550157
v -2.314835 -7.971103 6.472378
v -5.352359 -8.354247 5.499414
v -2.349450 -10.464460 4.908949
v -10.305295 -7.671485 -3.074165
v -11.097018 -6.309434 -1.454478
v -9.871315 -5.859286 -2.223348
v -2.349450 -10.464460 4.908949
v -5.769789 -10.548399 4.078557
v -2.345579 -10.957820 4.927798
v -11.315215 -8.115502 -1.550157
v -11.328542 -7.928349 -2.175817
v -11.743190 -8.539076 -1.800671
v 0.309248 -9.658035 5.708616
v -2.349450 -10.464460 4.908949
v 0.313109 -10.151405 5.727456
v -10.667154 -6.126411 -0.580973
v -10.680481 -5.939259 -1.206634
v -11.083702 -6.496607 -0.828817
v -8.916335 -11.954340 -0.177214
v -5.765918 -11.041779 4.097366
v -9.447618 -10.084283 1.402432
v -11.743190 -8.539076 -1.800671
v -11.756525 -8.351913 -2.426322
v -10.843106 -10.261392 -1.803642
v -8.989107 -12.427544 -0.287865
v -5.305937 -13.365709 1.491492
v -8.916335 -11.954340 -0.177214
v -10.856432 -10.074229 -2.429303
v -9.748573 -9.883589 -3.859657
v -10.937384 -10.500674 -2.760842
v -2.380791 -13.609720 2.829594
v -5.305937 -13.365709 1.491492
v -2.379040 -14.081987 2.716390
v -10.843106 -10.261392 -1.803642
v -10.856432 -10.074229 -2.429303
v -10.924068 -10.687798 -2.135190
v 0.292203 -12.645763 4.225406
v -2.380791 -13.609720 2.829594
v 0.293755 -13.118032 4.112208
v -6.584708 -7.200462 -4.170719
v -9.871315 -5.859286 -2.223348
v -6.181952 -5.689193 -3.432064
v -2.379040 -14.081987 2.716390
v -5.304176 -13.837985 1.378268
v -2.442158 -15.446940 0.200933
v -8.989107 -12.427544 -0.287865
v -10.924068 -10.687798 -2.135190
v -8.836094 -12.220163 -3.314104
v -5.304176 -13.837985 1.378268
v -8.989107 -12.427544 -0.287865
v -4.978694 -14.826065 -0.341756
v -3.851637 -3.963309 -6.912910
v -0.309491 -2.542154 -9.566391
v -4.089119 -6.104098 -7.836767
v 0.293755 -13.118032 4.112208
v -2.379040 -14.081987 2.716390
v 0.243474 -14.998200 1.959890
v -8.624338 -11.610785 -4.964039
v -10.937384 -10.500674 -2.760842
v -8.165930 -11.623013 -5.749205
v -9.279203 -7.996975 3.337242
v -11.083702 -6.496607 -0.828817
v -9.132221 -9.586864 1.372663
v -10.924068 -10.687798 -2.135190
v -10.937384 -10.500674 -2.760842
v -8.641597 -11.658863 -4.837065
v -2.340421 -10.371673 -4.803617
v -3.007892 -8.939037 -5.622047
v -2.519166 -10.373838 -4.774840
v -1.692082 -7.402401 -6.072061
v -1.652999 -9.051523 -5.543606
v -0.115924 -7.353043 -6.133583
v -8.916335 -11.954340 -0.177214
v -10.843106 -10.261392 -1.803642
v -8.989107 -12.427544 -0.287865
v -9.748573 -9.883589 -3.859657
v -6.580379 -9.117353 -4.754027
v -9.829485 -10.310014 -4.191189
v -9.829485 -10.310014 -4.191189
v -6.592834 -9.543666 -5.265090
v -8.195626 -11.139170 -5.883785
v 0.292203 -12.645763 4.225406
v 0.313109 -10.151405 5.727456
v -2.380791 -13.609720 2.829594
v -2.345579 -10.957820 4.927798
v -5.765918 -11.041779 4.097366
v -2.380791 -13.609720 2.829594
v -8.916335 -11.954340 -0.177214
v -9.447618 -10.084283 1.402432
v -10.843106 -10.261392 -1.803642
v -10.637390 -8.120061 -3.513369
v -6.816360 -7.640113 -4.764723
v -9.748573 -9.883589 -3.859657
v -10.856432 -10.074229 -2.429303
v -11.756525 -8.351913 -2.426322
v -9.748573 -9.883589 -3.859657
v -9.822552 -3.040629 0.201213
v -8.858311 -2.848264 -0.380500
v -10.315205 -3.442933 0.060203
v -3.447102 -1.259287 -5.606706
v -3.241368 -0.951850 -5.455441
v -0.308055 0.544324 -8.392555
v -5.769789 -10.548399 4.078557
v -9.132221 -9.586864 1.372663
v -5.765918 -11.041779 4.097366
v -4.381634 -4.630945 5.726653
v -7.794081 -4.086498 3.860135
v -4.573564 -5.194780 5.974682
v -4.089119 -6.104098 -7.836767
v -0.281687 -5.532301 -9.925901
v -4.062339 -6.490029 -7.936893
v -9.132221 -9.586864 1.372663
v -11.315215 -8.115502 -1.550157
v -9.447618 -10.084283 1.402432
v -10.305295 -7.671485 -3.074165
v -6.584708 -7.200462 -4.170719
v -10.637390 -8.120061 -3.513369
v -11.328542 -7.928349 -2.175817
v -10.305295 -7.671485 -3.074165
v -11.756525 -8.351913 -2.426322
v 0.306352 -6.913166 6.852752
v -2.314835 -7.971103 6.472378
v 0.309248 -9.658035 5.708616
v -5.352359 -8.354247 5.499414
v -9.279203 -7.996975 3.337242
v -5.769789 -10.548399 4.078557
v -3.760656 -3.780794 -6.441143
v -0.300510 -2.348618 -9.182404
v -3.851637 -3.963309 -6.912910
v -8.861690 -7.701914 3.585413
v -10.667154 -6.126411 -0.580973
v -9.279203 -7.996975 3.337242
v -9.546628 -5.561090 -1.809566
v -5.812179 -5.332356 -3.234606
v -9.871315 -5.859286 -2.223348
v 0.306352 -6.913166 6.852752
v 0.294476 -6.362408 6.619444
v -2.314835 -7.971103 6.472378
v -10.680481 -5.939259 -1.206634
v -9.546628 -5.561090 -1.809566
v -11.097018 -6.309434 -1.454478
v -5.352359 -8.354247 5.499414
v -5.203829 -7.801461 5.260608
v -9.279203 -7.996975 3.337242
v -7.513021 0.223751 2.381515
v -5.845033 -0.207290 2.821742
v -7.519404 -0.088884 2.120841
v -10.315205 -3.442933 0.060203
v -9.187177 -3.070394 -0.715205
v -10.680481 -5.939259 -1.206634
v -4.573564 -5.194780 5.974682
v -8.250716 -4.654597 3.899524
v -5.203829 -7.801461 5.260608
v 0.294476 -6.362408 6.619444
v 0.274419 -3.740718 7.138515
v -2.166324 -7.418307 6.233582
v -3.447102 -1.259287 -5.606706
v -0.308055 0.544324 -8.392555
v -3.760656 -3.780794 -6.441143
v -8.861690 -7.701914 3.585413
v -8.250716 -4.654597 3.899524
v -10.667154 -6.126411 -0.580973
v -1.551327 -4.250454 6.706745
v -4.381634 -4.630945 5.726653
v -1.536048 -4.811646 6.947666
v -4.792134 -3.034327 -2.344645
v -5.015158 -2.959486 -2.910180
v -5.378242 -3.397853 -2.551560
v -7.810703 0.675220 2.764194
v -7.513021 0.223751 2.381515
v -7.807770 0.325287 2.410178
v -8.858311 -2.848264 -0.380500
v -4.792134 -3.034327 -2.344645
v -9.187177 -3.070394 -0.715205
v -6.134939 -5.631677 -3.901644
v -3.851637 -3.963309 -6.912910
v -6.510112 -7.142619 -4.644391
v -0.045008 -10.343716 -5.173101
v -0.061083 -9.181899 -5.211389
v -1.282087 -10.358788 -4.973976
v -3.035324 -7.443957 -5.868433
v -3.007892 -8.939037 -5.622047
v -1.692082 -7.402401 -6.072061
v -3.035324 -7.443957 -5.868433
v -3.285910 -7.263706 -6.456761
v -3.263052 -7.451085 -5.859538
v -6.510112 -7.142619 -4.644391
v -4.089119 -6.104098 -7.836767
v -6.735884 -7.531188 -5.066051
v -5.391012 -3.371663 -3.055147
v -3.447102 -1.259287 -5.606706
v -5.778017 -5.291377 -3.720240
v -1.282087 -10.358788 -4.973976
v -1.652999 -9.051523 -5.543606
v -2.340421 -10.371673 -4.803617
v -5.015158 -2.959486 -2.910180
v -3.241368 -0.951850 -5.455441
v -5.391012 -3.371663 -3.055147
v -6.816360 -7.640113 -4.764723
v -6.735884 -7.531188 -5.066051
v -6.580379 -9.117353 -4.754027
v -5.378242 -3.397853 -2.551560
v -5.391012 -3.371663 -3.055147
v -5.812179 -5.332356 -3.234606
v -3.263052 -7.451085 -5.859538
v -3.285910 -7.263706 -6.456761
v -6.552086 -7.933148 -5.657064
v -6.735884 -7.531188 -5.066051
v -3.534679 -7.308177 -5.783411
v -6.494368 -9.074443 -4.899937
v -4.792134 -3.034327 -2.344645
v -4.434147 -0.102094 -2.805191
v -5.015158 -2.959486 -2.910180
v -7.794081 -4.086498 3.860135
v -6.936814 -1.375353 3.920274
v -9.809237 -3.227783 0.826864
v -9.822552 -3.040629 0.201213
v -7.807770 0.325287 2.410178
v -8.858311 -2.848264 -0.380500
v -2.545378 2.079514 -4.780918
v -0.261321 3.694990 -5.916123
v -3.241368 -0.951850 -5.455441
v -1.592661 -1.620536 6.463799
v -3.624757 -1.920831 5.850504
v -1.551327 -4.250454 6.706745
v -8.641735 -0.702817 2.353240
v -7.807770 0.325287 2.410178
v -9.809237 -3.227783 0.826864
v -5.015158 -2.959486 -2.910180
v -4.372740 0.047312 -3.311895
v -3.241368 -0.951850 -5.455441
v -5.845033 -0.207290 2.821742
v -2.611107 -0.372338 5.122802
v -5.091476 -0.982095 1.597342
v -1.614624 -1.028639 6.104201
v -3.441324 -1.394872 5.445694
v -1.592661 -1.620536 6.463799
v 0.214513 0.014859 6.564953
v 0.190324 0.464100 6.087589
v -1.592661 -1.620536 6.463799
v -8.641735 -0.702817 2.353240
v -8.401369 -0.208229 2.621305
v -7.807770 0.325287 2.410178
v -0.088880 -1.958573 -2.981011
v -0.179312 0.555095 -4.687593
v -4.372740 0.047312 -3.311895
v -3.510668 3.110409 4.630847
v -4.632418 2.458548 4.419006
v -3.482591 1.177619 4.964438
v -2.130947 4.231479 4.296048
v 0.058368 5.893363 4.448525
v -2.611107 -0.372338 5.122802
v -1.713885 4.271398 4.711052
v -3.510668 3.110409 4.630847
v -1.665719 1.855530 5.451232
v -7.531706 0.923151 2.887476
v -7.217412 1.175906 3.139444
v -7.005563 0.944853 2.814571
v -6.936814 -1.375353 3.920274
v -6.753381 -0.849394 3.515444
v -8.641735 -0.702817 2.353240
v -5.845033 -0.207290 2.821742
v -4.552235 2.800374 3.959132
v -2.611107 -0.372338 5.122802
v -7.513021 0.223751 2.381515
v -7.005563 0.944853 2.814571
v -4.552235 2.800374 3.959132
v -3.482591 1.177619 4.964438
v -6.149417 0.797884 3.764265
v -3.470289 0.763358 5.286316
v -8.071707 0.218231 3.065874
v -7.576118 0.651814 3.131120
v -7.531706 0.923151 2.887476
v -6.149417 0.797884 3.764265
v -7.576118 0.651814 3.131120
v -6.443776 0.321576 4.060847
v -1.665719 1.855530 5.451232
v -3.482591 1.177619 4.964438
v -1.651277 1.419537 5.827463
v 0.141439 3.437054 5.801914
v 0.125923 3.838176 5.535453
v -1.651277 1.419537 5.827463
v -8.401369 -0.208229 2.621305
v -8.071707 0.218231 3.065874
v -7.810703 0.675220 2.764194
v -3.470289 0.763358 5.286316
v -6.443776 0.321576 4.060847
v -3.441324 -1.394872 5.445694
v 0.190324 0.464100 6.087589
v -1.651277 1.419537 5.827463
v -1.614624 -1.028639 6.104201
v -1.614624 -1.028639 6.104201
v -3.470289 0.763358 5.286316
v -3.441324 -1.394872 5.445694
v -6.753381 -0.849394 3.515444
v -8.071707 0.218231 3.065874
v -8.401369 -0.208229 2.621305
v -7.810703 0.675220 2.764194
v -8.071707 0.218231 3.065874
v -7.531706 0.923151 2.887476
v -3.441324 -1.394872 5.445694
v -6.443776 0.321576 4.060847
v -6.753381 -0.849394 3.515444
v -7.810703 0.675220 2.764194
v -7.531706 0.923151 2.887476
v -7.513021 0.223751 2.381515
v -1.651277 1.419537 5.827463
v 0.125923 3.838176 5.535453
v -1.665719 1.855530 5.451232
v -1.651277 1.419537 5.827463
v -3.482591 1.177619 4.964438
v -3.470289 0.763358 5.286316
v -6.443776 0.321576 4.060847
v -7.576118 0.651814 3.131120
v -8.071707 0.218231 3.065874
v -7.531706 0.923151 2.887476
v -7.576118 0.651814 3.131120
v -7.217412 1.175906 3.139444
v -3.470289 0.763358 5.286316
v -6.149417 0.797884 3.764265
v -6.443776 0.321576 4.060847
v -4.552235 2.800374 3.959132
v -7.005563 0.944853 2.814571
v -6.661366 1.675609 3.388126
v -1.824444 -15.889790 -3.312492
v 0.174933 -16.004911 -0.413410
v -2.444775 -15.816099 -0.012851
v -7.519404 -0.088884 2.120841
v -5.091476 -0.982095 1.597342
v -5.350088 -0.434413 -1.122623
v -8.858311 -2.848264 -0.380500
v -5.350088 -0.434413 -1.122623
v -4.792134 -3.034327 -2.344645
v -4.434147 -0.102094 -2.805191
v -4.792134 -3.034327 -2.344645
v -5.350088 -0.434413 -1.122623
v 0.125923 3.838176 5.535453
v -1.713885 4.271398 4.711052
v -1.665719 1.855530 5.451232
v -2.611107 -0.372338 5.122802
v -4.552235 2.800374 3.959132
v -2.130947 4.231479 4.296048
v -4.632418 2.458548 4.419006
v -4.552235 2.800374 3.959132
v -6.480222 1.515966 3.790444
v -2.130947 4.231479 4.296048
v -3.510668 3.110409 4.630847
v -1.713885 4.271398 4.711052
v 0.058368 5.893363 4.448525
v -1.713885 4.271398 4.711052
v 0.066318 6.071172 4.700894
v -6.480222 1.515966 3.790444
v -4.552235 2.800374 3.959132
v -6.661366 1.675609 3.388126
v -2.130947 4.231479 4.296048
v -1.713885 4.271398 4.711052
v 0.058368 5.893363 4.448525
v -4.552235 2.800374 3.959132
v -3.510668 3.110409 4.630847
v -2.130947 4.231479 4.296048
v -4.552235 2.800374 3.959132
v -4.632418 2.458548 4.419006
v -3.510668 3.110409 4.630847
v -8.641735 -0.702817 2.353240
v -6.753381 -0.849394 3.515444
v -8.401369 -0.208229 2.621305
v -4.552235 2.800374 3.959132
v -5.845033 -0.207290 2.821742
v -7.513021 0.223751 2.381515
v -4.434147 -0.102094 -2.805191
v 0.144072 -2.010022 3.798397
v -0.088880 -1.958573 -2.981011
v -7.005563 0.944853 2.814571
v -7.217412 1.175906 3.139444
v -6.661366 1.675609 3.388126
v -1.665719 1.855530 5.451232
v -3.510668 3.110409 4.630847
v -3.482591 1.177619 4.964438
v -6.149417 0.797884 3.764265
v -6.480222 1.515966 3.790444
v -7.576118 0.651814 3.131120
v -7.576118 0.651814 3.131120
v -6.480222 1.515966 3.790444
v -7.217412 1.175906 3.139444
v -2.611107 -0.372338 5.122802
v 0.058368 5.893363 4.448525
v 0.164219 -0.541554 4.993093
v -3.482591 1.177619 4.964438
v -4.632418 2.458548 4.419006
v -6.149417 0.797884 3.764265
v -4.372740 0.047312 -3.311895
v -0.179312 0.555095 -4.687593
v -2.545378 2.079514 -4.780918
v -4.434147 -0.102094 -2.805191
v -0.088880 -1.958573 -2.981011
v -4.372740 0.047312 -3.311895
v -7.807770 0.325287 2.410178
v -8.401369 -0.208229 2.621305
v -7.810703 0.675220 2.764194
v -2.759419 -1.677174 3.931696
v 0.164219 -0.541554 4.993093
v 0.144072 -2.010022 3.798397
v -1.592661 -1.620536 6.463799
v 0.190324 0.464100 6.087589
v -1.614624 -1.028639 6.104201
v -2.759419 -1.677174 3.931696
v -4.434147 -0.102094 -2.805191
v -5.091476 -0.982095 1.597342
v -1.592661 -1.620536 6.463799
v -3.441324 -1.394872 5.445694
v -3.624757 -1.920831 5.850504
v -2.759419 -1.677174 3.931696
v 0.144072 -2.010022 3.798397
v -4.434147 -0.102094 -2.805191
v -4.434147 -0.102094 -2.805191
v -5.350088 -0.434413 -1.122623
v -5.091476 -0.982095 1.597342
v -3.624757 -1.920831 5.850504
v -6.753381 -0.849394 3.515444
v -6.936814 -1.375353 3.920274
v -5.091476 -0.982095 1.597342
v -2.611107 -0.372338 5.122802
v -2.759419 -1.677174 3.931696
v -3.241368 -0.951850 -5.455441
v -4.372740 0.047312 -3.311895
v -2.545378 2.079514 -4.780918
v -9.809237 -3.227783 0.826864
v -7.807770 0.325287 2.410178
v -9.822552 -3.040629 0.201213
v -1.551327 -4.250454 6.706745
v -3.624757 -1.920831 5.850504
v -4.381634 -4.630945 5.726653
v -3.241368 -0.951850 -5.455441
v -0.261321 3.694990 -5.916123
v -0.293294 0.720435 -7.899679
v -4.381634 -4.630945 5.726653
v -6.936814 -1.375353 3.920274
v -7.794081 -4.086498 3.860135
v -8.858311 -2.848264 -0.380500
v -7.807770 0.325287 2.410178
v -7.519404 -0.088884 2.120841
v -7.519404 -0.088884 2.120841
v -5.350088 -0.434413 -1.122623
v -8.858311 -2.848264 -0.380500
v -9.809237 -3.227783 0.826864
v -6.936814 -1.375353 3.920274
v -8.641735 -0.702817 2.353240
v 0.263674 -3.179469 6.897442
v -1.592661 -1.620536 6.463799
v -1.551327 -4.250454 6.706745
v -5.015158 -2.959486 -2.910180
v -4.434147 -0.102094 -2.805191
v -4.372740 0.047312 -3.311895
v -6.592834 -9.543666 -5.265090
v -0.132463 -7.232026 -6.239642
v -2.519166 -10.373838 -4.774840
v -0.132463 -7.232026 -6.239642
v -4.062339 -6.490029 -7.936893
v -0.280914 -5.894687 -9.948822
v -6.735884 -7.531188 -5.066051
v -4.062339 -6.490029 -7.936893
v -3.534679 -7.308177 -5.783411
v -6.580379 -9.117353 -4.754027
v -6.494368 -9.074443 -4.899937
v -6.592834 -9.543666 -5.265090
v -6.494368 -9.074443 -4.899937
v -3.534679 -7.308177 -5.783411
v -0.132463 -7.232026 -6.239642
v -3.285910 -7.263706 -6.456761
v -3.668859 -7.109643 -7.063255
v -6.187254 -7.863147 -6.258438
v -6.552086 -7.933148 -5.657064
v -3.285910 -7.263706 -6.456761
v -6.187254 -7.863147 -6.258438
v -5.812179 -5.332356 -3.234606
v -5.391012 -3.371663 -3.055147
v -5.778017 -5.291377 -3.720240
v -6.181952 -5.689193 -3.432064
v -5.778017 -5.291377 -3.720240
v -6.134939 -5.631677 -3.901644
v -6.816360 -7.640113 -4.764723
v -6.510112 -7.142619 -4.644391
v -6.735884 -7.531188 -5.066051
v -6.580379 -9.117353 -4.754027
v -6.735884 -7.531188 -5.066051
v -6.494368 -9.074443 -4.899937
v -0.132463 -7.232026 -6.239642
v -6.592834 -9.543666 -5.265090
v -6.494368 -9.074443 -4.899937
v -3.263052 -7.451085 -5.859538
v -3.236703 -8.920037 -5.635298
v -3.035324 -7.443957 -5.868433
v -6.584708 -7.200462 -4.170719
v -6.134939 -5.631677 -3.901644
v -6.510112 -7.142619 -4.644391
v -5.391012 -3.371663 -3.055147
v -3.241368 -0.951850 -5.455441
v -3.447102 -1.259287 -5.606706
v -2.340421 -10.371673 -4.803617
v -1.652999 -9.051523 -5.543606
v -3.007892 -8.939037 -5.622047
v -5.778017 -5.291377 -3.720240
v -3.447102 -1.259287 -5.606706
v -3.760656 -3.780794 -6.441143
v -6.134939 -5.631677 -3.901644
v -5.778017 -5.291377 -3.720240
v -3.851637 -3.963309 -6.912910
v -6.735884 -7.531188 -5.066051
v -4.089119 -6.104098 -7.836767
v -4.062339 -6.490029 -7.936893
v -1.692082 -7.402401 -6.072061
v -0.162800 -6.868902 -7.322203
v -3.285910 -7.263706 -6.456761
v -1.692082 -7.402401 -6.072061
v -3.007892 -8.939037 -5.622047
v -1.652999 -9.051523 -5.543606
v -1.282087 -10.358788 -4.973976
v -0.061083 -9.181899 -5.211389
v -1.652999 -9.051523 -5.543606
v -6.510112 -7.142619 -4.644391
v -3.851637 -3.963309 -6.912910
v -4.089119 -6.104098 -7.836767
v -9.187177 -3.070394 -0.715205
v -4.792134 -3.034327 -2.344645
v -5.378242 -3.397853 -2.551560
v 0.274419 -3.740718 7.138515
v -1.551327 -4.250454 6.706745
v -1.536048 -4.811646 6.947666
v -0.261321 3.694990 -5.916123
v -2.545378 2.079514 -4.780918
v -0.179312 0.555095 -4.687593
v -7.807770 0.325287 2.410178
v -7.513021 0.223751 2.381515
v -7.519404 -0.088884 2.120841
v -8.250716 -4.654597 3.899524
v -9.809237 -3.227783 0.826864
v -10.301859 -3.630116 0.685864
v -5.378242 -3.397853 -2.551560
v -5.015158 -2.959486 -2.910180
v -5.391012 -3.371663 -3.055147
v -10.301859 -3.630116 0.685864
v -9.822552 -3.040629 0.201213
v -10.315205 -3.442933 0.060203
v -1.536048 -4.811646 6.947666
v -4.381634 -4.630945 5.726653
v -4.573564 -5.194780 5.974682
v -10.667154 -6.126411 -0.580973
v -8.250716 -4.654597 3.899524
v -10.301859 -3.630116 0.685864
v -3.760656 -3.780794 -6.441143
v -0.308055 0.544324 -8.392555
v -0.300510 -2.348618 -9.182404
v -2.166324 -7.418307 6.233582
v 0.274419 -3.740718 7.138515
v -1.536048 -4.811646 6.947666
v -10.667154 -6.126411 -0.580973
v -10.315205 -3.442933 0.060203
v -10.680481 -5.939259 -1.206634
v -5.203829 -7.801461 5.260608
v -8.250716 -4.654597 3.899524
v -8.861690 -7.701914 3.585413
v -10.680481 -5.939259 -1.206634
v -9.187177 -3.070394 -0.715205
v -9.546628 -5.561090 -1.809566
v -9.546628 -5.561090 -1.809566
v -9.187177 -3.070394 -0.715205
v -5.812179 -5.332356 -3.234606
v -2.166324 -7.418307 6.233582
v -4.573564 -5.194780 5.974682
v -5.203829 -7.801461 5.260608
v -7.519404 -0.088884 2.120841
v -5.845033 -0.207290 2.821742
v -5.091476 -0.982095 1.597342
v -9.279203 -7.996975 3.337242
v -5.203829 -7.801461 5.260608
v -8.861690 -7.701914 3.585413
v -2.314835 -7.971103 6.472378
v -5.203829 -7.801461 5.260608
v -5.352359 -8.354247 5.499414
v -11.097018 -6.309434 -1.454478
v -9.546628 -5.561090 -1.809566
v -9.871315 -5.859286 -2.223348
v -2.314835 -7.971103 6.472378
v 0.294476 -6.362408 6.619444
v -2.166324 -7.418307 6.233582
v -9.871315 -5.859286 -2.223348
v -5.812179 -5.332356 -3.234606
v -6.181952 -5.689193 -3.432064
v -9.279203 -7.996975 3.337242
v -10.667154 -6.126411 -0.580973
v -11.083702 -6.496607 -0.828817
v -3.851637 -3.963309 -6.912910
v -0.300510 -2.348618 -9.182404
v -0.309491 -2.542154 -9.566391
v -11.315215 -8.115502 -1.550157
v -11.097018 -6.309434 -1.454478
v -11.328542 -7.928349 -2.175817
v -2.349450 -10.464460 4.908949
v -5.352359 -8.354247 5.499414
v -5.769789 -10.548399 4.078557
v -5.769789 -10.548399 4.078557
v -9.279203 -7.996975 3.337242
v -9.132221 -9.586864 1.372663
v 0.309248 -9.658035 5.708616
v -2.314835 -7.971103 6.472378
v -2.349450 -10.464460 4.908949
v -11.328542 -7.928349 -2.175817
v -11.097018 -6.309434 -1.454478
v -10.305295 -7.671485 -3.074165
v -11.756525 -8.351913 -2.426322
v -10.305295 -7.671485 -3.074165
v -10.637390 -8.120061 -3.513369
v -10.637390 -8.120061 -3.513369
v -6.584708 -7.200462 -4.170719
v -6.816360 -7.640113 -4.764723
v -9.447618 -10.084283 1.402432
v -11.315215 -8.115502 -1.550157
v -11.743190 -8.539076 -1.800671
v -2.345579 -10.957820 4.927798
v -5.769789 -10.548399 4.078557
v -5.765918 -11.041779 4.097366
v -11.743190 -8.539076 -1.800671
v -11.328542 -7.928349 -2.175817
v -11.756525 -8.351913 -2.426322
v -4.062339 -6.490029 -7.936893
v -0.281687 -5.532301 -9.925901
v -0.280914 -5.894687 -9.948822
v 0.313109 -10.151405 5.727456
v -2.349450 -10.464460 4.908949
v -2.345579 -10.957820 4.927798
v -4.573564 -5.194780 5.974682
v -7.794081 -4.086498 3.860135
v -8.250716 -4.654597 3.899524
v -5.765918 -11.041779 4.097366
v -9.132221 -9.586864 1.372663
v -9.447618 -10.084283 1.402432
v -11.083702 -6.496607 -0.828817
v -10.680481 -5.939259 -1.206634
v -11.097018 -6.309434 -1.454478
v -0.308055 0.544324 -8.392555
v -3.241368 -0.951850 -5.455441
v -0.293294 0.720435 -7.899679
v -10.315205 -3.442933 0.060203
v -8.858311 -2.848264 -0.380500
v -9.187177 -3.070394 -0.715205
v -5.305937 -13.365709 1.491492
v -5.765918 -11.041779 4.097366
v -8.916335 -11.954340 -0.177214
v -9.748573 -9.883589 -3.859657
v -11.756525 -8.351913 -2.426322
v -10.637390 -8.120061 -3.513369
v -9.748573 -9.883589 -3.859657
v -6.816360 -7.640113 -4.764723
v -6.580379 -9.117353 -4.754027
v -10.843106 -10.261392 -1.803642
v -9.447618 -10.084283 1.402432
v -11.743190 -8.539076 -1.800671
v -2.380791 -13.609720 2.829594
v -5.765918 -11.041779 4.097366
v -5.305937 -13.365709 1.491492
v -10.843106 -10.261392 -1.803642
v -11.756525 -8.351913 -2.426322
v -10.856432 -10.074229 -2.429303
v -2.380791 -13.609720 2.829594
v 0.313109 -10.151405 5.727456
v -2.345579 -10.957820 4.927798
v -8.195626 -11.139170 -5.883785
v -6.592834 -9.543666 -5.265090
v -2.519166 -10.373838 -4.774840
v -8.165930 -11.623013 -5.749205
v -9.829485 -10.310014 -4.191189
v -8.195626 -11.139170 -5.883785
v -5.304176 -13.837985 1.378268
v -5.305937 -13.365709 1.491492
v -8.989107 -12.427544 -0.287865
v -10.937384 -10.500674 -2.760842
v -9.748573 -9.883589 -3.859657
v -9.829485 -10.310014 -4.191189
v -9.829485 -10.310014 -4.191189
v -6.580379 -9.117353 -4.754027
v -6.592834 -9.543666 -5.265090
v -8.989107 -12.427544 -0.287865
v -10.843106 -10.261392 -1.803642
v -10.924068 -10.687798 -2.135190
v -2.379040 -14.081987 2.716390
v -5.305937 -13.365709 1.491492
v -5.304176 -13.837985 1.378268
v -10.924068 -10.687798 -2.135190
v -10.856432 -10.074229 -2.429303
v -10.937384 -10.500674 -2.760842
v 0.293755 -13.118032 4.112208
v -2.380791 -13.609720 2.829594
v -2.379040 -14.081987 2.716390
v -7.162909 -8.648534 -5.866883
v -7.299099 -9.209036 -5.865821
v -2.519166 -10.373838 -4.774840
v -6.912257 -8.233539 -5.776282
v -7.162909 -8.648534 -5.866883
v -2.519166 -10.373838 -4.774840
v -0.115924 -7.353043 -6.133583
v -1.652999 -9.051523 -5.543606
v -0.061083 -9.181899 -5.211389
v -2.519166 -10.373838 -4.774840
v -3.007892 -8.939037 -5.622047
v -3.236703 -8.920037 -5.635298
v -3.746033 -7.610254 -9.923883
v -3.870565 -7.181512 -9.657820
v -1.532410 -6.164865 -13.090549
v -8.641597 -11.658863 -4.837065
v -8.624338 -11.610785 -4.964039
v -8.950949 -12.520845 -4.703266
v -8.165930 -11.623013 -5.749205
v -8.195626 -11.139170 -5.883785
v -5.578444 -12.036882 -7.809591
v -4.986530 -14.767682 -3.449142
v -4.981321 -15.195233 -0.555538
v -5.525169 -14.692608 -2.882485
v -7.486361 -10.115336 -5.903841
v -5.467752 -9.627696 -7.630255
v -5.490719 -10.355049 -7.820871
v -5.490719 -10.355049 -7.820871
v -7.659234 -10.662937 -5.817810
v -7.486361 -10.115336 -5.903841
v -5.578444 -12.036882 -7.809591
v -8.195626 -11.139170 -5.883785
v -5.498679 -10.916131 -7.820992
v -2.444775 -15.816099 -0.012851
v 0.174933 -16.004911 -0.413410
v 0.240593 -15.369360 1.738384
v -10.305295 -7.671485 -3.074165
v -9.871315 -5.859286 -2.223348
v -6.584708 -7.200462 -4.170719
v -2.519166 -10.373838 -4.774840
v -7.659234 -10.662937 -5.817810
v -8.195626 -11.139170 -5.883785
v -8.641597 -11.658863 -4.837065
v -10.937384 -10.500674 -2.760842
v -8.624338 -11.610785 -4.964039
v -6.187254 -7.863147 -6.258438
v -6.473023 -8.105227 -6.513027
v -6.912257 -8.233539 -5.776282
v -3.508527 -10.401784 -11.258312
v -3.483324 -9.785933 -11.517654
v -3.243139 -10.322142 -11.372713
v -4.000366 -11.719725 -9.567558
v -4.621101 -11.435872 -9.153103
v -4.091590 -11.617058 -9.730085
v -4.586846 -10.081575 -9.767012
v -4.065729 -9.694781 -10.958790
v -4.539575 -10.166681 -9.898336
v -3.486176 -11.159336 -10.569553
v -3.508527 -10.401784 -11.258312
v -3.324747 -11.184144 -10.597689
v -4.215574 -10.710540 -10.481295
v -4.065729 -9.694781 -10.958790
v -3.508527 -10.401784 -11.258312
v -4.621101 -11.435872 -9.153103
v -4.649405 -10.883112 -9.438240
v -4.091590 -11.617058 -9.730085
v -4.649405 -10.883112 -9.438240
v -4.539575 -10.166681 -9.898336
v -4.215574 -10.710540 -10.481295
v -4.091590 -11.617058 -9.730085
v -4.215574 -10.710540 -10.481295
v -3.486176 -11.159336 -10.569553
v -3.243139 -10.322142 -11.372713
v -3.153190 -9.642583 -11.688385
v -3.917887 -10.863854 -11.746386
v -4.091590 -11.617058 -9.730085
v -3.486176 -11.159336 -10.569553
v -4.000366 -11.719725 -9.567558
v -3.324747 -11.184144 -10.597689
v -3.243139 -10.322142 -11.372713
v -4.389112 -11.565158 -11.069582
v -5.132137 -12.395285 -9.932598
v -3.324747 -11.184144 -10.597689
v -4.826054 -12.090343 -10.406254
v -5.472013 -12.614279 -9.476374
v -4.000366 -11.719725 -9.567558
v -5.132137 -12.395285 -9.932598
v -3.957856 -9.488384 -10.966213
v -3.483324 -9.785933 -11.517654
v -4.065729 -9.694781 -10.958790
v -6.234802 -12.878305 -8.724731
v -4.696676 -11.738394 -8.964279
v -5.472013 -12.614279 -9.476374
v -6.772576 -12.885736 -8.247208
v -5.578444 -12.036882 -7.809591
v -6.234802 -12.878305 -8.724731
v -4.586846 -10.081575 -9.767012
v -4.475924 -9.747322 -9.735176
v -3.957856 -9.488384 -10.966213
v -4.649405 -10.883112 -9.438240
v -4.621101 -11.435872 -9.153103
v -4.715685 -10.859033 -9.168737
v -5.498679 -10.916131 -7.820992
v -5.490719 -10.355049 -7.820871
v -4.715685 -10.859033 -9.168737
v -2.941690 -6.609793 -10.294312
v -0.196967 -6.531592 -8.193808
v -0.279017 -6.241238 -10.480999
v -2.029591 -14.355608 -8.730232
v -4.529088 -14.014530 -8.283819
v -2.132244 -12.263802 -10.950150
v -0.128496 -14.539050 -8.724564
v -2.029591 -14.355608 -8.730232
v -0.238634 -12.469607 -11.171295
v 0.077140 -16.060743 -3.288282
v -1.824444 -15.889790 -3.312492
v -0.128496 -14.539050 -8.724564
v -2.393452 -8.361272 -13.548145
v -0.389470 -8.197833 -13.988516
v -2.132244 -12.263802 -10.950150
v -2.132244 -12.263802 -10.950150
v -4.389112 -11.565158 -11.069582
v -3.917887 -10.863854 -11.746386
v -4.826054 -12.090343 -10.406254
v -4.389112 -11.565158 -11.069582
v -2.132244 -12.263802 -10.950150
v -2.393452 -8.361272 -13.548145
v -3.153190 -9.642583 -11.688385
v -2.130141 -7.859279 -13.443506
v -3.743615 -9.130084 -11.547972
v -3.957856 -9.488384 -10.966213
v -4.148923 -9.410839 -10.633905
v -4.539575 -10.166681 -9.898336
v -4.649405 -10.883112 -9.438240
v -4.586846 -10.081575 -9.767012
v -5.578444 -12.036882 -7.809591
v -5.498679 -10.916131 -7.820992
v -4.696676 -11.738394 -8.964279
v -6.234802 -12.878305 -8.724731
v -5.175408 -13.916029 -7.724005
v -6.772576 -12.885736 -8.247208
v -5.472013 -12.614279 -9.476374
v -5.175408 -13.916029 -7.724005
v -6.234802 -12.878305 -8.724731
v -5.132137 -12.395285 -9.932598
v -4.529088 -14.014530 -8.283819
v -5.472013 -12.614279 -9.476374
v -4.826054 -12.090343 -10.406254
v -4.529088 -14.014530 -8.283819
v -5.132137 -12.395285 -9.932598
v -3.405517 -15.606602 -3.393264
v -4.986530 -14.767682 -3.449142
v -4.529088 -14.014530 -8.283819
v -0.413495 -6.955153 -14.228964
v -1.497524 -6.177105 -13.786224
v -0.394220 -5.962728 -13.739164
v -8.825632 -12.899513 -3.529084
v -4.978694 -14.826065 -0.341756
v -8.836094 -12.220163 -3.314104
v -8.165930 -11.623013 -5.749205
v -8.514894 -12.416603 -5.786695
v -8.624338 -11.610785 -4.964039
v -8.641597 -11.658863 -4.837065
v -8.825632 -12.899513 -3.529084
v -8.836094 -12.220163 -3.314104
v -9.132221 -9.586864 1.372663
v -11.083702 -6.496607 -0.828817
v -11.315215 -8.115502 -1.550157
v -1.532410 -6.164865 -13.090549
v -0.279017 -6.241238 -10.480999
v -0.394220 -5.962728 -13.739164
v -3.870565 -7.181512 -9.657820
v -3.687949 -7.088922 -7.612431
v -2.941690 -6.609793 -10.294312
v -2.130141 -7.859279 -13.443506
v -3.153190 -9.642583 -11.688385
v -3.743615 -9.130084 -11.547972
v -1.824444 -15.889790 -3.312492
v -2.444775 -15.816099 -0.012851
v -3.405517 -15.606602 -3.393264
v -8.165930 -11.623013 -5.749205
v -10.937384 -10.500674 -2.760842
v -9.829485 -10.310014 -4.191189
v 0.243474 -14.998200 1.959890
v -2.379040 -14.081987 2.716390
v -2.442158 -15.446940 0.200933
v -4.978694 -14.826065 -0.341756
v -4.981321 -15.195233 -0.555538
v -2.442158 -15.446940 0.200933
v 0.240593 -15.369360 1.738384
v 0.243474 -14.998200 1.959890
v -2.444775 -15.816099 -0.012851
v -1.824444 -15.889790 -3.312492
v -3.405517 -15.606602 -3.393264
v -2.029591 -14.355608 -8.730232
v -5.467752 -9.627696 -7.630255
v -5.233603 -7.966457 -7.476244
v -3.746033 -7.610254 -9.923883
v -2.046475 -7.721787 -13.826092
v -0.404404 -7.453392 -14.148701
v -2.393452 -8.361272 -13.548145
v -1.713252 -6.790884 -13.965149
v -0.413495 -6.955153 -14.228964
v -2.046475 -7.721787 -13.826092
v -2.046475 -7.721787 -13.826092
v -0.413495 -6.955153 -14.228964
v -0.404404 -7.453392 -14.148701
v -3.917887 -10.863854 -11.746386
v -3.153190 -9.642583 -11.688385
v -2.393452 -8.361272 -13.548145
v -3.668859 -7.109643 -7.063255
v -6.473023 -8.105227 -6.513027
v -6.187254 -7.863147 -6.258438
v -4.475924 -9.747322 -9.735176
v -5.490719 -10.355049 -7.820871
v -5.467752 -9.627696 -7.630255
v -5.525169 -14.692608 -2.882485
v -8.950949 -12.520845 -4.703266
v -5.809270 -13.770384 -5.910059
v -3.405517 -15.606602 -3.393264
v -4.981321 -15.195233 -0.555538
v -4.986530 -14.767682 -3.449142
v -3.687949 -7.088922 -7.612431
v -3.668859 -7.109643 -7.063255
v -0.196967 -6.531592 -8.193808
v -7.299099 -9.209036 -5.865821
v -7.486361 -10.115336 -5.903841
v -2.519166 -10.373838 -4.774840
v -3.743615 -9.130084 -11.547972
v -3.746033 -7.610254 -9.923883
v -2.130141 -7.859279 -13.443506
v -2.130141 -7.859279 -13.443506
v -3.746033 -7.610254 -9.923883
v -1.713252 -6.790884 -13.965149
v -3.743615 -9.130084 -11.547972
v -4.148923 -9.410839 -10.633905
v -3.746033 -7.610254 -9.923883
v -4.148923 -9.410839 -10.633905
v -4.475924 -9.747322 -9.735176
v -3.746033 -7.610254 -9.923883
v -5.809270 -13.770384 -5.910059
v -4.986530 -14.767682 -3.449142
v -5.525169 -14.692608 -2.882485
v -8.514894 -12.416603 -5.786695
v -5.809270 -13.770384 -5.910059
v -8.950949 -12.520845 -4.703266
v -8.950949 -12.520845 -4.703266
v -8.624338 -11.610785 -4.964039
v -8.514894 -12.416603 -5.786695
v -7.299099 -9.209036 -5.865821
v -5.467752 -9.627696 -7.630255
v -7.486361 -10.115336 -5.903841
v -5.498679 -10.916131 -7.820992
v -7.659234 -10.662937 -5.817810
v -5.490719 -10.355049 -7.820871
v -5.498679 -10.916131 -7.820992
v -8.195626 -11.139170 -5.883785
v -7.659234 -10.662937 -5.817810
v -5.578444 -12.036882 -7.809591
v -6.772576 -12.885736 -8.247208
v -8.165930 -11.623013 -5.749205
v -6.473023 -8.105227 -6.513027
v -5.233603 -7.966457 -7.476244
v -7.162909 -8.648534 -5.866883
v -4.089119 -6.104098 -7.836767
v -0.309491 -2.542154 -9.566391
v -0.281687 -5.532301 -9.925901
v -3.668859 -7.109643 -7.063255
v -3.285910 -7.263706 -6.456761
v -0.162800 -6.868902 -7.322203
v -4.978694 -14.826065 -0.341756
v -8.989107 -12.427544 -0.287865
v -8.836094 -12.220163 -3.314104
v -6.912257 -8.233539 -5.776282
v -6.552086 -7.933148 -5.657064
v -6.187254 -7.863147 -6.258438
v -6.912257 -8.233539 -5.776282
v -6.473023 -8.105227 -6.513027
v -7.162909 -8.648534 -5.866883
v -8.825632 -12.899513 -3.529084
v -8.950949 -12.520845 -4.703266
v -5.525169 -14.692608 -2.882485
v -3.243139 -10.322142 -11.372713
v -3.483324 -9.785933 -11.517654
v -3.153190 -9.642583 -11.688385
v -4.696676 -11.738394 -8.964279
v -4.621101 -11.435872 -9.153103
v -4.000366 -11.719725 -9.567558
v -3.957856 -9.488384 -10.966213
v -4.065729 -9.694781 -10.958790
v -4.586846 -10.081575 -9.767012
v -3.324747 -11.184144 -10.597689
v -3.508527 -10.401784 -11.258312
v -3.243139 -10.322142 -11.372713
v -3.508527 -10.401784 -11.258312
v -4.065729 -9.694781 -10.958790
v -3.483324 -9.785933 -11.517654
v -4.091590 -11.617058 -9.730085
v -4.649405 -10.883112 -9.438240
v -4.215574 -10.710540 -10.481295
v -4.215574 -10.710540 -10.481295
v -4.539575 -10.166681 -9.898336
v -4.065729 -9.694781 -10.958790
v -3.486176 -11.159336 -10.569553
v -4.215574 -10.710540 -10.481295
v -3.508527 -10.401784 -11.258312
v -4.000366 -11.719725 -9.567558
v -3.486176 -11.159336 -10.569553
v -3.324747 -11.184144 -10.597689
v -4.389112 -11.565158 -11.069582
v -3.243139 -10.322142 -11.372713
v -3.917887 -10.863854 -11.746386
v -4.826054 -12.090343 -10.406254
v -3.324747 -11.184144 -10.597689
v -4.389112 -11.565158 -11.069582
v -5.132137 -12.395285 -9.932598
v -4.000366 -11.719725 -9.567558
v -3.324747 -11.184144 -10.597689
v -3.153190 -9.642583 -11.688385
v -3.483324 -9.785933 -11.517654
v -3.957856 -9.488384 -10.966213
v -5.472013 -12.614279 -9.476374
v -4.696676 -11.738394 -8.964279
v -4.000366 -11.719725 -9.567558
v -6.234802 -12.878305 -8.724731
v -5.578444 -12.036882 -7.809591
v -4.696676 -11.738394 -8.964279
v -3.957856 -9.488384 -10.966213
v -4.475924 -9.747322 -9.735176
v -4.148923 -9.410839 -10.633905
v -4.715685 -10.859033 -9.168737
v -4.621101 -11.435872 -9.153103
v -4.696676 -11.738394 -8.964279
v -4.715685 -10.859033 -9.168737
v -5.490719 -10.355049 -7.820871
v -4.586846 -10.081575 -9.767012
v -3.687949 -7.088922 -7.612431
v -5.233603 -7.966457 -7.476244
v -6.473023 -8.105227 -6.513027
v -3.870565 -7.181512 -9.657820
v -2.941690 -6.609793 -10.294312
v -1.532410 -6.164865 -13.090549
v -3.687949 -7.088922 -7.612431
v -0.196967 -6.531592 -8.193808
v -2.941690 -6.609793 -10.294312
v -2.132244 -12.263802 -10.950150
v -4.529088 -14.014530 -8.283819
v -4.826054 -12.090343 -10.406254
v -0.238634 -12.469607 -11.171295
v -2.029591 -14.355608 -8.730232
v -2.132244 -12.263802 -10.950150
v -0.128496 -14.539050 -8.724564
v -1.824444 -15.889790 -3.312492
v -2.029591 -14.355608 -8.730232
v -2.132244 -12.263802 -10.950150
v -0.389470 -8.197833 -13.988516
v -0.238634 -12.469607 -11.171295
v -2.132244 -12.263802 -10.950150
v -3.917887 -10.863854 -11.746386
v -2.393452 -8.361272 -13.548145
v -2.046475 -7.721787 -13.826092
v -2.393452 -8.361272 -13.548145
v -2.130141 -7.859279 -13.443506
v -3.153190 -9.642583 -11.688385
v -3.957856 -9.488384 -10.966213
v -3.743615 -9.130084 -11.547972
v -4.586846 -10.081575 -9.767012
v -4.649405 -10.883112 -9.438240
v -4.715685 -10.859033 -9.168737
v -4.696676 -11.738394 -8.964279
v -5.498679 -10.916131 -7.820992
v -4.715685 -10.859033 -9.168737
v -5.175408 -13.916029 -7.724005
v -5.809270 -13.770384 -5.910059
v -6.772576 -12.885736 -8.247208
v -4.529088 -14.014530 -8.283819
v -5.175408 -13.916029 -7.724005
v -5.472013 -12.614279 -9.476374
v -4.529088 -14.014530 -8.283819
v -4.986530 -14.767682 -3.449142
v -5.175408 -13.916029 -7.724005
v -1.532410 -6.164865 -13.090549
v -0.394220 -5.962728 -13.739164
v -1.497524 -6.177105 -13.786224
v -1.713252 -6.790884 -13.965149
v -1.497524 -6.177105 -13.786224
v -0.413495 -6.955153 -14.228964
v -1.532410 -6.164865 -13.090549
v -1.497524 -6.177105 -13.786224
v -1.713252 -6.790884 -13.965149
v -8.836094 -12.220163 -3.314104
v -10.924068 -10.687798 -2.135190
v -8.641597 -11.658863 -4.837065
v -4.981321 -15.195233 -0.555538
v -4.978694 -14.826065 -0.341756
v -8.825632 -12.899513 -3.529084
v -5.525169 -14.692608 -2.882485
v -4.981321 -15.195233 -0.555538
v -8.825632 -12.899513 -3.529084
v -6.772576 -12.885736 -8.247208
v -8.514894 -12.416603 -5.786695
v -8.165930 -11.623013 -5.749205
v -6.772576 -12.885736 -8.247208
v -5.809270 -13.770384 -5.910059
v -8.514894 -12.416603 -5.786695
v -8.950949 -12.520845 -4.703266
v -8.825632 -12.899513 -3.529084
v -8.641597 -11.658863 -4.837065
v -3.263052 -7.451085 -5.859538
v -6.552086 -7.933148 -5.657064
v -3.236703 -8.920037 -5.635298
v -2.519166 -10.373838 -4.774840
v -3.236703 -8.920037 -5.635298
v -6.552086 -7.933148 -5.657064
v -2.941690 -6.609793 -10.294312
v -0.279017 -6.241238 -10.480999
v -1.532410 -6.164865 -13.090549
v -3.746033 -7.610254 -9.923883
v -1.532410 -6.164865 -13.090549
v -1.713252 -6.790884 -13.965149
v -5.233603 -7.966457 -7.476244
v -3.687949 -7.088922 -7.612431
v -3.870565 -7.181512 -9.657820
v -5.233603 -7.966457 -7.476244
v -3.870565 -7.181512 -9.657820
v -3.746033 -7.610254 -9.923883
v -1.824444 -15.889790 -3.312492
v 0.077140 -16.060743 -3.288282
v 0.174933 -16.004911 -0.413410
v -2.442158 -15.446940 0.200933
v -5.304176 -13.837985 1.378268
v -4.978694 -14.826065 -0.341756
v -2.442158 -15.446940 0.200933
v -4.981321 -15.195233 -0.555538
v -2.444775 -15.816099 -0.012851
v -2.444775 -15.816099 -0.012851
v 0.243474 -14.998200 1.959890
v -2.442158 -15.446940 0.200933
v -2.029591 -14.355608 -8.730232
v -3.405517 -15.606602 -3.393264
v -4.529088 -14.014530 -8.283819
v -7.299099 -9.209036 -5.865821
v -5.233603 -7.966457 -7.476244
v -5.467752 -9.627696 -7.630255
v -5.233603 -7.966457 -7.476244
v -7.299099 -9.209036 -5.865821
v -7.162909 -8.648534 -5.866883
v -2.393452 -8.361272 -13.548145
v -0.404404 -7.453392 -14.148701
v -0.389470 -8.197833 -13.988516
v -2.130141 -7.859279 -13.443506
v -1.713252 -6.790884 -13.965149
v -2.046475 -7.721787 -13.826092
v -6.552086 -7.933148 -5.657064
v -6.912257 -8.233539 -5.776282
v -2.519166 -10.373838 -4.774840
v -3.687949 -7.088922 -7.612431
v -6.473023 -8.105227 -6.513027
v -3.668859 -7.109643 -7.063255
v -4.586846 -10.081575 -9.767012
v -5.490719 -10.355049 -7.820871
v -4.475924 -9.747322 -9.735176
v -2.444775 -15.816099 -0.012851
v -4.981321 -15.195233 -0.555538
v -3.405517 -15.606602 -3.393264
v -0.196967 -6.531592 -8.193808
v -3.668859 -7.109643 -7.063255
v -0.162800 -6.868902 -7.322203
v -7.659234 -10.662937 -5.817810
v -2.519166 -10.373838 -4.774840
v -7.486361 -10.115336 -5.903841
v -4.475924 -9.747322 -9.735176
v -5.467752 -9.627696 -7.630255
v -3.746033 -7.610254 -9.923883
v -5.175408 -13.916029 -7.724005
v -4.986530 -14.767682 -3.449142
v -5.809270 -13.770384 -5.910059
v 1.443949 -7.362542 -6.179522
v 2.798625 -7.369808 -6.068331
v 3.003679 -7.183765 -6.672291
v 0.141439 3.437054 5.801914
v 0.190324 0.464100 6.087589
v 1.993745 1.465866 5.702578
v 1.993745 1.465866 5.702578
v 2.038269 -0.982212 5.979040
v 3.787519 0.855605 5.037610
v 6.680424 0.488383 3.611121
v 6.981597 -0.674814 3.044801
v 8.238513 0.425532 2.506969
v 7.634348 0.416273 1.862462
v 7.139568 1.124636 2.329875
v 7.669868 1.116360 2.366564
v 0.066318 6.071172 4.700894
v 0.125923 3.838176 5.535453
v 1.907372 4.317424 4.586967
v 4.844150 2.579016 4.094267
v 6.354449 0.956795 3.335803
v 6.667942 1.683077 3.339911
v 7.367247 1.361276 2.639670
v 6.817009 1.846897 2.926261
v 6.667942 1.683077 3.339911
v 2.948281 -0.301689 4.932291
v 3.047794 -1.603365 3.732712
v 0.164219 -0.541554 4.993093
v 3.824327 -1.302526 5.196713
v 4.048326 -1.823307 5.587584
v 6.981597 -0.674814 3.044801
v 4.048326 -1.823307 5.587584
v 4.863492 -4.513470 5.409858
v 7.205606 -1.195604 3.435663
v 0.214513 0.014859 6.564953
v 0.263674 -3.179469 6.897442
v 2.056007 -1.574162 6.338760
v 3.299014 -7.221322 -6.017578
v -0.132463 -7.232026 -6.239642
v 3.657090 -6.391906 -8.201408
v 5.694701 -5.186095 -3.628905
v 6.059043 -5.533622 -3.851543
v 5.626371 -5.146428 -4.111013
v 6.448526 -7.034811 -4.617319
v 6.650066 -7.468957 -5.226175
v 6.340236 -6.979292 -5.084741
v 2.798625 -7.369808 -6.068331
v 2.826056 -8.864899 -5.821937
v 3.052877 -8.840097 -5.850817
v 6.059043 -5.533622 -3.851543
v 6.448526 -7.034811 -4.617319
v 5.978573 -5.477715 -4.316728
v 3.452893 -3.870480 -7.163225
v 3.389815 -3.689913 -6.686184
v 5.626371 -5.146428 -4.111013
v -0.115924 -7.353043 -6.133583
v 1.443949 -7.362542 -6.179522
v -0.162800 -6.868902 -7.322203
v 0.263674 -3.179469 6.897442
v 0.274419 -3.740718 7.138515
v 2.098188 -4.204069 6.581689
v 8.125278 -3.884165 3.314621
v 8.597820 -4.440463 3.322190
v 9.905646 -2.977218 0.151316
v 9.905646 -2.977218 0.151316
v 10.397535 -3.367028 -0.023440
v 9.871375 -2.790332 -0.473634
v 10.397535 -3.367028 -0.023440
v 10.738524 -5.854348 -1.314469
v 10.363263 -3.180112 -0.648379
v 5.694701 -5.186095 -3.628905
v 5.259564 -3.262648 -2.916082
v 9.175728 -2.836993 -1.344427
v 2.113666 -4.765248 6.822594
v 2.759549 -7.355710 6.064785
v 5.086209 -5.072005 5.643673
v 2.759549 -7.355710 6.064785
v 2.938070 -7.904339 6.292389
v 5.732093 -7.662467 4.885865
v 11.146370 -6.214055 -1.590578
v 11.369005 -7.827188 -2.327461
v 11.112098 -6.027179 -2.215507
v 2.938070 -7.904339 6.292389
v 2.928884 -10.397383 4.728088
v 5.910603 -8.211097 5.113459
v 10.246209 -7.410278 -3.778390
v 9.825621 -5.608941 -2.898298
v 11.112098 -6.027179 -2.215507
v 2.928884 -10.397383 4.728088
v 2.938823 -10.890656 4.746708
v 6.285403 -10.395179 3.665470
v 11.369005 -7.827188 -2.327461
v 11.789448 -8.239988 -2.607049
v 11.334733 -7.640302 -2.952410
v 0.309248 -9.658035 5.708616
v 0.313109 -10.151405 5.727456
v 2.928884 -10.397383 4.728088
v 10.738524 -5.854348 -1.314469
v 11.146370 -6.214055 -1.590578
v 10.704234 -5.667461 -1.939407
v 9.167935 -11.724491 -0.796903
v 9.758462 -9.840186 0.744301
v 6.295341 -10.888472 3.684089
v 11.789448 -8.239988 -2.607049
v 10.935281 -9.984581 -2.549914
v 11.755165 -8.053082 -3.231997
v 9.244967 -12.195790 -0.912682
v 9.167935 -11.724491 -0.796903
v 5.717213 -13.225607 1.113761
v 10.901009 -9.797695 -3.174863
v 10.969872 -10.222245 -3.511531
v 9.693346 -9.636484 -4.525860
v 2.897662 -13.542632 2.648729
v 2.900140 -14.014889 2.535492
v 5.717213 -13.225607 1.113761
v 10.935281 -9.984581 -2.549914
v 11.004152 -10.409092 -2.886585
v 10.901009 -9.797695 -3.174863
v 0.292203 -12.645763 4.225406
v 0.293755 -13.118032 4.112208
v 2.897662 -13.542632 2.648729
v 6.448526 -7.034811 -4.617319
v 6.059043 -5.533622 -3.851543
v 9.825621 -5.608941 -2.898298
v 2.900140 -14.014889 2.535492
v 2.825563 -15.379988 0.020422
v 5.719701 -13.697863 1.000504
v 9.244967 -12.195790 -0.912682
v 8.879962 -11.994994 -3.921185
v 11.004152 -10.409092 -2.886585
v 5.719701 -13.697863 1.000504
v 5.302447 -14.695393 -0.694051
v 9.244967 -12.195790 -0.912682
v 3.452893 -3.870480 -7.163225
v 3.680859 -6.005342 -8.103025
v -0.309491 -2.542154 -9.566391
v 0.293755 -13.118032 4.112208
v 0.243474 -14.998200 1.959890
v 2.900140 -14.014889 2.535492
v 8.540388 -11.392632 -5.552226
v 8.029771 -11.417168 -6.304181
v 10.969872 -10.222245 -3.511531
v 9.669925 -7.756134 2.687919
v 9.429223 -9.350951 0.736613
v 11.146370 -6.214055 -1.590578
v 11.004152 -10.409092 -2.886585
v 8.567502 -11.440138 -5.426775
v 10.969872 -10.222245 -3.511531
v 2.252761 -10.313293 -4.961004
v 2.433043 -10.310906 -4.944548
v 2.826056 -8.864899 -5.821937
v 1.443949 -7.362542 -6.179522
v -0.115924 -7.353043 -6.133583
v 1.483021 -9.011664 -5.651068
v 9.167935 -11.724491 -0.796903
v 9.244967 -12.195790 -0.912682
v 10.935281 -9.984581 -2.549914
v 9.693346 -9.636484 -4.525860
v 9.762198 -10.061006 -4.862530
v 6.452945 -8.951712 -5.200641
v 9.762198 -10.061006 -4.862530
v 8.037910 -10.932842 -6.440061
v 6.441218 -9.378004 -5.711718
v 0.292203 -12.645763 4.225406
v 2.897662 -13.542632 2.648729
v 0.313109 -10.151405 5.727456
v 2.938823 -10.890656 4.746708
v 2.897662 -13.542632 2.648729
v 6.295341 -10.888472 3.684089
v 9.167935 -11.724491 -0.796903
v 10.935281 -9.984581 -2.549914
v 9.758462 -9.840186 0.744301
v 10.558737 -7.850660 -4.239704
v 9.693346 -9.636484 -4.525860
v 6.650066 -7.468957 -5.226175
v 10.901009 -9.797695 -3.174863
v 9.693346 -9.636484 -4.525860
v 11.755165 -8.053082 -3.231997
v 9.871375 -2.790332 -0.473634
v 10.363263 -3.180112 -0.648379
v 8.864992 -2.623013 -0.987806
v 3.070192 -1.176453 -5.830042
v -0.308055 0.544324 -8.392555
v 2.867567 -0.874206 -5.664770
v 6.285403 -10.395179 3.665470
v 6.295341 -10.888472 3.684089
v 9.429223 -9.350951 0.736613
v 4.863492 -4.513470 5.409858
v 5.086209 -5.072005 5.643673
v 8.125278 -3.884165 3.314621
v 3.680859 -6.005342 -8.103025
v 3.657090 -6.391906 -8.201408
v -0.281687 -5.532301 -9.925901
v 9.429223 -9.350951 0.736613
v 9.758462 -9.840186 0.744301
v 11.369005 -7.827188 -2.327461
v 10.246209 -7.410278 -3.778390
v 10.558737 -7.850660 -4.239704
v 6.448526 -7.034811 -4.617319
v 11.334733 -7.640302 -2.952410
v 11.755165 -8.053082 -3.231997
v 10.246209 -7.410278 -3.778390
v 0.306352 -6.913166 6.852752
v 0.309248 -9.658035 5.708616
v 2.938070 -7.904339 6.292389
v 5.910603 -8.211097 5.113459
v 6.285403 -10.395179 3.665470
v 9.669925 -7.756134 2.687919
v 3.389815 -3.689913 -6.686184
v 3.452893 -3.870480 -7.163225
v -0.300510 -2.348618 -9.182404
v 9.263018 -7.471551 2.964345
v 9.669925 -7.756134 2.687919
v 10.738524 -5.854348 -1.314469
v 9.522532 -5.318723 -2.462990
v 9.825621 -5.608941 -2.898298
v 5.694701 -5.186095 -3.628905
v 0.306352 -6.913166 6.852752
v 2.938070 -7.904339 6.292389
v 0.294476 -6.362408 6.619444
v 10.704234 -5.667461 -1.939407
v 11.112098 -6.027179 -2.215507
v 9.522532 -5.318723 -2.462990
v 5.910603 -8.211097 5.113459
v 9.669925 -7.756134 2.687919
v 5.732093 -7.662467 4.885865
v 7.634348 0.416273 1.862462
v 7.630835 0.103674 1.601678
v 6.011888 -0.056590 2.415463
v 10.363263 -3.180112 -0.648379
v 10.704234 -5.667461 -1.939407
v 9.175728 -2.836993 -1.344427
v 5.086209 -5.072005 5.643673
v 5.732093 -7.662467 4.885865
v 8.597820 -4.440463 3.322190
v 0.294476 -6.362408 6.619444
v 2.759549 -7.355710 6.064785
v 0.274419 -3.740718 7.138515
v 3.070192 -1.176453 -5.830042
v 3.389815 -3.689913 -6.686184
v -0.308055 0.544324 -8.392555
v 9.263018 -7.471551 2.964345
v 10.738524 -5.854348 -1.314469
v 8.597820 -4.440463 3.322190
v 2.098188 -4.204069 6.581689
v 2.113666 -4.765248 6.822594
v 4.863492 -4.513470 5.409858
v 4.679970 -2.913927 -2.669234
v 5.259564 -3.262648 -2.916082
v 4.861798 -2.833951 -3.248629
v 7.945988 0.875487 2.224281
v 7.927697 0.525273 1.870977
v 7.634348 0.416273 1.862462
v 8.864992 -2.623013 -0.987806
v 9.175728 -2.836993 -1.344427
v 4.679970 -2.913927 -2.669234
v 5.978573 -5.477715 -4.316728
v 6.340236 -6.979292 -5.084741
v 3.452893 -3.870480 -7.163225
v -0.045008 -10.343716 -5.173101
v 1.185244 -10.327428 -5.058516
v -0.061083 -9.181899 -5.211389
v 2.798625 -7.369808 -6.068331
v 1.443949 -7.362542 -6.179522
v 2.826056 -8.864899 -5.821937
v 2.798625 -7.369808 -6.068331
v 3.026528 -7.371145 -6.075057
v 3.003679 -7.183765 -6.672291
v 6.340236 -6.979292 -5.084741
v 6.546420 -7.362372 -5.521204
v 3.680859 -6.005342 -8.103025
v 5.237190 -3.236580 -3.419351
v 5.626371 -5.146428 -4.111013
v 3.070192 -1.176453 -5.830042
v 1.185244 -10.327428 -5.058516
v 2.252761 -10.313293 -4.961004
v 1.483021 -9.011664 -5.651068
v 4.861798 -2.833951 -3.248629
v 5.237190 -3.236580 -3.419351
v 2.867567 -0.874206 -5.664770
v 6.650066 -7.468957 -5.226175
v 6.452945 -8.951712 -5.200641
v 6.546420 -7.362372 -5.521204
v 5.259564 -3.262648 -2.916082
v 5.694701 -5.186095 -3.628905
v 5.237190 -3.236580 -3.419351
v 3.026528 -7.371145 -6.075057
v 6.332859 -7.769382 -6.098584
v 3.003679 -7.183765 -6.672291
v 6.546420 -7.362372 -5.521204
v 6.356101 -8.911115 -5.340271
v 3.299014 -7.221322 -6.017578
v 4.679970 -2.913927 -2.669234
v 4.861798 -2.833951 -3.248629
v 4.216970 0.007861 -3.101633
v 8.125278 -3.884165 3.314621
v 9.905646 -2.977218 0.151316
v 7.205606 -1.195604 3.435663
v 9.871375 -2.790332 -0.473634
v 8.864992 -2.623013 -0.987806
v 7.927697 0.525273 1.870977
v 2.142636 2.139097 -4.941551
v 2.867567 -0.874206 -5.664770
v -0.261321 3.694990 -5.916123
v 2.056007 -1.574162 6.338760
v 2.098188 -4.204069 6.581689
v 4.048326 -1.823307 5.587584
v 8.781647 -0.481369 1.756200
v 9.905646 -2.977218 0.151316
v 7.927697 0.525273 1.870977
v 4.861798 -2.833951 -3.248629
v 2.867567 -0.874206 -5.664770
v 4.117265 0.155229 -3.602815
v 6.011888 -0.056590 2.415463
v 5.196222 -0.851349 1.244822
v 2.948281 -0.301689 4.932291
v 2.038269 -0.982212 5.979040
v 2.056007 -1.574162 6.338760
v 3.824327 -1.302526 5.196713
v 0.214513 0.014859 6.564953
v 2.056007 -1.574162 6.338760
v 0.190324 0.464100 6.087589
v 8.781647 -0.481369 1.756200
v 7.927697 0.525273 1.870977
v 8.547729 0.007193 2.040517
v -0.088880 -1.958573 -2.981011
v 4.117265 0.155229 -3.602815
v -0.179312 0.555095 -4.687593
v 3.723346 3.202353 4.382972
v 3.767245 1.269763 4.716020
v 4.844150 2.579016 4.094267
v 2.295940 4.287744 4.144363
v 2.948281 -0.301689 4.932291
v 0.080718 5.893647 4.447769
v 1.907372 4.317424 4.586967
v 1.971340 1.901757 5.326615
v 3.723346 3.202353 4.382972
v 7.669868 1.116360 2.366564
v 7.139568 1.124636 2.329875
v 7.367247 1.361276 2.639670
v 7.205606 -1.195604 3.435663
v 8.781647 -0.481369 1.756200
v 6.981597 -0.674814 3.044801
v 6.011888 -0.056590 2.415463
v 2.948281 -0.301689 4.932291
v 4.724049 2.918274 3.641265
v 7.634348 0.416273 1.862462
v 4.724049 2.918274 3.641265
v 7.139568 1.124636 2.329875
v 3.767245 1.269763 4.716020
v 3.787519 0.855605 5.037610
v 6.354449 0.956795 3.335803
v 8.238513 0.425532 2.506969
v 7.669868 1.116360 2.366564
v 7.737725 0.846451 2.606359
v 6.354449 0.956795 3.335803
v 6.680424 0.488383 3.611121
v 7.737725 0.846451 2.606359
v 1.971340 1.901757 5.326615
v 1.993745 1.465866 5.702578
v 3.767245 1.269763 4.716020
v 0.141439 3.437054 5.801914
v 1.993745 1.465866 5.702578
v 0.125923 3.838176 5.535453
v 8.547729 0.007193 2.040517
v 7.945988 0.875487 2.224281
v 8.238513 0.425532 2.506969
v 3.787519 0.855605 5.037610
v 3.824327 -1.302526 5.196713
v 6.680424 0.488383 3.611121
v 0.190324 0.464100 6.087589
v 2.038269 -0.982212 5.979040
v 1.993745 1.465866 5.702578
v 2.038269 -0.982212 5.979040
v 3.824327 -1.302526 5.196713
v 3.787519 0.855605 5.037610
v 6.981597 -0.674814 3.044801
v 8.547729 0.007193 2.040517
v 8.238513 0.425532 2.506969
v 7.945988 0.875487 2.224281
v 7.669868 1.116360 2.366564
v 8.238513 0.425532 2.506969
v 3.824327 -1.302526 5.196713
v 6.981597 -0.674814 3.044801
v 6.680424 0.488383 3.611121
v 7.945988 0.875487 2.224281
v 7.634348 0.416273 1.862462
v 7.669868 1.116360 2.366564
v 1.993745 1.465866 5.702578
v 1.971340 1.901757 5.326615
v 0.125923 3.838176 5.535453
v 1.993745 1.465866 5.702578
v 3.787519 0.855605 5.037610
v 3.767245 1.269763 4.716020
v 6.680424 0.488383 3.611121
v 8.238513 0.425532 2.506969
v 7.737725 0.846451 2.606359
v 7.669868 1.116360 2.366564
v 7.367247 1.361276 2.639670
v 7.737725 0.846451 2.606359
v 3.787519 0.855605 5.037610
v 6.680424 0.488383 3.611121
v 6.354449 0.956795 3.335803
v 4.724049 2.918274 3.641265
v 6.817009 1.846897 2.926261
v 7.139568 1.124636 2.329875
v 1.980287 -15.841421 -3.442866
v 2.822927 -15.749147 -0.193350
v 0.174933 -16.004911 -0.413410
v 7.630835 0.103674 1.601678
v 5.254060 -0.299635 -1.485986
v 5.196222 -0.851349 1.244822
v 8.864992 -2.623013 -0.987806
v 4.679970 -2.913927 -2.669234
v 5.254060 -0.299635 -1.485986
v 4.216970 0.007861 -3.101633
v 5.254060 -0.299635 -1.485986
v 4.679970 -2.913927 -2.669234
v 0.125923 3.838176 5.535453
v 1.971340 1.901757 5.326615
v 1.907372 4.317424 4.586967
v 2.948281 -0.301689 4.932291
v 2.295940 4.287744 4.144363
v 4.724049 2.918274 3.641265
v 4.844150 2.579016 4.094267
v 6.667942 1.683077 3.339911
v 4.724049 2.918274 3.641265
v 2.295940 4.287744 4.144363
v 1.907372 4.317424 4.586967
v 3.723346 3.202353 4.382972
v 0.080718 5.893647 4.447769
v 0.066318 6.071172 4.700894
v 1.907372 4.317424 4.586967
v 6.667942 1.683077 3.339911
v 6.817009 1.846897 2.926261
v 4.724049 2.918274 3.641265
v 2.295940 4.287744 4.144363
v 0.080718 5.893647 4.447769
v 1.907372 4.317424 4.586967
v 4.724049 2.918274 3.641265
v 2.295940 4.287744 4.144363
v 3.723346 3.202353 4.382972
v 4.724049 2.918274 3.641265
v 3.723346 3.202353 4.382972
v 4.844150 2.579016 4.094267
v 8.781647 -0.481369 1.756200
v 8.547729 0.007193 2.040517
v 6.981597 -0.674814 3.044801
v 4.724049 2.918274 3.641265
v 7.634348 0.416273 1.862462
v 6.011888 -0.056590 2.415463
v 4.216970 0.007861 -3.101633
v -0.088880 -1.958573 -2.981011
v 0.144072 -2.010022 3.798397
v 7.139568 1.124636 2.329875
v 6.817009 1.846897 2.926261
v 7.367247 1.361276 2.639670
v 1.971340 1.901757 5.326615
v 3.767245 1.269763 4.716020
v 3.723346 3.202353 4.382972
v 6.354449 0.956795 3.335803
v 7.737725 0.846451 2.606359
v 6.667942 1.683077 3.339911
v 7.737725 0.846451 2.606359
v 7.367247 1.361276 2.639670
v 6.667942 1.683077 3.339911
v 2.948281 -0.301689 4.932291
v 0.164219 -0.541554 4.993093
v 0.080718 5.893647 4.447769
v 3.767245 1.269763 4.716020
v 6.354449 0.956795 3.335803
v 4.844150 2.579016 4.094267
v 4.117265 0.155229 -3.602815
v 2.142636 2.139097 -4.941551
v -0.179312 0.555095 -4.687593
v 4.216970 0.007861 -3.101633
v 4.117265 0.155229 -3.602815
v -0.088880 -1.958573 -2.981011
v 7.927697 0.525273 1.870977
v 7.945988 0.875487 2.224281
v 8.547729 0.007193 2.040517
v 3.047794 -1.603365 3.732712
v 0.144072 -2.010022 3.798397
v 0.164219 -0.541554 4.993093
v 2.056007 -1.574162 6.338760
v 2.038269 -0.982212 5.979040
v 0.190324 0.464100 6.087589
v 3.047794 -1.603365 3.732712
v 5.196222 -0.851349 1.244822
v 4.216970 0.007861 -3.101633
v 2.056007 -1.574162 6.338760
v 4.048326 -1.823307 5.587584
v 3.824327 -1.302526 5.196713
v 3.047794 -1.603365 3.732712
v 4.216970 0.007861 -3.101633
v 0.144072 -2.010022 3.798397
v 4.216970 0.007861 -3.101633
v 5.196222 -0.851349 1.244822
v 5.254060 -0.299635 -1.485986
v 4.048326 -1.823307 5.587584
v 7.205606 -1.195604 3.435663
v 6.981597 -0.674814 3.044801
v 5.196222 -0.851349 1.244822
v 3.047794 -1.603365 3.732712
v 2.948281 -0.301689 4.932291
v 2.867567 -0.874206 -5.664770
v 2.142636 2.139097 -4.941551
v 4.117265 0.155229 -3.602815
v 9.905646 -2.977218 0.151316
v 9.871375 -2.790332 -0.473634
v 7.927697 0.525273 1.870977
v 2.098188 -4.204069 6.581689
v 4.863492 -4.513470 5.409858
v 4.048326 -1.823307 5.587584
v 2.867567 -0.874206 -5.664770
v -0.293294 0.720435 -7.899679
v -0.261321 3.694990 -5.916123
v 4.863492 -4.513470 5.409858
v 8.125278 -3.884165 3.314621
v 7.205606 -1.195604 3.435663
v 8.864992 -2.623013 -0.987806
v 7.630835 0.103674 1.601678
v 7.927697 0.525273 1.870977
v 7.630835 0.103674 1.601678
v 8.864992 -2.623013 -0.987806
v 5.254060 -0.299635 -1.485986
v 9.905646 -2.977218 0.151316
v 8.781647 -0.481369 1.756200
v 7.205606 -1.195604 3.435663
v 0.263674 -3.179469 6.897442
v 2.098188 -4.204069 6.581689
v 2.056007 -1.574162 6.338760
v 4.861798 -2.833951 -3.248629
v 4.117265 0.155229 -3.602815
v 4.216970 0.007861 -3.101633
v 6.441218 -9.378004 -5.711718
v 2.433043 -10.310906 -4.944548
v -0.132463 -7.232026 -6.239642
v -0.132463 -7.232026 -6.239642
v -0.280914 -5.894687 -9.948822
v 3.657090 -6.391906 -8.201408
v 6.546420 -7.362372 -5.521204
v 3.299014 -7.221322 -6.017578
v 3.657090 -6.391906 -8.201408
v 6.452945 -8.951712 -5.200641
v 6.441218 -9.378004 -5.711718
v 6.356101 -8.911115 -5.340271
v 6.356101 -8.911115 -5.340271
v -0.132463 -7.232026 -6.239642
v 3.299014 -7.221322 -6.017578
v 3.003679 -7.183765 -6.672291
v 5.926068 -7.709188 -6.673527
v 3.340179 -7.020559 -7.303429
v 6.332859 -7.769382 -6.098584
v 5.926068 -7.709188 -6.673527
v 3.003679 -7.183765 -6.672291
v 5.694701 -5.186095 -3.628905
v 5.626371 -5.146428 -4.111013
v 5.237190 -3.236580 -3.419351
v 6.059043 -5.533622 -3.851543
v 5.978573 -5.477715 -4.316728
v 5.626371 -5.146428 -4.111013
v 6.650066 -7.468957 -5.226175
v 6.546420 -7.362372 -5.521204
v 6.340236 -6.979292 -5.084741
v 6.452945 -8.951712 -5.200641
v 6.356101 -8.911115 -5.340271
v 6.546420 -7.362372 -5.521204
v -0.132463 -7.232026 -6.239642
v 6.356101 -8.911115 -5.340271
v 6.441218 -9.378004 -5.711718
v 3.026528 -7.371145 -6.075057
v 2.798625 -7.369808 -6.068331
v 3.052877 -8.840097 -5.850817
v 6.448526 -7.034811 -4.617319
v 6.340236 -6.979292 -5.084741
v 5.978573 -5.477715 -4.316728
v 5.237190 -3.236580 -3.419351
v 3.070192 -1.176453 -5.830042
v 2.867567 -0.874206 -5.664770
v 2.252761 -10.313293 -4.961004
v 2.826056 -8.864899 -5.821937
v 1.483021 -9.011664 -5.651068
v 5.626371 -5.146428 -4.111013
v 3.389815 -3.689913 -6.686184
v 3.070192 -1.176453 -5.830042
v 5.978573 -5.477715 -4.316728
v 3.452893 -3.870480 -7.163225
v 5.626371 -5.146428 -4.111013
v 6.546420 -7.362372 -5.521204
v 3.657090 -6.391906 -8.201408
v 3.680859 -6.005342 -8.103025
v 1.443949 -7.362542 -6.179522
v 3.003679 -7.183765 -6.672291
v -0.162800 -6.868902 -7.322203
v 1.443949 -7.362542 -6.179522
v 1.483021 -9.011664 -5.651068
v 2.826056 -8.864899 -5.821937
v 1.185244 -10.327428 -5.058516
v 1.483021 -9.011664 -5.651068
v -0.061083 -9.181899 -5.211389
v 6.340236 -6.979292 -5.084741
v 3.680859 -6.005342 -8.103025
v 3.452893 -3.870480 -7.163225
v 9.175728 -2.836993 -1.344427
v 5.259564 -3.262648 -2.916082
v 4.679970 -2.913927 -2.669234
v 0.274419 -3.740718 7.138515
v 2.113666 -4.765248 6.822594
v 2.098188 -4.204069 6.581689
v -0.261321 3.694990 -5.916123
v -0.179312 0.555095 -4.687593
v 2.142636 2.139097 -4.941551
v 7.927697 0.525273 1.870977
v 7.630835 0.103674 1.601678
v 7.634348 0.416273 1.862462
v 8.597820 -4.440463 3.322190
v 10.397535 -3.367028 -0.023440
v 9.905646 -2.977218 0.151316
v 5.259564 -3.262648 -2.916082
v 5.237190 -3.236580 -3.419351
v 4.861798 -2.833951 -3.248629
v 10.397535 -3.367028 -0.023440
v 10.363263 -3.180112 -0.648379
v 9.871375 -2.790332 -0.473634
v 2.113666 -4.765248 6.822594
v 5.086209 -5.072005 5.643673
v 4.863492 -4.513470 5.409858
v 10.738524 -5.854348 -1.314469
v 10.397535 -3.367028 -0.023440
v 8.597820 -4.440463 3.322190
v 3.389815 -3.689913 -6.686184
v -0.300510 -2.348618 -9.182404
v -0.308055 0.544324 -8.392555
v 2.759549 -7.355710 6.064785
v 2.113666 -4.765248 6.822594
v 0.274419 -3.740718 7.138515
v 10.738524 -5.854348 -1.314469
v 10.704234 -5.667461 -1.939407
v 10.363263 -3.180112 -0.648379
v 5.732093 -7.662467 4.885865
v 9.263018 -7.471551 2.964345
v 8.597820 -4.440463 3.322190
v 10.704234 -5.667461 -1.939407
v 9.522532 -5.318723 -2.462990
v 9.175728 -2.836993 -1.344427
v 9.522532 -5.318723 -2.462990
v 5.694701 -5.186095 -3.628905
v 9.175728 -2.836993 -1.344427
v 2.759549 -7.355710 6.064785
v 5.732093 -7.662467 4.885865
v 5.086209 -5.072005 5.643673
v 7.630835 0.103674 1.601678
v 5.196222 -0.851349 1.244822
v 6.011888 -0.056590 2.415463
v 9.669925 -7.756134 2.687919
v 9.263018 -7.471551 2.964345
v 5.732093 -7.662467 4.885865
v 2.938070 -7.904339 6.292389
v 5.910603 -8.211097 5.113459
v 5.732093 -7.662467 4.885865
v 11.112098 -6.027179 -2.215507
v 9.825621 -5.608941 -2.898298
v 9.522532 -5.318723 -2.462990
v 2.938070 -7.904339 6.292389
v 2.759549 -7.355710 6.064785
v 0.294476 -6.362408 6.619444
v 9.825621 -5.608941 -2.898298
v 6.059043 -5.533622 -3.851543
v 5.694701 -5.186095 -3.628905
v 9.669925 -7.756134 2.687919
v 11.146370 -6.214055 -1.590578
v 10.738524 -5.854348 -1.314469
v 3.452893 -3.870480 -7.163225
v -0.309491 -2.542154 -9.566391
v -0.300510 -2.348618 -9.182404
v 11.369005 -7.827188 -2.327461
v 11.334733 -7.640302 -2.952410
v 11.112098 -6.027179 -2.215507
v 2.928884 -10.397383 4.728088
v 6.285403 -10.395179 3.665470
v 5.910603 -8.211097 5.113459
v 6.285403 -10.395179 3.665470
v 9.429223 -9.350951 0.736613
v 9.669925 -7.756134 2.687919
v 0.309248 -9.658035 5.708616
v 2.928884 -10.397383 4.728088
v 2.938070 -7.904339 6.292389
v 11.334733 -7.640302 -2.952410
v 10.246209 -7.410278 -3.778390
v 11.112098 -6.027179 -2.215507
v 11.755165 -8.053082 -3.231997
v 10.558737 -7.850660 -4.239704
v 10.246209 -7.410278 -3.778390
v 10.558737 -7.850660 -4.239704
v 6.650066 -7.468957 -5.226175
v 6.448526 -7.034811 -4.617319
v 9.758462 -9.840186 0.744301
v 11.789448 -8.239988 -2.607049
v 11.369005 -7.827188 -2.327461
v 2.938823 -10.890656 4.746708
v 6.295341 -10.888472 3.684089
v 6.285403 -10.395179 3.665470
v 11.789448 -8.239988 -2.607049
v 11.755165 -8.053082 -3.231997
v 11.334733 -7.640302 -2.952410
v 3.657090 -6.391906 -8.201408
v -0.280914 -5.894687 -9.948822
v -0.281687 -5.532301 -9.925901
v 0.313109 -10.151405 5.727456
v 2.938823 -10.890656 4.746708
v 2.928884 -10.397383 4.728088
v 5.086209 -5.072005 5.643673
v 8.597820 -4.440463 3.322190
v 8.125278 -3.884165 3.314621
v 6.295341 -10.888472 3.684089
v 9.758462 -9.840186 0.744301
v 9.429223 -9.350951 0.736613
v 11.146370 -6.214055 -1.590578
v 11.112098 -6.027179 -2.215507
v 10.704234 -5.667461 -1.939407
v -0.308055 0.544324 -8.392555
v -0.293294 0.720435 -7.899679
v 2.867567 -0.874206 -5.664770
v 10.363263 -3.180112 -0.648379
v 9.175728 -2.836993 -1.344427
v 8.864992 -2.623013 -0.987806
v 5.717213 -13.225607 1.113761
v 9.167935 -11.724491 -0.796903
v 6.295341 -10.888472 3.684089
v 9.693346 -9.636484 -4.525860
v 10.558737 -7.850660 -4.239704
v 11.755165 -8.053082 -3.231997
v 9.693346 -9.636484 -4.525860
v 6.452945 -8.951712 -5.200641
v 6.650066 -7.468957 -5.226175
v 10.935281 -9.984581 -2.549914
v 11.789448 -8.239988 -2.607049
v 9.758462 -9.840186 0.744301
v 2.897662 -13.542632 2.648729
v 5.717213 -13.225607 1.113761
v 6.295341 -10.888472 3.684089
v 10.935281 -9.984581 -2.549914
v 10.901009 -9.797695 -3.174863
v 11.755165 -8.053082 -3.231997
v 2.897662 -13.542632 2.648729
v 2.938823 -10.890656 4.746708
v 0.313109 -10.151405 5.727456
v 8.037910 -10.932842 -6.440061
v 2.433043 -10.310906 -4.944548
v 6.441218 -9.378004 -5.711718
v 8.029771 -11.417168 -6.304181
v 8.037910 -10.932842 -6.440061
v 9.762198 -10.061006 -4.862530
v 5.719701 -13.697863 1.000504
v 9.244967 -12.195790 -0.912682
v 5.717213 -13.225607 1.113761
v 10.969872 -10.222245 -3.511531
v 9.762198 -10.061006 -4.862530
v 9.693346 -9.636484 -4.525860
v 9.762198 -10.061006 -4.862530
v 6.441218 -9.378004 -5.711718
v 6.452945 -8.951712 -5.200641
v 9.244967 -12.195790 -0.912682
v 11.004152 -10.409092 -2.886585
v 10.935281 -9.984581 -2.549914
v 2.900140 -14.014889 2.535492
v 5.719701 -13.697863 1.000504
v 5.717213 -13.225607 1.113761
v 11.004152 -10.409092 -2.886585
v 10.969872 -10.222245 -3.511531
v 10.901009 -9.797695 -3.174863
v 0.293755 -13.118032 4.112208
v 2.900140 -14.014889 2.535492
v 2.897662 -13.542632 2.648729
v 6.945862 -8.469223 -6.350354
v 2.433043 -10.310906 -4.944548
v 7.095989 -9.026105 -6.359076
v 6.691540 -8.060636 -6.242425
v 2.433043 -10.310906 -4.944548
v 6.945862 -8.469223 -6.350354
v -0.115924 -7.353043 -6.133583
v -0.061083 -9.181899 -5.211389
v 1.483021 -9.011664 -5.651068
v 2.433043 -10.310906 -4.944548
v 3.052877 -8.840097 -5.850817
v 2.826056 -8.864899 -5.821937
v 3.234067 -7.521538 -10.163076
v 0.772940 -6.135564 -13.169552
v 3.365601 -7.089541 -9.905781
v 8.567502 -11.440138 -5.426775
v 8.907071 -12.293872 -5.315192
v 8.540388 -11.392632 -5.552226
v 8.029771 -11.417168 -6.304181
v 5.318677 -11.898371 -8.182995
v 8.037910 -10.932842 -6.440061
v 5.096082 -14.639532 -3.794629
v 5.670195 -14.550317 -3.266125
v 5.299812 -15.064561 -0.907824
v 7.303156 -9.927363 -6.410630
v 5.187712 -10.219317 -8.186798
v 5.159402 -9.492626 -7.994423
v 5.187712 -10.219317 -8.186798
v 7.303156 -9.927363 -6.410630
v 7.495367 -10.470325 -6.337128
v 5.318677 -11.898371 -8.182995
v 5.209896 -10.780026 -8.187941
v 8.037910 -10.932842 -6.440061
v 2.822927 -15.749147 -0.193350
v 0.240593 -15.369360 1.738384
v 0.174933 -16.004911 -0.413410
v 10.246209 -7.410278 -3.778390
v 6.448526 -7.034811 -4.617319
v 9.825621 -5.608941 -2.898298
v 2.433043 -10.310906 -4.944548
v 8.037910 -10.932842 -6.440061
v 7.495367 -10.470325 -6.337128
v 8.567502 -11.440138 -5.426775
v 8.540388 -11.392632 -5.552226
v 10.969872 -10.222245 -3.511531
v 5.926068 -7.709188 -6.673527
v 6.691540 -8.060636 -6.242425
v 6.199779 -7.944157 -6.947285
v 2.976723 -10.319357 -11.480530
v 2.702200 -10.246577 -11.576443
v 2.918204 -9.704570 -11.737022
v 3.616439 -11.622915 -9.828564
v 3.693683 -11.518118 -9.996874
v 4.256687 -11.323046 -9.457310
v 4.146111 -9.970580 -10.066254
v 4.092134 -10.056973 -10.194094
v 3.535004 -9.598177 -11.219246
v 3.020805 -11.076632 -10.792519
v 2.858522 -11.105556 -10.809570
v 2.976723 -10.319357 -11.480530
v 3.742908 -10.609408 -10.754019
v 2.976723 -10.319357 -11.480530
v 3.535004 -9.598177 -11.219246
v 4.256687 -11.323046 -9.457310
v 3.693683 -11.518118 -9.996874
v 4.251352 -10.769983 -9.743235
v 4.251352 -10.769983 -9.743235
v 3.742908 -10.609408 -10.754019
v 4.092134 -10.056973 -10.194094
v 3.693683 -11.518118 -9.996874
v 3.020805 -11.076632 -10.792519
v 3.742908 -10.609408 -10.754019
v 2.702200 -10.246577 -11.576443
v 3.363326 -10.771291 -11.995890
v 2.573640 -9.569796 -11.884615
v 3.693683 -11.518118 -9.996874
v 3.616439 -11.622915 -9.828564
v 3.020805 -11.076632 -10.792519
v 2.858522 -11.105556 -10.809570
v 3.897420 -11.459837 -11.353531
v 2.702200 -10.246577 -11.576443
v 4.737356 -12.269844 -10.270782
v 4.391938 -11.973184 -10.722124
v 2.858522 -11.105556 -10.809570
v 5.113092 -12.479742 -9.839073
v 4.737356 -12.269844 -10.270782
v 3.616439 -11.622915 -9.828564
v 3.421648 -9.394591 -11.219091
v 3.535004 -9.598177 -11.219246
v 2.918204 -9.704570 -11.737022
v 5.932020 -12.723667 -9.141651
v 5.113092 -12.479742 -9.839073
v 4.352649 -11.623379 -9.274363
v 6.501219 -12.717037 -8.702044
v 5.932020 -12.723667 -9.141651
v 5.318677 -11.898371 -8.182995
v 4.146111 -9.970580 -10.066254
v 3.421648 -9.394591 -11.219091
v 4.029177 -9.639223 -10.026648
v 4.251352 -10.769983 -9.743235
v 4.335295 -10.743996 -9.478870
v 4.256687 -11.323046 -9.457310
v 5.209896 -10.780026 -8.187941
v 4.335295 -10.743996 -9.478870
v 5.187712 -10.219317 -8.186798
v 2.381114 -6.542130 -10.476702
v -0.279017 -6.241238 -10.480999
v -0.196967 -6.531592 -8.193808
v 1.775139 -14.307250 -8.860605
v 1.672476 -12.215444 -11.080523
v 4.289850 -13.902442 -8.586010
v -0.128496 -14.539050 -8.724564
v -0.238634 -12.469607 -11.171295
v 1.775139 -14.307250 -8.860605
v 0.077140 -16.060743 -3.288282
v -0.128496 -14.539050 -8.724564
v 1.980287 -15.841421 -3.442866
v 1.656103 -8.309813 -13.686930
v 1.672476 -12.215444 -11.080523
v -0.389470 -8.197833 -13.988516
v 1.672476 -12.215444 -11.080523
v 3.363326 -10.771291 -11.995890
v 3.897420 -11.459837 -11.353531
v 4.391938 -11.973184 -10.722124
v 1.672476 -12.215444 -11.080523
v 3.897420 -11.459837 -11.353531
v 1.656103 -8.309813 -13.686930
v 1.387924 -7.814575 -13.564066
v 2.573640 -9.569796 -11.884615
v 3.159082 -9.042352 -11.784489
v 3.632981 -9.311932 -10.900545
v 3.421648 -9.394591 -11.219091
v 4.092134 -10.056973 -10.194094
v 4.146111 -9.970580 -10.066254
v 4.251352 -10.769983 -9.743235
v 5.318677 -11.898371 -8.182995
v 4.352649 -11.623379 -9.274363
v 5.209896 -10.780026 -8.187941
v 5.932020 -12.723667 -9.141651
v 6.501219 -12.717037 -8.702044
v 4.970267 -13.787079 -8.071659
v 5.113092 -12.479742 -9.839073
v 5.932020 -12.723667 -9.141651
v 4.970267 -13.787079 -8.071659
v 4.737356 -12.269844 -10.270782
v 5.113092 -12.479742 -9.839073
v 4.289850 -13.902442 -8.586010
v 4.391938 -11.973184 -10.722124
v 4.737356 -12.269844 -10.270782
v 4.289850 -13.902442 -8.586010
v 3.544441 -15.518268 -3.631415
v 4.289850 -13.902442 -8.586010
v 5.096082 -14.639532 -3.794629
v -0.413495 -6.955153 -14.228964
v -0.394220 -5.962728 -13.739164
v 0.690835 -6.149282 -13.861208
v 8.872060 -12.674578 -4.135513
v 8.879962 -11.994994 -3.921185
v 5.302447 -14.695393 -0.694051
v 8.029771 -11.417168 -6.304181
v 8.540388 -11.392632 -5.552226
v 8.395382 -12.201676 -6.366153
v 8.567502 -11.440138 -5.426775
v 8.879962 -11.994994 -3.921185
v 8.872060 -12.674578 -4.135513
v 9.429223 -9.350951 0.736613
v 11.369005 -7.827188 -2.327461
v 11.146370 -6.214055 -1.590578
v 0.772940 -6.135564 -13.169552
v -0.394220 -5.962728 -13.739164
v -0.279017 -6.241238 -10.480999
v 3.365601 -7.089541 -9.905781
v 2.381114 -6.542130 -10.476702
v 3.321108 -6.999837 -7.852604
v 1.387924 -7.814575 -13.564066
v 3.159082 -9.042352 -11.784489
v 2.573640 -9.569796 -11.884615
v 1.980287 -15.841421 -3.442866
v 3.544441 -15.518268 -3.631415
v 2.822927 -15.749147 -0.193350
v 8.029771 -11.417168 -6.304181
v 9.762198 -10.061006 -4.862530
v 10.969872 -10.222245 -3.511531
v 0.243474 -14.998200 1.959890
v 2.825563 -15.379988 0.020422
v 2.900140 -14.014889 2.535492
v 5.302447 -14.695393 -0.694051
v 2.825563 -15.379988 0.020422
v 5.299812 -15.064561 -0.907824
v 0.240593 -15.369360 1.738384
v 2.822927 -15.749147 -0.193350
v 0.243474 -14.998200 1.959890
v 1.980287 -15.841421 -3.442866
v 1.775139 -14.307250 -8.860605
v 3.544441 -15.518268 -3.631415
v 5.159402 -9.492626 -7.994423
v 3.234067 -7.521538 -10.163076
v 4.894245 -7.837733 -7.823292
v 1.274823 -7.679574 -13.939905
v 1.656103 -8.309813 -13.686930
v -0.404404 -7.453392 -14.148701
v 0.909324 -6.757551 -14.055017
v 1.274823 -7.679574 -13.939905
v -0.413495 -6.955153 -14.228964
v 1.274823 -7.679574 -13.939905
v -0.404404 -7.453392 -14.148701
v -0.413495 -6.955153 -14.228964
v 3.363326 -10.771291 -11.995890
v 1.656103 -8.309813 -13.686930
v 2.573640 -9.569796 -11.884615
v 3.340179 -7.020559 -7.303429
v 5.926068 -7.709188 -6.673527
v 6.199779 -7.944157 -6.947285
v 4.029177 -9.639223 -10.026648
v 5.159402 -9.492626 -7.994423
v 5.187712 -10.219317 -8.186798
v 5.670195 -14.550317 -3.266125
v 5.722890 -13.623811 -6.305225
v 8.907071 -12.293872 -5.315192
v 3.544441 -15.518268 -3.631415
v 5.096082 -14.639532 -3.794629
v 5.299812 -15.064561 -0.907824
v 3.321108 -6.999837 -7.852604
v -0.196967 -6.531592 -8.193808
v 3.340179 -7.020559 -7.303429
v 7.095989 -9.026105 -6.359076
v 2.433043 -10.310906 -4.944548
v 7.303156 -9.927363 -6.410630
v 3.159082 -9.042352 -11.784489
v 1.387924 -7.814575 -13.564066
v 3.234067 -7.521538 -10.163076
v 1.387924 -7.814575 -13.564066
v 0.909324 -6.757551 -14.055017
v 3.234067 -7.521538 -10.163076
v 3.159082 -9.042352 -11.784489
v 3.234067 -7.521538 -10.163076
v 3.632981 -9.311932 -10.900545
v 3.632981 -9.311932 -10.900545
v 3.234067 -7.521538 -10.163076
v 4.029177 -9.639223 -10.026648
v 5.722890 -13.623811 -6.305225
v 5.670195 -14.550317 -3.266125
v 5.096082 -14.639532 -3.794629
v 8.395382 -12.201676 -6.366153
v 8.907071 -12.293872 -5.315192
v 5.722890 -13.623811 -6.305225
v 8.907071 -12.293872 -5.315192
v 8.395382 -12.201676 -6.366153
v 8.540388 -11.392632 -5.552226
v 7.095989 -9.026105 -6.359076
v 7.303156 -9.927363 -6.410630
v 5.159402 -9.492626 -7.994423
v 5.209896 -10.780026 -8.187941
v 5.187712 -10.219317 -8.186798
v 7.495367 -10.470325 -6.337128
v 5.209896 -10.780026 -8.187941
v 7.495367 -10.470325 -6.337128
v 8.037910 -10.932842 -6.440061
v 5.318677 -11.898371 -8.182995
v 8.029771 -11.417168 -6.304181
v 6.501219 -12.717037 -8.702044
v 6.199779 -7.944157 -6.947285
v 6.945862 -8.469223 -6.350354
v 4.894245 -7.837733 -7.823292
v 3.680859 -6.005342 -8.103025
v -0.281687 -5.532301 -9.925901
v -0.309491 -2.542154 -9.566391
v 3.340179 -7.020559 -7.303429
v -0.162800 -6.868902 -7.322203
v 3.003679 -7.183765 -6.672291
v 5.302447 -14.695393 -0.694051
v 8.879962 -11.994994 -3.921185
v 9.244967 -12.195790 -0.912682
v 6.691540 -8.060636 -6.242425
v 5.926068 -7.709188 -6.673527
v 6.332859 -7.769382 -6.098584
v 6.691540 -8.060636 -6.242425
v 6.945862 -8.469223 -6.350354
v 6.199779 -7.944157 -6.947285
v 8.872060 -12.674578 -4.135513
v 5.670195 -14.550317 -3.266125
v 8.907071 -12.293872 -5.315192
v 2.702200 -10.246577 -11.576443
v 2.573640 -9.569796 -11.884615
v 2.918204 -9.704570 -11.737022
v 4.352649 -11.623379 -9.274363
v 3.616439 -11.622915 -9.828564
v 4.256687 -11.323046 -9.457310
v 3.421648 -9.394591 -11.219091
v 4.146111 -9.970580 -10.066254
v 3.535004 -9.598177 -11.219246
v 2.858522 -11.105556 -10.809570
v 2.702200 -10.246577 -11.576443
v 2.976723 -10.319357 -11.480530
v 2.976723 -10.319357 -11.480530
v 2.918204 -9.704570 -11.737022
v 3.535004 -9.598177 -11.219246
v 3.693683 -11.518118 -9.996874
v 3.742908 -10.609408 -10.754019
v 4.251352 -10.769983 -9.743235
v 3.742908 -10.609408 -10.754019
v 3.535004 -9.598177 -11.219246
v 4.092134 -10.056973 -10.194094
v 3.020805 -11.076632 -10.792519
v 2.976723 -10.319357 -11.480530
v 3.742908 -10.609408 -10.754019
v 3.616439 -11.622915 -9.828564
v 2.858522 -11.105556 -10.809570
v 3.020805 -11.076632 -10.792519
v 3.897420 -11.459837 -11.353531
v 3.363326 -10.771291 -11.995890
v 2.702200 -10.246577 -11.576443
v 4.391938 -11.973184 -10.722124
v 3.897420 -11.459837 -11.353531
v 2.858522 -11.105556 -10.809570
v 4.737356 -12.269844 -10.270782
v 2.858522 -11.105556 -10.809570
v 3.616439 -11.622915 -9.828564
v 2.573640 -9.569796 -11.884615
v 3.421648 -9.394591 -11.219091
v 2.918204 -9.704570 -11.737022
v 5.113092 -12.479742 -9.839073
v 3.616439 -11.622915 -9.828564
v 4.352649 -11.623379 -9.274363
v 5.932020 -12.723667 -9.141651
v 4.352649 -11.623379 -9.274363
v 5.318677 -11.898371 -8.182995
v 3.421648 -9.394591 -11.219091
v 3.632981 -9.311932 -10.900545
v 4.029177 -9.639223 -10.026648
v 4.335295 -10.743996 -9.478870
v 4.352649 -11.623379 -9.274363
v 4.256687 -11.323046 -9.457310
v 4.335295 -10.743996 -9.478870
v 4.146111 -9.970580 -10.066254
v 5.187712 -10.219317 -8.186798
v 3.321108 -6.999837 -7.852604
v 6.199779 -7.944157 -6.947285
v 4.894245 -7.837733 -7.823292
v 3.365601 -7.089541 -9.905781
v 0.772940 -6.135564 -13.169552
v 2.381114 -6.542130 -10.476702
v 3.321108 -6.999837 -7.852604
v 2.381114 -6.542130 -10.476702
v -0.196967 -6.531592 -8.193808
v 1.672476 -12.215444 -11.080523
v 4.391938 -11.973184 -10.722124
v 4.289850 -13.902442 -8.586010
v -0.238634 -12.469607 -11.171295
v 1.672476 -12.215444 -11.080523
v 1.775139 -14.307250 -8.860605
v -0.128496 -14.539050 -8.724564
v 1.775139 -14.307250 -8.860605
v 1.980287 -15.841421 -3.442866
v 1.672476 -12.215444 -11.080523
v -0.238634 -12.469607 -11.171295
v -0.389470 -8.197833 -13.988516
v 1.672476 -12.215444 -11.080523
v 1.656103 -8.309813 -13.686930
v 3.363326 -10.771291 -11.995890
v 1.274823 -7.679574 -13.939905
v 1.387924 -7.814575 -13.564066
v 1.656103 -8.309813 -13.686930
v 2.573640 -9.569796 -11.884615
v 3.159082 -9.042352 -11.784489
v 3.421648 -9.394591 -11.219091
v 4.146111 -9.970580 -10.066254
v 4.335295 -10.743996 -9.478870
v 4.251352 -10.769983 -9.743235
v 4.352649 -11.623379 -9.274363
v 4.335295 -10.743996 -9.478870
v 5.209896 -10.780026 -8.187941
v 4.970267 -13.787079 -8.071659
v 6.501219 -12.717037 -8.702044
v 5.722890 -13.623811 -6.305225
v 4.289850 -13.902442 -8.586010
v 5.113092 -12.479742 -9.839073
v 4.970267 -13.787079 -8.071659
v 4.289850 -13.902442 -8.586010
v 4.970267 -13.787079 -8.071659
v 5.096082 -14.639532 -3.794629
v 0.772940 -6.135564 -13.169552
v 0.690835 -6.149282 -13.861208
v -0.394220 -5.962728 -13.739164
v 0.909324 -6.757551 -14.055017
v -0.413495 -6.955153 -14.228964
v 0.690835 -6.149282 -13.861208
v 0.772940 -6.135564 -13.169552
v 0.909324 -6.757551 -14.055017
v 0.690835 -6.149282 -13.861208
v 8.879962 -11.994994 -3.921185
v 8.567502 -11.440138 -5.426775
v 11.004152 -10.409092 -2.886585
v 5.299812 -15.064561 -0.907824
v 8.872060 -12.674578 -4.135513
v 5.302447 -14.695393 -0.694051
v 5.670195 -14.550317 -3.266125
v 8.872060 -12.674578 -4.135513
v 5.299812 -15.064561 -0.907824
v 6.501219 -12.717037 -8.702044
v 8.029771 -11.417168 -6.304181
v 8.395382 -12.201676 -6.366153
v 6.501219 -12.717037 -8.702044
v 8.395382 -12.201676 -6.366153
v 5.722890 -13.623811 -6.305225
v 8.907071 -12.293872 -5.315192
v 8.567502 -11.440138 -5.426775
v 8.872060 -12.674578 -4.135513
v 3.026528 -7.371145 -6.075057
v 3.052877 -8.840097 -5.850817
v 6.332859 -7.769382 -6.098584
v 2.433043 -10.310906 -4.944548
v 6.332859 -7.769382 -6.098584
v 3.052877 -8.840097 -5.850817
v 2.381114 -6.542130 -10.476702
v 0.772940 -6.135564 -13.169552
v -0.279017 -6.241238 -10.480999
v 3.234067 -7.521538 -10.163076
v 0.909324 -6.757551 -14.055017
v 0.772940 -6.135564 -13.169552
v 4.894245 -7.837733 -7.823292
v 3.365601 -7.089541 -9.905781
v 3.321108 -6.999837 -7.852604
v 4.894245 -7.837733 -7.823292
v 3.234067 -7.521538 -10.163076
v 3.365601 -7.089541 -9.905781
v 1.980287 -15.841421 -3.442866
v 0.174933 -16.004911 -0.413410
v 0.077140 -16.060743 -3.288282
v 2.825563 -15.379988 0.020422
v 5.302447 -14.695393 -0.694051
v 5.719701 -13.697863 1.000504
v 2.825563 -15.379988 0.020422
v 2.822927 -15.749147 -0.193350
v 5.299812 -15.064561 -0.907824
v 2.822927 -15.749147 -0.193350
v 2.825563 -15.379988 0.020422
v 0.243474 -14.998200 1.959890
v 1.775139 -14.307250 -8.860605
v 4.289850 -13.902442 -8.586010
v 3.544441 -15.518268 -3.631415
v 7.095989 -9.026105 -6.359076
v 5.159402 -9.492626 -7.994423
v 4.894245 -7.837733 -7.823292
v 4.894245 -7.837733 -7.823292
v 6.945862 -8.469223 -6.350354
v 7.095989 -9.026105 -6.359076
v 1.656103 -8.309813 -13.686930
v -0.389470 -8.197833 -13.988516
v -0.404404 -7.453392 -14.148701
v 1.387924 -7.814575 -13.564066
v 1.274823 -7.679574 -13.939905
v 0.909324 -6.757551 -14.055017
v 6.332859 -7.769382 -6.098584
v 2.433043 -10.310906 -4.944548
v 6.691540 -8.060636 -6.242425
v 3.321108 -6.999837 -7.852604
v 3.340179 -7.020559 -7.303429
v 6.199779 -7.944157 -6.947285
v 4.146111 -9.970580 -10.066254
v 4.029177 -9.639223 -10.026648
v 5.187712 -10.219317 -8.186798
v 2.822927 -15.749147 -0.193350
v 3.544441 -15.518268 -3.631415
v 5.299812 -15.064561 -0.907824
v -0.196967 -6.531592 -8.193808
v -0.162800 -6.868902 -7.322203
v 3.340179 -7.020559 -7.303429
v 7.495367 -10.470325 -6.337128
v 7.303156 -9.927363 -6.410630
v 2.433043 -10.310906 -4.944548
v 4.029177 -9.639223 -10.026648
v 3.234067 -7.521538 -10.163076
v 5.159402 -9.492626 -7.994423
v 4.970267 -13.787079 -8.071659
v 5.722890 -13.623811 -6.305225
v 5.096082 -14.639532 -3.794629
vt 0.541283 0.334586
vt 0.531955 0.337070
vt 0.527213 0.335089
vt 0.746949 0.522075
vt 0.768178 0.554394
vt 0.749158 0.564503
vt 0.768178 0.554394
vt 0.811534 0.568069
vt 0.785593 0.603199
vt 0.878256 0.564157
vt 0.898351 0.559524
vt 0.901740 0.611369
vt 0.094862 0.637532
vt 0.092037 0.621058
vt 0.098794 0.604309
vt 0.745587 0.491878
vt 0.768125 0.518994
vt 0.746971 0.513510
vt 0.852507 0.537897
vt 0.865306 0.537919
vt 0.874519 0.554209
vt 0.882709 0.542032
vt 0.865306 0.537919
vt 0.869717 0.531416
vt 0.155241 0.573714
vt 0.158521 0.548954
vt 0.179393 0.554009
vt 0.831237 0.612588
vt 0.901740 0.611369
vt 0.832583 0.623482
vt 0.832583 0.623482
vt 0.902672 0.622718
vt 0.853015 0.685014
vt 0.751679 0.575752
vt 0.784711 0.613766
vt 0.753185 0.611346
vt 0.240109 0.729264
vt 0.239645 0.725861
vt 0.245871 0.730636
vt 0.123059 0.708036
vt 0.127922 0.711550
vt 0.119666 0.714755
vt 0.114219 0.757208
vt 0.119442 0.760488
vt 0.114552 0.767314
vt 0.241039 0.738963
vt 0.240472 0.736605
vt 0.240880 0.736532
vt 0.119666 0.714755
vt 0.124462 0.717897
vt 0.114219 0.757208
vt 0.177690 0.671875
vt 0.127922 0.711550
vt 0.176405 0.666580
vt 0.572459 0.336649
vt 0.598418 0.342605
vt 0.541283 0.334586
vt 0.753185 0.611346
vt 0.795951 0.664569
vt 0.754961 0.622280
vt 0.924588 0.685451
vt 0.971069 0.681016
vt 0.931278 0.696237
vt 0.047273 0.686962
vt 0.056552 0.689631
vt 0.044232 0.696718
vt 0.044232 0.696718
vt 0.052790 0.698707
vt 0.026978 0.736594
vt 0.114139 0.741721
vt 0.070999 0.699020
vt 0.121393 0.707488
vt 0.795119 0.674095
vt 0.854943 0.695101
vt 0.808534 0.733629
vt 0.808534 0.733629
vt 0.838435 0.751518
vt 0.810426 0.743097
vt 0.026250 0.745953
vt 0.034710 0.747725
vt 0.014115 0.781793
vt 0.810426 0.743097
vt 0.839772 0.761781
vt 0.819335 0.799580
vt 0.037030 0.782596
vt 0.034710 0.747725
vt 0.065698 0.748797
vt 0.819335 0.799580
vt 0.898575 0.821449
vt 0.816604 0.804111
vt 0.014115 0.781793
vt 0.023884 0.782703
vt 0.014423 0.792311
vt 0.759844 0.734528
vt 0.819335 0.799580
vt 0.759898 0.742869
vt 0.026978 0.736594
vt 0.036833 0.738492
vt 0.026250 0.745953
vt 0.951468 0.866626
vt 0.898264 0.829565
vt 0.957897 0.821982
vt 0.014423 0.792311
vt 0.022974 0.791976
vt 0.015227 0.835633
vt 0.952304 0.875853
vt 0.883794 0.881257
vt 0.951468 0.866626
vt 0.030987 0.834989
vt 0.054535 0.835201
vt 0.030435 0.841770
vt 0.803144 0.866571
vt 0.883794 0.881257
vt 0.802981 0.875796
vt 0.015227 0.835633
vt 0.030987 0.834989
vt 0.015682 0.842247
vt 0.763408 0.811963
vt 0.803144 0.866571
vt 0.763417 0.820831
vt 0.103061 0.791534
vt 0.065698 0.748797
vt 0.113364 0.754016
vt 0.802981 0.875796
vt 0.884161 0.890811
vt 0.796829 0.927279
vt 0.952304 0.875853
vt 0.986379 0.858887
vt 0.958606 0.907920
vt 0.884161 0.890811
vt 0.952304 0.875853
vt 0.887705 0.946116
vt 0.177690 0.671875
vt 0.241167 0.650413
vt 0.170198 0.735390
vt 0.763417 0.820831
vt 0.802981 0.875796
vt 0.764264 0.885545
vt 0.058243 0.878325
vt 0.030435 0.841770
vt 0.068268 0.873396
vt 0.943348 0.762667
vt 0.990123 0.749142
vt 0.949931 0.813057
vt 0.015682 0.842247
vt 0.030435 0.841770
vt 0.045787 0.872516
vt 0.241826 0.733670
vt 0.240880 0.736532
vt 0.241490 0.733684
vt 0.243402 0.738908
vt 0.243299 0.736169
vt 0.246132 0.738887
vt 0.951468 0.866626
vt 0.982409 0.848168
vt 0.952304 0.875853
vt 0.054535 0.835201
vt 0.090587 0.834030
vt 0.053572 0.841664
vt 0.053572 0.841664
vt 0.088331 0.842449
vt 0.075747 0.864057
vt 0.763408 0.811963
vt 0.759898 0.742869
vt 0.803144 0.866571
vt 0.816604 0.804111
vt 0.898264 0.829565
vt 0.803144 0.866571
vt 0.951468 0.866626
vt 0.957897 0.821982
vt 0.982409 0.848168
vt 0.035657 0.793914
vt 0.098659 0.800869
vt 0.054535 0.835201
vt 0.030987 0.834989
vt 0.022974 0.791976
vt 0.054535 0.835201
vt 0.056552 0.689631
vt 0.072485 0.690567
vt 0.052790 0.698707
vt 0.186681 0.607075
vt 0.184148 0.601251
vt 0.237409 0.586801
vt 0.898575 0.821449
vt 0.949931 0.813057
vt 0.898264 0.829565
vt 0.853015 0.685014
vt 0.924588 0.685451
vt 0.854943 0.695101
vt 0.170198 0.735390
vt 0.243118 0.718771
vt 0.169684 0.740651
vt 0.949931 0.813057
vt 0.985975 0.795585
vt 0.957897 0.821982
vt 0.037030 0.782596
vt 0.103061 0.791534
vt 0.035657 0.793914
vt 0.023884 0.782703
vt 0.037030 0.782596
vt 0.022974 0.791976
vt 0.758432 0.674681
vt 0.810426 0.743097
vt 0.759844 0.734528
vt 0.839772 0.761781
vt 0.943348 0.762667
vt 0.898575 0.821449
vt 0.176405 0.666580
vt 0.241322 0.645666
vt 0.177690 0.671875
vt 0.940436 0.755974
vt 0.981963 0.740381
vt 0.943348 0.762667
vt 0.066806 0.738793
vt 0.114139 0.741721
vt 0.065698 0.748797
vt 0.758432 0.674681
vt 0.758382 0.664793
vt 0.810426 0.743097
vt 0.036833 0.738492
vt 0.066806 0.738793
vt 0.034710 0.747725
vt 0.839772 0.761781
vt 0.838435 0.751518
vt 0.943348 0.762667
vt 0.094862 0.637532
vt 0.122035 0.611161
vt 0.089266 0.650226
vt 0.052790 0.698707
vt 0.070999 0.699020
vt 0.036833 0.738492
vt 0.854943 0.695101
vt 0.931278 0.696237
vt 0.838435 0.751518
vt 0.758382 0.664793
vt 0.754961 0.622280
vt 0.808534 0.733629
vt 0.186681 0.607075
vt 0.237409 0.586801
vt 0.176405 0.666580
vt 0.940436 0.755974
vt 0.931278 0.696237
vt 0.981963 0.740381
vt 0.795951 0.664569
vt 0.853015 0.685014
vt 0.795119 0.674095
vt 0.134897 0.643839
vt 0.139795 0.649211
vt 0.131676 0.652270
vt 0.091002 0.627115
vt 0.094862 0.637532
vt 0.080046 0.646247
vt 0.072485 0.690567
vt 0.119591 0.694934
vt 0.070999 0.699020
vt 0.124462 0.717897
vt 0.177690 0.671875
vt 0.119442 0.760488
vt 0.246081 0.733974
vt 0.246123 0.735746
vt 0.243944 0.733859
vt 0.241039 0.738963
vt 0.240880 0.736532
vt 0.243402 0.738908
vt 0.527213 0.335089
vt 0.531955 0.337070
vt 0.519906 0.336982
vt 0.119442 0.760488
vt 0.170198 0.735390
vt 0.118489 0.768638
vt 0.136017 0.655625
vt 0.186681 0.607075
vt 0.127922 0.711550
vt 0.243944 0.733859
vt 0.243299 0.736169
vt 0.241826 0.733670
vt 0.139795 0.649211
vt 0.184148 0.601251
vt 0.136017 0.655625
vt 0.233709 0.728460
vt 0.234182 0.728279
vt 0.233854 0.730907
vt 0.131676 0.652270
vt 0.136017 0.655625
vt 0.123059 0.708036
vt 0.519906 0.336982
vt 0.531955 0.337070
vt 0.503559 0.345269
vt 0.234182 0.728279
vt 0.240109 0.729264
vt 0.234123 0.730889
vt 0.134897 0.643839
vt 0.145392 0.609451
vt 0.139795 0.649211
vt 0.924588 0.685451
vt 0.902672 0.622718
vt 0.971069 0.681016
vt 0.056552 0.689631
vt 0.080046 0.646247
vt 0.072485 0.690567
vt 0.198908 0.536898
vt 0.237116 0.517980
vt 0.184148 0.601251
vt 0.784711 0.613766
vt 0.832583 0.623482
vt 0.795951 0.664569
vt 0.062491 0.647947
vt 0.080046 0.646247
vt 0.047273 0.686962
vt 0.139795 0.649211
vt 0.154516 0.595025
vt 0.184148 0.601251
vt 0.122035 0.611161
vt 0.155241 0.573714
vt 0.148559 0.594733
vt 0.785593 0.603199
vt 0.831237 0.612588
vt 0.784711 0.613766
vt 0.751679 0.575752
vt 0.749158 0.564503
vt 0.784711 0.613766
vt 0.062491 0.647947
vt 0.071909 0.644777
vt 0.080046 0.646247
vt 0.193134 0.741855
vt 0.193149 0.739372
vt 0.197144 0.740165
vt 0.802288 0.531551
vt 0.852507 0.537897
vt 0.813074 0.559781
vt 0.134131 0.542635
vt 0.141809 0.548671
vt 0.155241 0.573714
vt 0.768125 0.518994
vt 0.802288 0.531551
vt 0.769662 0.545414
vt 0.092037 0.621058
vt 0.094564 0.602703
vt 0.098794 0.604309
vt 0.902672 0.622718
vt 0.901740 0.611369
vt 0.942842 0.615832
vt 0.122035 0.611161
vt 0.109791 0.581975
vt 0.155241 0.573714
vt 0.094862 0.637532
vt 0.098794 0.604309
vt 0.109791 0.581975
vt 0.813074 0.559781
vt 0.874519 0.554209
vt 0.811534 0.568069
vt 0.083638 0.624630
vt 0.087214 0.614423
vt 0.092037 0.621058
vt 0.874519 0.554209
vt 0.888843 0.551770
vt 0.878256 0.564157
vt 0.769662 0.545414
vt 0.813074 0.559781
vt 0.768178 0.554394
vt 0.746949 0.522075
vt 0.746971 0.513510
vt 0.768178 0.554394
vt 0.071909 0.644777
vt 0.083638 0.624630
vt 0.091002 0.627115
vt 0.811534 0.568069
vt 0.878256 0.564157
vt 0.831237 0.612588
vt 0.749158 0.564503
vt 0.768178 0.554394
vt 0.785593 0.603199
vt 0.785593 0.603199
vt 0.811534 0.568069
vt 0.831237 0.612588
vt 0.901740 0.611369
vt 0.898351 0.559524
vt 0.936608 0.607261
vt 0.091002 0.627115
vt 0.083638 0.624630
vt 0.092037 0.621058
vt 0.831237 0.612588
vt 0.878256 0.564157
vt 0.901740 0.611369
vt 0.091002 0.627115
vt 0.092037 0.621058
vt 0.094862 0.637532
vt 0.768178 0.554394
vt 0.746971 0.513510
vt 0.769662 0.545414
vt 0.768178 0.554394
vt 0.813074 0.559781
vt 0.811534 0.568069
vt 0.878256 0.564157
vt 0.888843 0.551770
vt 0.898351 0.559524
vt 0.092037 0.621058
vt 0.087214 0.614423
vt 0.094564 0.602703
vt 0.811534 0.568069
vt 0.874519 0.554209
vt 0.878256 0.564157
vt 0.109791 0.581975
vt 0.098794 0.604309
vt 0.101176 0.590712
vt 0.214194 0.948771
vt 0.240734 0.963999
vt 0.201156 0.989144
vt 0.089266 0.650226
vt 0.148559 0.594733
vt 0.136588 0.626290
vt 0.072485 0.690567
vt 0.136588 0.626290
vt 0.119591 0.694934
vt 0.134250 0.649700
vt 0.119591 0.694934
vt 0.136588 0.626290
vt 0.746971 0.513510
vt 0.768125 0.518994
vt 0.769662 0.545414
vt 0.155241 0.573714
vt 0.109791 0.581975
vt 0.134131 0.542635
vt 0.852507 0.537897
vt 0.833399 0.514199
vt 0.865306 0.537919
vt 0.780478 0.508137
vt 0.802288 0.531551
vt 0.768125 0.518994
vt 0.750088 0.489586
vt 0.768125 0.518994
vt 0.745587 0.491878
vt 0.865306 0.537919
vt 0.833399 0.514199
vt 0.869717 0.531416
vt 0.780478 0.508137
vt 0.768125 0.518994
vt 0.750088 0.489586
vt 0.833399 0.514199
vt 0.802288 0.531551
vt 0.780478 0.508137
vt 0.833399 0.514199
vt 0.852507 0.537897
vt 0.802288 0.531551
vt 0.942842 0.615832
vt 0.901740 0.611369
vt 0.936608 0.607261
vt 0.109791 0.581975
vt 0.122035 0.611161
vt 0.094862 0.637532
vt 0.197292 0.740553
vt 0.194702 0.746838
vt 0.193134 0.741855
vt 0.098794 0.604309
vt 0.094564 0.602703
vt 0.101176 0.590712
vt 0.769662 0.545414
vt 0.802288 0.531551
vt 0.813074 0.559781
vt 0.874519 0.554209
vt 0.865306 0.537919
vt 0.888843 0.551770
vt 0.888843 0.551770
vt 0.865306 0.537919
vt 0.882709 0.542032
vt 0.155241 0.573714
vt 0.141809 0.548671
vt 0.158521 0.548954
vt 0.813074 0.559781
vt 0.852507 0.537897
vt 0.874519 0.554209
vt 0.197144 0.740165
vt 0.193149 0.739372
vt 0.195364 0.738143
vt 0.197292 0.740553
vt 0.193134 0.741855
vt 0.197144 0.740165
vt 0.080046 0.646247
vt 0.071909 0.644777
vt 0.091002 0.627115
vt 0.197338 0.746115
vt 0.195255 0.748280
vt 0.194702 0.746838
vt 0.784711 0.613766
vt 0.749158 0.564503
vt 0.785593 0.603199
vt 0.197338 0.746115
vt 0.197292 0.740553
vt 0.198893 0.743705
vt 0.784711 0.613766
vt 0.831237 0.612588
vt 0.832583 0.623482
vt 0.197338 0.746115
vt 0.194702 0.746838
vt 0.197292 0.740553
vt 0.197292 0.740553
vt 0.198501 0.741584
vt 0.198893 0.743705
vt 0.832583 0.623482
vt 0.901740 0.611369
vt 0.902672 0.622718
vt 0.148559 0.594733
vt 0.155241 0.573714
vt 0.179393 0.554009
vt 0.184148 0.601251
vt 0.154516 0.595025
vt 0.198908 0.536898
vt 0.047273 0.686962
vt 0.080046 0.646247
vt 0.056552 0.689631
vt 0.795951 0.664569
vt 0.832583 0.623482
vt 0.853015 0.685014
vt 0.184148 0.601251
vt 0.237116 0.517980
vt 0.236308 0.580773
vt 0.853015 0.685014
vt 0.902672 0.622718
vt 0.924588 0.685451
vt 0.072485 0.690567
vt 0.080046 0.646247
vt 0.089266 0.650226
vt 0.089266 0.650226
vt 0.136588 0.626290
vt 0.072485 0.690567
vt 0.971069 0.681016
vt 0.902672 0.622718
vt 0.942842 0.615832
vt 0.753185 0.611346
vt 0.784711 0.613766
vt 0.795951 0.664569
vt 0.139795 0.649211
vt 0.145392 0.609451
vt 0.154516 0.595025
vt 0.234197 0.731815
vt 0.245871 0.730636
vt 0.241490 0.733684
vt 0.245871 0.730636
vt 0.239645 0.725861
vt 0.245884 0.724784
vt 0.234182 0.728279
vt 0.239645 0.725861
vt 0.240109 0.729264
vt 0.233854 0.730907
vt 0.234123 0.730889
vt 0.234197 0.731815
vt 0.234123 0.730889
vt 0.240109 0.729264
vt 0.245871 0.730636
vt 0.531955 0.337070
vt 0.547442 0.339229
vt 0.511219 0.342525
vt 0.503559 0.345269
vt 0.531955 0.337070
vt 0.511219 0.342525
vt 0.123059 0.708036
vt 0.136017 0.655625
vt 0.127922 0.711550
vt 0.119666 0.714755
vt 0.127922 0.711550
vt 0.124462 0.717897
vt 0.114552 0.767314
vt 0.119442 0.760488
vt 0.118489 0.768638
vt 0.233854 0.730907
vt 0.234182 0.728279
vt 0.234123 0.730889
vt 0.245871 0.730636
vt 0.234197 0.731815
vt 0.234123 0.730889
vt 0.240633 0.738983
vt 0.240472 0.736605
vt 0.241039 0.738963
vt 0.114219 0.757208
vt 0.124462 0.717897
vt 0.119442 0.760488
vt 0.136017 0.655625
vt 0.184148 0.601251
vt 0.186681 0.607075
vt 0.241826 0.733670
vt 0.243299 0.736169
vt 0.240880 0.736532
vt 0.127922 0.711550
vt 0.186681 0.607075
vt 0.176405 0.666580
vt 0.124462 0.717897
vt 0.127922 0.711550
vt 0.177690 0.671875
vt 0.118489 0.768638
vt 0.170198 0.735390
vt 0.169684 0.740651
vt 0.541283 0.334586
vt 0.598418 0.342605
vt 0.531955 0.337070
vt 0.243402 0.738908
vt 0.240880 0.736532
vt 0.243299 0.736169
vt 0.243944 0.733859
vt 0.246123 0.735746
vt 0.243299 0.736169
vt 0.119442 0.760488
vt 0.177690 0.671875
vt 0.170198 0.735390
vt 0.070999 0.699020
vt 0.119591 0.694934
vt 0.121393 0.707488
vt 0.754961 0.622280
vt 0.795951 0.664569
vt 0.795119 0.674095
vt 0.193166 0.736581
vt 0.195364 0.738143
vt 0.193149 0.739372
vt 0.080046 0.646247
vt 0.094862 0.637532
vt 0.089266 0.650226
vt 0.931278 0.696237
vt 0.971069 0.681016
vt 0.979700 0.689480
vt 0.131676 0.652270
vt 0.139795 0.649211
vt 0.136017 0.655625
vt 0.044232 0.696718
vt 0.056552 0.689631
vt 0.052790 0.698707
vt 0.795119 0.674095
vt 0.853015 0.685014
vt 0.854943 0.695101
vt 0.981963 0.740381
vt 0.931278 0.696237
vt 0.979700 0.689480
vt 0.176405 0.666580
vt 0.237409 0.586801
vt 0.241322 0.645666
vt 0.808534 0.733629
vt 0.754961 0.622280
vt 0.795119 0.674095
vt 0.026978 0.736594
vt 0.052790 0.698707
vt 0.036833 0.738492
vt 0.838435 0.751518
vt 0.931278 0.696237
vt 0.940436 0.755974
vt 0.036833 0.738492
vt 0.070999 0.699020
vt 0.066806 0.738793
vt 0.066806 0.738793
vt 0.070999 0.699020
vt 0.114139 0.741721
vt 0.808534 0.733629
vt 0.854943 0.695101
vt 0.838435 0.751518
vt 0.089266 0.650226
vt 0.122035 0.611161
vt 0.148559 0.594733
vt 0.943348 0.762667
vt 0.838435 0.751518
vt 0.940436 0.755974
vt 0.810426 0.743097
vt 0.838435 0.751518
vt 0.839772 0.761781
vt 0.034710 0.747725
vt 0.066806 0.738793
vt 0.065698 0.748797
vt 0.810426 0.743097
vt 0.758382 0.664793
vt 0.808534 0.733629
vt 0.065698 0.748797
vt 0.114139 0.741721
vt 0.113364 0.754016
vt 0.943348 0.762667
vt 0.981963 0.740381
vt 0.990123 0.749142
vt 0.177690 0.671875
vt 0.241322 0.645666
vt 0.241167 0.650413
vt 0.014115 0.781793
vt 0.034710 0.747725
vt 0.023884 0.782703
vt 0.819335 0.799580
vt 0.839772 0.761781
vt 0.898575 0.821449
vt 0.898575 0.821449
vt 0.943348 0.762667
vt 0.949931 0.813057
vt 0.759844 0.734528
vt 0.810426 0.743097
vt 0.819335 0.799580
vt 0.023884 0.782703
vt 0.034710 0.747725
vt 0.037030 0.782596
vt 0.022974 0.791976
vt 0.037030 0.782596
vt 0.035657 0.793914
vt 0.035657 0.793914
vt 0.103061 0.791534
vt 0.098659 0.800869
vt 0.957897 0.821982
vt 0.985975 0.795585
vt 0.996747 0.802116
vt 0.816604 0.804111
vt 0.898575 0.821449
vt 0.898264 0.829565
vt 0.014423 0.792311
vt 0.023884 0.782703
vt 0.022974 0.791976
vt 0.169684 0.740651
vt 0.243118 0.718771
vt 0.242900 0.723475
vt 0.759898 0.742869
vt 0.819335 0.799580
vt 0.816604 0.804111
vt 0.854943 0.695101
vt 0.924588 0.685451
vt 0.931278 0.696237
vt 0.898264 0.829565
vt 0.949931 0.813057
vt 0.957897 0.821982
vt 0.026250 0.745953
vt 0.036833 0.738492
vt 0.034710 0.747725
vt 0.237409 0.586801
vt 0.184148 0.601251
vt 0.236308 0.580773
vt 0.052790 0.698707
vt 0.072485 0.690567
vt 0.070999 0.699020
vt 0.883794 0.881257
vt 0.898264 0.829565
vt 0.951468 0.866626
vt 0.054535 0.835201
vt 0.022974 0.791976
vt 0.035657 0.793914
vt 0.054535 0.835201
vt 0.098659 0.800869
vt 0.090587 0.834030
vt 0.982409 0.848168
vt 0.957897 0.821982
vt 0.996747 0.802116
vt 0.803144 0.866571
vt 0.898264 0.829565
vt 0.883794 0.881257
vt 0.015227 0.835633
vt 0.022974 0.791976
vt 0.030987 0.834989
vt 0.803144 0.866571
vt 0.759898 0.742869
vt 0.816604 0.804111
vt 0.231099 0.734158
vt 0.234197 0.731815
vt 0.241490 0.733684
vt 0.068268 0.873396
vt 0.053572 0.841664
vt 0.075747 0.864057
vt 0.884161 0.890811
vt 0.883794 0.881257
vt 0.952304 0.875853
vt 0.030435 0.841770
vt 0.054535 0.835201
vt 0.053572 0.841664
vt 0.053572 0.841664
vt 0.090587 0.834030
vt 0.088331 0.842449
vt 0.952304 0.875853
vt 0.982409 0.848168
vt 0.986379 0.858887
vt 0.802981 0.875796
vt 0.883794 0.881257
vt 0.884161 0.890811
vt 0.015682 0.842247
vt 0.030987 0.834989
vt 0.030435 0.841770
vt 0.763417 0.820831
vt 0.803144 0.866571
vt 0.802981 0.875796
vt 0.233521 0.737801
vt 0.233145 0.736953
vt 0.241490 0.733684
vt 0.234079 0.738386
vt 0.233521 0.737801
vt 0.241490 0.733684
vt 0.246132 0.738887
vt 0.243299 0.736169
vt 0.246123 0.735746
vt 0.241490 0.733684
vt 0.240880 0.736532
vt 0.240472 0.736605
vt 0.600088 0.370598
vt 0.597418 0.353983
vt 0.689854 0.365109
vt 0.445066 0.437374
vt 0.450191 0.440495
vt 0.427557 0.469532
vt 0.461508 0.446755
vt 0.462695 0.431218
vt 0.506642 0.464076
vt 0.164905 0.940957
vt 0.161501 0.977789
vt 0.155810 0.947013
vt 0.479103 0.399683
vt 0.518969 0.388553
vt 0.521463 0.432884
vt 0.521463 0.432884
vt 0.471751 0.419492
vt 0.479103 0.399683
vt 0.506642 0.464076
vt 0.462695 0.431218
vt 0.508001 0.448052
vt 0.201156 0.989144
vt 0.240734 0.963999
vt 0.240568 0.992820
vt 0.037030 0.782596
vt 0.065698 0.748797
vt 0.103061 0.791534
vt 0.241490 0.733684
vt 0.232161 0.734754
vt 0.231099 0.734158
vt 0.045787 0.872516
vt 0.030435 0.841770
vt 0.058243 0.878325
vt 0.511219 0.342525
vt 0.518773 0.341534
vt 0.496502 0.353154
vt 0.630549 0.444860
vt 0.636716 0.434361
vt 0.639819 0.445377
vt 0.584889 0.474323
vt 0.555989 0.470020
vt 0.585672 0.469209
vt 0.578903 0.421813
vt 0.619245 0.421687
vt 0.582824 0.425251
vt 0.610613 0.459565
vt 0.630549 0.444860
vt 0.614176 0.462542
vt 0.599776 0.443174
vt 0.619245 0.421687
vt 0.630549 0.444860
vt 0.555989 0.470020
vt 0.566132 0.446231
vt 0.585672 0.469209
vt 0.566132 0.446231
vt 0.582824 0.425251
vt 0.599776 0.443174
vt 0.585672 0.469209
vt 0.599776 0.443174
vt 0.610613 0.459565
vt 0.642352 0.450161
vt 0.655596 0.438401
vt 0.651601 0.457922
vt 0.585672 0.469209
vt 0.610613 0.459565
vt 0.584889 0.474323
vt 0.614739 0.466200
vt 0.642352 0.450161
vt 0.623047 0.475519
vt 0.576351 0.494495
vt 0.614739 0.466200
vt 0.597592 0.488601
vt 0.554473 0.497137
vt 0.586859 0.474886
vt 0.576351 0.494495
vt 0.623634 0.410920
vt 0.636716 0.434361
vt 0.619245 0.421687
vt 0.513433 0.496683
vt 0.546798 0.474520
vt 0.554473 0.497137
vt 0.486457 0.493253
vt 0.506642 0.464076
vt 0.513433 0.496683
vt 0.578903 0.421813
vt 0.580017 0.407826
vt 0.623634 0.410920
vt 0.566132 0.446231
vt 0.555989 0.470020
vt 0.555246 0.444712
vt 0.508001 0.448052
vt 0.521463 0.432884
vt 0.555246 0.444712
vt 0.628230 0.353477
vt 0.609342 0.345572
vt 0.665845 0.353564
vt 0.215273 0.880859
vt 0.178387 0.881932
vt 0.214232 0.843228
vt 0.242552 0.883145
vt 0.215273 0.880859
vt 0.242756 0.846258
vt 0.241348 0.950049
vt 0.214194 0.948771
vt 0.242552 0.883145
vt 0.202021 0.783028
vt 0.242592 0.798433
vt 0.214232 0.843228
vt 0.214232 0.843228
vt 0.179577 0.834034
vt 0.185951 0.820409
vt 0.172622 0.845174
vt 0.179577 0.834034
vt 0.214232 0.843228
vt 0.707125 0.408427
vt 0.655596 0.438401
vt 0.700799 0.401436
vt 0.621125 0.403912
vt 0.623634 0.410920
vt 0.585716 0.403159
vt 0.582824 0.425251
vt 0.566132 0.446231
vt 0.578903 0.421813
vt 0.506642 0.464076
vt 0.508001 0.448052
vt 0.546798 0.474520
vt 0.150946 0.869304
vt 0.167807 0.887085
vt 0.132370 0.889317
vt 0.162811 0.859179
vt 0.167807 0.887085
vt 0.150946 0.869304
vt 0.168059 0.852628
vt 0.178387 0.881932
vt 0.162811 0.859179
vt 0.172622 0.845174
vt 0.178387 0.881932
vt 0.168059 0.852628
vt 0.190694 0.945720
vt 0.164905 0.940957
vt 0.178387 0.881932
vt 0.243594 0.781691
vt 0.217503 0.758899
vt 0.243218 0.755172
vt 0.958944 0.922203
vt 0.887705 0.946116
vt 0.958606 0.907920
vt 0.461508 0.446755
vt 0.441237 0.475100
vt 0.450191 0.440495
vt 0.045787 0.872516
vt 0.032524 0.891671
vt 0.027905 0.881490
vt 0.949931 0.813057
vt 0.990123 0.749142
vt 0.985975 0.795585
vt 0.689854 0.365109
vt 0.665845 0.353564
vt 0.698720 0.363459
vt 0.597418 0.353983
vt 0.557068 0.343619
vt 0.628230 0.353477
vt 0.700799 0.401436
vt 0.655596 0.438401
vt 0.648387 0.418862
vt 0.214194 0.948771
vt 0.201156 0.989144
vt 0.190694 0.945720
vt 0.068268 0.873396
vt 0.030435 0.841770
vt 0.053572 0.841664
vt 0.764264 0.885545
vt 0.802981 0.875796
vt 0.796829 0.927279
vt 0.887705 0.946116
vt 0.888823 0.954806
vt 0.796829 0.927279
vt 0.763447 0.896970
vt 0.764264 0.885545
vt 0.797426 0.936078
vt 0.214194 0.948771
vt 0.190694 0.945720
vt 0.215273 0.880859
vt 0.518969 0.388553
vt 0.525323 0.352862
vt 0.600088 0.370598
vt 0.206054 0.777970
vt 0.242922 0.790510
vt 0.202021 0.783028
vt 0.213424 0.760861
vt 0.243594 0.781691
vt 0.206054 0.777970
vt 0.206054 0.777970
vt 0.243594 0.781691
vt 0.242922 0.790510
vt 0.651601 0.457922
vt 0.655596 0.438401
vt 0.707125 0.408427
vt 0.547442 0.339229
vt 0.518773 0.341534
vt 0.511219 0.342525
vt 0.580017 0.407826
vt 0.521463 0.432884
vt 0.518969 0.388553
vt 0.155810 0.947013
vt 0.075772 0.921480
vt 0.154094 0.907214
vt 0.190694 0.945720
vt 0.161501 0.977789
vt 0.164905 0.940957
vt 0.557068 0.343619
vt 0.601756 0.332856
vt 0.609342 0.345572
vt 0.233145 0.736953
vt 0.232584 0.735587
vt 0.241490 0.733684
vt 0.648387 0.418862
vt 0.600088 0.370598
vt 0.700799 0.401436
vt 0.700799 0.401436
vt 0.600088 0.370598
vt 0.716305 0.385853
vt 0.621125 0.403912
vt 0.585716 0.403159
vt 0.600088 0.370598
vt 0.585716 0.403159
vt 0.580017 0.407826
vt 0.600088 0.370598
vt 0.154094 0.907214
vt 0.164905 0.940957
vt 0.155810 0.947013
vt 0.106147 0.912784
vt 0.154094 0.907214
vt 0.075772 0.921480
vt 0.427557 0.469532
vt 0.450191 0.440495
vt 0.441237 0.475100
vt 0.486374 0.372999
vt 0.518969 0.388553
vt 0.479103 0.399683
vt 0.508001 0.448052
vt 0.471751 0.419492
vt 0.521463 0.432884
vt 0.508001 0.448052
vt 0.462695 0.431218
vt 0.471751 0.419492
vt 0.506642 0.464076
vt 0.486457 0.493253
vt 0.461508 0.446755
vt 0.518773 0.341534
vt 0.525323 0.352862
vt 0.492960 0.359962
vt 0.170198 0.735390
vt 0.241167 0.650413
vt 0.243118 0.718771
vt 0.547442 0.339229
vt 0.531955 0.337070
vt 0.598418 0.342605
vt 0.887705 0.946116
vt 0.952304 0.875853
vt 0.958606 0.907920
vt 0.496502 0.353154
vt 0.503559 0.345269
vt 0.511219 0.342525
vt 0.496502 0.353154
vt 0.518773 0.341534
vt 0.492960 0.359962
vt 0.064709 0.934494
vt 0.075772 0.921480
vt 0.155810 0.947013
vt 0.639819 0.445377
vt 0.636716 0.434361
vt 0.649968 0.435869
vt 0.546798 0.474520
vt 0.555989 0.470020
vt 0.584889 0.474323
vt 0.623634 0.410920
vt 0.619245 0.421687
vt 0.578903 0.421813
vt 0.614176 0.462542
vt 0.630549 0.444860
vt 0.639819 0.445377
vt 0.630549 0.444860
vt 0.619245 0.421687
vt 0.636716 0.434361
vt 0.585672 0.469209
vt 0.566132 0.446231
vt 0.599776 0.443174
vt 0.599776 0.443174
vt 0.582824 0.425251
vt 0.619245 0.421687
vt 0.610613 0.459565
vt 0.599776 0.443174
vt 0.630549 0.444860
vt 0.584889 0.474323
vt 0.610613 0.459565
vt 0.614176 0.462542
vt 0.623047 0.475519
vt 0.642352 0.450161
vt 0.651601 0.457922
vt 0.597592 0.488601
vt 0.614739 0.466200
vt 0.623047 0.475519
vt 0.576351 0.494495
vt 0.586859 0.474886
vt 0.614739 0.466200
vt 0.649968 0.435869
vt 0.636716 0.434361
vt 0.623634 0.410920
vt 0.554473 0.497137
vt 0.546798 0.474520
vt 0.586859 0.474886
vt 0.513433 0.496683
vt 0.506642 0.464076
vt 0.546798 0.474520
vt 0.623634 0.410920
vt 0.580017 0.407826
vt 0.585716 0.403159
vt 0.555246 0.444712
vt 0.555989 0.470020
vt 0.546798 0.474520
vt 0.555246 0.444712
vt 0.521463 0.432884
vt 0.578903 0.421813
vt 0.557068 0.343619
vt 0.525323 0.352862
vt 0.518773 0.341534
vt 0.597418 0.353983
vt 0.628230 0.353477
vt 0.689854 0.365109
vt 0.557068 0.343619
vt 0.609342 0.345572
vt 0.628230 0.353477
vt 0.214232 0.843228
vt 0.178387 0.881932
vt 0.172622 0.845174
vt 0.242756 0.846258
vt 0.215273 0.880859
vt 0.214232 0.843228
vt 0.242552 0.883145
vt 0.214194 0.948771
vt 0.215273 0.880859
vt 0.214232 0.843228
vt 0.242592 0.798433
vt 0.242756 0.846258
vt 0.214232 0.843228
vt 0.185951 0.820409
vt 0.202021 0.783028
vt 0.719697 0.391288
vt 0.707125 0.408427
vt 0.700799 0.401436
vt 0.649968 0.435869
vt 0.623634 0.410920
vt 0.621125 0.403912
vt 0.578903 0.421813
vt 0.566132 0.446231
vt 0.555246 0.444712
vt 0.546798 0.474520
vt 0.508001 0.448052
vt 0.555246 0.444712
vt 0.167807 0.887085
vt 0.154094 0.907214
vt 0.132370 0.889317
vt 0.178387 0.881932
vt 0.167807 0.887085
vt 0.162811 0.859179
vt 0.178387 0.881932
vt 0.164905 0.940957
vt 0.167807 0.887085
vt 0.689854 0.365109
vt 0.698720 0.363459
vt 0.706276 0.370270
vt 0.213424 0.760861
vt 0.217503 0.758899
vt 0.243594 0.781691
vt 0.689854 0.365109
vt 0.706276 0.370270
vt 0.716305 0.385853
vt 0.027905 0.881490
vt 0.015682 0.842247
vt 0.045787 0.872516
vt 0.888823 0.954806
vt 0.887705 0.946116
vt 0.958944 0.922203
vt 0.155810 0.947013
vt 0.161501 0.977789
vt 0.064709 0.934494
vt 0.486457 0.493253
vt 0.441237 0.475100
vt 0.461508 0.446755
vt 0.132370 0.889317
vt 0.154094 0.907214
vt 0.106147 0.912784
vt 0.047243 0.877215
vt 0.032524 0.891671
vt 0.045787 0.872516
vt 0.240633 0.738983
vt 0.234804 0.738761
vt 0.240472 0.736605
vt 0.241490 0.733684
vt 0.240472 0.736605
vt 0.234804 0.738761
vt 0.628230 0.353477
vt 0.665845 0.353564
vt 0.689854 0.365109
vt 0.600088 0.370598
vt 0.689854 0.365109
vt 0.716305 0.385853
vt 0.525323 0.352862
vt 0.557068 0.343619
vt 0.597418 0.353983
vt 0.525323 0.352862
vt 0.597418 0.353983
vt 0.600088 0.370598
vt 0.214194 0.948771
vt 0.241348 0.950049
vt 0.240734 0.963999
vt 0.796829 0.927279
vt 0.884161 0.890811
vt 0.887705 0.946116
vt 0.796829 0.927279
vt 0.888823 0.954806
vt 0.797426 0.936078
vt 0.797426 0.936078
vt 0.764264 0.885545
vt 0.796829 0.927279
vt 0.215273 0.880859
vt 0.190694 0.945720
vt 0.178387 0.881932
vt 0.486374 0.372999
vt 0.525323 0.352862
vt 0.518969 0.388553
vt 0.525323 0.352862
vt 0.486374 0.372999
vt 0.492960 0.359962
vt 0.202021 0.783028
vt 0.242922 0.790510
vt 0.242592 0.798433
vt 0.700799 0.401436
vt 0.716305 0.385853
vt 0.719697 0.391288
vt 0.234804 0.738761
vt 0.234079 0.738386
vt 0.241490 0.733684
vt 0.557068 0.343619
vt 0.518773 0.341534
vt 0.547442 0.339229
vt 0.578903 0.421813
vt 0.521463 0.432884
vt 0.580017 0.407826
vt 0.201156 0.989144
vt 0.161501 0.977789
vt 0.190694 0.945720
vt 0.620537 0.348675
vt 0.547442 0.339229
vt 0.598418 0.342605
vt 0.232161 0.734754
vt 0.241490 0.733684
vt 0.232584 0.735587
vt 0.580017 0.407826
vt 0.518969 0.388553
vt 0.600088 0.370598
vt 0.167807 0.887085
vt 0.164905 0.940957
vt 0.154094 0.907214
vt 0.541825 0.334198
vt 0.527754 0.334704
vt 0.532497 0.336686
vt 0.746949 0.522075
vt 0.749158 0.564503
vt 0.728434 0.555428
vt 0.728434 0.555428
vt 0.724837 0.602685
vt 0.695316 0.571142
vt 0.638824 0.571313
vt 0.629660 0.617505
vt 0.607471 0.565654
vt 0.435441 0.650385
vt 0.421987 0.611010
vt 0.436241 0.636463
vt 0.745587 0.491878
vt 0.746971 0.513510
vt 0.727462 0.524190
vt 0.679416 0.523575
vt 0.642563 0.561365
vt 0.656893 0.518475
vt 0.639487 0.522584
vt 0.650948 0.514016
vt 0.656893 0.518475
vt 0.376039 0.608265
vt 0.345982 0.610042
vt 0.363974 0.577208
vt 0.690447 0.615656
vt 0.689101 0.626550
vt 0.629660 0.617505
vt 0.689101 0.626550
vt 0.677364 0.688594
vt 0.628727 0.628854
vt 0.751679 0.575752
vt 0.753185 0.611346
vt 0.725720 0.613251
vt 0.252517 0.729201
vt 0.245871 0.730636
vt 0.253006 0.725792
vt 0.362463 0.690184
vt 0.365339 0.697134
vt 0.357352 0.693321
vt 0.377422 0.750292
vt 0.376332 0.760338
vt 0.371972 0.753169
vt 0.251171 0.738960
vt 0.251344 0.736553
vt 0.251746 0.736628
vt 0.365339 0.697134
vt 0.377422 0.750292
vt 0.360324 0.699905
vt 0.291247 0.658255
vt 0.292921 0.653074
vt 0.357352 0.693321
vt 0.572590 0.336830
vt 0.541825 0.334198
vt 0.598553 0.342788
vt 0.753185 0.611346
vt 0.754961 0.622280
vt 0.727269 0.662011
vt 0.602717 0.689545
vt 0.596026 0.700333
vt 0.536277 0.685109
vt 0.466629 0.707746
vt 0.475878 0.716546
vt 0.454290 0.698528
vt 0.475878 0.716546
vt 0.480981 0.762022
vt 0.457231 0.708671
vt 0.373579 0.756133
vt 0.372833 0.714774
vt 0.436770 0.709459
vt 0.728099 0.671539
vt 0.717880 0.733193
vt 0.675436 0.698682
vt 0.717880 0.733193
vt 0.715986 0.742662
vt 0.684413 0.753713
vt 0.491800 0.772681
vt 0.490940 0.810526
vt 0.469523 0.761156
vt 0.715986 0.742662
vt 0.714969 0.795659
vt 0.683077 0.763979
vt 0.463361 0.804774
vt 0.447846 0.760406
vt 0.469523 0.761156
vt 0.714969 0.795659
vt 0.710464 0.802744
vt 0.673137 0.818474
vt 0.490940 0.810526
vt 0.494910 0.819471
vt 0.485867 0.809180
vt 0.759844 0.734528
vt 0.759898 0.742869
vt 0.714969 0.795659
vt 0.480981 0.762022
vt 0.491800 0.772681
vt 0.469387 0.753982
vt 0.556796 0.878846
vt 0.531047 0.819445
vt 0.673449 0.826591
vt 0.494910 0.819471
vt 0.486418 0.863490
vt 0.485576 0.811922
vt 0.555962 0.888074
vt 0.556796 0.878846
vt 0.640504 0.885626
vt 0.479315 0.855245
vt 0.476840 0.860438
vt 0.443759 0.850997
vt 0.723791 0.865263
vt 0.723954 0.874487
vt 0.640504 0.885626
vt 0.486418 0.863490
vt 0.489750 0.873547
vt 0.479315 0.855245
vt 0.763408 0.811963
vt 0.763417 0.820831
vt 0.723791 0.865263
vt 0.397346 0.801274
vt 0.370274 0.761949
vt 0.447846 0.760406
vt 0.723954 0.874487
vt 0.727342 0.928918
vt 0.640138 0.895179
vt 0.555962 0.888074
vt 0.548360 0.912454
vt 0.514578 0.866192
vt 0.640138 0.895179
vt 0.639324 0.943263
vt 0.555962 0.888074
vt 0.291247 0.658255
vt 0.299655 0.724589
vt 0.241167 0.650413
vt 0.763417 0.820831
vt 0.764264 0.885545
vt 0.723954 0.874487
vt 0.439137 0.886780
vt 0.422818 0.871697
vt 0.476840 0.860438
vt 0.581399 0.772909
vt 0.567656 0.820236
vt 0.506989 0.753765
vt 0.489750 0.873547
vt 0.453479 0.888838
vt 0.476840 0.860438
vt 0.250427 0.733750
vt 0.250761 0.733763
vt 0.251344 0.736553
vt 0.248825 0.738892
vt 0.246132 0.738887
vt 0.248939 0.736142
vt 0.556796 0.878846
vt 0.555962 0.888074
vt 0.518546 0.855472
vt 0.443759 0.850997
vt 0.442543 0.856516
vt 0.408848 0.839567
vt 0.442543 0.856516
vt 0.417516 0.862868
vt 0.410601 0.848195
vt 0.763408 0.811963
vt 0.723791 0.865263
vt 0.759898 0.742869
vt 0.710464 0.802744
vt 0.723791 0.865263
vt 0.673449 0.826591
vt 0.556796 0.878846
vt 0.518546 0.855472
vt 0.531047 0.819445
vt 0.463758 0.810357
vt 0.443759 0.850997
vt 0.398511 0.805336
vt 0.479315 0.855245
vt 0.443759 0.850997
vt 0.485576 0.811922
vt 0.454290 0.698528
vt 0.457231 0.708671
vt 0.436211 0.703338
vt 0.292071 0.601258
vt 0.237409 0.586801
vt 0.289838 0.596534
vt 0.673137 0.818474
vt 0.673449 0.826591
vt 0.567656 0.820236
vt 0.677364 0.688594
vt 0.675436 0.698682
vt 0.602717 0.689545
vt 0.299655 0.724589
vt 0.299774 0.729868
vt 0.243118 0.718771
vt 0.567656 0.820236
vt 0.531047 0.819445
vt 0.513185 0.801752
vt 0.463361 0.804774
vt 0.463758 0.810357
vt 0.397346 0.801274
vt 0.485867 0.809180
vt 0.485576 0.811922
vt 0.463361 0.804774
vt 0.758432 0.674681
vt 0.759844 0.734528
vt 0.715986 0.742662
vt 0.683077 0.763979
vt 0.673137 0.818474
vt 0.581399 0.772909
vt 0.292921 0.653074
vt 0.291247 0.658255
vt 0.241322 0.645666
vt 0.585334 0.761611
vt 0.581399 0.772909
vt 0.515150 0.745000
vt 0.446643 0.756143
vt 0.447846 0.760406
vt 0.373579 0.756133
vt 0.758432 0.674681
vt 0.715986 0.742662
vt 0.758382 0.664793
vt 0.469387 0.753982
vt 0.469523 0.761156
vt 0.446643 0.756143
vt 0.683077 0.763979
vt 0.581399 0.772909
vt 0.684413 0.753713
vt 0.435441 0.650385
vt 0.415163 0.660315
vt 0.386034 0.622986
vt 0.457231 0.708671
vt 0.469387 0.753982
vt 0.436770 0.709459
vt 0.675436 0.698682
vt 0.684413 0.753713
vt 0.596026 0.700333
vt 0.758382 0.664793
vt 0.717880 0.733193
vt 0.754961 0.622280
vt 0.292071 0.601258
vt 0.292921 0.653074
vt 0.237409 0.586801
vt 0.585334 0.761611
vt 0.515150 0.745000
vt 0.596026 0.700333
vt 0.727269 0.662011
vt 0.728099 0.671539
vt 0.677364 0.688594
vt 0.349944 0.632743
vt 0.352521 0.641385
vt 0.344661 0.637728
vt 0.439009 0.649082
vt 0.438850 0.656816
vt 0.435441 0.650385
vt 0.436211 0.703338
vt 0.436770 0.709459
vt 0.371792 0.709262
vt 0.360324 0.699905
vt 0.371972 0.753169
vt 0.291247 0.658255
vt 0.246081 0.733974
vt 0.248382 0.733680
vt 0.246123 0.735746
vt 0.251171 0.738960
vt 0.248825 0.738892
vt 0.251344 0.736553
vt 0.527754 0.334704
vt 0.520447 0.336597
vt 0.532497 0.336686
vt 0.371972 0.753169
vt 0.372310 0.761361
vt 0.299655 0.724589
vt 0.347944 0.644402
vt 0.357352 0.693321
vt 0.292071 0.601258
vt 0.248382 0.733680
vt 0.250427 0.733750
vt 0.248939 0.736142
vt 0.344661 0.637728
vt 0.347944 0.644402
vt 0.289838 0.596534
vt 0.258511 0.728550
vt 0.258349 0.731007
vt 0.258037 0.728365
vt 0.352521 0.641385
vt 0.362463 0.690184
vt 0.347944 0.644402
vt 0.520447 0.336597
vt 0.504100 0.344892
vt 0.532497 0.336686
vt 0.258037 0.728365
vt 0.258079 0.730987
vt 0.252517 0.729201
vt 0.349944 0.632743
vt 0.344661 0.637728
vt 0.326570 0.590500
vt 0.602717 0.689545
vt 0.536277 0.685109
vt 0.628727 0.628854
vt 0.454290 0.698528
vt 0.436211 0.703338
vt 0.438850 0.656816
vt 0.279351 0.534213
vt 0.289838 0.596534
vt 0.237116 0.517980
vt 0.725720 0.613251
vt 0.727269 0.662011
vt 0.689101 0.626550
vt 0.458926 0.673911
vt 0.466629 0.707746
vt 0.438850 0.656816
vt 0.344661 0.637728
vt 0.289838 0.596534
vt 0.319218 0.580144
vt 0.386034 0.622986
vt 0.344349 0.634414
vt 0.376039 0.608265
vt 0.724837 0.602685
vt 0.725720 0.613251
vt 0.690447 0.615656
vt 0.751679 0.575752
vt 0.725720 0.613251
vt 0.749158 0.564503
vt 0.458926 0.673911
vt 0.438850 0.656816
vt 0.455733 0.662471
vt 0.193134 0.741855
vt 0.189138 0.740116
vt 0.193149 0.739372
vt 0.699456 0.535148
vt 0.693777 0.562854
vt 0.679416 0.523575
vt 0.389210 0.555262
vt 0.376039 0.608265
vt 0.375481 0.559565
vt 0.727462 0.524190
vt 0.726952 0.546452
vt 0.699456 0.535148
vt 0.436241 0.636463
vt 0.421987 0.611010
vt 0.436291 0.629158
vt 0.628727 0.628854
vt 0.569627 0.624522
vt 0.629660 0.617505
vt 0.386034 0.622986
vt 0.376039 0.608265
vt 0.412703 0.597087
vt 0.435441 0.650385
vt 0.412703 0.597087
vt 0.421987 0.611010
vt 0.693777 0.562854
vt 0.695316 0.571142
vt 0.642563 0.561365
vt 0.444859 0.647953
vt 0.436241 0.636463
vt 0.441454 0.637689
vt 0.642563 0.561365
vt 0.638824 0.571313
vt 0.616981 0.557899
vt 0.726952 0.546452
vt 0.728434 0.555428
vt 0.693777 0.562854
vt 0.746949 0.522075
vt 0.728434 0.555428
vt 0.746971 0.513510
vt 0.455733 0.662471
vt 0.439009 0.649082
vt 0.444859 0.647953
vt 0.695316 0.571142
vt 0.690447 0.615656
vt 0.638824 0.571313
vt 0.749158 0.564503
vt 0.724837 0.602685
vt 0.728434 0.555428
vt 0.724837 0.602685
vt 0.690447 0.615656
vt 0.695316 0.571142
vt 0.629660 0.617505
vt 0.575861 0.615950
vt 0.607471 0.565654
vt 0.439009 0.649082
vt 0.436241 0.636463
vt 0.444859 0.647953
vt 0.690447 0.615656
vt 0.629660 0.617505
vt 0.638824 0.571313
vt 0.439009 0.649082
vt 0.435441 0.650385
vt 0.436241 0.636463
vt 0.728434 0.555428
vt 0.726952 0.546452
vt 0.746971 0.513510
vt 0.728434 0.555428
vt 0.695316 0.571142
vt 0.693777 0.562854
vt 0.638824 0.571313
vt 0.607471 0.565654
vt 0.616981 0.557899
vt 0.436241 0.636463
vt 0.436291 0.629158
vt 0.441454 0.637689
vt 0.695316 0.571142
vt 0.638824 0.571313
vt 0.642563 0.561365
vt 0.412703 0.597087
vt 0.423540 0.605586
vt 0.421987 0.611010
vt 0.270341 0.949091
vt 0.282921 0.989612
vt 0.240734 0.963999
vt 0.415163 0.660315
vt 0.361494 0.670273
vt 0.344349 0.634414
vt 0.436211 0.703338
vt 0.371792 0.709262
vt 0.361494 0.670273
vt 0.362621 0.685697
vt 0.361494 0.670273
vt 0.371792 0.709262
vt 0.746971 0.513510
vt 0.726952 0.546452
vt 0.727462 0.524190
vt 0.376039 0.608265
vt 0.389210 0.555262
vt 0.412703 0.597087
vt 0.679416 0.523575
vt 0.656893 0.518475
vt 0.678069 0.514197
vt 0.716156 0.511264
vt 0.727462 0.524190
vt 0.699456 0.535148
vt 0.740952 0.489836
vt 0.745587 0.491878
vt 0.727462 0.524190
vt 0.656893 0.518475
vt 0.650948 0.514016
vt 0.678069 0.514197
vt 0.716156 0.511264
vt 0.740952 0.489836
vt 0.727462 0.524190
vt 0.678069 0.514197
vt 0.716156 0.511264
vt 0.699456 0.535148
vt 0.678069 0.514197
vt 0.699456 0.535148
vt 0.679416 0.523575
vt 0.569627 0.624522
vt 0.575861 0.615950
vt 0.629660 0.617505
vt 0.412703 0.597087
vt 0.435441 0.650385
vt 0.386034 0.622986
vt 0.188985 0.740502
vt 0.193134 0.741855
vt 0.191507 0.746819
vt 0.421987 0.611010
vt 0.423540 0.605586
vt 0.436291 0.629158
vt 0.726952 0.546452
vt 0.693777 0.562854
vt 0.699456 0.535148
vt 0.642563 0.561365
vt 0.616981 0.557899
vt 0.656893 0.518475
vt 0.616981 0.557899
vt 0.639487 0.522584
vt 0.656893 0.518475
vt 0.376039 0.608265
vt 0.363974 0.577208
vt 0.375481 0.559565
vt 0.693777 0.562854
vt 0.642563 0.561365
vt 0.679416 0.523575
vt 0.189138 0.740116
vt 0.190943 0.738116
vt 0.193149 0.739372
vt 0.188985 0.740502
vt 0.189138 0.740116
vt 0.193134 0.741855
vt 0.438850 0.656816
vt 0.439009 0.649082
vt 0.455733 0.662471
vt 0.188873 0.746063
vt 0.191507 0.746819
vt 0.190940 0.748256
vt 0.725720 0.613251
vt 0.724837 0.602685
vt 0.749158 0.564503
vt 0.188873 0.746063
vt 0.187347 0.743634
vt 0.188985 0.740502
vt 0.725720 0.613251
vt 0.689101 0.626550
vt 0.690447 0.615656
vt 0.188873 0.746063
vt 0.188985 0.740502
vt 0.191507 0.746819
vt 0.188985 0.740502
vt 0.187347 0.743634
vt 0.187764 0.741518
vt 0.689101 0.626550
vt 0.628727 0.628854
vt 0.629660 0.617505
vt 0.344349 0.634414
vt 0.345982 0.610042
vt 0.376039 0.608265
vt 0.289838 0.596534
vt 0.279351 0.534213
vt 0.319218 0.580144
vt 0.466629 0.707746
vt 0.454290 0.698528
vt 0.438850 0.656816
vt 0.727269 0.662011
vt 0.677364 0.688594
vt 0.689101 0.626550
vt 0.289838 0.596534
vt 0.236308 0.580773
vt 0.237116 0.517980
vt 0.677364 0.688594
vt 0.602717 0.689545
vt 0.628727 0.628854
vt 0.436211 0.703338
vt 0.415163 0.660315
vt 0.438850 0.656816
vt 0.415163 0.660315
vt 0.436211 0.703338
vt 0.361494 0.670273
vt 0.536277 0.685109
vt 0.569627 0.624522
vt 0.628727 0.628854
vt 0.753185 0.611346
vt 0.727269 0.662011
vt 0.725720 0.613251
vt 0.344661 0.637728
vt 0.319218 0.580144
vt 0.326570 0.590500
vt 0.257998 0.731916
vt 0.250761 0.733763
vt 0.245871 0.730636
vt 0.245871 0.730636
vt 0.245884 0.724784
vt 0.253006 0.725792
vt 0.258037 0.728365
vt 0.252517 0.729201
vt 0.253006 0.725792
vt 0.258349 0.731007
vt 0.257998 0.731916
vt 0.258079 0.730987
vt 0.258079 0.730987
vt 0.245871 0.730636
vt 0.252517 0.729201
vt 0.532497 0.336686
vt 0.511761 0.342148
vt 0.547986 0.338846
vt 0.504100 0.344892
vt 0.511761 0.342148
vt 0.532497 0.336686
vt 0.362463 0.690184
vt 0.357352 0.693321
vt 0.347944 0.644402
vt 0.365339 0.697134
vt 0.360324 0.699905
vt 0.357352 0.693321
vt 0.376332 0.760338
vt 0.372310 0.761361
vt 0.371972 0.753169
vt 0.258349 0.731007
vt 0.258079 0.730987
vt 0.258037 0.728365
vt 0.245871 0.730636
vt 0.258079 0.730987
vt 0.257998 0.731916
vt 0.251574 0.738983
vt 0.251171 0.738960
vt 0.251746 0.736628
vt 0.377422 0.750292
vt 0.371972 0.753169
vt 0.360324 0.699905
vt 0.347944 0.644402
vt 0.292071 0.601258
vt 0.289838 0.596534
vt 0.250427 0.733750
vt 0.251344 0.736553
vt 0.248939 0.736142
vt 0.357352 0.693321
vt 0.292921 0.653074
vt 0.292071 0.601258
vt 0.360324 0.699905
vt 0.291247 0.658255
vt 0.357352 0.693321
vt 0.372310 0.761361
vt 0.299774 0.729868
vt 0.299655 0.724589
vt 0.541825 0.334198
vt 0.532497 0.336686
vt 0.598553 0.342788
vt 0.248825 0.738892
vt 0.248939 0.736142
vt 0.251344 0.736553
vt 0.248382 0.733680
vt 0.248939 0.736142
vt 0.246123 0.735746
vt 0.371972 0.753169
vt 0.299655 0.724589
vt 0.291247 0.658255
vt 0.436770 0.709459
vt 0.372833 0.714774
vt 0.371792 0.709262
vt 0.754961 0.622280
vt 0.728099 0.671539
vt 0.727269 0.662011
vt 0.193166 0.736581
vt 0.193149 0.739372
vt 0.190943 0.738116
vt 0.438850 0.656816
vt 0.415163 0.660315
vt 0.435441 0.650385
vt 0.596026 0.700333
vt 0.525087 0.689484
vt 0.536277 0.685109
vt 0.352521 0.641385
vt 0.347944 0.644402
vt 0.344661 0.637728
vt 0.475878 0.716546
vt 0.457231 0.708671
vt 0.454290 0.698528
vt 0.728099 0.671539
vt 0.675436 0.698682
vt 0.677364 0.688594
vt 0.515150 0.745000
vt 0.525087 0.689484
vt 0.596026 0.700333
vt 0.292921 0.653074
vt 0.241322 0.645666
vt 0.237409 0.586801
vt 0.717880 0.733193
vt 0.728099 0.671539
vt 0.754961 0.622280
vt 0.480981 0.762022
vt 0.469387 0.753982
vt 0.457231 0.708671
vt 0.684413 0.753713
vt 0.585334 0.761611
vt 0.596026 0.700333
vt 0.469387 0.753982
vt 0.446643 0.756143
vt 0.436770 0.709459
vt 0.446643 0.756143
vt 0.373579 0.756133
vt 0.436770 0.709459
vt 0.717880 0.733193
vt 0.684413 0.753713
vt 0.675436 0.698682
vt 0.415163 0.660315
vt 0.344349 0.634414
vt 0.386034 0.622986
vt 0.581399 0.772909
vt 0.585334 0.761611
vt 0.684413 0.753713
vt 0.715986 0.742662
vt 0.683077 0.763979
vt 0.684413 0.753713
vt 0.469523 0.761156
vt 0.447846 0.760406
vt 0.446643 0.756143
vt 0.715986 0.742662
vt 0.717880 0.733193
vt 0.758382 0.664793
vt 0.447846 0.760406
vt 0.370274 0.761949
vt 0.373579 0.756133
vt 0.581399 0.772909
vt 0.506989 0.753765
vt 0.515150 0.745000
vt 0.291247 0.658255
vt 0.241167 0.650413
vt 0.241322 0.645666
vt 0.490940 0.810526
vt 0.485867 0.809180
vt 0.469523 0.761156
vt 0.714969 0.795659
vt 0.673137 0.818474
vt 0.683077 0.763979
vt 0.673137 0.818474
vt 0.567656 0.820236
vt 0.581399 0.772909
vt 0.759844 0.734528
vt 0.714969 0.795659
vt 0.715986 0.742662
vt 0.485867 0.809180
vt 0.463361 0.804774
vt 0.469523 0.761156
vt 0.485576 0.811922
vt 0.463758 0.810357
vt 0.463361 0.804774
vt 0.463758 0.810357
vt 0.398511 0.805336
vt 0.397346 0.801274
vt 0.531047 0.819445
vt 0.508552 0.818519
vt 0.513185 0.801752
vt 0.710464 0.802744
vt 0.673449 0.826591
vt 0.673137 0.818474
vt 0.494910 0.819471
vt 0.485576 0.811922
vt 0.485867 0.809180
vt 0.299774 0.729868
vt 0.242900 0.723475
vt 0.243118 0.718771
vt 0.759898 0.742869
vt 0.710464 0.802744
vt 0.714969 0.795659
vt 0.675436 0.698682
vt 0.596026 0.700333
vt 0.602717 0.689545
vt 0.673449 0.826591
vt 0.531047 0.819445
vt 0.567656 0.820236
vt 0.491800 0.772681
vt 0.469523 0.761156
vt 0.469387 0.753982
vt 0.237409 0.586801
vt 0.236308 0.580773
vt 0.289838 0.596534
vt 0.457231 0.708671
vt 0.436770 0.709459
vt 0.436211 0.703338
vt 0.640504 0.885626
vt 0.556796 0.878846
vt 0.673449 0.826591
vt 0.443759 0.850997
vt 0.463758 0.810357
vt 0.485576 0.811922
vt 0.443759 0.850997
vt 0.408848 0.839567
vt 0.398511 0.805336
vt 0.518546 0.855472
vt 0.508552 0.818519
vt 0.531047 0.819445
vt 0.723791 0.865263
vt 0.640504 0.885626
vt 0.673449 0.826591
vt 0.486418 0.863490
vt 0.479315 0.855245
vt 0.485576 0.811922
vt 0.723791 0.865263
vt 0.710464 0.802744
vt 0.759898 0.742869
vt 0.261044 0.734235
vt 0.250761 0.733763
vt 0.257998 0.731916
vt 0.422818 0.871697
vt 0.417516 0.862868
vt 0.442543 0.856516
vt 0.640138 0.895179
vt 0.555962 0.888074
vt 0.640504 0.885626
vt 0.476840 0.860438
vt 0.442543 0.856516
vt 0.443759 0.850997
vt 0.442543 0.856516
vt 0.410601 0.848195
vt 0.408848 0.839567
vt 0.555962 0.888074
vt 0.514578 0.866192
vt 0.518546 0.855472
vt 0.723954 0.874487
vt 0.640138 0.895179
vt 0.640504 0.885626
vt 0.489750 0.873547
vt 0.476840 0.860438
vt 0.479315 0.855245
vt 0.763417 0.820831
vt 0.723954 0.874487
vt 0.723791 0.865263
vt 0.258637 0.737838
vt 0.250761 0.733763
vt 0.259010 0.737000
vt 0.258083 0.738416
vt 0.250761 0.733763
vt 0.258637 0.737838
vt 0.246132 0.738887
vt 0.246123 0.735746
vt 0.248939 0.736142
vt 0.250761 0.733763
vt 0.251746 0.736628
vt 0.251344 0.736553
vt 0.600637 0.370218
vt 0.690409 0.364726
vt 0.597967 0.353603
vt 0.445604 0.437002
vt 0.428094 0.469162
vt 0.450730 0.440123
vt 0.462048 0.446384
vt 0.507187 0.463705
vt 0.463235 0.430846
vt 0.319719 0.941837
vt 0.328745 0.947996
vt 0.325901 0.982543
vt 0.479644 0.399309
vt 0.522008 0.432510
vt 0.519514 0.388177
vt 0.522008 0.432510
vt 0.479644 0.399309
vt 0.472291 0.419119
vt 0.507187 0.463705
vt 0.508547 0.447679
vt 0.463235 0.430846
vt 0.282921 0.989612
vt 0.240568 0.992820
vt 0.240734 0.963999
vt 0.463361 0.804774
vt 0.397346 0.801274
vt 0.447846 0.760406
vt 0.250761 0.733763
vt 0.261044 0.734235
vt 0.259990 0.734825
vt 0.453479 0.888838
vt 0.439137 0.886780
vt 0.476840 0.860438
vt 0.511761 0.342148
vt 0.497042 0.352778
vt 0.519315 0.341157
vt 0.631101 0.444485
vt 0.640372 0.445002
vt 0.637268 0.433984
vt 0.585439 0.473951
vt 0.586222 0.468837
vt 0.556537 0.469647
vt 0.579452 0.421438
vt 0.583373 0.424876
vt 0.619796 0.421311
vt 0.611164 0.459192
vt 0.614727 0.462168
vt 0.631101 0.444485
vt 0.600327 0.442800
vt 0.631101 0.444485
vt 0.619796 0.421311
vt 0.556537 0.469647
vt 0.586222 0.468837
vt 0.566680 0.445858
vt 0.566680 0.445858
vt 0.600327 0.442800
vt 0.583373 0.424876
vt 0.586222 0.468837
vt 0.611164 0.459192
vt 0.600327 0.442800
vt 0.642905 0.449786
vt 0.652155 0.457548
vt 0.656149 0.438024
vt 0.586222 0.468837
vt 0.585439 0.473951
vt 0.611164 0.459192
vt 0.615290 0.465827
vt 0.623599 0.475148
vt 0.642905 0.449786
vt 0.576900 0.494126
vt 0.598142 0.488231
vt 0.615290 0.465827
vt 0.555021 0.496767
vt 0.576900 0.494126
vt 0.587409 0.474514
vt 0.624185 0.410544
vt 0.619796 0.421311
vt 0.637268 0.433984
vt 0.513979 0.496315
vt 0.555021 0.496767
vt 0.547346 0.474148
vt 0.487001 0.492885
vt 0.513979 0.496315
vt 0.507187 0.463705
vt 0.579452 0.421438
vt 0.624185 0.410544
vt 0.580566 0.407450
vt 0.566680 0.445858
vt 0.555794 0.444339
vt 0.556537 0.469647
vt 0.508547 0.447679
vt 0.555794 0.444339
vt 0.522008 0.432510
vt 0.628781 0.353096
vt 0.665973 0.353738
vt 0.609479 0.345755
vt 0.270034 0.881168
vt 0.271501 0.843551
vt 0.306908 0.882659
vt 0.242552 0.883145
vt 0.242756 0.846258
vt 0.270034 0.881168
vt 0.241348 0.950049
vt 0.242552 0.883145
vt 0.270341 0.949091
vt 0.282703 0.782963
vt 0.271501 0.843551
vt 0.242592 0.798433
vt 0.271501 0.843551
vt 0.300818 0.818945
vt 0.306259 0.834749
vt 0.313088 0.845967
vt 0.271501 0.843551
vt 0.306259 0.834749
vt 0.707679 0.408045
vt 0.701353 0.401054
vt 0.656149 0.438024
vt 0.621677 0.403534
vt 0.586266 0.402782
vt 0.624185 0.410544
vt 0.583373 0.424876
vt 0.579452 0.421438
vt 0.566680 0.445858
vt 0.507187 0.463705
vt 0.547346 0.474148
vt 0.508547 0.447679
vt 0.334491 0.870343
vt 0.350257 0.893040
vt 0.317429 0.887932
vt 0.322741 0.860083
vt 0.334491 0.870343
vt 0.317429 0.887932
vt 0.317567 0.853473
vt 0.322741 0.860083
vt 0.306908 0.882659
vt 0.313088 0.845967
vt 0.317567 0.853473
vt 0.306908 0.882659
vt 0.293877 0.946307
vt 0.306908 0.882659
vt 0.319719 0.941837
vt 0.243594 0.781691
vt 0.243218 0.755172
vt 0.267586 0.758929
vt 0.548025 0.926737
vt 0.548360 0.912454
vt 0.639324 0.943263
vt 0.462048 0.446384
vt 0.450730 0.440123
vt 0.441776 0.474730
vt 0.453479 0.888838
vt 0.468459 0.900309
vt 0.462717 0.909164
vt 0.567656 0.820236
vt 0.513185 0.801752
vt 0.506989 0.753765
vt 0.690409 0.364726
vt 0.698872 0.363635
vt 0.665973 0.353738
vt 0.597967 0.353603
vt 0.628781 0.353096
vt 0.557614 0.343236
vt 0.701353 0.401054
vt 0.648939 0.418484
vt 0.656149 0.438024
vt 0.270341 0.949091
vt 0.293877 0.946307
vt 0.282921 0.989612
vt 0.422818 0.871697
vt 0.442543 0.856516
vt 0.476840 0.860438
vt 0.764264 0.885545
vt 0.727342 0.928918
vt 0.723954 0.874487
vt 0.639324 0.943263
vt 0.727342 0.928918
vt 0.638208 0.951954
vt 0.763447 0.896970
vt 0.726745 0.937716
vt 0.764264 0.885545
vt 0.270341 0.949091
vt 0.270034 0.881168
vt 0.293877 0.946307
vt 0.519514 0.388177
vt 0.600637 0.370218
vt 0.525867 0.352484
vt 0.278006 0.778121
vt 0.282703 0.782963
vt 0.242922 0.790510
vt 0.271356 0.761414
vt 0.278006 0.778121
vt 0.243594 0.781691
vt 0.278006 0.778121
vt 0.242922 0.790510
vt 0.243594 0.781691
vt 0.652155 0.457548
vt 0.707679 0.408045
vt 0.656149 0.438024
vt 0.547986 0.338846
vt 0.511761 0.342148
vt 0.519315 0.341157
vt 0.580566 0.407450
vt 0.519514 0.388177
vt 0.522008 0.432510
vt 0.328745 0.947996
vt 0.330913 0.908217
vt 0.411203 0.932467
vt 0.293877 0.946307
vt 0.319719 0.941837
vt 0.325901 0.982543
vt 0.557614 0.343236
vt 0.609479 0.345755
vt 0.602300 0.332473
vt 0.259010 0.737000
vt 0.250761 0.733763
vt 0.259569 0.735650
vt 0.648939 0.418484
vt 0.701353 0.401054
vt 0.600637 0.370218
vt 0.701353 0.401054
vt 0.716858 0.385469
vt 0.600637 0.370218
vt 0.621677 0.403534
vt 0.600637 0.370218
vt 0.586266 0.402782
vt 0.586266 0.402782
vt 0.600637 0.370218
vt 0.580566 0.407450
vt 0.330913 0.908217
vt 0.328745 0.947996
vt 0.319719 0.941837
vt 0.367866 0.914418
vt 0.411203 0.932467
vt 0.330913 0.908217
vt 0.428094 0.469162
vt 0.441776 0.474730
vt 0.450730 0.440123
vt 0.486915 0.372624
vt 0.479644 0.399309
vt 0.519514 0.388177
vt 0.508547 0.447679
vt 0.522008 0.432510
vt 0.472291 0.419119
vt 0.508547 0.447679
vt 0.472291 0.419119
vt 0.463235 0.430846
vt 0.507187 0.463705
vt 0.462048 0.446384
vt 0.487001 0.492885
vt 0.519315 0.341157
vt 0.493500 0.359587
vt 0.525867 0.352484
vt 0.299655 0.724589
vt 0.243118 0.718771
vt 0.241167 0.650413
vt 0.547986 0.338846
vt 0.598553 0.342788
vt 0.532497 0.336686
vt 0.639324 0.943263
vt 0.548360 0.912454
vt 0.555962 0.888074
vt 0.497042 0.352778
vt 0.511761 0.342148
vt 0.504100 0.344892
vt 0.497042 0.352778
vt 0.493500 0.359587
vt 0.519315 0.341157
vt 0.422733 0.949183
vt 0.328745 0.947996
vt 0.411203 0.932467
vt 0.640372 0.445002
vt 0.650521 0.435492
vt 0.637268 0.433984
vt 0.547346 0.474148
vt 0.585439 0.473951
vt 0.556537 0.469647
vt 0.624185 0.410544
vt 0.579452 0.421438
vt 0.619796 0.421311
vt 0.614727 0.462168
vt 0.640372 0.445002
vt 0.631101 0.444485
vt 0.631101 0.444485
vt 0.637268 0.433984
vt 0.619796 0.421311
vt 0.586222 0.468837
vt 0.600327 0.442800
vt 0.566680 0.445858
vt 0.600327 0.442800
vt 0.619796 0.421311
vt 0.583373 0.424876
vt 0.611164 0.459192
vt 0.631101 0.444485
vt 0.600327 0.442800
vt 0.585439 0.473951
vt 0.614727 0.462168
vt 0.611164 0.459192
vt 0.623599 0.475148
vt 0.652155 0.457548
vt 0.642905 0.449786
vt 0.598142 0.488231
vt 0.623599 0.475148
vt 0.615290 0.465827
vt 0.576900 0.494126
vt 0.615290 0.465827
vt 0.587409 0.474514
vt 0.650521 0.435492
vt 0.624185 0.410544
vt 0.637268 0.433984
vt 0.555021 0.496767
vt 0.587409 0.474514
vt 0.547346 0.474148
vt 0.513979 0.496315
vt 0.547346 0.474148
vt 0.507187 0.463705
vt 0.624185 0.410544
vt 0.586266 0.402782
vt 0.580566 0.407450
vt 0.555794 0.444339
vt 0.547346 0.474148
vt 0.556537 0.469647
vt 0.555794 0.444339
vt 0.579452 0.421438
vt 0.522008 0.432510
vt 0.557614 0.343236
vt 0.519315 0.341157
vt 0.525867 0.352484
vt 0.597967 0.353603
vt 0.690409 0.364726
vt 0.628781 0.353096
vt 0.557614 0.343236
vt 0.628781 0.353096
vt 0.609479 0.345755
vt 0.271501 0.843551
vt 0.313088 0.845967
vt 0.306908 0.882659
vt 0.242756 0.846258
vt 0.271501 0.843551
vt 0.270034 0.881168
vt 0.242552 0.883145
vt 0.270034 0.881168
vt 0.270341 0.949091
vt 0.271501 0.843551
vt 0.242756 0.846258
vt 0.242592 0.798433
vt 0.271501 0.843551
vt 0.282703 0.782963
vt 0.300818 0.818945
vt 0.720250 0.390905
vt 0.701353 0.401054
vt 0.707679 0.408045
vt 0.650521 0.435492
vt 0.621677 0.403534
vt 0.624185 0.410544
vt 0.579452 0.421438
vt 0.555794 0.444339
vt 0.566680 0.445858
vt 0.547346 0.474148
vt 0.555794 0.444339
vt 0.508547 0.447679
vt 0.317429 0.887932
vt 0.350257 0.893040
vt 0.330913 0.908217
vt 0.306908 0.882659
vt 0.322741 0.860083
vt 0.317429 0.887932
vt 0.306908 0.882659
vt 0.317429 0.887932
vt 0.319719 0.941837
vt 0.690409 0.364726
vt 0.706829 0.369889
vt 0.698872 0.363635
vt 0.271356 0.761414
vt 0.243594 0.781691
vt 0.267586 0.758929
vt 0.690409 0.364726
vt 0.716858 0.385469
vt 0.706829 0.369889
vt 0.468459 0.900309
vt 0.453479 0.888838
vt 0.489750 0.873547
vt 0.638208 0.951954
vt 0.548025 0.926737
vt 0.639324 0.943263
vt 0.328745 0.947996
vt 0.422733 0.949183
vt 0.325901 0.982543
vt 0.487001 0.492885
vt 0.462048 0.446384
vt 0.441776 0.474730
vt 0.350257 0.893040
vt 0.367866 0.914418
vt 0.330913 0.908217
vt 0.449741 0.890921
vt 0.453479 0.888838
vt 0.462717 0.909164
vt 0.251574 0.738983
vt 0.251746 0.736628
vt 0.257365 0.738786
vt 0.250761 0.733763
vt 0.257365 0.738786
vt 0.251746 0.736628
vt 0.628781 0.353096
vt 0.690409 0.364726
vt 0.665973 0.353738
vt 0.600637 0.370218
vt 0.716858 0.385469
vt 0.690409 0.364726
vt 0.525867 0.352484
vt 0.597967 0.353603
vt 0.557614 0.343236
vt 0.525867 0.352484
vt 0.600637 0.370218
vt 0.597967 0.353603
vt 0.270341 0.949091
vt 0.240734 0.963999
vt 0.241348 0.950049
vt 0.727342 0.928918
vt 0.639324 0.943263
vt 0.640138 0.895179
vt 0.727342 0.928918
vt 0.726745 0.937716
vt 0.638208 0.951954
vt 0.726745 0.937716
vt 0.727342 0.928918
vt 0.764264 0.885545
vt 0.270034 0.881168
vt 0.306908 0.882659
vt 0.293877 0.946307
vt 0.486915 0.372624
vt 0.519514 0.388177
vt 0.525867 0.352484
vt 0.525867 0.352484
vt 0.493500 0.359587
vt 0.486915 0.372624
vt 0.282703 0.782963
vt 0.242592 0.798433
vt 0.242922 0.790510
vt 0.701353 0.401054
vt 0.720250 0.390905
vt 0.716858 0.385469
vt 0.257365 0.738786
vt 0.250761 0.733763
vt 0.258083 0.738416
vt 0.557614 0.343236
vt 0.547986 0.338846
vt 0.519315 0.341157
vt 0.579452 0.421438
vt 0.580566 0.407450
vt 0.522008 0.432510
vt 0.282921 0.989612
vt 0.293877 0.946307
vt 0.325901 0.982543
vt 0.620674 0.348858
vt 0.598553 0.342788
vt 0.547986 0.338846
vt 0.259990 0.734825
vt 0.259569 0.735650
vt 0.250761 0.733763
vt 0.580566 0.407450
vt 0.600637 0.370218
vt 0.519514 0.388177
vt 0.317429 0.887932
vt 0.330913 0.908217
vt 0.319719 0.941837
vn 0.0140 0.9577 0.2875
vn -0.0914 0.0938 0.9914
vn -0.3172 0.1018 0.9429
vn -0.4920 -0.2573 0.8317
vn -0.1353 0.5784 -0.8045
vn -0.3223 0.3238 0.8895
vn -0.2491 -0.1497 0.9568
vn -0.6892 0.5115 0.5133
vn 0.0065 0.6738 -0.7389
vn -0.3025 0.6454 0.7014
vn -0.4892 0.0970 0.8668
vn -0.1458 0.1002 0.9842
vn -0.0259 -0.9366 -0.3495
vn -0.6975 0.7165 0.0114
vn -0.8423 0.5348 -0.0673
vn -0.0437 0.1617 0.9859
vn -0.9567 0.2847 -0.0609
vn -0.7036 0.6978 -0.1343
vn -0.0143 0.9258 0.3777
vn -0.3104 0.3701 0.8756
vn -0.6227 0.5398 0.5665
vn -0.6542 0.7206 0.2295
vn -0.9916 0.1167 0.0561
vn -0.3744 0.3823 -0.8448
vn -0.2775 -0.1908 0.9416
vn -0.3235 0.4471 0.8339
vn -0.9916 0.1168 0.0561
vn -0.2009 -0.5184 0.8312
vn -0.5871 0.4550 -0.6696
vn -0.2366 0.0352 0.9710
vn -0.7465 0.6329 0.2052
vn -0.2973 0.0341 0.9542
vn -0.7169 0.6636 0.2138
vn -0.5616 -0.6212 0.5465
vn -0.8801 -0.4597 -0.1188
vn -0.4587 -0.1348 0.8783
vn -0.7114 0.5105 -0.4830
vn -0.4211 -0.2129 0.8817
vn -0.9883 0.1390 0.0626
vn -0.3897 -0.2159 0.8953
vn -0.2928 0.4817 -0.8260
vn -0.2819 -0.8403 0.4630
vn -0.6202 -0.7798 -0.0848
vn -0.4732 -0.7996 0.3698
vn -0.6476 0.3614 -0.6709
vn -0.0726 -0.7503 0.6571
vn -0.6690 -0.6385 -0.3806
vn -0.8890 -0.3862 0.2460
vn -0.5905 -0.7766 -0.2197
vn 0.1278 0.5362 0.8344
vn 0.0276 0.3056 0.9517
vn -0.6774 -0.0671 0.7326
vn -0.3484 0.6156 -0.7068
vn -0.3744 0.6373 -0.6736
vn -0.2538 -0.4974 0.8296
vn -0.1728 -0.6097 0.7735
vn -0.7690 -0.5257 0.3637
vn -0.3143 0.0279 -0.9489
vn -0.7100 -0.3700 -0.5992
vn -0.4528 0.7326 -0.5082
vn -0.6839 0.6347 -0.3597
vn -0.6224 0.0249 0.7823
vn -0.3624 0.4759 0.8014
vn -0.4940 0.1861 -0.8493
vn -0.6088 0.4261 0.6692
vn -0.2686 0.7680 -0.5814
vn -0.5268 0.7588 -0.3830
vn 0.0213 -0.3846 0.9228
vn -0.4673 -0.4162 0.7800
vn -0.5169 0.8272 -0.2203
vn -0.6780 0.5404 0.4982
vn -0.2240 0.8655 -0.4480
vn -0.2778 0.3696 0.8867
vn -0.4712 0.7912 -0.3898
vn -0.3984 0.4519 0.7982
vn 0.3454 0.5968 -0.7242
vn -0.6036 0.4293 -0.6719
vn -0.5009 -0.1139 0.8580
vn -0.0701 -0.1943 0.9784
vn -0.7235 0.2963 -0.6235
vn -0.8899 0.1335 0.4361
vn -0.3481 0.3618 0.8648
vn -0.5788 0.7470 0.3271
vn 0.1742 0.7010 -0.6915
vn -0.1657 0.8889 -0.4271
vn -0.8230 0.4017 -0.4015
vn 0.1584 0.0347 0.9868
vn 0.1429 0.1635 0.9761
vn -0.0181 0.9538 0.2999
vn -0.6661 0.6912 -0.2803
vn -0.8624 0.3120 -0.3987
vn 0.1385 0.4284 0.8929
vn -0.7411 0.6712 0.0130
vn -0.9397 -0.1523 -0.3060
vn -0.9777 0.2068 0.0355
vn -0.1201 0.9459 0.3014
vn -0.2075 -0.1367 -0.9686
vn -0.9087 0.1708 0.3809
vn -0.7783 0.2332 0.5830
vn -0.4790 0.6637 -0.5745
vn -0.5869 0.3019 -0.7512
vn -0.2992 0.0831 0.9506
vn -0.6868 0.5813 -0.4363
vn -0.8553 0.1152 -0.5052
vn 0.3062 0.8783 -0.3673
vn -0.3812 0.4696 0.7963
vn -0.5638 0.5870 0.5810
vn -0.6795 0.5763 -0.4541
vn 0.1977 0.5555 0.8077
vn -0.2721 0.1598 0.9489
vn 0.2141 -0.1942 -0.9573
vn -0.2235 0.2815 0.9332
vn -0.1185 0.7711 -0.6257
vn -0.3639 0.6445 0.6725
vn 0.5807 0.0575 -0.8121
vn 0.0228 0.5029 -0.8641
vn -0.4061 0.5531 0.7274
vn -0.5895 0.5910 0.5507
vn -0.3644 0.6440 0.6726
vn -0.4069 0.5890 0.6982
vn -0.5099 0.4622 0.7255
vn -0.8346 0.5420 0.0990
vn -0.3882 0.0627 0.9194
vn -0.0825 0.1107 0.9904
vn -0.3498 0.0643 0.9346
vn -0.5493 -0.3610 0.7536
vn -0.7042 0.6248 0.3372
vn -0.5180 -0.2448 0.8196
vn -0.1575 0.5761 -0.8021
vn -0.5966 0.5129 0.6173
vn -0.4142 0.5507 0.7246
vn -0.4876 0.4442 0.7516
vn -0.7493 0.5061 0.4270
vn -0.3711 0.6452 0.6678
vn -0.1468 0.6526 -0.7434
vn -0.0705 -0.9975 0.0090
vn 0.3696 0.9171 0.1495
vn -0.4006 0.3180 -0.8593
vn -0.8806 0.0332 -0.4728
vn -0.3403 0.2692 0.9009
vn 0.2480 -0.1962 -0.9487
vn -0.5225 0.7254 0.4481
vn -0.5027 0.7481 0.4332
vn -0.6441 0.6347 -0.4269
vn -0.5086 0.6970 0.5055
vn -0.5494 0.6791 0.4868
vn -0.5024 0.7479 0.4339
vn -0.5102 0.7305 0.4540
vn -0.5251 -0.1940 0.8287
vn 0.3019 0.2210 -0.9274
vn 0.3927 0.9197 -0.0065
vn -0.3023 0.6726 -0.6755
vn -0.3099 0.1573 0.9377
vn -0.3790 -0.2075 0.9018
vn -0.6964 0.4680 0.5441
vn -0.0517 -0.0851 -0.9950
vn -0.4124 0.0176 0.9108
vn 0.2364 0.4206 0.8759
vn 0.3847 0.8717 0.3036
vn -0.6637 0.5292 -0.5286
vn 0.0367 0.6304 -0.7754
vn -0.3811 0.4697 0.7964
vn 0.0831 0.9748 0.2072
vn -0.3065 0.6454 0.6996
vn 0.1206 0.9729 0.1975
vn 0.0059 0.9804 0.1969
vn 0.6978 0.4380 -0.5667
vn -0.7781 0.3013 -0.5511
vn -0.8885 0.4342 0.1488
vn -0.3328 0.0499 0.9417
vn -0.7087 0.3967 -0.5834
vn -0.4605 0.1261 0.8787
vn 0.1347 0.6288 -0.7658
vn -0.5684 0.6867 -0.4533
vn -0.6955 -0.1079 0.7104
vn -0.1556 0.0884 0.9839
vn -0.9778 0.2010 -0.0592
vn 0.0198 -0.4348 -0.9003
vn -0.0317 -0.9407 -0.3379
vn -0.0137 -0.9358 -0.3522
vn -0.8219 0.4472 -0.3530
vn -0.1218 -0.2731 -0.9542
vn -0.1678 0.9250 0.3409
vn -0.2029 0.9792 -0.0091
vn -0.9755 0.2142 -0.0505
vn -0.6948 0.7189 0.0185
vn -0.8473 0.5300 -0.0347
vn -0.8214 -0.1866 -0.5390
vn -0.3297 0.6219 -0.7103
vn 0.0339 0.1514 0.9879
vn -0.9497 0.2918 -0.1139
vn -0.7975 0.5917 -0.1178
vn -0.0095 0.4927 0.8702
vn -0.8391 0.2621 -0.4766
vn -0.6627 0.7434 -0.0906
vn -0.7476 0.1177 -0.6536
vn -0.0114 0.9247 0.3806
vn -0.0299 0.3044 0.9521
vn -0.1631 0.3549 0.9206
vn -0.8035 0.3088 -0.5089
vn -0.2386 0.7415 -0.6271
vn -0.3100 0.3679 0.8767
vn 0.1971 0.3617 0.9112
vn 0.1437 0.6320 -0.7615
vn -0.6124 0.5513 0.5666
vn -0.7471 0.6625 0.0534
vn -0.6542 0.7206 0.2296
vn -0.3224 0.4710 0.8211
vn -0.8541 -0.1305 0.5035
vn -0.6576 0.1968 -0.7272
vn 0.0633 -0.2779 0.9585
vn -0.9916 0.1167 0.0560
vn -0.4166 -0.0102 0.9090
vn -0.5309 0.4039 -0.7450
vn -0.3460 0.4188 -0.8396
vn 0.2349 0.8802 -0.4124
vn -0.4143 -0.1663 0.8948
vn -0.3235 0.4472 0.8339
vn -0.4665 0.8496 -0.2462
vn -0.3227 0.4471 0.8343
vn -0.2611 0.6603 -0.7042
vn -0.7237 0.4870 0.4889
vn -0.5670 0.7408 -0.3601
vn -0.1915 -0.5076 0.8401
vn -0.5787 -0.6546 0.4865
vn -0.0937 -0.5280 0.8441
vn -0.6620 0.3820 -0.6448
vn -0.5262 0.7610 -0.3794
vn -0.2680 0.8214 -0.5034
vn -0.6924 0.3160 0.6486
vn -0.4757 0.0545 -0.8779
vn -0.4096 0.3865 0.8264
vn -0.4892 0.3578 0.7954
vn -0.6245 0.7412 -0.2461
vn -0.4180 0.8904 -0.1802
vn -0.5088 -0.6852 0.5212
vn -0.6630 -0.1921 -0.7235
vn -0.2605 -0.0486 -0.9643
vn -0.8194 -0.4289 0.3803
vn -0.3329 -0.7322 0.5942
vn -0.0478 -0.6194 0.7836
vn 0.1595 0.2135 -0.9638
vn -0.7534 -0.2187 -0.6201
vn -0.4679 -0.2077 0.8590
vn -0.3662 0.7189 -0.5908
vn -0.7830 -0.2823 0.5543
vn -0.9883 0.1389 0.0626
vn -0.3896 -0.2160 0.8953
vn -0.2099 0.0529 0.9763
vn -0.2496 -0.0602 0.9665
vn -0.1485 0.4417 0.8848
vn -0.0079 0.5064 0.8622
vn -0.8355 0.0933 -0.5415
vn -0.9412 0.3378 -0.0000
vn -0.6277 -0.2441 -0.7392
vn -0.2795 -0.9499 -0.1399
vn -0.6643 0.2091 -0.7177
vn -0.6828 0.1019 -0.7235
vn -0.5849 0.0334 -0.8104
vn -0.0257 -0.9585 0.2839
vn -0.3040 0.4636 -0.8323
vn -0.2030 0.0937 0.9747
vn -0.6521 -0.6754 -0.3444
vn -0.5389 0.8233 -0.1779
vn -0.2746 -0.3636 -0.8902
vn -0.5250 -0.8211 -0.2240
vn -0.9223 0.0733 -0.3795
vn -0.2263 -0.6589 -0.7174
vn -0.6720 -0.2316 -0.7035
vn -0.7441 -0.3360 -0.5774
vn -0.9102 -0.1159 -0.3977
vn -0.4516 -0.6051 -0.6556
vn -0.6642 0.3855 0.6405
vn -0.0579 -0.8584 -0.5098
vn -0.4935 0.6069 0.6230
vn -0.4804 0.8453 0.2338
vn -0.5182 0.8549 0.0244
vn -0.6339 0.3057 -0.7104
vn -0.5928 0.7271 -0.3462
vn -0.4053 0.7991 -0.4440
vn -0.8939 0.3260 -0.3076
vn -0.9613 -0.1636 -0.2218
vn -0.8648 0.0124 -0.5019
vn -0.1270 0.9834 0.1294
vn -0.2163 -0.7155 -0.6642
vn -0.0717 -0.7631 -0.6422
vn -0.0830 -0.9605 -0.2657
vn -0.1350 -0.5553 -0.8206
vn -0.1548 -0.6302 -0.7608
vn -0.1832 -0.7084 -0.6816
vn -0.8818 0.4701 -0.0363
vn -0.8678 -0.2112 -0.4497
vn -0.9499 -0.0522 -0.3081
vn -0.8000 0.0509 -0.5978
vn -0.3802 -0.8131 -0.4408
vn -0.2630 -0.7953 -0.5462
vn -0.3304 -0.7310 -0.5970
vn -0.2457 -0.7350 -0.6320
vn -0.4562 -0.8717 -0.1790
vn -0.0479 0.4428 -0.8953
vn -0.6865 -0.2290 0.6902
vn -0.7986 0.3735 -0.4720
vn -0.9927 0.0222 -0.1186
vn -0.8244 -0.1278 0.5514
vn -0.1248 0.9882 0.0889
vn -0.5203 0.8540 0.0078
vn -0.5358 -0.4159 -0.7349
vn -0.1757 -0.9844 -0.0111
vn -0.7551 -0.2268 -0.6151
vn -0.1656 -0.8651 0.4736
vn -0.2940 -0.4774 0.8280
vn -0.4300 -0.4602 0.7767
vn -0.1570 -0.9518 -0.2636
vn -0.8532 0.1661 -0.4944
vn -0.1284 -0.3359 -0.9331
vn -0.2071 -0.0716 -0.9757
vn -0.1651 -0.1598 -0.9732
vn -0.8478 0.5300 0.0188
vn -0.3749 0.8446 -0.3823
vn -0.8925 0.1405 -0.4285
vn -0.4335 -0.8726 -0.2251
vn -0.4613 -0.8779 -0.1289
vn -0.1506 0.9877 0.0425
vn -0.2214 0.0048 0.9752
vn -0.8094 0.4282 -0.4019
vn -0.8955 0.1437 -0.4213
vn -0.8987 0.3195 -0.3004
vn -0.9277 0.2969 -0.2264
vn -0.3750 -0.8960 -0.2377
vn -0.4415 -0.8587 -0.2603
vn -0.9106 0.2281 -0.3446
vn -0.6638 0.1677 -0.7288
vn -0.6792 0.0098 -0.7338
vn -0.4862 0.6313 -0.6042
vn -0.3298 0.7556 -0.5659
vn -0.5900 -0.1855 -0.7858
vn -0.4901 0.0996 -0.8660
vn -0.0458 0.9609 0.2730
vn -0.5123 -0.8547 -0.0845
vn -0.5686 0.7825 -0.2539
vn -0.7616 0.5387 -0.3603
vn -0.4279 -0.8726 -0.2357
vn -0.2948 -0.3702 -0.8809
vn -0.6205 -0.2978 -0.7254
vn -0.8650 0.4437 -0.2342
vn -0.1234 -0.6570 -0.7437
vn -0.6898 -0.2568 -0.6769
vn -0.7982 -0.4453 -0.4057
vn -0.8985 -0.0710 -0.4331
vn -0.4526 -0.6071 -0.6531
vn -0.2203 -0.7988 -0.5598
vn -0.6847 0.6891 0.2373
vn -0.4501 0.8203 0.3529
vn -0.5316 0.8423 0.0893
vn -0.5552 0.4319 -0.7108
vn -0.4676 0.7166 -0.5176
vn -0.6005 0.7550 -0.2634
vn -0.8560 -0.2974 -0.4228
vn -0.8128 -0.1485 -0.5633
vn -0.8802 -0.1892 -0.4354
vn -0.4628 0.7393 -0.4890
vn -0.6020 0.7781 -0.1796
vn -0.1337 0.9814 0.1381
vn -0.1784 -0.7413 -0.6471
vn -0.1572 -0.7224 -0.6734
vn -0.0917 -0.9590 -0.2681
vn -0.1555 -0.5477 -0.8221
vn -0.0665 -0.5560 -0.8285
vn -0.8832 0.4684 -0.0248
vn -0.6132 -0.5515 -0.5655
vn -0.9713 -0.0214 -0.2370
vn -0.8542 -0.1352 -0.5020
vn -0.5128 -0.8513 -0.1109
vn -0.5072 -0.7307 -0.4570
vn -0.2941 -0.9398 -0.1742
vn -0.1896 0.9815 -0.0268
vn -0.1486 0.3245 -0.9341
vn -0.9372 0.3449 -0.0531
vn -0.6725 -0.6624 -0.3300
vn -0.6955 -0.3564 0.6240
vn -0.4633 -0.8824 -0.0823
vn -0.7319 0.3495 -0.5849
vn -0.4479 -0.8816 -0.1491
vn -0.9087 0.3591 0.2128
vn 0.0386 0.1515 0.9877
vn 0.1615 0.5605 0.8123
vn -0.1302 0.9873 0.0914
vn -0.7631 0.5897 -0.2643
vn -0.4934 0.8698 0.0047
vn -0.8569 0.0681 -0.5109
vn -0.0898 -0.9957 0.0224
vn -0.3005 -0.8505 0.4317
vn -0.4360 -0.4487 0.7801
vn -0.1770 -0.9471 -0.2676
vn -0.6654 0.1614 -0.7289
vn -0.6651 0.1602 -0.7294
vn -0.1935 -0.2101 -0.9583
vn -0.9419 0.3238 -0.0896
vn -0.2563 -0.0752 0.9637
vn -0.3260 0.9442 0.0470
vn -0.8745 0.3245 -0.3605
vn -0.2393 -0.9709 0.0078
vn -0.0372 0.9315 0.3619
vn -0.2058 0.2150 0.9547
vn -0.8680 0.2590 -0.4237
vn -0.5736 -0.8078 -0.1356
vn -0.0186 0.9573 0.2886
vn 0.1560 0.0970 0.9830
vn 0.3783 0.1107 0.9190
vn 0.5541 -0.2440 0.7959
vn 0.0652 0.5809 -0.8114
vn 0.3715 0.3337 0.8664
vn 0.3177 -0.1425 0.9374
vn 0.7095 0.5293 0.4653
vn -0.0740 0.6728 -0.7362
vn 0.3333 0.6535 0.6796
vn 0.5447 0.1101 0.8313
vn 0.2095 0.1044 0.9722
vn 0.0257 -0.9359 -0.3513
vn 0.6782 0.7340 -0.0357
vn 0.8219 0.5559 -0.1244
vn 0.1070 0.1636 0.9807
vn 0.9427 0.3088 -0.1260
vn 0.6748 0.7153 -0.1815
vn 0.0167 0.9262 0.3766
vn 0.3565 0.3745 0.8560
vn 0.6461 0.5559 0.5230
vn 0.6499 0.7372 0.1848
vn 0.9898 0.1418 -0.0119
vn 0.3059 0.3909 -0.8681
vn 0.3461 -0.1829 0.9202
vn 0.3684 0.4560 0.8102
vn 0.9898 0.1420 -0.0118
vn 0.2704 -0.5124 0.8151
vn 0.5282 0.4691 -0.7078
vn 0.3015 0.0420 0.9525
vn 0.7425 0.6518 0.1542
vn 0.3598 0.0384 0.9322
vn 0.7128 0.6817 0.1648
vn 0.6133 -0.6063 0.5063
vn 0.8813 -0.4373 -0.1791
vn 0.5210 -0.1224 0.8448
vn 0.6635 0.5280 -0.5301
vn 0.4857 -0.2014 0.8506
vn 0.9864 0.1640 -0.0050
vn 0.4536 -0.2063 0.8670
vn 0.2233 0.4883 -0.8436
vn 0.3342 -0.8325 0.4419
vn 0.6325 -0.7639 -0.1277
vn 0.5176 -0.7870 0.3358
vn 0.5894 0.3774 -0.7142
vn 0.1359 -0.7477 0.6500
vn 0.6573 -0.6216 -0.4261
vn 0.9133 -0.3633 0.1842
vn 0.5936 -0.7616 -0.2602
vn -0.0839 0.5335 0.8416
vn 0.0299 0.3057 0.9517
vn 0.7274 -0.0493 0.6845
vn 0.2835 0.6237 -0.7285
vn 0.3111 0.6460 -0.6971
vn 0.3214 -0.4905 0.8100
vn 0.2408 -0.6045 0.7594
vn 0.8052 -0.5057 0.3098
vn 0.2478 0.0351 -0.9682
vn 0.6764 -0.3524 -0.6467
vn 0.3982 0.7434 -0.5374
vn 0.6403 0.6516 -0.4066
vn 0.6737 0.0414 0.7379
vn 0.4042 0.4856 0.7751
vn 0.4291 0.1979 -0.8813
vn 0.6422 0.4420 0.6263
vn 0.2086 0.7741 -0.5977
vn 0.4799 0.7716 -0.4175
vn 0.0516 -0.3842 0.9218
vn 0.5300 -0.4035 0.7458
vn 0.4780 0.8406 -0.2550
vn 0.6966 0.5579 0.4511
vn 0.1707 0.8705 -0.4615
vn 0.3259 0.3747 0.8680
vn 0.4232 0.8026 -0.4205
vn 0.4405 0.4625 0.7694
vn -0.4092 0.5872 -0.6984
vn 0.5451 0.4439 -0.7112
vn 0.5612 -0.1004 0.8216
vn 0.1415 -0.1912 0.9713
vn 0.6701 0.3143 -0.6724
vn 0.9140 0.1564 0.3743
vn 0.3972 0.3712 0.8393
vn 0.5807 0.7617 0.2874
vn -0.2389 0.6958 -0.6773
vn 0.1134 0.8924 -0.4367
vn 0.7832 0.4221 -0.4565
vn -0.0931 0.0315 0.9952
vn -0.0799 0.1607 0.9838
vn 0.0144 0.9542 0.2988
vn 0.6276 0.7076 -0.3246
vn 0.8249 0.3334 -0.4565
vn -0.0879 0.4255 0.9007
vn 0.7230 0.6899 -0.0372
vn 0.9202 -0.1287 -0.3698
vn 0.9723 0.2315 -0.0312
vn 0.1164 0.9489 0.2933
vn 0.1442 -0.1323 -0.9807
vn 0.9280 0.1941 0.3180
vn 0.8102 0.2533 0.5286
vn 0.4215 0.6752 -0.6053
vn 0.5249 0.3160 -0.7903
vn 0.3613 0.0915 0.9279
vn 0.6404 0.5982 -0.4818
vn 0.8155 0.1365 -0.5624
vn -0.3528 0.8699 -0.3447
vn 0.4228 0.4798 0.7688
vn 0.5874 0.6040 0.5387
vn 0.6319 0.5930 -0.4990
vn -0.1557 0.5510 0.8198
vn 0.3323 0.1675 0.9282
vn -0.2741 -0.2004 -0.9406
vn 0.2796 0.2879 0.9159
vn 0.0558 0.7733 -0.6316
vn 0.3926 0.6541 0.6466
vn -0.6362 0.0420 -0.7704
vn -0.0946 0.5014 -0.8600
vn 0.4408 0.5639 0.6984
vn 0.6106 0.6062 0.5095
vn 0.3931 0.6537 0.6466
vn 0.4386 0.5998 0.6692
vn 0.5458 0.4782 0.6881
vn 0.8253 0.5631 0.0422
vn 0.4485 0.0733 0.8908
vn 0.1467 0.1136 0.9826
vn 0.4112 0.0740 0.9085
vn 0.6086 -0.3462 0.7140
vn 0.7095 0.6428 0.2888
vn 0.5789 -0.2309 0.7820
vn 0.0876 0.5792 -0.8105
vn 0.6213 0.5298 0.5773
vn 0.4488 0.5617 0.6951
vn 0.5265 0.4571 0.7169
vn 0.7637 0.5253 0.3752
vn 0.3994 0.6550 0.6414
vn 0.0789 0.6555 -0.7511
vn 0.0959 -0.9954 0.0034
vn -0.3817 0.9075 0.1753
vn 0.3326 0.3273 -0.8845
vn 0.8450 0.0552 -0.5319
vn 0.3918 0.2788 0.8768
vn -0.3073 -0.2033 -0.9297
vn 0.5333 0.7388 0.4119
vn 0.5120 0.7610 0.3985
vn 0.6077 0.6660 -0.4325
vn 0.5241 0.7101 0.4701
vn 0.5640 0.6932 0.4487
vn 0.5118 0.7608 0.3991
vn 0.5214 0.7436 0.4186
vn 0.5853 -0.1799 0.7906
vn -0.3701 0.2124 -0.9044
vn -0.4148 0.9097 0.0212
vn 0.2382 0.6794 -0.6940
vn 0.3693 0.1660 0.9144
vn 0.4450 -0.1970 0.8736
vn 0.7199 0.4860 0.4956
vn -0.0145 -0.0846 -0.9963
vn 0.4732 0.0289 0.8805
vn -0.1861 0.4156 0.8903
vn -0.3845 0.8621 0.3300
vn 0.6123 0.5454 -0.5724
vn -0.1054 0.6284 -0.7707
vn 0.4211 0.4802 0.7695
vn -0.0934 0.9725 0.2133
vn 0.3372 0.6536 0.6776
vn -0.1311 0.9697 0.2062
vn -0.0173 0.9801 0.1977
vn 0.3333 0.6534 0.6796
vn -0.7459 0.4197 -0.5173
vn 0.7307 0.3205 -0.6028
vn 0.8853 0.4567 0.0880
vn 0.3951 0.0592 0.9167
vn 0.6555 0.4141 -0.6316
vn 0.5162 0.1385 0.8452
vn -0.2027 0.6245 -0.7542
vn 0.5184 0.7005 -0.4905
vn 0.7450 -0.0896 0.6610
vn 0.2192 0.0932 0.9712
vn 0.9660 0.2257 -0.1258
vn -0.0703 -0.4360 -0.8972
vn 0.0323 -0.9398 -0.3401
vn 0.0133 -0.9355 -0.3531
vn 0.7842 0.4675 -0.4080
vn 0.0630 -0.2710 -0.9605
vn 0.1672 0.9293 0.3294
vn 0.1769 0.9840 -0.0221
vn 0.9640 0.2388 -0.1170
vn 0.6760 0.7363 -0.0284
vn 0.8292 0.5513 -0.0921
vn 0.7870 -0.1661 -0.5941
vn 0.2642 0.6295 -0.7307
vn 0.0301 0.1514 0.9880
vn 0.9319 0.3157 -0.1784
vn 0.7723 0.6116 -0.1716
vn 0.0565 0.4935 0.8679
vn 0.7976 0.2829 -0.5327
vn 0.6358 0.7599 -0.1351
vn 0.6979 0.1360 -0.7031
vn 0.0140 0.9249 0.3799
vn 0.0872 0.3059 0.9481
vn 0.2188 0.3591 0.9073
vn 0.7587 0.3286 -0.5625
vn 0.1762 0.7468 -0.6413
vn 0.3567 0.3768 0.8548
vn -0.1429 0.3574 0.9230
vn -0.2114 0.6275 -0.7493
vn 0.6356 0.5671 0.5239
vn 0.7320 0.6813 0.0027
vn 0.6499 0.7372 0.1849
vn 0.3658 0.4797 0.7975
vn 0.8896 -0.1084 0.4438
vn 0.5993 0.2123 -0.7719
vn 0.0098 -0.2785 0.9604
vn 0.9898 0.1419 -0.0119
vn 0.4780 0.0012 0.8784
vn 0.4682 0.4166 -0.7792
vn 0.2770 0.4267 -0.8609
vn -0.2848 0.8736 -0.3946
vn 0.4787 -0.1550 0.8642
vn 0.4268 0.8609 -0.2768
vn 0.3662 0.4557 0.8113
vn 0.1955 0.6661 -0.7198
vn 0.7429 0.5057 0.4386
vn 0.5195 0.7581 -0.3942
vn 0.2614 -0.5018 0.8245
vn 0.6270 -0.6393 0.4451
vn 0.1645 -0.5247 0.8352
vn 0.6064 0.3981 -0.6883
vn 0.4795 0.7738 -0.4139
vn 0.2120 0.8275 -0.5199
vn 0.7269 0.3340 0.6000
vn 0.4111 0.0584 -0.9097
vn 0.3601 0.0424 0.9320
vn 0.4552 0.3975 0.7967
vn 0.5332 0.3708 0.7604
vn 0.5859 0.7574 -0.2882
vn 0.3819 0.9006 -0.2076
vn 0.5605 -0.6716 0.4846
vn 0.6166 -0.1758 -0.7674
vn 0.1950 -0.0428 -0.9799
vn 0.8541 -0.4076 0.3230
vn 0.3913 -0.7230 0.5694
vn 0.1168 -0.6173 0.7780
vn -0.2305 0.2086 -0.9505
vn 0.7145 -0.2001 -0.6704
vn 0.5307 -0.1950 0.8248
vn 0.3066 0.7275 -0.6138
vn 0.8260 -0.2619 0.4991
vn 0.9864 0.1640 -0.0051
vn 0.4538 -0.2055 0.8671
vn 0.2748 0.0591 0.9597
vn 0.3167 -0.0531 0.9470
vn 0.1993 0.4460 0.8726
vn 0.0541 0.5072 0.8601
vn 0.7939 0.1140 -0.5973
vn 0.9301 0.3616 -0.0641
vn 0.5816 -0.2288 -0.7806
vn 0.2933 -0.9426 -0.1595
vn 0.6081 0.2252 -0.7613
vn 0.6288 0.1186 -0.7684
vn 0.5270 0.0475 -0.8485
vn 0.0691 -0.9573 0.2806
vn 0.2344 0.4704 -0.8507
vn 0.2668 0.0997 0.9586
vn 0.6440 -0.6590 -0.3887
vn 0.5044 0.8366 -0.2137
vn 0.2222 -0.3573 -0.9072
vn 0.5291 -0.8077 -0.2601
vn 0.8920 0.0963 -0.4417
vn 0.1934 -0.6536 -0.7318
vn 0.6279 -0.2150 -0.7480
vn 0.7112 -0.3174 -0.6273
vn 0.8835 -0.0931 -0.4592
vn 0.4209 -0.5940 -0.6856
vn 0.6965 0.4027 0.5939
vn 0.0445 -0.8571 -0.5132
vn 0.5194 0.6198 0.5883
vn 0.4737 0.8574 0.2011
vn 0.4968 0.8678 -0.0104
vn 0.5758 0.3212 -0.7519
vn 0.5491 0.7417 -0.3853
vn 0.3536 0.8087 -0.4700
vn 0.8622 0.3482 -0.3678
vn 0.9477 -0.1393 -0.2872
vn 0.8279 0.0339 -0.5599
vn 0.1114 0.9864 0.1212
vn 0.1884 -0.7104 -0.6781
vn 0.0466 -0.7617 -0.6463
vn 0.0884 -0.9583 -0.2716
vn 0.0919 -0.5525 -0.8284
vn 0.1183 -0.6267 -0.7702
vn 0.1541 -0.7041 -0.6931
vn 0.8651 0.4923 -0.0962
vn 0.8401 -0.1895 -0.5082
vn 0.9276 -0.0284 -0.3725
vn 0.7557 0.0706 -0.6511
vn 0.3696 -0.8036 -0.4665
vn 0.2451 -0.7888 -0.5637
vn 0.3073 -0.7229 -0.6189
vn 0.2205 -0.7291 -0.6479
vn 0.4649 -0.8600 -0.2105
vn -0.0247 0.4428 -0.8963
vn 0.7377 -0.2109 0.6414
vn 0.7546 0.3932 -0.5253
vn 0.9814 0.0473 -0.1862
vn 0.8632 -0.1063 0.4936
vn 0.1073 0.9909 0.0809
vn 0.4977 0.8669 -0.0271
vn 0.4946 -0.4028 -0.7702
vn 0.1995 -0.9796 -0.0239
vn 0.7168 -0.2081 -0.6656
vn 0.2187 -0.8603 0.4605
vn 0.3620 -0.4691 0.8056
vn 0.4920 -0.4490 0.7459
vn 0.1627 -0.9477 -0.2745
vn 0.8129 0.1873 -0.5515
vn 0.0719 -0.3338 -0.9399
vn 0.1400 -0.0678 -0.9878
vn 0.1011 -0.1564 -0.9825
vn 0.8334 0.5513 -0.0388
vn 0.3263 0.8535 -0.4063
vn 0.8573 0.1627 -0.4885
vn 0.4391 -0.8615 -0.2550
vn 0.4735 -0.8660 -0.1609
vn 0.1287 0.9911 0.0329
vn 0.2874 0.0113 0.9577
vn 0.7689 0.4482 -0.4560
vn 0.8606 0.1660 -0.4815
vn 0.8677 0.3420 -0.3609
vn 0.9022 0.3201 -0.2891
vn 0.3804 -0.8864 -0.2636
vn 0.4443 -0.8474 -0.2907
vn 0.8788 0.2508 -0.4059
vn 0.6079 0.1839 -0.7724
vn 0.6270 0.0264 -0.7786
vn 0.4275 0.6429 -0.6355
vn 0.2710 0.7633 -0.5865
vn 0.5393 -0.1711 -0.8245
vn 0.4263 0.1119 -0.8976
vn 0.0402 0.9620 0.2702
vn 0.5268 -0.8414 -0.1201
vn 0.5298 0.7964 -0.2915
vn 0.7212 0.5575 -0.4111
vn 0.4327 -0.8616 -0.2652
vn 0.2431 -0.3633 -0.8994
vn 0.5768 -0.2826 -0.7665
vn 0.8354 0.4654 -0.2925
vn 0.0889 -0.6543 -0.7510
vn 0.6481 -0.2399 -0.7228
vn 0.7796 -0.4253 -0.4597
vn 0.8683 -0.0486 -0.4936
vn 0.4221 -0.5960 -0.6831
vn 0.2017 -0.7934 -0.5743
vn 0.6816 0.7065 0.1906
vn 0.4522 0.8317 0.3220
vn 0.5149 0.8556 0.0534
vn 0.4940 0.4453 -0.7467
vn 0.4128 0.7277 -0.5477
vn 0.5617 0.7697 -0.3033
vn 0.8324 -0.2758 -0.4807
vn 0.7759 -0.1283 -0.6177
vn 0.8528 -0.1671 -0.4948
vn 0.4094 0.7504 -0.5189
vn 0.5683 0.7930 -0.2197
vn 0.1185 0.9845 0.1293
vn 0.1524 -0.7371 -0.6584
vn 0.1281 -0.7188 -0.6833
vn 0.0969 -0.9567 -0.2746
vn 0.1119 -0.5443 -0.8314
vn 0.0237 -0.5549 -0.8316
vn 0.8672 0.4906 -0.0847
vn 0.5869 -0.5363 -0.6066
vn 0.9530 0.0031 -0.3029
vn 0.8210 -0.1139 -0.5594
vn 0.5255 -0.8381 -0.1464
vn 0.4931 -0.7180 -0.4913
vn 0.3053 -0.9321 -0.1948
vn 0.1650 0.9855 -0.0391
vn 0.0750 0.3271 -0.9420
vn 0.9223 0.3685 -0.1168
vn 0.6649 -0.6454 -0.3759
vn 0.7454 -0.3381 0.5746
vn 0.4788 -0.8704 -0.1146
vn 0.6811 0.3674 -0.6333
vn 0.4589 -0.8700 -0.1801
vn 0.9117 0.3823 0.1504
vn 0.0253 0.1513 0.9882
vn -0.1197 0.5569 0.8219
vn 0.1119 0.9903 0.0827
vn 0.7281 0.6087 -0.3154
vn 0.4703 0.8820 -0.0283
vn 0.8180 0.0894 -0.5683
vn 0.1157 -0.9932 0.0154
vn 0.3509 -0.8422 0.4094
vn 0.4979 -0.4372 0.7489
vn 0.1823 -0.9425 -0.2800
vn 0.6096 0.1776 -0.7726
vn 0.6093 0.1764 -0.7731
vn 0.1317 -0.2060 -0.9697
vn 0.9250 0.3475 -0.1535
vn 0.3235 -0.0678 0.9438
vn 0.3044 0.9522 0.0254
vn 0.8392 0.3463 -0.4193
vn 0.2639 -0.9645 -0.0094
vn 0.0384 0.9324 0.3593
vn 0.2651 0.2209 0.9386
vn 0.8301 0.2806 -0.4819
vn 0.5833 -0.7931 -0.1752
usemtl HelmetMaterial
s 1
f 1/1/1 2/2/1 3/3/1
f 4/4/2 5/5/2 6/6/2
f 7/7/3 8/8/3 9/9/3
f 10/10/4 11/11/4 12/12/4
f 13/13/5 14/14/5 15/15/5
f 16/16/6 17/17/6 18/18/6
f 19/19/7 20/20/7 21/21/7
f 22/22/8 23/23/8 24/24/8
f 25/25/9 26/26/9 27/27/9
f 28/28/10 29/29/10 30/30/10
f 31/31/11 32/32/11 33/33/11
f 34/34/12 35/35/12 36/36/12
f 37/37/13 38/38/13 39/39/13
f 40/40/14 41/41/14 42/42/14
f 43/43/15 44/44/15 45/45/15
f 46/46/16 47/47/16 48/48/16
f 49/49/17 50/50/17 51/51/17
f 52/52/18 53/53/18 54/54/18
f 55/55/19 56/56/19 57/57/19
f 58/58/20 59/59/20 60/60/20
f 61/61/21 62/62/21 63/63/21
f 64/64/22 65/65/22 66/66/22
f 67/67/23 68/68/23 69/69/23
f 70/70/24 71/71/24 72/72/24
f 73/73/25 74/74/25 75/75/25
f 76/76/26 77/77/26 78/78/26
f 79/79/27 80/80/27 81/81/27
f 82/82/28 83/83/28 84/84/28
f 85/85/29 86/86/29 87/87/29
f 88/88/30 89/89/30 90/90/30
f 91/91/31 92/92/31 93/93/31
f 94/94/32 95/95/32 96/96/32
f 97/97/33 98/98/33 99/99/33
f 100/100/34 101/101/34 102/102/34
f 103/103/35 104/104/35 105/105/35
f 106/106/36 107/107/36 108/108/36
f 109/109/37 110/110/37 111/111/37
f 112/112/38 113/113/38 114/114/38
f 115/115/39 116/116/39 117/117/39
f 118/118/40 119/119/40 120/120/40
f 121/121/41 122/122/41 123/123/41
f 124/124/42 125/125/42 126/126/42
f 127/127/43 128/128/43 129/129/43
f 130/130/44 131/131/44 132/132/44
f 133/133/45 134/134/45 135/135/45
f 136/136/46 137/137/46 138/138/46
f 139/139/47 140/140/47 141/141/47
f 142/142/48 143/143/48 144/144/48
f 145/145/49 146/146/49 147/147/49
f 148/148/50 149/149/50 150/150/50
f 151/151/51 152/152/51 153/153/51
f 154/154/52 155/155/52 156/156/52
f 157/157/53 158/158/53 159/159/53
f 160/160/54 161/161/54 162/162/54
f 163/163/55 164/164/55 165/165/55
f 166/166/56 167/167/56 168/168/56
f 169/169/57 170/170/57 171/171/57
f 172/172/58 173/173/58 174/174/58
f 175/175/59 176/176/59 177/177/59
f 178/178/60 179/179/60 180/180/60
f 181/181/61 182/182/61 183/183/61
f 184/184/62 185/185/62 186/186/62
f 187/187/63 188/188/63 189/189/63
f 190/190/64 191/191/64 192/192/64
f 193/193/65 194/194/65 195/195/65
f 196/196/66 197/197/66 198/198/66
f 199/199/67 200/200/67 201/201/67
f 202/202/68 203/203/68 204/204/68
f 205/205/69 206/206/69 207/207/69
f 208/208/70 209/209/70 210/210/70
f 211/211/71 212/212/71 213/213/71
f 214/214/72 215/215/72 216/216/72
f 217/217/73 218/218/73 219/219/73
f 220/220/74 221/221/74 222/222/74
f 223/223/75 224/224/75 225/225/75
f 226/226/76 227/227/76 228/228/76
f 229/229/77 230/230/77 231/231/77
f 232/232/78 233/233/78 234/234/78
f 235/235/79 236/236/79 237/237/79
f 238/238/80 239/239/80 240/240/80
f 241/241/81 242/242/81 243/243/81
f 244/244/82 245/245/82 246/246/82
f 247/247/83 248/248/83 249/249/83
f 250/250/84 251/251/84 252/252/84
f 253/253/85 254/254/85 255/255/85
f 256/256/86 257/257/86 258/258/86
f 259/259/87 260/260/87 261/261/87
f 262/262/88 263/263/88 264/264/88
f 265/265/89 266/266/89 267/267/89
f 268/268/90 269/269/90 270/270/90
f 271/271/91 272/272/91 273/273/91
f 274/274/92 275/275/92 276/276/92
f 277/277/93 278/278/93 279/279/93
f 280/280/94 281/281/94 282/282/94
f 283/283/95 284/284/95 285/285/95
f 286/286/96 287/287/96 288/288/96
f 289/289/97 290/290/97 291/291/97
f 292/292/98 293/293/98 294/294/98
f 295/295/99 296/296/99 297/297/99
f 298/298/100 299/299/100 300/300/100
f 301/301/101 302/302/101 303/303/101
f 304/304/102 305/305/102 306/306/102
f 307/307/103 308/308/103 309/309/103
f 310/310/104 311/311/104 312/312/104
f 313/313/105 314/314/105 315/315/105
f 316/316/106 317/317/106 318/318/106
f 319/319/107 320/320/107 321/321/107
f 322/322/108 323/323/108 324/324/108
f 325/325/109 326/326/109 327/327/109
f 328/328/110 329/329/110 330/330/110
f 331/331/111 332/332/111 333/333/111
f 334/334/112 335/335/112 336/336/112
f 337/337/113 338/338/113 339/339/113
f 340/340/114 341/341/114 342/342/114
f 343/343/115 344/344/115 345/345/115
f 346/346/116 347/347/116 348/348/116
f 349/349/117 350/350/117 351/351/117
f 352/352/118 353/353/118 354/354/118
f 355/355/119 356/356/119 357/357/119
f 358/358/120 359/359/120 360/360/120
f 361/361/121 362/362/121 363/363/121
f 364/364/122 365/365/122 366/366/122
f 367/367/123 368/368/123 369/369/123
f 370/370/124 371/371/124 372/372/124
f 373/373/125 374/374/125 375/375/125
f 376/376/126 377/377/126 378/378/126
f 379/379/127 380/380/127 381/381/127
f 382/382/128 383/383/128 384/384/128
f 385/385/129 386/386/129 387/387/129
f 388/388/130 389/389/130 390/390/130
f 391/391/131 392/392/131 393/393/131
f 394/394/132 395/395/132 396/396/132
f 397/397/133 398/398/133 399/399/133
f 400/400/134 401/401/134 402/402/134
f 403/403/135 404/404/135 405/405/135
f 406/406/136 407/407/136 408/408/136
f 409/409/137 410/410/137 411/411/137
f 412/412/138 413/413/138 414/414/138
f 415/415/139 416/416/139 417/417/139
f 418/418/140 419/419/140 420/420/140
f 421/421/141 422/422/141 423/423/141
f 424/424/142 425/425/142 426/426/142
f 427/427/143 428/428/143 429/429/143
f 430/430/144 431/431/144 432/432/144
f 433/433/145 434/434/145 435/435/145
f 436/436/146 437/437/146 438/438/146
f 439/439/147 440/440/147 441/441/147
f 442/442/148 443/443/148 444/444/148
f 445/445/149 446/446/149 447/447/149
f 448/448/150 449/449/150 450/450/150
f 451/451/151 452/452/151 453/453/151
f 454/454/152 455/455/152 456/456/152
f 457/457/153 458/458/153 459/459/153
f 460/460/154 461/461/154 462/462/154
f 463/463/155 464/464/155 465/465/155
f 466/466/156 467/467/156 468/468/156
f 469/469/157 470/470/157 471/471/157
f 472/472/158 473/473/158 474/474/158
f 475/475/159 476/476/159 477/477/159
f 478/478/160 479/479/160 480/480/160
f 481/481/161 482/482/161 483/483/161
f 484/484/162 485/485/162 486/486/162
f 487/487/163 488/488/163 489/489/163
f 490/490/164 491/491/164 492/492/164
f 493/493/165 494/494/165 495/495/165
f 496/496/166 497/497/166 498/498/166
f 499/499/10 500/500/10 501/501/10
f 502/502/167 503/503/167 504/504/167
f 505/505/168 506/506/168 507/507/168
f 508/508/169 509/509/169 510/510/169
f 511/511/170 512/512/170 513/513/170
f 514/514/171 515/515/171 516/516/171
f 517/517/172 518/518/172 519/519/172
f 520/520/173 521/521/173 522/522/173
f 523/523/174 524/524/174 525/525/174
f 526/526/175 527/527/175 528/528/175
f 529/529/176 530/530/176 531/531/176
f 532/532/177 533/533/177 534/534/177
f 535/535/178 536/536/178 537/537/178
f 538/538/179 539/539/179 540/540/179
f 541/541/180 542/542/180 543/543/180
f 544/544/181 545/545/181 546/546/181
f 547/547/182 548/548/182 549/549/182
f 550/550/183 551/551/183 552/552/183
f 553/553/184 554/554/184 555/555/184
f 556/556/185 557/557/185 558/558/185
f 559/559/186 560/560/186 561/561/186
f 562/562/187 563/563/187 564/564/187
f 565/565/188 566/566/188 567/567/188
f 568/568/189 569/569/189 570/570/189
f 571/571/190 572/572/190 573/573/190
f 574/574/191 575/575/191 576/576/191
f 577/577/192 578/578/192 579/579/192
f 580/580/193 581/581/193 582/582/193
f 583/583/194 584/584/194 585/585/194
f 586/586/195 587/587/195 588/588/195
f 589/589/196 590/590/196 591/591/196
f 592/592/197 593/593/197 594/594/197
f 595/595/198 596/596/198 597/597/198
f 598/598/199 599/599/199 600/600/199
f 601/601/200 602/602/200 603/603/200
f 604/604/201 605/605/201 606/606/201
f 607/607/202 608/608/202 609/609/202
f 610/610/203 611/611/203 612/612/203
f 613/613/204 614/614/204 615/615/204
f 616/616/205 617/617/205 618/618/205
f 619/619/206 620/620/206 621/621/206
f 622/622/207 623/623/207 624/624/207
f 625/625/208 626/626/208 627/627/208
f 628/628/209 629/629/209 630/630/209
f 631/631/210 632/632/210 633/633/210
f 634/634/211 635/635/211 636/636/211
f 637/637/212 638/638/212 639/639/212
f 640/640/213 641/641/213 642/642/213
f 643/643/214 644/644/214 645/645/214
f 646/646/215 647/647/215 648/648/215
f 649/649/25 650/650/25 651/651/25
f 652/652/216 653/653/216 654/654/216
f 655/655/217 656/656/217 657/657/217
f 658/658/218 659/659/218 660/660/218
f 661/661/219 662/662/219 663/663/219
f 664/664/220 665/665/220 666/666/220
f 667/667/221 668/668/221 669/669/221
f 670/670/222 671/671/222 672/672/222
f 673/673/223 674/674/223 675/675/223
f 676/676/27 677/677/27 678/678/27
f 679/679/224 680/680/224 681/681/224
f 682/682/225 683/683/225 684/684/225
f 685/685/226 686/686/226 687/687/226
f 688/688/227 689/689/227 690/690/227
f 691/691/228 692/692/228 693/693/228
f 694/694/229 695/695/229 696/696/229
f 697/697/230 698/698/230 699/699/230
f 700/700/30 701/701/30 702/702/30
f 703/703/31 704/704/31 705/705/31
f 706/706/231 707/707/231 708/708/231
f 709/709/32 710/710/32 711/711/32
f 712/712/232 713/713/232 714/714/232
f 715/715/233 716/716/233 717/717/233
f 718/718/33 719/719/33 720/720/33
f 721/721/234 722/722/234 723/723/234
f 724/724/235 725/725/235 726/726/235
f 727/727/236 728/728/236 729/729/236
f 730/730/237 731/731/237 732/732/237
f 733/733/238 734/734/238 735/735/238
f 736/736/239 737/737/239 738/738/239
f 739/739/240 740/740/240 741/741/240
f 742/742/35 743/743/35 744/744/35
f 745/745/241 746/746/241 747/747/241
f 748/748/242 749/749/242 750/750/242
f 751/751/243 752/752/243 753/753/243
f 754/754/244 755/755/244 756/756/244
f 757/757/37 758/758/37 759/759/37
f 760/760/245 761/761/245 762/762/245
f 763/763/246 764/764/246 765/765/246
f 766/766/38 767/767/38 768/768/38
f 769/769/247 770/770/247 771/771/247
f 772/772/248 773/773/248 774/774/248
f 775/775/249 776/776/249 777/777/249
f 778/778/250 779/779/250 780/780/250
f 781/781/251 782/782/251 783/783/251
f 784/784/252 785/785/252 786/786/252
f 787/787/253 788/788/253 789/789/253
f 790/790/254 791/791/254 792/792/254
f 793/793/255 794/794/255 795/795/255
f 796/796/256 797/797/256 798/798/256
f 799/799/257 800/800/257 801/801/257
f 802/802/258 803/803/258 804/804/258
f 805/805/259 806/806/259 807/807/259
f 808/808/260 809/809/260 810/810/260
f 811/811/261 812/812/261 813/813/261
f 814/814/262 815/815/262 816/816/262
f 817/817/263 818/818/263 819/819/263
f 820/820/264 821/821/264 822/822/264
f 823/823/265 824/824/265 825/825/265
f 826/826/266 827/827/266 828/828/266
f 829/829/267 830/830/267 831/831/267
f 832/832/268 833/833/268 834/834/268
f 835/835/269 836/836/269 837/837/269
f 838/838/270 839/839/270 840/840/270
f 841/841/271 842/842/271 843/843/271
f 844/844/272 845/845/272 846/846/272
f 847/847/273 848/848/273 849/849/273
f 850/850/274 851/851/274 852/852/274
f 853/853/275 854/854/275 855/855/275
f 856/856/276 857/857/276 858/858/276
f 859/859/277 860/860/277 861/861/277
f 862/862/278 863/863/278 864/864/278
f 865/865/279 866/866/279 867/867/279
f 868/868/280 869/869/280 870/870/280
f 871/871/281 872/872/281 873/873/281
f 874/874/282 875/875/282 876/876/282
f 877/877/283 878/878/283 879/879/283
f 880/880/284 881/881/284 882/882/284
f 883/883/285 884/884/285 885/885/285
f 886/886/286 887/887/286 888/888/286
f 889/889/287 890/890/287 891/891/287
f 892/892/288 893/893/288 894/894/288
f 895/895/289 896/896/289 897/897/289
f 898/898/290 899/899/290 900/900/290
f 901/901/291 902/902/291 903/903/291
f 904/904/292 905/905/292 906/906/292
f 907/907/293 908/908/293 909/909/293
f 910/910/294 911/911/294 912/912/294
f 913/913/295 914/914/295 915/915/295
f 916/916/296 917/917/296 918/918/296
f 919/919/297 920/920/297 921/921/297
f 922/922/298 923/923/298 924/924/298
f 925/925/299 926/926/299 927/927/299
f 928/928/300 929/929/300 930/930/300
f 931/931/301 932/932/301 933/933/301
f 934/934/302 935/935/302 936/936/302
f 937/937/303 938/938/303 939/939/303
f 940/940/304 941/941/304 942/942/304
f 943/943/305 944/944/305 945/945/305
f 946/946/306 947/947/306 948/948/306
f 949/949/307 950/950/307 951/951/307
f 952/952/308 953/953/308 954/954/308
f 955/955/309 956/956/309 957/957/309
f 958/958/310 959/959/310 960/960/310
f 961/961/311 962/962/311 963/963/311
f 964/964/312 965/965/312 966/966/312
f 967/967/313 968/968/313 969/969/313
f 970/970/314 971/971/314 972/972/314
f 973/973/315 974/974/315 975/975/315
f 976/976/316 977/977/316 978/978/316
f 979/979/317 980/980/317 981/981/317
f 982/982/318 983/983/318 984/984/318
f 985/985/319 986/986/319 987/987/319
f 988/988/320 989/989/320 990/990/320
f 991/991/321 992/992/321 993/993/321
f 994/994/322 995/995/322 996/996/322
f 997/997/323 998/998/323 999/999/323
f 1000/1000/324 1001/1001/324 1002/1002/324
f 1003/1003/325 1004/1004/325 1005/1005/325
f 1006/1006/326 1007/1007/326 1008/1008/326
f 1009/1009/327 1010/1010/327 1011/1011/327
f 1012/1012/328 1013/1013/328 1014/1014/328
f 1015/1015/329 1016/1016/329 1017/1017/329
f 1018/1018/330 1019/1019/330 1020/1020/330
f 1021/1021/331 1022/1022/331 1023/1023/331
f 1024/1024/332 1025/1025/332 1026/1026/332
f 1027/1027/333 1028/1028/333 1029/1029/333
f 1030/1030/334 1031/1031/334 1032/1032/334
f 1033/1033/335 1034/1034/335 1035/1035/335
f 1036/1036/336 1037/1037/336 1038/1038/336
f 1039/1039/337 1040/1040/337 1041/1041/337
f 1042/1042/338 1043/1043/338 1044/1044/338
f 1045/1045/339 1046/1046/339 1047/1047/339
f 1048/1048/340 1049/1049/340 1050/1050/340
f 1051/1051/341 1052/1052/341 1053/1053/341
f 1054/1054/342 1055/1055/342 1056/1056/342
f 1057/1057/343 1058/1058/343 1059/1059/343
f 1060/1060/344 1061/1061/344 1062/1062/344
f 1063/1063/345 1064/1064/345 1065/1065/345
f 1066/1066/346 1067/1067/346 1068/1068/346
f 1069/1069/347 1070/1070/347 1071/1071/347
f 1072/1072/348 1073/1073/348 1074/1074/348
f 1075/1075/349 1076/1076/349 1077/1077/349
f 1078/1078/350 1079/1079/350 1080/1080/350
f 1081/1081/351 1082/1082/351 1083/1083/351
f 1084/1084/352 1085/1085/352 1086/1086/352
f 1087/1087/353 1088/1088/353 1089/1089/353
f 1090/1090/354 1091/1091/354 1092/1092/354
f 1093/1093/355 1094/1094/355 1095/1095/355
f 1096/1096/356 1097/1097/356 1098/1098/356
f 1099/1099/357 1100/1100/357 1101/1101/357
f 1102/1102/358 1103/1103/358 1104/1104/358
f 1105/1105/359 1106/1106/359 1107/1107/359
f 1108/1108/360 1109/1109/360 1110/1110/360
f 1111/1111/361 1112/1112/361 1113/1113/361
f 1114/1114/362 1115/1115/362 1116/1116/362
f 1117/1117/363 1118/1118/363 1119/1119/363
f 1120/1120/364 1121/1121/364 1122/1122/364
f 1123/1123/365 1124/1124/365 1125/1125/365
f 1126/1126/366 1127/1127/366 1128/1128/366
f 1129/1129/367 1130/1130/367 1131/1131/367
f 1132/1132/368 1133/1133/368 1134/1134/368
f 1135/1135/369 1136/1136/369 1137/1137/369
f 1138/1138/370 1139/1139/370 1140/1140/370
f 1141/1141/371 1142/1142/371 1143/1143/371
f 1144/1144/372 1145/1145/372 1146/1146/372
f 1147/1147/373 1148/1148/373 1149/1149/373
f 1150/1150/374 1151/1151/374 1152/1152/374
f 1153/1153/375 1154/1154/375 1155/1155/375
f 1156/1156/376 1157/1157/376 1158/1158/376
f 1159/1159/377 1160/1160/377 1161/1161/377
f 1162/1162/378 1163/1163/378 1164/1164/378
f 1165/1165/379 1166/1166/379 1167/1167/379
f 1168/1168/380 1169/1169/380 1170/1170/380
f 1171/1171/381 1172/1172/381 1173/1173/381
f 1174/1174/382 1175/1175/382 1176/1176/382
f 1177/1177/383 1178/1178/383 1179/1179/383
f 1180/1180/384 1181/1181/384 1182/1182/384
f 1183/1183/385 1184/1184/385 1185/1185/385
f 1186/1186/386 1187/1187/386 1188/1188/386
f 1189/1189/387 1190/1190/387 1191/1191/387
f 1192/1192/388 1193/1193/388 1194/1194/388
f 1195/1195/389 1196/1196/389 1197/1197/389
f 1198/1198/390 1199/1199/390 1200/1200/390
f 1201/1201/391 1202/1202/391 1203/1203/391
f 1204/1204/392 1205/1205/392 1206/1206/392
f 1207/1207/311 1208/1208/311 1209/1209/311
f 1210/1210/393 1211/1211/393 1212/1212/393
f 1213/1213/394 1214/1214/394 1215/1215/394
f 1216/1216/395 1217/1217/395 1218/1218/395
f 1219/1219/396 1220/1220/396 1221/1221/396
f 1222/1222/397 1223/1223/397 1224/1224/397
f 1225/1225/398 1226/1226/398 1227/1227/398
f 1228/1228/399 1229/1229/399 1230/1230/399
f 1231/1231/400 1232/1232/400 1233/1233/400
f 1234/1234/401 1235/1235/401 1236/1236/401
f 1237/1237/402 1238/1238/402 1239/1239/402
f 1240/1240/403 1241/1241/403 1242/1242/403
f 1243/1243/404 1244/1244/404 1245/1245/404
f 1246/1246/405 1247/1247/405 1248/1248/405
f 1249/1249/406 1250/1250/406 1251/1251/406
f 1252/1252/407 1253/1253/407 1254/1254/407
f 1255/1255/408 1256/1256/408 1257/1257/408
f 1258/1258/409 1259/1259/409 1260/1260/409
f 1261/1261/410 1262/1262/410 1263/1263/410
f 1264/1264/411 1265/1265/411 1266/1266/411
f 1267/1267/412 1268/1268/412 1269/1269/412
f 1270/1270/413 1271/1271/413 1272/1272/413
f 1273/1273/414 1274/1274/414 1275/1275/414
f 1276/1276/415 1277/1277/415 1278/1278/415
f 1279/1279/416 1280/1280/416 1281/1281/416
f 1282/1282/417 1283/1283/417 1284/1284/417
f 1285/1285/418 1286/1286/418 1287/1287/418
f 1288/1288/419 1289/1289/419 1290/1290/419
f 1291/1291/420 1292/1292/420 1293/1293/420
f 1294/1294/421 1295/1295/421 1296/1296/421
f 1297/1297/422 1298/1298/422 1299/1299/422
f 1300/1300/423 1301/1301/423 1302/1302/423
f 1303/1303/424 1304/1304/424 1305/1305/424
f 1306/1306/425 1307/1307/425 1308/1308/425
f 1309/1309/426 1310/1310/426 1311/1311/426
f 1312/1312/427 1313/1313/427 1314/1314/427
f 1315/1315/428 1316/1316/428 1317/1317/428
f 1318/1318/429 1319/1319/429 1320/1320/429
f 1321/1321/430 1322/1322/430 1323/1323/430
f 1324/1324/431 1325/1325/431 1326/1326/431
f 1327/1327/432 1328/1328/432 1329/1329/432
f 1330/1330/433 1331/1331/433 1332/1332/433
f 1333/1333/434 1334/1334/434 1335/1335/434
f 1336/1336/435 1337/1337/435 1338/1338/435
f 1339/1339/436 1340/1340/436 1341/1341/436
f 1342/1342/437 1343/1343/437 1344/1344/437
f 1345/1345/438 1346/1346/438 1347/1347/438
f 1348/1348/439 1349/1349/439 1350/1350/439
f 1351/1351/440 1352/1352/440 1353/1353/440
f 1354/1354/441 1355/1355/441 1356/1356/441
f 1357/1357/442 1358/1358/442 1359/1359/442
f 1360/1360/443 1361/1361/443 1362/1362/443
f 1363/1363/444 1364/1364/444 1365/1365/444
f 1366/1366/445 1367/1367/445 1368/1368/445
f 1369/1369/446 1370/1370/446 1371/1371/446
f 1372/1372/447 1373/1373/447 1374/1374/447
f 1375/1375/448 1376/1376/448 1377/1377/448
f 1378/1378/449 1379/1379/449 1380/1380/449
f 1381/1381/450 1382/1382/450 1383/1383/450
f 1384/1384/451 1385/1385/451 1386/1386/451
f 1387/1387/452 1388/1388/452 1389/1389/452
f 1390/1390/453 1391/1391/453 1392/1392/453
f 1393/1393/454 1394/1394/454 1395/1395/454
f 1396/1396/455 1397/1397/455 1398/1398/455
f 1399/1399/456 1400/1400/456 1401/1401/456
f 1402/1402/457 1403/1403/457 1404/1404/457
f 1405/1405/458 1406/1406/458 1407/1407/458
f 1408/1408/459 1409/1409/459 1410/1410/459
f 1411/1411/460 1412/1412/460 1413/1413/460
f 1414/1414/461 1415/1415/461 1416/1416/461
f 1417/1417/462 1418/1418/462 1419/1419/462
f 1420/1420/463 1421/1421/463 1422/1422/463
f 1423/1423/464 1424/1424/464 1425/1425/464
f 1426/1426/465 1427/1427/465 1428/1428/465
f 1429/1429/466 1430/1430/466 1431/1431/466
f 1432/1432/467 1433/1433/467 1434/1434/467
f 1435/1435/468 1436/1436/468 1437/1437/468
f 1438/1438/469 1439/1439/469 1440/1440/469
f 1441/1441/470 1442/1442/470 1443/1443/470
f 1444/1444/471 1445/1445/471 1446/1446/471
f 1447/1447/472 1448/1448/472 1449/1449/472
f 1450/1450/473 1451/1451/473 1452/1452/473
f 1453/1453/474 1454/1454/474 1455/1455/474
f 1456/1456/475 1457/1457/475 1458/1458/475
f 1459/1459/476 1460/1460/476 1461/1461/476
f 1462/1462/477 1463/1463/477 1464/1464/477
f 1465/1465/478 1466/1466/478 1467/1467/478
f 1468/1468/479 1469/1469/479 1470/1470/479
f 1471/1471/480 1472/1472/480 1473/1473/480
f 1474/1474/481 1475/1475/481 1476/1476/481
f 1477/1477/482 1478/1478/482 1479/1479/482
f 1480/1480/483 1481/1481/483 1482/1482/483
f 1483/1483/484 1484/1484/484 1485/1485/484
f 1486/1486/485 1487/1487/485 1488/1488/485
f 1489/1489/486 1490/1490/486 1491/1491/486
f 1492/1492/487 1493/1493/487 1494/1494/487
f 1495/1495/488 1496/1496/488 1497/1497/488
f 1498/1498/489 1499/1499/489 1500/1500/489
f 1501/1501/490 1502/1502/490 1503/1503/490
f 1504/1504/491 1505/1505/491 1506/1506/491
f 1507/1507/492 1508/1508/492 1509/1509/492
f 1510/1510/493 1511/1511/493 1512/1512/493
f 1513/1513/494 1514/1514/494 1515/1515/494
f 1516/1516/495 1517/1517/495 1518/1518/495
f 1519/1519/496 1520/1520/496 1521/1521/496
f 1522/1522/497 1523/1523/497 1524/1524/497
f 1525/1525/498 1526/1526/498 1527/1527/498
f 1528/1528/499 1529/1529/499 1530/1530/499
f 1531/1531/500 1532/1532/500 1533/1533/500
f 1534/1534/501 1535/1535/501 1536/1536/501
f 1537/1537/502 1538/1538/502 1539/1539/502
f 1540/1540/503 1541/1541/503 1542/1542/503
f 1543/1543/504 1544/1544/504 1545/1545/504
f 1546/1546/505 1547/1547/505 1548/1548/505
f 1549/1549/506 1550/1550/506 1551/1551/506
f 1552/1552/507 1553/1553/507 1554/1554/507
f 1555/1555/508 1556/1556/508 1557/1557/508
f 1558/1558/509 1559/1559/509 1560/1560/509
f 1561/1561/510 1562/1562/510 1563/1563/510
f 1564/1564/511 1565/1565/511 1566/1566/511
f 1567/1567/512 1568/1568/512 1569/1569/512
f 1570/1570/513 1571/1571/513 1572/1572/513
f 1573/1573/514 1574/1574/514 1575/1575/514
f 1576/1576/515 1577/1577/515 1578/1578/515
f 1579/1579/516 1580/1580/516 1581/1581/516
f 1582/1582/517 1583/1583/517 1584/1584/517
f 1585/1585/518 1586/1586/518 1587/1587/518
f 1588/1588/519 1589/1589/519 1590/1590/519
f 1591/1591/520 1592/1592/520 1593/1593/520
f 1594/1594/521 1595/1595/521 1596/1596/521
f 1597/1597/522 1598/1598/522 1599/1599/522
f 1600/1600/523 1601/1601/523 1602/1602/523
f 1603/1603/524 1604/1604/524 1605/1605/524
f 1606/1606/525 1607/1607/525 1608/1608/525
f 1609/1609/526 1610/1610/526 1611/1611/526
f 1612/1612/527 1613/1613/527 1614/1614/527
f 1615/1615/528 1616/1616/528 1617/1617/528
f 1618/1618/529 1619/1619/529 1620/1620/529
f 1621/1621/530 1622/1622/530 1623/1623/530
f 1624/1624/531 1625/1625/531 1626/1626/531
f 1627/1627/532 1628/1628/532 1629/1629/532
f 1630/1630/533 1631/1631/533 1632/1632/533
f 1633/1633/534 1634/1634/534 1635/1635/534
f 1636/1636/535 1637/1637/535 1638/1638/535
f 1639/1639/536 1640/1640/536 1641/1641/536
f 1642/1642/537 1643/1643/537 1644/1644/537
f 1645/1645/538 1646/1646/538 1647/1647/538
f 1648/1648/539 1649/1649/539 1650/1650/539
f 1651/1651/540 1652/1652/540 1653/1653/540
f 1654/1654/541 1655/1655/541 1656/1656/541
f 1657/1657/542 1658/1658/542 1659/1659/542
f 1660/1660/543 1661/1661/543 1662/1662/543
f 1663/1663/544 1664/1664/544 1665/1665/544
f 1666/1666/545 1667/1667/545 1668/1668/545
f 1669/1669/546 1670/1670/546 1671/1671/546
f 1672/1672/547 1673/1673/547 1674/1674/547
f 1675/1675/548 1676/1676/548 1677/1677/548
f 1678/1678/549 1679/1679/549 1680/1680/549
f 1681/1681/550 1682/1682/550 1683/1683/550
f 1684/1684/551 1685/1685/551 1686/1686/551
f 1687/1687/552 1688/1688/552 1689/1689/552
f 1690/1690/553 1691/1691/553 1692/1692/553
f 1693/1693/554 1694/1694/554 1695/1695/554
f 1696/1696/555 1697/1697/555 1698/1698/555
f 1699/1699/556 1700/1700/556 1701/1701/556
f 1702/1702/557 1703/1703/557 1704/1704/557
f 1705/1705/558 1706/1706/558 1707/1707/558
f 1708/1708/559 1709/1709/559 1710/1710/559
f 1711/1711/560 1712/1712/560 1713/1713/560
f 1714/1714/561 1715/1715/561 1716/1716/561
f 1717/1717/562 1718/1718/562 1719/1719/562
f 1720/1720/563 1721/1721/563 1722/1722/563
f 1723/1723/564 1724/1724/564 1725/1725/564
f 1726/1726/565 1727/1727/565 1728/1728/565
f 1729/1729/566 1730/1730/566 1731/1731/566
f 1732/1732/567 1733/1733/567 1734/1734/567
f 1735/1735/568 1736/1736/568 1737/1737/568
f 1738/1738/569 1739/1739/569 1740/1740/569
f 1741/1741/570 1742/1742/570 1743/1743/570
f 1744/1744/571 1745/1745/571 1746/1746/571
f 1747/1747/572 1748/1748/572 1749/1749/572
f 1750/1750/573 1751/1751/573 1752/1752/573
f 1753/1753/574 1754/1754/574 1755/1755/574
f 1756/1756/575 1757/1757/575 1758/1758/575
f 1759/1759/576 1760/1760/576 1761/1761/576
f 1762/1762/577 1763/1763/577 1764/1764/577
f 1765/1765/578 1766/1766/578 1767/1767/578
f 1768/1768/579 1769/1769/579 1770/1770/579
f 1771/1771/580 1772/1772/580 1773/1773/580
f 1774/1774/581 1775/1775/581 1776/1776/581
f 1777/1777/582 1778/1778/582 1779/1779/582
f 1780/1780/583 1781/1781/583 1782/1782/583
f 1783/1783/584 1784/1784/584 1785/1785/584
f 1786/1786/585 1787/1787/585 1788/1788/585
f 1789/1789/586 1790/1790/586 1791/1791/586
f 1792/1792/587 1793/1793/587 1794/1794/587
f 1795/1795/588 1796/1796/588 1797/1797/588
f 1798/1798/589 1799/1799/589 1800/1800/589
f 1801/1801/590 1802/1802/590 1803/1803/590
f 1804/1804/591 1805/1805/591 1806/1806/591
f 1807/1807/592 1808/1808/592 1809/1809/592
f 1810/1810/593 1811/1811/593 1812/1812/593
f 1813/1813/594 1814/1814/594 1815/1815/594
f 1816/1816/595 1817/1817/595 1818/1818/595
f 1819/1819/596 1820/1820/596 1821/1821/596
f 1822/1822/597 1823/1823/597 1824/1824/597
f 1825/1825/598 1826/1826/598 1827/1827/598
f 1828/1828/599 1829/1829/599 1830/1830/599
f 1831/1831/600 1832/1832/600 1833/1833/600
f 1834/1834/601 1835/1835/601 1836/1836/601
f 1837/1837/602 1838/1838/602 1839/1839/602
f 1840/1840/603 1841/1841/603 1842/1842/603
f 1843/1843/604 1844/1844/604 1845/1845/604
f 1846/1846/605 1847/1847/605 1848/1848/605
f 1849/1849/606 1850/1850/606 1851/1851/606
f 1852/1852/607 1853/1853/607 1854/1854/607
f 1855/1855/608 1856/1856/608 1857/1857/608
f 1858/1858/609 1859/1859/609 1860/1860/609
f 1861/1861/610 1862/1862/610 1863/1863/610
f 1864/1864/611 1865/1865/611 1866/1866/611
f 1867/1867/612 1868/1868/612 1869/1869/612
f 1870/1870/613 1871/1871/613 1872/1872/613
f 1873/1873/614 1874/1874/614 1875/1875/614
f 1876/1876/615 1877/1877/615 1878/1878/615
f 1879/1879/616 1880/1880/616 1881/1881/616
f 1882/1882/617 1883/1883/617 1884/1884/617
f 1885/1885/618 1886/1886/618 1887/1887/618
f 1888/1888/619 1889/1889/619 1890/1890/619
f 1891/1891/620 1892/1892/620 1893/1893/620
f 1894/1894/621 1895/1895/621 1896/1896/621
f 1897/1897/622 1898/1898/622 1899/1899/622
f 1900/1900/431 1901/1901/431 1902/1902/431
f 1903/1903/623 1904/1904/623 1905/1905/623
f 1906/1906/624 1907/1907/624 1908/1908/624
f 1909/1909/432 1910/1910/432 1911/1911/432
f 1912/1912/625 1913/1913/625 1914/1914/625
f 1915/1915/626 1916/1916/626 1917/1917/626
f 1918/1918/627 1919/1919/627 1920/1920/627
f 1921/1921/628 1922/1922/628 1923/1923/628
f 1924/1924/629 1925/1925/629 1926/1926/629
f 1927/1927/433 1928/1928/433 1929/1929/433
f 1930/1930/630 1931/1931/630 1932/1932/630
f 1933/1933/631 1934/1934/631 1935/1935/631
f 1936/1936/632 1937/1937/632 1938/1938/632
f 1939/1939/633 1940/1940/633 1941/1941/633
f 1942/1942/634 1943/1943/634 1944/1944/634
f 1945/1945/635 1946/1946/635 1947/1947/635
f 1948/1948/636 1949/1949/636 1950/1950/636
f 1951/1951/436 1952/1952/436 1953/1953/436
f 1954/1954/437 1955/1955/437 1956/1956/437
f 1957/1957/637 1958/1958/637 1959/1959/637
f 1960/1960/638 1961/1961/638 1962/1962/638
f 1963/1963/639 1964/1964/639 1965/1965/639
f 1966/1966/640 1967/1967/640 1968/1968/640
f 1969/1969/439 1970/1970/439 1971/1971/439
f 1972/1972/641 1973/1973/641 1974/1974/641
f 1975/1975/642 1976/1976/642 1977/1977/642
f 1978/1978/643 1979/1979/643 1980/1980/643
f 1981/1981/644 1982/1982/644 1983/1983/644
f 1984/1984/645 1985/1985/645 1986/1986/645
f 1987/1987/646 1988/1988/646 1989/1989/646
f 1990/1990/647 1991/1991/647 1992/1992/647
f 1993/1993/441 1994/1994/441 1995/1995/441
f 1996/1996/648 1997/1997/648 1998/1998/648
f 1999/1999/649 2000/2000/649 2001/2001/649
f 2002/2002/650 2003/2003/650 2004/2004/650
f 2005/2005/651 2006/2006/651 2007/2007/651
f 2008/2008/443 2009/2009/443 2010/2010/443
f 2011/2011/652 2012/2012/652 2013/2013/652
f 2014/2014/653 2015/2015/653 2016/2016/653
f 2017/2017/444 2018/2018/444 2019/2019/444
f 2020/2020/654 2021/2021/654 2022/2022/654
f 2023/2023/655 2024/2024/655 2025/2025/655
f 2026/2026/656 2027/2027/656 2028/2028/656
f 2029/2029/657 2030/2030/657 2031/2031/657
f 2032/2032/658 2033/2033/658 2034/2034/658
f 2035/2035/659 2036/2036/659 2037/2037/659
f 2038/2038/660 2039/2039/660 2040/2040/660
f 2041/2041/661 2042/2042/661 2043/2043/661
f 2044/2044/662 2045/2045/662 2046/2046/662
f 2047/2047/663 2048/2048/663 2049/2049/663
f 2050/2050/664 2051/2051/664 2052/2052/664
f 2053/2053/665 2054/2054/665 2055/2055/665
f 2056/2056/666 2057/2057/666 2058/2058/666
f 2059/2059/667 2060/2060/667 2061/2061/667
f 2062/2062/668 2063/2063/668 2064/2064/668
f 2065/2065/669 2066/2066/669 2067/2067/669
f 2068/2068/670 2069/2069/670 2070/2070/670
f 2071/2071/671 2072/2072/671 2073/2073/671
f 2074/2074/672 2075/2075/672 2076/2076/672
f 2077/2077/673 2078/2078/673 2079/2079/673
f 2080/2080/674 2081/2081/674 2082/2082/674
f 2083/2083/675 2084/2084/675 2085/2085/675
f 2086/2086/676 2087/2087/676 2088/2088/676
f 2089/2089/677 2090/2090/677 2091/2091/677
f 2092/2092/678 2093/2093/678 2094/2094/678
f 2095/2095/679 2096/2096/679 2097/2097/679
f 2098/2098/680 2099/2099/680 2100/2100/680
f 2101/2101/681 2102/2102/681 2103/2103/681
f 2104/2104/682 2105/2105/682 2106/2106/682
f 2107/2107/683 2108/2108/683 2109/2109/683
f 2110/2110/684 2111/2111/684 2112/2112/684
f 2113/2113/685 2114/2114/685 2115/2115/685
f 2116/2116/686 2117/2117/686 2118/2118/686
f 2119/2119/687 2120/2120/687 2121/2121/687
f 2122/2122/688 2123/2123/688 2124/2124/688
f 2125/2125/689 2126/2126/689 2127/2127/689
f 2128/2128/690 2129/2129/690 2130/2130/690
f 2131/2131/691 2132/2132/691 2133/2133/691
f 2134/2134/692 2135/2135/692 2136/2136/692
f 2137/2137/693 2138/2138/693 2139/2139/693
f 2140/2140/694 2141/2141/694 2142/2142/694
f 2143/2143/695 2144/2144/695 2145/2145/695
f 2146/2146/696 2147/2147/696 2148/2148/696
f 2149/2149/697 2150/2150/697 2151/2151/697
f 2152/2152/698 2153/2153/698 2154/2154/698
f 2155/2155/699 2156/2156/699 2157/2157/699
f 2158/2158/700 2159/2159/700 2160/2160/700
f 2161/2161/701 2162/2162/701 2163/2163/701
f 2164/2164/702 2165/2165/702 2166/2166/702
f 2167/2167/703 2168/2168/703 2169/2169/703
f 2170/2170/704 2171/2171/704 2172/2172/704
f 2173/2173/705 2174/2174/705 2175/2175/705
f 2176/2176/706 2177/2177/706 2178/2178/706
f 2179/2179/707 2180/2180/707 2181/2181/707
f 2182/2182/708 2183/2183/708 2184/2184/708
f 2185/2185/709 2186/2186/709 2187/2187/709
f 2188/2188/710 2189/2189/710 2190/2190/710
f 2191/2191/711 2192/2192/711 2193/2193/711
f 2194/2194/712 2195/2195/712 2196/2196/712
f 2197/2197/713 2198/2198/713 2199/2199/713
f 2200/2200/714 2201/2201/714 2202/2202/714
f 2203/2203/715 2204/2204/715 2205/2205/715
f 2206/2206/716 2207/2207/716 2208/2208/716
f 2209/2209/717 2210/2210/717 2211/2211/717
f 2212/2212/718 2213/2213/718 2214/2214/718
f 2215/2215/719 2216/2216/719 2217/2217/719
f 2218/2218/720 2219/2219/720 2220/2220/720
f 2221/2221/721 2222/2222/721 2223/2223/721
f 2224/2224/722 2225/2225/722 2226/2226/722
f 2227/2227/723 2228/2228/723 2229/2229/723
f 2230/2230/724 2231/2231/724 2232/2232/724
f 2233/2233/725 2234/2234/725 2235/2235/725
f 2236/2236/726 2237/2237/726 2238/2238/726
f 2239/2239/727 2240/2240/727 2241/2241/727
f 2242/2242/728 2243/2243/728 2244/2244/728
f 2245/2245/729 2246/2246/729 2247/2247/729
f 2248/2248/730 2249/2249/730 2250/2250/730
f 2251/2251/731 2252/2252/731 2253/2253/731
f 2254/2254/732 2255/2255/732 2256/2256/732
f 2257/2257/733 2258/2258/733 2259/2259/733
f 2260/2260/734 2261/2261/734 2262/2262/734
f 2263/2263/735 2264/2264/735 2265/2265/735
f 2266/2266/736 2267/2267/736 2268/2268/736
f 2269/2269/737 2270/2270/737 2271/2271/737
f 2272/2272/738 2273/2273/738 2274/2274/738
f 2275/2275/739 2276/2276/739 2277/2277/739
f 2278/2278/740 2279/2279/740 2280/2280/740
f 2281/2281/741 2282/2282/741 2283/2283/741
f 2284/2284/742 2285/2285/742 2286/2286/742
f 2287/2287/743 2288/2288/743 2289/2289/743
f 2290/2290/744 2291/2291/744 2292/2292/744
f 2293/2293/745 2294/2294/745 2295/2295/745
f 2296/2296/746 2297/2297/746 2298/2298/746
f 2299/2299/747 2300/2300/747 2301/2301/747
f 2302/2302/748 2303/2303/748 2304/2304/748
f 2305/2305/749 2306/2306/749 2307/2307/749
f 2308/2308/750 2309/2309/750 2310/2310/750
f 2311/2311/751 2312/2312/751 2313/2313/751
f 2314/2314/752 2315/2315/752 2316/2316/752
f 2317/2317/753 2318/2318/753 2319/2319/753
f 2320/2320/754 2321/2321/754 2322/2322/754
f 2323/2323/755 2324/2324/755 2325/2325/755
f 2326/2326/756 2327/2327/756 2328/2328/756
f 2329/2329/757 2330/2330/757 2331/2331/757
f 2332/2332/758 2333/2333/758 2334/2334/758
f 2335/2335/759 2336/2336/759 2337/2337/759
f 2338/2338/760 2339/2339/760 2340/2340/760
f 2341/2341/761 2342/2342/761 2343/2343/761
f 2344/2344/762 2345/2345/762 2346/2346/762
f 2347/2347/763 2348/2348/763 2349/2349/763
f 2350/2350/764 2351/2351/764 2352/2352/764
f 2353/2353/765 2354/2354/765 2355/2355/765
f 2356/2356/766 2357/2357/766 2358/2358/766
f 2359/2359/767 2360/2360/767 2361/2361/767
f 2362/2362/768 2363/2363/768 2364/2364/768
f 2365/2365/769 2366/2366/769 2367/2367/769
f 2368/2368/770 2369/2369/770 2370/2370/770
f 2371/2371/771 2372/2372/771 2373/2373/771
f 2374/2374/772 2375/2375/772 2376/2376/772
f 2377/2377/773 2378/2378/773 2379/2379/773
f 2380/2380/774 2381/2381/774 2382/2382/774
f 2383/2383/775 2384/2384/775 2385/2385/775
f 2386/2386/776 2387/2387/776 2388/2388/776
f 2389/2389/777 2390/2390/777 2391/2391/777
f 2392/2392/778 2393/2393/778 2394/2394/778
f 2395/2395/779 2396/2396/779 2397/2397/779
f 2398/2398/780 2399/2399/780 2400/2400/780
f 2401/2401/781 2402/2402/781 2403/2403/781
f 2404/2404/782 2405/2405/782 2406/2406/782
f 2407/2407/783 2408/2408/783 2409/2409/783
f 2410/2410/784 2411/2411/784 2412/2412/784
f 2413/2413/785 2414/2414/785 2415/2415/785
f 2416/2416/786 2417/2417/786 2418/2418/786
f 2419/2419/787 2420/2420/787 2421/2421/787
f 2422/2422/788 2423/2423/788 2424/2424/788
f 2425/2425/789 2426/2426/789 2427/2427/789
f 2428/2428/790 2429/2429/790 2430/2430/790
f 2431/2431/791 2432/2432/791 2433/2433/791
f 2434/2434/792 2435/2435/792 2436/2436/792
f 2437/2437/793 2438/2438/793 2439/2439/793
f 2440/2440/794 2441/2441/794 2442/2442/794
f 2443/2443/795 2444/2444/795 2445/2445/795
f 2446/2446/796 2447/2447/796 2448/2448/796
f 2449/2449/797 2450/2450/797 2451/2451/797
f 2452/2452/798 2453/2453/798 2454/2454/798
f 2455/2455/799 2456/2456/799 2457/2457/799
f 2458/2458/718 2459/2459/718 2460/2460/718
f 2461/2461/800 2462/2462/800 2463/2463/800
f 2464/2464/801 2465/2465/801 2466/2466/801
f 2467/2467/802 2468/2468/802 2469/2469/802
f 2470/2470/803 2471/2471/803 2472/2472/803
f 2473/2473/804 2474/2474/804 2475/2475/804
f 2476/2476/805 2477/2477/805 2478/2478/805
f 2479/2479/806 2480/2480/806 2481/2481/806
f 2482/2482/807 2483/2483/807 2484/2484/807
f 2485/2485/808 2486/2486/808 2487/2487/808
f 2488/2488/809 2489/2489/809 2490/2490/809
f 2491/2491/810 2492/2492/810 2493/2493/810
f 2494/2494/811 2495/2495/811 2496/2496/811
f 2497/2497/812 2498/2498/812 2499/2499/812
f 2500/2500/813 2501/2501/813 2502/2502/813
