# Generated by tools/export_stargate_obj.py
# Static geometry mirrored from StargateBaseRenderer
mtllib stargate_assembled.mtl
o assembled_stargate
usemtl frame_85
v -3.00000000 3.50000000 0.35000000
v -3.00000000 3.50000000 0.65000000
v -2.95226456 4.07608107 0.65000000
v -2.95226456 4.07608107 0.35000000
vt 0.25000000 1.00000000
vt 0.25000000 0.99609375
vt 0.25390625 0.99609375
vt 0.25390625 1.00000000
vn -0.99658449 0.08257935 0.00000000
f 1/1/1 2/2/1 3/3/1 4/4/1
usemtl frame_75
v -2.25000000 3.50000000 0.41250000
v -2.21249358 3.95263512 0.41250000
v -2.21249358 3.95263512 0.58750000
v -2.25000000 3.50000000 0.58750000
vt 0.43750000 0.93750000
vt 0.44140625 0.93750000
vt 0.44140625 0.93359375
vt 0.43750000 0.93359375
vn 0.99658449 -0.08257935 0.00000000
f 5/5/2 6/6/2 7/7/2 8/8/2
usemtl frame_85
v -2.70000000 3.50000000 0.35000000
v -2.65635617 4.02670269 0.35000000
v -2.65635617 4.02670269 0.65000000
v -2.70000000 3.50000000 0.65000000
vt 0.25000000 0.93750000
vt 0.31250000 0.93750000
vt 0.31250000 0.87500000
vt 0.25000000 0.87500000
vn 0.99658449 -0.08257935 0.00000000
f 9/9/3 10/10/3 11/11/3 12/12/3
v -2.40000000 3.50000000 0.35000000
v -2.40000000 3.50000000 0.65000000
v -2.36044778 3.97732431 0.65000000
v -2.36044778 3.97732431 0.35000000
vt 0.25000000 0.93750000
vt 0.25000000 0.87500000
vt 0.31250000 0.87500000
vt 0.31250000 0.93750000
vn -0.99658449 0.08257935 0.00000000
f 13/13/4 14/14/4 15/15/4 16/16/4
usemtl frame
v -2.70000000 3.50000000 0.35000000
v -3.00000000 3.50000000 0.35000000
v -2.95226456 4.07608107 0.35000000
v -2.65635617 4.02670269 0.35000000
vt 0.31250000 0.87500000
vt 0.31250000 0.93750000
vt 0.25000000 0.93750000
vt 0.25000000 0.87500000
vn 0.00000000 0.00000000 -1.00000000
f 17/17/5 18/18/5 19/19/5 20/20/5
v -2.25000000 3.50000000 0.41250000
v -2.40000000 3.50000000 0.35000000
v -2.36044778 3.97732431 0.35000000
v -2.21249358 3.95263512 0.41250000
vt 0.31250000 0.87500000
vt 0.31250000 0.93750000
vt 0.25000000 0.93750000
vt 0.25000000 0.87500000
vn 0.38442021 -0.03185397 -0.92260849
f 21/21/6 22/22/6 23/23/6 24/24/6
usemtl frame_55
v -2.25000000 3.50000000 0.58750000
v -2.21249358 3.95263512 0.58750000
v -2.36044778 3.97732431 0.65000000
v -2.40000000 3.50000000 0.65000000
vt 0.25000000 0.87500000
vt 0.31250000 0.87500000
vt 0.31250000 0.93750000
vt 0.25000000 0.93750000
vn 0.38442021 -0.03185397 0.92260849
f 25/25/7 26/26/7 27/27/7 28/28/7
v -2.40000000 3.50000000 0.65000000
v -2.36044778 3.97732431 0.65000000
v -2.95226456 4.07608107 0.65000000
v -3.00000000 3.50000000 0.65000000
vt 0.25000000 0.87500000
vt 0.31250000 0.87500000
vt 0.31250000 0.93750000
vt 0.25000000 0.93750000
vn 0.00000000 -0.00000000 1.00000000
f 29/29/8 30/30/8 31/31/8 32/32/8
usemtl frame_85
v -2.95226456 4.07608107 0.35000000
v -2.95226456 4.07608107 0.65000000
v -2.81036035 4.63644814 0.65000000
v -2.81036035 4.63644814 0.35000000
vt 0.25000000 1.00000000
vt 0.25000000 0.99609375
vt 0.25390625 0.99609375
vt 0.25390625 1.00000000
vn -0.96940027 0.24548549 0.00000000
f 33/33/9 34/34/9 35/35/9 36/36/9
usemtl frame_75
v -2.21249358 3.95263512 0.41250000
v -2.10099741 4.39292354 0.41250000
v -2.10099741 4.39292354 0.58750000
v -2.21249358 3.95263512 0.58750000
vt 0.43750000 0.93750000
vt 0.44140625 0.93750000
vt 0.44140625 0.93359375
vt 0.43750000 0.93359375
vn 0.96940027 -0.24548549 0.00000000
f 37/37/10 38/38/10 39/39/10 40/40/10
usemtl frame_85
v -2.65635617 4.02670269 0.35000000
v -2.52661517 4.53903830 0.35000000
v -2.52661517 4.53903830 0.65000000
v -2.65635617 4.02670269 0.65000000
vt 0.25000000 0.93750000
vt 0.31250000 0.93750000
vt 0.31250000 0.87500000
vt 0.25000000 0.87500000
vn 0.96940027 -0.24548549 0.00000000
f 41/41/11 42/42/11 43/43/11 44/44/11
v -2.36044778 3.97732431 0.35000000
v -2.36044778 3.97732431 0.65000000
v -2.24287000 4.44162846 0.65000000
v -2.24287000 4.44162846 0.35000000
vt 0.25000000 0.93750000
vt 0.25000000 0.87500000
vt 0.31250000 0.87500000
vt 0.31250000 0.93750000
vn -0.96940027 0.24548549 0.00000000
f 45/45/12 46/46/12 47/47/12 48/48/12
usemtl frame
v -2.65635617 4.02670269 0.35000000
v -2.95226456 4.07608107 0.35000000
v -2.81036035 4.63644814 0.35000000
v -2.52661517 4.53903830 0.35000000
vt 0.31250000 0.87500000
vt 0.31250000 0.93750000
vt 0.25000000 0.93750000
vt 0.25000000 0.87500000
vn 0.00000000 0.00000000 -1.00000000
f 49/49/13 50/50/13 51/51/13 52/52/13
v -2.21249358 3.95263512 0.41250000
v -2.36044778 3.97732431 0.35000000
v -2.24287000 4.44162846 0.35000000
v -2.10099741 4.39292354 0.41250000
vt 0.31250000 0.87500000
vt 0.31250000 0.93750000
vt 0.25000000 0.93750000
vt 0.25000000 0.87500000
vn 0.37393422 -0.09469301 -0.92260849
f 53/53/14 54/54/14 55/55/14 56/56/14
usemtl frame_55
v -2.21249358 3.95263512 0.58750000
v -2.10099741 4.39292354 0.58750000
v -2.24287000 4.44162846 0.65000000
v -2.36044778 3.97732431 0.65000000
vt 0.25000000 0.87500000
vt 0.31250000 0.87500000
vt 0.31250000 0.93750000
vt 0.25000000 0.93750000
vn 0.37393422 -0.09469301 0.92260849
f 57/57/15 58/58/15 59/59/15 60/60/15
v -2.36044778 3.97732431 0.65000000
v -2.24287000 4.44162846 0.65000000
v -2.81036035 4.63644814 0.65000000
v -2.95226456 4.07608107 0.65000000
vt 0.25000000 0.87500000
vt 0.31250000 0.87500000
vt 0.31250000 0.93750000
vt 0.25000000 0.93750000
vn 0.00000000 -0.00000000 1.00000000
f 61/61/16 62/62/16 63/63/16 64/64/16
usemtl frame_85
v -2.81036035 4.63644814 0.35000000
v -2.81036035 4.63644814 0.65000000
v -2.57815813 5.16581588 0.65000000
v -2.57815813 5.16581588 0.35000000
vt 0.25000000 1.00000000
vt 0.25000000 0.99609375
vt 0.25390625 0.99609375
vt 0.25390625 1.00000000
vn -0.91577333 0.40169542 0.00000000
f 65/65/17 66/66/17 67/67/17 68/68/17
usemtl frame_75
v -2.10099741 4.39292354 0.41250000
v -1.91855282 4.80885533 0.41250000
v -1.91855282 4.80885533 0.58750000
v -2.10099741 4.39292354 0.58750000
vt 0.43750000 0.93750000
vt 0.44140625 0.93750000
vt 0.44140625 0.93359375
vt 0.43750000 0.93359375
vn 0.91577333 -0.40169542 0.00000000
f 69/69/18 70/70/18 71/71/18 72/72/18
usemtl frame_85
v -2.52661517 4.53903830 0.35000000
v -2.31431600 5.02303166 0.35000000
v -2.31431600 5.02303166 0.65000000
v -2.52661517 4.53903830 0.65000000
vt 0.25000000 0.93750000
vt 0.31250000 0.93750000
vt 0.31250000 0.87500000
vt 0.25000000 0.87500000
vn 0.91577333 -0.40169542 0.00000000
f 73/73/19 74/74/19 75/75/19 76/76/19
v -2.24287000 4.44162846 0.35000000
v -2.24287000 4.44162846 0.65000000
v -2.05047388 4.88024744 0.65000000
v -2.05047388 4.88024744 0.35000000
vt 0.25000000 0.93750000
vt 0.25000000 0.87500000
vt 0.31250000 0.87500000
vt 0.31250000 0.93750000
vn -0.91577333 0.40169542 0.00000000
f 77/77/20 78/78/20 79/79/20 80/80/20
usemtl frame
v -2.52661517 4.53903830 0.35000000
v -2.81036035 4.63644814 0.35000000
v -2.57815813 5.16581588 0.35000000
v -2.31431600 5.02303166 0.35000000
vt 0.31250000 0.87500000
vt 0.31250000 0.93750000
vt 0.25000000 0.93750000
vt 0.25000000 0.87500000
vn 0.00000000 0.00000000 -1.00000000
f 81/81/21 82/82/21 83/83/21 84/84/21
v -2.10099741 4.39292354 0.41250000
v -2.24287000 4.44162846 0.35000000
v -2.05047388 4.88024744 0.35000000
v -1.91855282 4.80885533 0.41250000
vt 0.31250000 0.87500000
vt 0.31250000 0.93750000
vt 0.25000000 0.93750000
vt 0.25000000 0.87500000
vn 0.35324829 -0.15494907 -0.92260849
f 85/85/22 86/86/22 87/87/22 88/88/22
usemtl frame_55
v -2.10099741 4.39292354 0.58750000
v -1.91855282 4.80885533 0.58750000
v -2.05047388 4.88024744 0.65000000
v -2.24287000 4.44162846 0.65000000
vt 0.25000000 0.87500000
vt 0.31250000 0.87500000
vt 0.31250000 0.93750000
vt 0.25000000 0.93750000
vn 0.35324829 -0.15494907 0.92260849
f 89/89/23 90/90/23 91/91/23 92/92/23
v -2.24287000 4.44162846 0.65000000
v -2.05047388 4.88024744 0.65000000
v -2.57815813 5.16581588 0.65000000
v -2.81036035 4.63644814 0.65000000
vt 0.25000000 0.87500000
vt 0.31250000 0.87500000
vt 0.31250000 0.93750000
vt 0.25000000 0.93750000
vn 0.00000000 -0.00000000 1.00000000
f 93/93/24 94/94/24 95/95/24 96/96/24
usemtl frame_85
v -2.57815813 5.16581588 0.35000000
v -2.57815813 5.16581588 0.65000000
v -2.26199178 5.64974449 0.65000000
v -2.26199178 5.64974449 0.35000000
vt 0.25000000 1.00000000
vt 0.25000000 0.99609375
vt 0.25390625 0.99609375
vt 0.25390625 1.00000000
vn -0.83716648 0.54694816 0.00000000
f 97/97/25 98/98/25 99/99/25 100/100/25
usemtl frame_75
v -1.91855282 4.80885533 0.41250000
v -1.67013640 5.18908496 0.41250000
v -1.67013640 5.18908496 0.58750000
v -1.91855282 4.80885533 0.58750000
vt 0.43750000 0.93750000
vt 0.44140625 0.93750000
vt 0.44140625 0.93359375
vt 0.43750000 0.93359375
vn 0.83716648 -0.54694816 0.00000000
f 101/101/26 102/102/26 103/103/26 104/104/26
usemtl frame_85
v -2.31431600 5.02303166 0.35000000
v -2.02524963 5.46548068 0.35000000
v -2.02524963 5.46548068 0.65000000
v -2.31431600 5.02303166 0.65000000
vt 0.25000000 0.93750000
vt 0.31250000 0.93750000
vt 0.31250000 0.87500000
vt 0.25000000 0.87500000
vn 0.83716648 -0.54694816 0.00000000
f 105/105/27 106/106/27 107/107/27 108/108/27
v -2.05047388 4.88024744 0.35000000
v -2.05047388 4.88024744 0.65000000
v -1.78850748 5.28121687 0.65000000
v -1.78850748 5.28121687 0.35000000
vt 0.25000000 0.93750000
vt 0.25000000 0.87500000
vt 0.31250000 0.87500000
vt 0.31250000 0.93750000
vn -0.83716648 0.54694816 0.00000000
f 109/109/28 110/110/28 111/111/28 112/112/28
usemtl frame
v -2.31431600 5.02303166 0.35000000
v -2.57815813 5.16581588 0.35000000
v -2.26199178 5.64974449 0.35000000
v -2.02524963 5.46548068 0.35000000
vt 0.31250000 0.87500000
vt 0.31250000 0.93750000
vt 0.25000000 0.93750000
vt 0.25000000 0.87500000
vn 0.00000000 0.00000000 -1.00000000
f 113/113/29 114/114/29 115/115/29 116/116/29
v -1.91855282 4.80885533 0.41250000
v -2.05047388 4.88024744 0.35000000
v -1.78850748 5.28121687 0.35000000
v -1.67013640 5.18908496 0.41250000
vt 0.31250000 0.87500000
vt 0.31250000 0.93750000
vt 0.25000000 0.93750000
vt 0.25000000 0.87500000
vn 0.32292667 -0.21097852 -0.92260849
f 117/117/30 118/118/30 119/119/30 120/120/30
usemtl frame_55
v -1.91855282 4.80885533 0.58750000
v -1.67013640 5.18908496 0.58750000
v -1.78850748 5.28121687 0.65000000
v -2.05047388 4.88024744 0.65000000
vt 0.25000000 0.87500000
vt 0.31250000 0.87500000
vt 0.31250000 0.93750000
vt 0.25000000 0.93750000
vn 0.32292667 -0.21097852 0.92260849
f 121/121/31 122/122/31 123/123/31 124/124/31
v -2.05047388 4.88024744 0.65000000
v -1.78850748 5.28121687 0.65000000
v -2.26199178 5.64974449 0.65000000
v -2.57815813 5.16581588 0.65000000
vt 0.25000000 0.87500000
vt 0.31250000 0.87500000
vt 0.31250000 0.93750000
vt 0.25000000 0.93750000
vn 0.00000000 -0.00000000 1.00000000
f 125/125/32 126/126/32 127/127/32 128/128/32
usemtl frame_85
v -2.26199178 5.64974449 0.35000000
v -2.26199178 5.64974449 0.65000000
v -1.87048550 6.07503369 0.65000000
v -1.87048550 6.07503369 0.35000000
vt 0.25000000 1.00000000
vt 0.25000000 0.99609375
vt 0.25390625 0.99609375
vt 0.25390625 1.00000000
vn -0.73572391 0.67728157 0.00000000
f 129/129/33 130/130/33 131/131/33 132/132/33
usemtl frame_75
v -1.67013640 5.18908496 0.41250000
v -1.36252432 5.52324075 0.41250000
v -1.36252432 5.52324075 0.58750000
v -1.67013640 5.18908496 0.58750000
vt 0.43750000 0.93750000
vt 0.44140625 0.93750000
vt 0.44140625 0.93359375
vt 0.43750000 0.93359375
vn 0.73572391 -0.67728157 0.00000000
f 133/133/34 134/134/34 135/135/34 136/136/34
usemtl frame_85
v -2.02524963 5.46548068 0.35000000
v -1.66730103 5.85431651 0.35000000
v -1.66730103 5.85431651 0.65000000
v -2.02524963 5.46548068 0.65000000
vt 0.25000000 0.93750000
vt 0.31250000 0.93750000
vt 0.31250000 0.87500000
vt 0.25000000 0.87500000
vn 0.73572391 -0.67728157 0.00000000
f 137/137/35 138/138/35 139/139/35 140/140/35
v -1.78850748 5.28121687 0.35000000
v -1.78850748 5.28121687 0.65000000
v -1.46411656 5.63359934 0.65000000
v -1.46411656 5.63359934 0.35000000
vt 0.25000000 0.93750000
vt 0.25000000 0.87500000
vt 0.31250000 0.87500000
vt 0.31250000 0.93750000
vn -0.73572391 0.67728157 0.00000000
f 141/141/36 142/142/36 143/143/36 144/144/36
usemtl frame
v -2.02524963 5.46548068 0.35000000
v -2.26199178 5.64974449 0.35000000
v -1.87048550 6.07503369 0.35000000
v -1.66730103 5.85431651 0.35000000
vt 0.31250000 0.87500000
vt 0.31250000 0.93750000
vt 0.25000000 0.93750000
vt 0.25000000 0.87500000
vn 0.00000000 0.00000000 -1.00000000
f 145/145/37 146/146/37 147/147/37 148/148/37
v -1.67013640 5.18908496 0.41250000
v -1.78850748 5.28121687 0.35000000
v -1.46411656 5.63359934 0.35000000
v -1.36252432 5.52324075 0.41250000
vt 0.31250000 0.87500000
vt 0.31250000 0.93750000
vt 0.25000000 0.93750000
vt 0.25000000 0.87500000
vn 0.28379645 -0.26125303 -0.92260849
f 149/149/38 150/150/38 151/151/38 152/152/38
usemtl frame_55
v -1.67013640 5.18908496 0.58750000
v -1.36252432 5.52324075 0.58750000
v -1.46411656 5.63359934 0.65000000
v -1.78850748 5.28121687 0.65000000
vt 0.25000000 0.87500000
vt 0.31250000 0.87500000
vt 0.31250000 0.93750000
vt 0.25000000 0.93750000
vn 0.28379645 -0.26125303 0.92260849
f 153/153/39 154/154/39 155/155/39 156/156/39
v -1.78850748 5.28121687 0.65000000
v -1.46411656 5.63359934 0.65000000
v -1.87048550 6.07503369 0.65000000
v -2.26199178 5.64974449 0.65000000
vt 0.25000000 0.87500000
vt 0.31250000 0.87500000
vt 0.31250000 0.93750000
vt 0.25000000 0.93750000
vn 0.00000000 -0.00000000 1.00000000
f 157/157/40 158/158/40 159/159/40 160/160/40
usemtl frame_85
v -1.87048550 6.07503369 0.35000000
v -1.87048550 6.07503369 0.65000000
v -1.41431855 6.43008267 0.65000000
v -1.41431855 6.43008267 0.35000000
vt 0.25000000 1.00000000
vt 0.25000000 0.99609375
vt 0.25390625 0.99609375
vt 0.25390625 1.00000000
vn -0.61421271 0.78914051 0.00000000
f 161/161/41 162/162/41 163/163/41 164/164/41
usemtl frame_75
v -1.36252432 5.52324075 0.41250000
v -1.00410743 5.80220782 0.41250000
v -1.00410743 5.80220782 0.58750000
v -1.36252432 5.52324075 0.58750000
vt 0.43750000 0.93750000
vt 0.44140625 0.93750000
vt 0.44140625 0.93359375
vt 0.43750000 0.93359375
vn 0.61421271 -0.78914051 0.00000000
f 165/165/42 166/166/42 167/167/42 168/168/42
usemtl frame_85
v -1.66730103 5.85431651 0.35000000
v -1.25023411 6.17893273 0.35000000
v -1.25023411 6.17893273 0.65000000
v -1.66730103 5.85431651 0.65000000
vt 0.25000000 0.93750000
vt 0.31250000 0.93750000
vt 0.31250000 0.87500000
vt 0.25000000 0.87500000
vn 0.61421271 -0.78914051 0.00000000
f 169/169/43 170/170/43 171/171/43 172/172/43
v -1.46411656 5.63359934 0.35000000
v -1.46411656 5.63359934 0.65000000
v -1.08614966 5.92778279 0.65000000
v -1.08614966 5.92778279 0.35000000
vt 0.25000000 0.93750000
vt 0.25000000 0.87500000
vt 0.31250000 0.87500000
vt 0.31250000 0.93750000
vn -0.61421271 0.78914051 0.00000000
f 173/173/44 174/174/44 175/175/44 176/176/44
usemtl frame
v -1.66730103 5.85431651 0.35000000
v -1.87048550 6.07503369 0.35000000
v -1.41431855 6.43008267 0.35000000
v -1.25023411 6.17893273 0.35000000
vt 0.31250000 0.87500000
vt 0.31250000 0.93750000
vt 0.25000000 0.93750000
vt 0.25000000 0.87500000
vn 0.00000000 0.00000000 -1.00000000
f 177/177/45 178/178/45 179/179/45 180/180/45
v -1.36252432 5.52324075 0.41250000
v -1.46411656 5.63359934 0.35000000
v -1.08614966 5.92778279 0.35000000
v -1.00410743 5.80220782 0.41250000
vt 0.31250000 0.87500000
vt 0.31250000 0.93750000
vt 0.25000000 0.93750000
vt 0.25000000 0.87500000
vn 0.23692500 -0.30440124 -0.92260849
f 181/181/46 182/182/46 183/183/46 184/184/46
usemtl frame_55
v -1.36252432 5.52324075 0.58750000
v -1.00410743 5.80220782 0.58750000
v -1.08614966 5.92778279 0.65000000
v -1.46411656 5.63359934 0.65000000
vt 0.25000000 0.87500000
vt 0.31250000 0.87500000
vt 0.31250000 0.93750000
vt 0.25000000 0.93750000
vn 0.23692500 -0.30440124 0.92260849
f 185/185/47 186/186/47 187/187/47 188/188/47
v -1.46411656 5.63359934 0.65000000
v -1.08614966 5.92778279 0.65000000
v -1.41431855 6.43008267 0.65000000
v -1.87048550 6.07503369 0.65000000
vt 0.25000000 0.87500000
vt 0.31250000 0.87500000
vt 0.31250000 0.93750000
vt 0.25000000 0.93750000
vn 0.00000000 0.00000000 1.00000000
f 189/189/48 190/190/48 191/191/48 192/192/48
usemtl frame_85
v -1.41431855 6.43008267 0.35000000
v -1.41431855 6.43008267 0.65000000
v -0.90593399 6.70520664 0.65000000
v -0.90593399 6.70520664 0.35000000
vt 0.25000000 1.00000000
vt 0.25000000 0.99609375
vt 0.25390625 0.99609375
vt 0.25390625 1.00000000
vn -0.47594739 0.87947375 0.00000000
f 193/193/49 194/194/49 195/195/49 196/196/49
usemtl frame_75
v -1.00410743 5.80220782 0.41250000
v -0.60466242 6.01837665 0.41250000
v -0.60466242 6.01837665 0.58750000
v -1.00410743 5.80220782 0.58750000
vt 0.43750000 0.93750000
vt 0.44140625 0.93750000
vt 0.44140625 0.93359375
vt 0.43750000 0.93359375
vn 0.47594739 -0.87947375 0.00000000
f 197/197/50 198/198/50 199/199/50 200/200/50
usemtl frame_85
v -1.25023411 6.17893273 0.35000000
v -0.78542536 6.43047465 0.35000000
v -0.78542536 6.43047465 0.65000000
v -1.25023411 6.17893273 0.65000000
vt 0.25000000 0.93750000
vt 0.31250000 0.93750000
vt 0.31250000 0.87500000
vt 0.25000000 0.87500000
vn 0.47594739 -0.87947375 0.00000000
f 201/201/51 202/202/51 203/203/51 204/204/51
v -1.08614966 5.92778279 0.35000000
v -1.08614966 5.92778279 0.65000000
v -0.66491673 6.15574265 0.65000000
v -0.66491673 6.15574265 0.35000000
vt 0.25000000 0.93750000
vt 0.25000000 0.87500000
vt 0.31250000 0.87500000
vt 0.31250000 0.93750000
vn -0.47594739 0.87947375 0.00000000
f 205/205/52 206/206/52 207/207/52 208/208/52
usemtl frame
v -1.25023411 6.17893273 0.35000000
v -1.41431855 6.43008267 0.35000000
v -0.90593399 6.70520664 0.35000000
v -0.78542536 6.43047465 0.35000000
vt 0.31250000 0.87500000
vt 0.31250000 0.93750000
vt 0.25000000 0.93750000
vt 0.25000000 0.87500000
vn 0.00000000 0.00000000 -1.00000000
f 209/209/53 210/210/53 211/211/53 212/212/53
v -1.00410743 5.80220782 0.41250000
v -1.08614966 5.92778279 0.35000000
v -0.66491673 6.15574265 0.35000000
v -0.60466242 6.01837665 0.41250000
vt 0.31250000 0.87500000
vt 0.31250000 0.93750000
vt 0.25000000 0.93750000
vt 0.25000000 0.87500000
vn 0.18359085 -0.33924618 -0.92260849
f 213/213/54 214/214/54 215/215/54 216/216/54
usemtl frame_55
v -1.00410743 5.80220782 0.58750000
v -0.60466242 6.01837665 0.58750000
v -0.66491673 6.15574265 0.65000000
v -1.08614966 5.92778279 0.65000000
vt 0.25000000 0.87500000
vt 0.31250000 0.87500000
vt 0.31250000 0.93750000
vt 0.25000000 0.93750000
vn 0.18359085 -0.33924618 0.92260849
f 217/217/55 218/218/55 219/219/55 220/220/55
v -1.08614966 5.92778279 0.65000000
v -0.66491673 6.15574265 0.65000000
v -0.90593399 6.70520664 0.65000000
v -1.41431855 6.43008267 0.65000000
vt 0.25000000 0.87500000
vt 0.31250000 0.87500000
vt 0.31250000 0.93750000
vt 0.25000000 0.93750000
vn 0.00000000 0.00000000 1.00000000
f 221/221/56 222/222/56 223/223/56 224/224/56
usemtl frame_85
v -0.90593399 6.70520664 0.35000000
v -0.90593399 6.70520664 0.65000000
v -0.35919920 6.89290093 0.65000000
v -0.35919920 6.89290093 0.35000000
vt 0.25000000 1.00000000
vt 0.25000000 0.99609375
vt 0.25390625 0.99609375
vt 0.25390625 1.00000000
vn -0.32469947 0.94581724 0.00000000
f 225/225/57 226/226/57 227/227/57 228/228/57
usemtl frame_75
v -0.60466242 6.01837665 0.41250000
v -0.17508509 6.16585073 0.41250000
v -0.17508509 6.16585073 0.58750000
v -0.60466242 6.01837665 0.58750000
vt 0.43750000 0.93750000
vt 0.44140625 0.93750000
vt 0.44140625 0.93359375
vt 0.43750000 0.93359375
vn 0.32469947 -0.94581724 0.00000000
f 229/229/58 230/230/58 231/231/58 232/232/58
usemtl frame_85
v -0.78542536 6.43047465 0.35000000
v -0.28555356 6.60208085 0.35000000
v -0.28555356 6.60208085 0.65000000
v -0.78542536 6.43047465 0.65000000
vt 0.25000000 0.93750000
vt 0.31250000 0.93750000
vt 0.31250000 0.87500000
vt 0.25000000 0.87500000
vn 0.32469947 -0.94581724 0.00000000
f 233/233/59 234/234/59 235/235/59 236/236/59
v -0.66491673 6.15574265 0.35000000
v -0.66491673 6.15574265 0.65000000
v -0.21190791 6.31126077 0.65000000
v -0.21190791 6.31126077 0.35000000
vt 0.25000000 0.93750000
vt 0.25000000 0.87500000
vt 0.31250000 0.87500000
vt 0.31250000 0.93750000
vn -0.32469947 0.94581724 0.00000000
f 237/237/60 238/238/60 239/239/60 240/240/60
usemtl frame
v -0.78542536 6.43047465 0.35000000
v -0.90593399 6.70520664 0.35000000
v -0.35919920 6.89290093 0.35000000
v -0.28555356 6.60208085 0.35000000
vt 0.31250000 0.87500000
vt 0.31250000 0.93750000
vt 0.25000000 0.93750000
vt 0.25000000 0.87500000
vn 0.00000000 0.00000000 -1.00000000
f 241/241/61 242/242/61 243/243/61 244/244/61
v -0.60466242 6.01837665 0.41250000
v -0.66491673 6.15574265 0.35000000
v -0.21190791 6.31126077 0.35000000
v -0.17508509 6.16585073 0.41250000
vt 0.31250000 0.87500000
vt 0.31250000 0.93750000
vt 0.25000000 0.93750000
vt 0.25000000 0.87500000
vn 0.12524882 -0.36483736 -0.92260849
f 245/245/62 246/246/62 247/247/62 248/248/62
usemtl frame_55
v -0.60466242 6.01837665 0.58750000
v -0.17508509 6.16585073 0.58750000
v -0.21190791 6.31126077 0.65000000
v -0.66491673 6.15574265 0.65000000
vt 0.25000000 0.87500000
vt 0.31250000 0.87500000
vt 0.31250000 0.93750000
vt 0.25000000 0.93750000
vn 0.12524882 -0.36483736 0.92260849
f 249/249/63 250/250/63 251/251/63 252/252/63
v -0.66491673 6.15574265 0.65000000
v -0.21190791 6.31126077 0.65000000
v -0.35919920 6.89290093 0.65000000
v -0.90593399 6.70520664 0.65000000
vt 0.25000000 0.87500000
vt 0.31250000 0.87500000
vt 0.31250000 0.93750000
vt 0.25000000 0.93750000
vn 0.00000000 0.00000000 1.00000000
f 253/253/64 254/254/64 255/255/64 256/256/64
usemtl frame_85
v -0.35919920 6.89290093 0.35000000
v -0.35919920 6.89290093 0.65000000
v 0.21097229 6.98804573 0.65000000
v 0.21097229 6.98804573 0.35000000
vt 0.25000000 1.00000000
vt 0.25000000 0.99609375
vt 0.25390625 0.99609375
vt 0.25390625 1.00000000
vn -0.16459459 0.98636130 0.00000000
f 257/257/65 258/258/65 259/259/65 260/260/65
usemtl frame_75
v -0.17508509 6.16585073 0.41250000
v 0.27290680 6.24060736 0.41250000
v 0.27290680 6.24060736 0.58750000
v -0.17508509 6.16585073 0.58750000
vt 0.43750000 0.93750000
vt 0.44140625 0.93750000
vt 0.44140625 0.93359375
vt 0.43750000 0.93359375
vn 0.16459459 -0.98636130 0.00000000
f 261/261/66 262/262/66 263/263/66 264/264/66
usemtl frame_85
v -0.28555356 6.60208085 0.35000000
v 0.23574609 6.68907038 0.35000000
v 0.23574609 6.68907038 0.65000000
v -0.28555356 6.60208085 0.65000000
vt 0.25000000 0.93750000
vt 0.31250000 0.93750000
vt 0.31250000 0.87500000
vt 0.25000000 0.87500000
vn 0.16459459 -0.98636130 0.00000000
f 265/265/67 266/266/67 267/267/67 268/268/67
v -0.21190791 6.31126077 0.35000000
v -0.21190791 6.31126077 0.65000000
v 0.26051990 6.39009503 0.65000000
v 0.26051990 6.39009503 0.35000000
vt 0.25000000 0.93750000
vt 0.25000000 0.87500000
vt 0.31250000 0.87500000
vt 0.31250000 0.93750000
vn -0.16459459 0.98636130 0.00000000
f 269/269/68 270/270/68 271/271/68 272/272/68
usemtl frame
v -0.28555356 6.60208085 0.35000000
v -0.35919920 6.89290093 0.35000000
v 0.21097229 6.98804573 0.35000000
v 0.23574609 6.68907038 0.35000000
vt 0.31250000 0.87500000
vt 0.31250000 0.93750000
vt 0.25000000 0.93750000
vt 0.25000000 0.87500000
vn 0.00000000 0.00000000 -1.00000000
f 273/273/69 274/274/69 275/275/69 276/276/69
v -0.17508509 6.16585073 0.41250000
v -0.21190791 6.31126077 0.35000000
v 0.26051990 6.39009503 0.35000000
v 0.27290680 6.24060736 0.41250000
vt 0.31250000 0.87500000
vt 0.31250000 0.93750000
vt 0.25000000 0.93750000
vt 0.25000000 0.87500000
vn 0.06349034 -0.38047674 -0.92260849
f 277/277/70 278/278/70 279/279/70 280/280/70
usemtl frame_55
v -0.17508509 6.16585073 0.58750000
v 0.27290680 6.24060736 0.58750000
v 0.26051990 6.39009503 0.65000000
v -0.21190791 6.31126077 0.65000000
vt 0.25000000 0.87500000
vt 0.31250000 0.87500000
vt 0.31250000 0.93750000
vt 0.25000000 0.93750000
vn 0.06349034 -0.38047674 0.92260849
f 281/281/71 282/282/71 283/283/71 284/284/71
v -0.21190791 6.31126077 0.65000000
v 0.26051990 6.39009503 0.65000000
v 0.21097229 6.98804573 0.65000000
v -0.35919920 6.89290093 0.65000000
vt 0.25000000 0.87500000
vt 0.31250000 0.87500000
vt 0.31250000 0.93750000
vt 0.25000000 0.93750000
vn 0.00000000 0.00000000 1.00000000
f 285/285/72 286/286/72 287/287/72 288/288/72
usemtl frame_85
v 0.21097229 6.98804573 0.35000000
v 0.21097229 6.98804573 0.65000000
v 0.78902771 6.98804573 0.65000000
v 0.78902771 6.98804573 0.35000000
vt 0.25000000 1.00000000
vt 0.25000000 0.99609375
vt 0.25390625 0.99609375
vt 0.25390625 1.00000000
vn 0.00000000 1.00000000 0.00000000
f 289/289/73 290/290/73 291/291/73 292/292/73
usemtl frame_75
v 0.27290680 6.24060736 0.41250000
v 0.72709320 6.24060736 0.41250000
v 0.72709320 6.24060736 0.58750000
v 0.27290680 6.24060736 0.58750000
vt 0.43750000 0.93750000
vt 0.44140625 0.93750000
vt 0.44140625 0.93359375
vt 0.43750000 0.93359375
vn 0.00000000 -1.00000000 0.00000000
f 293/293/74 294/294/74 295/295/74 296/296/74
usemtl frame_85
v 0.23574609 6.68907038 0.35000000
v 0.76425391 6.68907038 0.35000000
v 0.76425391 6.68907038 0.65000000
v 0.23574609 6.68907038 0.65000000
vt 0.25000000 0.93750000
vt 0.31250000 0.93750000
vt 0.31250000 0.87500000
vt 0.25000000 0.87500000
vn 0.00000000 -1.00000000 0.00000000
f 297/297/75 298/298/75 299/299/75 300/300/75
v 0.26051990 6.39009503 0.35000000
v 0.26051990 6.39009503 0.65000000
v 0.73948010 6.39009503 0.65000000
v 0.73948010 6.39009503 0.35000000
vt 0.25000000 0.93750000
vt 0.25000000 0.87500000
vt 0.31250000 0.87500000
vt 0.31250000 0.93750000
vn 0.00000000 1.00000000 0.00000000
f 301/301/76 302/302/76 303/303/76 304/304/76
usemtl frame
v 0.23574609 6.68907038 0.35000000
v 0.21097229 6.98804573 0.35000000
v 0.78902771 6.98804573 0.35000000
v 0.76425391 6.68907038 0.35000000
vt 0.31250000 0.87500000
vt 0.31250000 0.93750000
vt 0.25000000 0.93750000
vt 0.25000000 0.87500000
vn 0.00000000 0.00000000 -1.00000000
f 305/305/77 306/306/77 307/307/77 308/308/77
v 0.27290680 6.24060736 0.41250000
v 0.26051990 6.39009503 0.35000000
v 0.73948010 6.39009503 0.35000000
v 0.72709320 6.24060736 0.41250000
vt 0.31250000 0.87500000
vt 0.31250000 0.93750000
vt 0.25000000 0.93750000
vt 0.25000000 0.87500000
vn 0.00000000 -0.38573770 -0.92260849
f 309/309/78 310/310/78 311/311/78 312/312/78
usemtl frame_55
v 0.27290680 6.24060736 0.58750000
v 0.72709320 6.24060736 0.58750000
v 0.73948010 6.39009503 0.65000000
v 0.26051990 6.39009503 0.65000000
vt 0.25000000 0.87500000
vt 0.31250000 0.87500000
vt 0.31250000 0.93750000
vt 0.25000000 0.93750000
vn 0.00000000 -0.38573770 0.92260849
f 313/313/79 314/314/79 315/315/79 316/316/79
v 0.26051990 6.39009503 0.65000000
v 0.73948010 6.39009503 0.65000000
v 0.78902771 6.98804573 0.65000000
v 0.21097229 6.98804573 0.65000000
vt 0.25000000 0.87500000
vt 0.31250000 0.87500000
vt 0.31250000 0.93750000
vt 0.25000000 0.93750000
vn 0.00000000 0.00000000 1.00000000
f 317/317/80 318/318/80 319/319/80 320/320/80
usemtl frame_85
v 0.78902771 6.98804573 0.35000000
v 0.78902771 6.98804573 0.65000000
v 1.35919920 6.89290093 0.65000000
v 1.35919920 6.89290093 0.35000000
vt 0.25000000 1.00000000
vt 0.25000000 0.99609375
vt 0.25390625 0.99609375
vt 0.25390625 1.00000000
vn 0.16459459 0.98636130 -0.00000000
f 321/321/81 322/322/81 323/323/81 324/324/81
usemtl frame_75
v 0.72709320 6.24060736 0.41250000
v 1.17508509 6.16585073 0.41250000
v 1.17508509 6.16585073 0.58750000
v 0.72709320 6.24060736 0.58750000
vt 0.43750000 0.93750000
vt 0.44140625 0.93750000
vt 0.44140625 0.93359375
vt 0.43750000 0.93359375
vn -0.16459459 -0.98636130 0.00000000
f 325/325/82 326/326/82 327/327/82 328/328/82
usemtl frame_85
v 0.76425391 6.68907038 0.35000000
v 1.28555356 6.60208085 0.35000000
v 1.28555356 6.60208085 0.65000000
v 0.76425391 6.68907038 0.65000000
vt 0.25000000 0.93750000
vt 0.31250000 0.93750000
vt 0.31250000 0.87500000
vt 0.25000000 0.87500000
vn -0.16459459 -0.98636130 0.00000000
f 329/329/83 330/330/83 331/331/83 332/332/83
v 0.73948010 6.39009503 0.35000000
v 0.73948010 6.39009503 0.65000000
v 1.21190791 6.31126077 0.65000000
v 1.21190791 6.31126077 0.35000000
vt 0.25000000 0.93750000
vt 0.25000000 0.87500000
vt 0.31250000 0.87500000
vt 0.31250000 0.93750000
vn 0.16459459 0.98636130 -0.00000000
f 333/333/84 334/334/84 335/335/84 336/336/84
usemtl frame
v 0.76425391 6.68907038 0.35000000
v 0.78902771 6.98804573 0.35000000
v 1.35919920 6.89290093 0.35000000
v 1.28555356 6.60208085 0.35000000
vt 0.31250000 0.87500000
vt 0.31250000 0.93750000
vt 0.25000000 0.93750000
vt 0.25000000 0.87500000
vn 0.00000000 0.00000000 -1.00000000
f 337/337/85 338/338/85 339/339/85 340/340/85
v 0.72709320 6.24060736 0.41250000
v 0.73948010 6.39009503 0.35000000
v 1.21190791 6.31126077 0.35000000
v 1.17508509 6.16585073 0.41250000
vt 0.31250000 0.87500000
vt 0.31250000 0.93750000
vt 0.25000000 0.93750000
vt 0.25000000 0.87500000
vn -0.06349034 -0.38047674 -0.92260849
f 341/341/86 342/342/86 343/343/86 344/344/86
usemtl frame_55
v 0.72709320 6.24060736 0.58750000
v 1.17508509 6.16585073 0.58750000
v 1.21190791 6.31126077 0.65000000
v 0.73948010 6.39009503 0.65000000
vt 0.25000000 0.87500000
vt 0.31250000 0.87500000
vt 0.31250000 0.93750000
vt 0.25000000 0.93750000
vn -0.06349034 -0.38047674 0.92260849
f 345/345/87 346/346/87 347/347/87 348/348/87
v 0.73948010 6.39009503 0.65000000
v 1.21190791 6.31126077 0.65000000
v 1.35919920 6.89290093 0.65000000
v 0.78902771 6.98804573 0.65000000
vt 0.25000000 0.87500000
vt 0.31250000 0.87500000
vt 0.31250000 0.93750000
vt 0.25000000 0.93750000
vn -0.00000000 0.00000000 1.00000000
f 349/349/88 350/350/88 351/351/88 352/352/88
usemtl frame_85
v 1.35919920 6.89290093 0.35000000
v 1.35919920 6.89290093 0.65000000
v 1.90593399 6.70520664 0.65000000
v 1.90593399 6.70520664 0.35000000
vt 0.25000000 1.00000000
vt 0.25000000 0.99609375
vt 0.25390625 0.99609375
vt 0.25390625 1.00000000
vn 0.32469947 0.94581724 -0.00000000
f 353/353/89 354/354/89 355/355/89 356/356/89
usemtl frame_75
v 1.17508509 6.16585073 0.41250000
v 1.60466242 6.01837665 0.41250000
v 1.60466242 6.01837665 0.58750000
v 1.17508509 6.16585073 0.58750000
vt 0.43750000 0.93750000
vt 0.44140625 0.93750000
vt 0.44140625 0.93359375
vt 0.43750000 0.93359375
vn -0.32469947 -0.94581724 0.00000000
f 357/357/90 358/358/90 359/359/90 360/360/90
usemtl frame_85
v 1.28555356 6.60208085 0.35000000
v 1.78542536 6.43047465 0.35000000
v 1.78542536 6.43047465 0.65000000
v 1.28555356 6.60208085 0.65000000
vt 0.25000000 0.93750000
vt 0.31250000 0.93750000
vt 0.31250000 0.87500000
vt 0.25000000 0.87500000
vn -0.32469947 -0.94581724 0.00000000
f 361/361/91 362/362/91 363/363/91 364/364/91
v 1.21190791 6.31126077 0.35000000
v 1.21190791 6.31126077 0.65000000
v 1.66491673 6.15574265 0.65000000
v 1.66491673 6.15574265 0.35000000
vt 0.25000000 0.93750000
vt 0.25000000 0.87500000
vt 0.31250000 0.87500000
vt 0.31250000 0.93750000
vn 0.32469947 0.94581724 -0.00000000
f 365/365/92 366/366/92 367/367/92 368/368/92
usemtl frame
v 1.28555356 6.60208085 0.35000000
v 1.35919920 6.89290093 0.35000000
v 1.90593399 6.70520664 0.35000000
v 1.78542536 6.43047465 0.35000000
vt 0.31250000 0.87500000
vt 0.31250000 0.93750000
vt 0.25000000 0.93750000
vt 0.25000000 0.87500000
vn 0.00000000 0.00000000 -1.00000000
f 369/369/93 370/370/93 371/371/93 372/372/93
v 1.17508509 6.16585073 0.41250000
v 1.21190791 6.31126077 0.35000000
v 1.66491673 6.15574265 0.35000000
v 1.60466242 6.01837665 0.41250000
vt 0.31250000 0.87500000
vt 0.31250000 0.93750000
vt 0.25000000 0.93750000
vt 0.25000000 0.87500000
vn -0.12524882 -0.36483736 -0.92260849
f 373/373/94 374/374/94 375/375/94 376/376/94
usemtl frame_55
v 1.17508509 6.16585073 0.58750000
v 1.60466242 6.01837665 0.58750000
v 1.66491673 6.15574265 0.65000000
v 1.21190791 6.31126077 0.65000000
vt 0.25000000 0.87500000
vt 0.31250000 0.87500000
vt 0.31250000 0.93750000
vt 0.25000000 0.93750000
vn -0.12524882 -0.36483736 0.92260849
f 377/377/95 378/378/95 379/379/95 380/380/95
v 1.21190791 6.31126077 0.65000000
v 1.66491673 6.15574265 0.65000000
v 1.90593399 6.70520664 0.65000000
v 1.35919920 6.89290093 0.65000000
vt 0.25000000 0.87500000
vt 0.31250000 0.87500000
vt 0.31250000 0.93750000
vt 0.25000000 0.93750000
vn -0.00000000 0.00000000 1.00000000
f 381/381/96 382/382/96 383/383/96 384/384/96
usemtl frame_85
v 1.90593399 6.70520664 0.35000000
v 1.90593399 6.70520664 0.65000000
v 2.41431855 6.43008267 0.65000000
v 2.41431855 6.43008267 0.35000000
vt 0.25000000 1.00000000
vt 0.25000000 0.99609375
vt 0.25390625 0.99609375
vt 0.25390625 1.00000000
vn 0.47594739 0.87947375 -0.00000000
f 385/385/97 386/386/97 387/387/97 388/388/97
usemtl frame_75
v 1.60466242 6.01837665 0.41250000
v 2.00410743 5.80220782 0.41250000
v 2.00410743 5.80220782 0.58750000
v 1.60466242 6.01837665 0.58750000
vt 0.43750000 0.93750000
vt 0.44140625 0.93750000
vt 0.44140625 0.93359375
vt 0.43750000 0.93359375
vn -0.47594739 -0.87947375 0.00000000
f 389/389/98 390/390/98 391/391/98 392/392/98
usemtl frame_85
v 1.78542536 6.43047465 0.35000000
v 2.25023411 6.17893273 0.35000000
v 2.25023411 6.17893273 0.65000000
v 1.78542536 6.43047465 0.65000000
vt 0.25000000 0.93750000
vt 0.31250000 0.93750000
vt 0.31250000 0.87500000
vt 0.25000000 0.87500000
vn -0.47594739 -0.87947375 0.00000000
f 393/393/99 394/394/99 395/395/99 396/396/99
v 1.66491673 6.15574265 0.35000000
v 1.66491673 6.15574265 0.65000000
v 2.08614966 5.92778279 0.65000000
v 2.08614966 5.92778279 0.35000000
vt 0.25000000 0.93750000
vt 0.25000000 0.87500000
vt 0.31250000 0.87500000
vt 0.31250000 0.93750000
vn 0.47594739 0.87947375 -0.00000000
f 397/397/100 398/398/100 399/399/100 400/400/100
usemtl frame
v 1.78542536 6.43047465 0.35000000
v 1.90593399 6.70520664 0.35000000
v 2.41431855 6.43008267 0.35000000
v 2.25023411 6.17893273 0.35000000
vt 0.31250000 0.87500000
vt 0.31250000 0.93750000
vt 0.25000000 0.93750000
vt 0.25000000 0.87500000
vn 0.00000000 0.00000000 -1.00000000
f 401/401/101 402/402/101 403/403/101 404/404/101
v 1.60466242 6.01837665 0.41250000
v 1.66491673 6.15574265 0.35000000
v 2.08614966 5.92778279 0.35000000
v 2.00410743 5.80220782 0.41250000
vt 0.31250000 0.87500000
vt 0.31250000 0.93750000
vt 0.25000000 0.93750000
vt 0.25000000 0.87500000
vn -0.18359085 -0.33924618 -0.92260849
f 405/405/102 406/406/102 407/407/102 408/408/102
usemtl frame_55
v 1.60466242 6.01837665 0.58750000
v 2.00410743 5.80220782 0.58750000
v 2.08614966 5.92778279 0.65000000
v 1.66491673 6.15574265 0.65000000
vt 0.25000000 0.87500000
vt 0.31250000 0.87500000
vt 0.31250000 0.93750000
vt 0.25000000 0.93750000
vn -0.18359085 -0.33924618 0.92260849
f 409/409/103 410/410/103 411/411/103 412/412/103
v 1.66491673 6.15574265 0.65000000
v 2.08614966 5.92778279 0.65000000
v 2.41431855 6.43008267 0.65000000
v 1.90593399 6.70520664 0.65000000
vt 0.25000000 0.87500000
vt 0.31250000 0.87500000
vt 0.31250000 0.93750000
vt 0.25000000 0.93750000
vn -0.00000000 0.00000000 1.00000000
f 413/413/104 414/414/104 415/415/104 416/416/104
usemtl frame_85
v 2.41431855 6.43008267 0.35000000
v 2.41431855 6.43008267 0.65000000
v 2.87048550 6.07503369 0.65000000
v 2.87048550 6.07503369 0.35000000
vt 0.25000000 1.00000000
vt 0.25000000 0.99609375
vt 0.25390625 0.99609375
vt 0.25390625 1.00000000
vn 0.61421271 0.78914051 -0.00000000
f 417/417/105 418/418/105 419/419/105 420/420/105
usemtl frame_75
v 2.00410743 5.80220782 0.41250000
v 2.36252432 5.52324075 0.41250000
v 2.36252432 5.52324075 0.58750000
v 2.00410743 5.80220782 0.58750000
vt 0.43750000 0.93750000
vt 0.44140625 0.93750000
vt 0.44140625 0.93359375
vt 0.43750000 0.93359375
vn -0.61421271 -0.78914051 0.00000000
f 421/421/106 422/422/106 423/423/106 424/424/106
usemtl frame_85
v 2.25023411 6.17893273 0.35000000
v 2.66730103 5.85431651 0.35000000
v 2.66730103 5.85431651 0.65000000
v 2.25023411 6.17893273 0.65000000
vt 0.25000000 0.93750000
vt 0.31250000 0.93750000
vt 0.31250000 0.87500000
vt 0.25000000 0.87500000
vn -0.61421271 -0.78914051 0.00000000
f 425/425/107 426/426/107 427/427/107 428/428/107
v 2.08614966 5.92778279 0.35000000
v 2.08614966 5.92778279 0.65000000
v 2.46411656 5.63359934 0.65000000
v 2.46411656 5.63359934 0.35000000
vt 0.25000000 0.93750000
vt 0.25000000 0.87500000
vt 0.31250000 0.87500000
vt 0.31250000 0.93750000
vn 0.61421271 0.78914051 -0.00000000
f 429/429/108 430/430/108 431/431/108 432/432/108
usemtl frame
v 2.25023411 6.17893273 0.35000000
v 2.41431855 6.43008267 0.35000000
v 2.87048550 6.07503369 0.35000000
v 2.66730103 5.85431651 0.35000000
vt 0.31250000 0.87500000
vt 0.31250000 0.93750000
vt 0.25000000 0.93750000
vt 0.25000000 0.87500000
vn 0.00000000 0.00000000 -1.00000000
f 433/433/109 434/434/109 435/435/109 436/436/109
v 2.00410743 5.80220782 0.41250000
v 2.08614966 5.92778279 0.35000000
v 2.46411656 5.63359934 0.35000000
v 2.36252432 5.52324075 0.41250000
vt 0.31250000 0.87500000
vt 0.31250000 0.93750000
vt 0.25000000 0.93750000
vt 0.25000000 0.87500000
vn -0.23692500 -0.30440124 -0.92260849
f 437/437/110 438/438/110 439/439/110 440/440/110
usemtl frame_55
v 2.00410743 5.80220782 0.58750000
v 2.36252432 5.52324075 0.58750000
v 2.46411656 5.63359934 0.65000000
v 2.08614966 5.92778279 0.65000000
vt 0.25000000 0.87500000
vt 0.31250000 0.87500000
vt 0.31250000 0.93750000
vt 0.25000000 0.93750000
vn -0.23692500 -0.30440124 0.92260849
f 441/441/111 442/442/111 443/443/111 444/444/111
v 2.08614966 5.92778279 0.65000000
v 2.46411656 5.63359934 0.65000000
v 2.87048550 6.07503369 0.65000000
v 2.41431855 6.43008267 0.65000000
vt 0.25000000 0.87500000
vt 0.31250000 0.87500000
vt 0.31250000 0.93750000
vt 0.25000000 0.93750000
vn -0.00000000 0.00000000 1.00000000
f 445/445/112 446/446/112 447/447/112 448/448/112
usemtl frame_85
v 2.87048550 6.07503369 0.35000000
v 2.87048550 6.07503369 0.65000000
v 3.26199178 5.64974449 0.65000000
v 3.26199178 5.64974449 0.35000000
vt 0.25000000 1.00000000
vt 0.25000000 0.99609375
vt 0.25390625 0.99609375
vt 0.25390625 1.00000000
vn 0.73572391 0.67728157 -0.00000000
f 449/449/113 450/450/113 451/451/113 452/452/113
usemtl frame_75
v 2.36252432 5.52324075 0.41250000
v 2.67013640 5.18908496 0.41250000
v 2.67013640 5.18908496 0.58750000
v 2.36252432 5.52324075 0.58750000
vt 0.43750000 0.93750000
vt 0.44140625 0.93750000
vt 0.44140625 0.93359375
vt 0.43750000 0.93359375
vn -0.73572391 -0.67728157 0.00000000
f 453/453/114 454/454/114 455/455/114 456/456/114
usemtl frame_85
v 2.66730103 5.85431651 0.35000000
v 3.02524963 5.46548068 0.35000000
v 3.02524963 5.46548068 0.65000000
v 2.66730103 5.85431651 0.65000000
vt 0.25000000 0.93750000
vt 0.31250000 0.93750000
vt 0.31250000 0.87500000
vt 0.25000000 0.87500000
vn -0.73572391 -0.67728157 0.00000000
f 457/457/115 458/458/115 459/459/115 460/460/115
v 2.46411656 5.63359934 0.35000000
v 2.46411656 5.63359934 0.65000000
v 2.78850748 5.28121687 0.65000000
v 2.78850748 5.28121687 0.35000000
vt 0.25000000 0.93750000
vt 0.25000000 0.87500000
vt 0.31250000 0.87500000
vt 0.31250000 0.93750000
vn 0.73572391 0.67728157 -0.00000000
f 461/461/116 462/462/116 463/463/116 464/464/116
usemtl frame
v 2.66730103 5.85431651 0.35000000
v 2.87048550 6.07503369 0.35000000
v 3.26199178 5.64974449 0.35000000
v 3.02524963 5.46548068 0.35000000
vt 0.31250000 0.87500000
vt 0.31250000 0.93750000
vt 0.25000000 0.93750000
vt 0.25000000 0.87500000
vn 0.00000000 0.00000000 -1.00000000
f 465/465/117 466/466/117 467/467/117 468/468/117
v 2.36252432 5.52324075 0.41250000
v 2.46411656 5.63359934 0.35000000
v 2.78850748 5.28121687 0.35000000
v 2.67013640 5.18908496 0.41250000
vt 0.31250000 0.87500000
vt 0.31250000 0.93750000
vt 0.25000000 0.93750000
vt 0.25000000 0.87500000
vn -0.28379645 -0.26125303 -0.92260849
f 469/469/118 470/470/118 471/471/118 472/472/118
usemtl frame_55
v 2.36252432 5.52324075 0.58750000
v 2.67013640 5.18908496 0.58750000
v 2.78850748 5.28121687 0.65000000
v 2.46411656 5.63359934 0.65000000
vt 0.25000000 0.87500000
vt 0.31250000 0.87500000
vt 0.31250000 0.93750000
vt 0.25000000 0.93750000
vn -0.28379645 -0.26125303 0.92260849
f 473/473/119 474/474/119 475/475/119 476/476/119
v 2.46411656 5.63359934 0.65000000
v 2.78850748 5.28121687 0.65000000
v 3.26199178 5.64974449 0.65000000
v 2.87048550 6.07503369 0.65000000
vt 0.25000000 0.87500000
vt 0.31250000 0.87500000
vt 0.31250000 0.93750000
vt 0.25000000 0.93750000
vn -0.00000000 0.00000000 1.00000000
f 477/477/120 478/478/120 479/479/120 480/480/120
usemtl frame_85
v 3.26199178 5.64974449 0.35000000
v 3.26199178 5.64974449 0.65000000
v 3.57815813 5.16581588 0.65000000
v 3.57815813 5.16581588 0.35000000
vt 0.25000000 1.00000000
vt 0.25000000 0.99609375
vt 0.25390625 0.99609375
vt 0.25390625 1.00000000
vn 0.83716648 0.54694816 -0.00000000
f 481/481/121 482/482/121 483/483/121 484/484/121
usemtl frame_75
v 2.67013640 5.18908496 0.41250000
v 2.91855282 4.80885533 0.41250000
v 2.91855282 4.80885533 0.58750000
v 2.67013640 5.18908496 0.58750000
vt 0.43750000 0.93750000
vt 0.44140625 0.93750000
vt 0.44140625 0.93359375
vt 0.43750000 0.93359375
vn -0.83716648 -0.54694816 0.00000000
f 485/485/122 486/486/122 487/487/122 488/488/122
usemtl frame_85
v 3.02524963 5.46548068 0.35000000
v 3.31431600 5.02303166 0.35000000
v 3.31431600 5.02303166 0.65000000
v 3.02524963 5.46548068 0.65000000
vt 0.25000000 0.93750000
vt 0.31250000 0.93750000
vt 0.31250000 0.87500000
vt 0.25000000 0.87500000
vn -0.83716648 -0.54694816 0.00000000
f 489/489/123 490/490/123 491/491/123 492/492/123
v 2.78850748 5.28121687 0.35000000
v 2.78850748 5.28121687 0.65000000
v 3.05047388 4.88024744 0.65000000
v 3.05047388 4.88024744 0.35000000
vt 0.25000000 0.93750000
vt 0.25000000 0.87500000
vt 0.31250000 0.87500000
vt 0.31250000 0.93750000
vn 0.83716648 0.54694816 -0.00000000
f 493/493/124 494/494/124 495/495/124 496/496/124
usemtl frame
v 3.02524963 5.46548068 0.35000000
v 3.26199178 5.64974449 0.35000000
v 3.57815813 5.16581588 0.35000000
v 3.31431600 5.02303166 0.35000000
vt 0.31250000 0.87500000
vt 0.31250000 0.93750000
vt 0.25000000 0.93750000
vt 0.25000000 0.87500000
vn 0.00000000 0.00000000 -1.00000000
f 497/497/125 498/498/125 499/499/125 500/500/125
v 2.67013640 5.18908496 0.41250000
v 2.78850748 5.28121687 0.35000000
v 3.05047388 4.88024744 0.35000000
v 2.91855282 4.80885533 0.41250000
vt 0.31250000 0.87500000
vt 0.31250000 0.93750000
vt 0.25000000 0.93750000
vt 0.25000000 0.87500000
vn -0.32292667 -0.21097852 -0.92260849
f 501/501/126 502/502/126 503/503/126 504/504/126
usemtl frame_55
v 2.67013640 5.18908496 0.58750000
v 2.91855282 4.80885533 0.58750000
v 3.05047388 4.88024744 0.65000000
v 2.78850748 5.28121687 0.65000000
vt 0.25000000 0.87500000
vt 0.31250000 0.87500000
vt 0.31250000 0.93750000
vt 0.25000000 0.93750000
vn -0.32292667 -0.21097852 0.92260849
f 505/505/127 506/506/127 507/507/127 508/508/127
v 2.78850748 5.28121687 0.65000000
v 3.05047388 4.88024744 0.65000000
v 3.57815813 5.16581588 0.65000000
v 3.26199178 5.64974449 0.65000000
vt 0.25000000 0.87500000
vt 0.31250000 0.87500000
vt 0.31250000 0.93750000
vt 0.25000000 0.93750000
vn 0.00000000 0.00000000 1.00000000
f 509/509/128 510/510/128 511/511/128 512/512/128
usemtl frame_85
v 3.57815813 5.16581588 0.35000000
v 3.57815813 5.16581588 0.65000000
v 3.81036035 4.63644814 0.65000000
v 3.81036035 4.63644814 0.35000000
vt 0.25000000 1.00000000
vt 0.25000000 0.99609375
vt 0.25390625 0.99609375
vt 0.25390625 1.00000000
vn 0.91577333 0.40169542 -0.00000000
f 513/513/129 514/514/129 515/515/129 516/516/129
usemtl frame_75
v 2.91855282 4.80885533 0.41250000
v 3.10099741 4.39292354 0.41250000
v 3.10099741 4.39292354 0.58750000
v 2.91855282 4.80885533 0.58750000
vt 0.43750000 0.93750000
vt 0.44140625 0.93750000
vt 0.44140625 0.93359375
vt 0.43750000 0.93359375
vn -0.91577333 -0.40169542 0.00000000
f 517/517/130 518/518/130 519/519/130 520/520/130
usemtl frame_85
v 3.31431600 5.02303166 0.35000000
v 3.52661517 4.53903830 0.35000000
v 3.52661517 4.53903830 0.65000000
v 3.31431600 5.02303166 0.65000000
vt 0.25000000 0.93750000
vt 0.31250000 0.93750000
vt 0.31250000 0.87500000
vt 0.25000000 0.87500000
vn -0.91577333 -0.40169542 0.00000000
f 521/521/131 522/522/131 523/523/131 524/524/131
v 3.05047388 4.88024744 0.35000000
v 3.05047388 4.88024744 0.65000000
v 3.24287000 4.44162846 0.65000000
v 3.24287000 4.44162846 0.35000000
vt 0.25000000 0.93750000
vt 0.25000000 0.87500000
vt 0.31250000 0.87500000
vt 0.31250000 0.93750000
vn 0.91577333 0.40169542 -0.00000000
f 525/525/132 526/526/132 527/527/132 528/528/132
usemtl frame
v 3.31431600 5.02303166 0.35000000
v 3.57815813 5.16581588 0.35000000
v 3.81036035 4.63644814 0.35000000
v 3.52661517 4.53903830 0.35000000
vt 0.31250000 0.87500000
vt 0.31250000 0.93750000
vt 0.25000000 0.93750000
vt 0.25000000 0.87500000
vn 0.00000000 0.00000000 -1.00000000
f 529/529/133 530/530/133 531/531/133 532/532/133
v 2.91855282 4.80885533 0.41250000
v 3.05047388 4.88024744 0.35000000
v 3.24287000 4.44162846 0.35000000
v 3.10099741 4.39292354 0.41250000
vt 0.31250000 0.87500000
vt 0.31250000 0.93750000
vt 0.25000000 0.93750000
vt 0.25000000 0.87500000
vn -0.35324829 -0.15494907 -0.92260849
f 533/533/134 534/534/134 535/535/134 536/536/134
usemtl frame_55
v 2.91855282 4.80885533 0.58750000
v 3.10099741 4.39292354 0.58750000
v 3.24287000 4.44162846 0.65000000
v 3.05047388 4.88024744 0.65000000
vt 0.25000000 0.87500000
vt 0.31250000 0.87500000
vt 0.31250000 0.93750000
vt 0.25000000 0.93750000
vn -0.35324829 -0.15494907 0.92260849
f 537/537/135 538/538/135 539/539/135 540/540/135
v 3.05047388 4.88024744 0.65000000
v 3.24287000 4.44162846 0.65000000
v 3.81036035 4.63644814 0.65000000
v 3.57815813 5.16581588 0.65000000
vt 0.25000000 0.87500000
vt 0.31250000 0.87500000
vt 0.31250000 0.93750000
vt 0.25000000 0.93750000
vn 0.00000000 0.00000000 1.00000000
f 541/541/136 542/542/136 543/543/136 544/544/136
usemtl frame_85
v 3.81036035 4.63644814 0.35000000
v 3.81036035 4.63644814 0.65000000
v 3.95226456 4.07608107 0.65000000
v 3.95226456 4.07608107 0.35000000
vt 0.25000000 1.00000000
vt 0.25000000 0.99609375
vt 0.25390625 0.99609375
vt 0.25390625 1.00000000
vn 0.96940027 0.24548549 -0.00000000
f 545/545/137 546/546/137 547/547/137 548/548/137
usemtl frame_75
v 3.10099741 4.39292354 0.41250000
v 3.21249358 3.95263512 0.41250000
v 3.21249358 3.95263512 0.58750000
v 3.10099741 4.39292354 0.58750000
vt 0.43750000 0.93750000
vt 0.44140625 0.93750000
vt 0.44140625 0.93359375
vt 0.43750000 0.93359375
vn -0.96940027 -0.24548549 0.00000000
f 549/549/138 550/550/138 551/551/138 552/552/138
usemtl frame_85
v 3.52661517 4.53903830 0.35000000
v 3.65635617 4.02670269 0.35000000
v 3.65635617 4.02670269 0.65000000
v 3.52661517 4.53903830 0.65000000
vt 0.25000000 0.93750000
vt 0.31250000 0.93750000
vt 0.31250000 0.87500000
vt 0.25000000 0.87500000
vn -0.96940027 -0.24548549 0.00000000
f 553/553/139 554/554/139 555/555/139 556/556/139
v 3.24287000 4.44162846 0.35000000
v 3.24287000 4.44162846 0.65000000
v 3.36044778 3.97732431 0.65000000
v 3.36044778 3.97732431 0.35000000
vt 0.25000000 0.93750000
vt 0.25000000 0.87500000
vt 0.31250000 0.87500000
vt 0.31250000 0.93750000
vn 0.96940027 0.24548549 -0.00000000
f 557/557/140 558/558/140 559/559/140 560/560/140
usemtl frame
v 3.52661517 4.53903830 0.35000000
v 3.81036035 4.63644814 0.35000000
v 3.95226456 4.07608107 0.35000000
v 3.65635617 4.02670269 0.35000000
vt 0.31250000 0.87500000
vt 0.31250000 0.93750000
vt 0.25000000 0.93750000
vt 0.25000000 0.87500000
vn 0.00000000 0.00000000 -1.00000000
f 561/561/141 562/562/141 563/563/141 564/564/141
v 3.10099741 4.39292354 0.41250000
v 3.24287000 4.44162846 0.35000000
v 3.36044778 3.97732431 0.35000000
v 3.21249358 3.95263512 0.41250000
vt 0.31250000 0.87500000
vt 0.31250000 0.93750000
vt 0.25000000 0.93750000
vt 0.25000000 0.87500000
vn -0.37393422 -0.09469301 -0.92260849
f 565/565/142 566/566/142 567/567/142 568/568/142
usemtl frame_55
v 3.10099741 4.39292354 0.58750000
v 3.21249358 3.95263512 0.58750000
v 3.36044778 3.97732431 0.65000000
v 3.24287000 4.44162846 0.65000000
vt 0.25000000 0.87500000
vt 0.31250000 0.87500000
vt 0.31250000 0.93750000
vt 0.25000000 0.93750000
vn -0.37393422 -0.09469301 0.92260849
f 569/569/143 570/570/143 571/571/143 572/572/143
v 3.24287000 4.44162846 0.65000000
v 3.36044778 3.97732431 0.65000000
v 3.95226456 4.07608107 0.65000000
v 3.81036035 4.63644814 0.65000000
vt 0.25000000 0.87500000
vt 0.31250000 0.87500000
vt 0.31250000 0.93750000
vt 0.25000000 0.93750000
vn 0.00000000 0.00000000 1.00000000
f 573/573/144 574/574/144 575/575/144 576/576/144
usemtl frame_85
v 3.95226456 4.07608107 0.35000000
v 3.95226456 4.07608107 0.65000000
v 4.00000000 3.50000000 0.65000000
v 4.00000000 3.50000000 0.35000000
vt 0.25000000 1.00000000
vt 0.25000000 0.99609375
vt 0.25390625 0.99609375
vt 0.25390625 1.00000000
vn 0.99658449 0.08257935 -0.00000000
f 577/577/145 578/578/145 579/579/145 580/580/145
usemtl frame_75
v 3.21249358 3.95263512 0.41250000
v 3.25000000 3.50000000 0.41250000
v 3.25000000 3.50000000 0.58750000
v 3.21249358 3.95263512 0.58750000
vt 0.43750000 0.93750000
vt 0.44140625 0.93750000
vt 0.44140625 0.93359375
vt 0.43750000 0.93359375
vn -0.99658449 -0.08257935 0.00000000
f 581/581/146 582/582/146 583/583/146 584/584/146
usemtl frame_85
v 3.65635617 4.02670269 0.35000000
v 3.70000000 3.50000000 0.35000000
v 3.70000000 3.50000000 0.65000000
v 3.65635617 4.02670269 0.65000000
vt 0.25000000 0.93750000
vt 0.31250000 0.93750000
vt 0.31250000 0.87500000
vt 0.25000000 0.87500000
vn -0.99658449 -0.08257935 0.00000000
f 585/585/147 586/586/147 587/587/147 588/588/147
v 3.36044778 3.97732431 0.35000000
v 3.36044778 3.97732431 0.65000000
v 3.40000000 3.50000000 0.65000000
v 3.40000000 3.50000000 0.35000000
vt 0.25000000 0.93750000
vt 0.25000000 0.87500000
vt 0.31250000 0.87500000
vt 0.31250000 0.93750000
vn 0.99658449 0.08257935 -0.00000000
f 589/589/148 590/590/148 591/591/148 592/592/148
usemtl frame
v 3.65635617 4.02670269 0.35000000
v 3.95226456 4.07608107 0.35000000
v 4.00000000 3.50000000 0.35000000
v 3.70000000 3.50000000 0.35000000
vt 0.31250000 0.87500000
vt 0.31250000 0.93750000
vt 0.25000000 0.93750000
vt 0.25000000 0.87500000
vn 0.00000000 0.00000000 -1.00000000
f 593/593/149 594/594/149 595/595/149 596/596/149
v 3.21249358 3.95263512 0.41250000
v 3.36044778 3.97732431 0.35000000
v 3.40000000 3.50000000 0.35000000
v 3.25000000 3.50000000 0.41250000
vt 0.31250000 0.87500000
vt 0.31250000 0.93750000
vt 0.25000000 0.93750000
vt 0.25000000 0.87500000
vn -0.38442021 -0.03185397 -0.92260849
f 597/597/150 598/598/150 599/599/150 600/600/150
usemtl frame_55
v 3.21249358 3.95263512 0.58750000
v 3.25000000 3.50000000 0.58750000
v 3.40000000 3.50000000 0.65000000
v 3.36044778 3.97732431 0.65000000
vt 0.25000000 0.87500000
vt 0.31250000 0.87500000
vt 0.31250000 0.93750000
vt 0.25000000 0.93750000
vn -0.38442021 -0.03185397 0.92260849
f 601/601/151 602/602/151 603/603/151 604/604/151
v 3.36044778 3.97732431 0.65000000
v 3.40000000 3.50000000 0.65000000
v 4.00000000 3.50000000 0.65000000
v 3.95226456 4.07608107 0.65000000
vt 0.25000000 0.87500000
vt 0.31250000 0.87500000
vt 0.31250000 0.93750000
vt 0.25000000 0.93750000
vn 0.00000000 0.00000000 1.00000000
f 605/605/152 606/606/152 607/607/152 608/608/152
usemtl frame_85
v 4.00000000 3.50000000 0.35000000
v 4.00000000 3.50000000 0.65000000
v 3.95226456 2.92391893 0.65000000
v 3.95226456 2.92391893 0.35000000
vt 0.25000000 1.00000000
vt 0.25000000 0.99609375
vt 0.25390625 0.99609375
vt 0.25390625 1.00000000
vn 0.99658449 -0.08257935 0.00000000
f 609/609/153 610/610/153 611/611/153 612/612/153
usemtl frame_75
v 3.25000000 3.50000000 0.41250000
v 3.21249358 3.04736488 0.41250000
v 3.21249358 3.04736488 0.58750000
v 3.25000000 3.50000000 0.58750000
vt 0.43750000 0.93750000
vt 0.44140625 0.93750000
vt 0.44140625 0.93359375
vt 0.43750000 0.93359375
vn -0.99658449 0.08257935 0.00000000
f 613/613/154 614/614/154 615/615/154 616/616/154
usemtl frame_85
v 3.70000000 3.50000000 0.35000000
v 3.65635617 2.97329731 0.35000000
v 3.65635617 2.97329731 0.65000000
v 3.70000000 3.50000000 0.65000000
vt 0.25000000 0.93750000
vt 0.31250000 0.93750000
vt 0.31250000 0.87500000
vt 0.25000000 0.87500000
vn -0.99658449 0.08257935 0.00000000
f 617/617/155 618/618/155 619/619/155 620/620/155
v 3.40000000 3.50000000 0.35000000
v 3.40000000 3.50000000 0.65000000
v 3.36044778 3.02267569 0.65000000
v 3.36044778 3.02267569 0.35000000
vt 0.25000000 0.93750000
vt 0.25000000 0.87500000
vt 0.31250000 0.87500000
vt 0.31250000 0.93750000
vn 0.99658449 -0.08257935 0.00000000
f 621/621/156 622/622/156 623/623/156 624/624/156
usemtl frame
v 3.70000000 3.50000000 0.35000000
v 4.00000000 3.50000000 0.35000000
v 3.95226456 2.92391893 0.35000000
v 3.65635617 2.97329731 0.35000000
vt 0.31250000 0.87500000
vt 0.31250000 0.93750000
vt 0.25000000 0.93750000
vt 0.25000000 0.87500000
vn 0.00000000 0.00000000 -1.00000000
f 625/625/157 626/626/157 627/627/157 628/628/157
v 3.25000000 3.50000000 0.41250000
v 3.40000000 3.50000000 0.35000000
v 3.36044778 3.02267569 0.35000000
v 3.21249358 3.04736488 0.41250000
vt 0.31250000 0.87500000
vt 0.31250000 0.93750000
vt 0.25000000 0.93750000
vt 0.25000000 0.87500000
vn -0.38442021 0.03185397 -0.92260849
f 629/629/158 630/630/158 631/631/158 632/632/158
usemtl frame_55
v 3.25000000 3.50000000 0.58750000
v 3.21249358 3.04736488 0.58750000
v 3.36044778 3.02267569 0.65000000
v 3.40000000 3.50000000 0.65000000
vt 0.25000000 0.87500000
vt 0.31250000 0.87500000
vt 0.31250000 0.93750000
vt 0.25000000 0.93750000
vn -0.38442021 0.03185397 0.92260849
f 633/633/159 634/634/159 635/635/159 636/636/159
v 3.40000000 3.50000000 0.65000000
v 3.36044778 3.02267569 0.65000000
v 3.95226456 2.92391893 0.65000000
v 4.00000000 3.50000000 0.65000000
vt 0.25000000 0.87500000
vt 0.31250000 0.87500000
vt 0.31250000 0.93750000
vt 0.25000000 0.93750000
vn 0.00000000 0.00000000 1.00000000
f 637/637/160 638/638/160 639/639/160 640/640/160
usemtl frame_85
v 3.95226456 2.92391893 0.35000000
v 3.95226456 2.92391893 0.65000000
v 3.81036035 2.36355186 0.65000000
v 3.81036035 2.36355186 0.35000000
vt 0.25000000 1.00000000
vt 0.25000000 0.99609375
vt 0.25390625 0.99609375
vt 0.25390625 1.00000000
vn 0.96940027 -0.24548549 0.00000000
f 641/641/161 642/642/161 643/643/161 644/644/161
usemtl frame_75
v 3.21249358 3.04736488 0.41250000
v 3.10099741 2.60707646 0.41250000
v 3.10099741 2.60707646 0.58750000
v 3.21249358 3.04736488 0.58750000
vt 0.43750000 0.93750000
vt 0.44140625 0.93750000
vt 0.44140625 0.93359375
vt 0.43750000 0.93359375
vn -0.96940027 0.24548549 0.00000000
f 645/645/162 646/646/162 647/647/162 648/648/162
usemtl frame_85
v 3.65635617 2.97329731 0.35000000
v 3.52661517 2.46096170 0.35000000
v 3.52661517 2.46096170 0.65000000
v 3.65635617 2.97329731 0.65000000
vt 0.25000000 0.93750000
vt 0.31250000 0.93750000
vt 0.31250000 0.87500000
vt 0.25000000 0.87500000
vn -0.96940027 0.24548549 0.00000000
f 649/649/163 650/650/163 651/651/163 652/652/163
v 3.36044778 3.02267569 0.35000000
v 3.36044778 3.02267569 0.65000000
v 3.24287000 2.55837154 0.65000000
v 3.24287000 2.55837154 0.35000000
vt 0.25000000 0.93750000
vt 0.25000000 0.87500000
vt 0.31250000 0.87500000
vt 0.31250000 0.93750000
vn 0.96940027 -0.24548549 0.00000000
f 653/653/164 654/654/164 655/655/164 656/656/164
usemtl frame
v 3.65635617 2.97329731 0.35000000
v 3.95226456 2.92391893 0.35000000
v 3.81036035 2.36355186 0.35000000
v 3.52661517 2.46096170 0.35000000
vt 0.31250000 0.87500000
vt 0.31250000 0.93750000
vt 0.25000000 0.93750000
vt 0.25000000 0.87500000
vn 0.00000000 0.00000000 -1.00000000
f 657/657/165 658/658/165 659/659/165 660/660/165
v 3.21249358 3.04736488 0.41250000
v 3.36044778 3.02267569 0.35000000
v 3.24287000 2.55837154 0.35000000
v 3.10099741 2.60707646 0.41250000
vt 0.31250000 0.87500000
vt 0.31250000 0.93750000
vt 0.25000000 0.93750000
vt 0.25000000 0.87500000
vn -0.37393422 0.09469301 -0.92260849
f 661/661/166 662/662/166 663/663/166 664/664/166
usemtl frame_55
v 3.21249358 3.04736488 0.58750000
v 3.10099741 2.60707646 0.58750000
v 3.24287000 2.55837154 0.65000000
v 3.36044778 3.02267569 0.65000000
vt 0.25000000 0.87500000
vt 0.31250000 0.87500000
vt 0.31250000 0.93750000
vt 0.25000000 0.93750000
vn -0.37393422 0.09469301 0.92260849
f 665/665/167 666/666/167 667/667/167 668/668/167
v 3.36044778 3.02267569 0.65000000
v 3.24287000 2.55837154 0.65000000
v 3.81036035 2.36355186 0.65000000
v 3.95226456 2.92391893 0.65000000
vt 0.25000000 0.87500000
vt 0.31250000 0.87500000
vt 0.31250000 0.93750000
vt 0.25000000 0.93750000
vn 0.00000000 0.00000000 1.00000000
f 669/669/168 670/670/168 671/671/168 672/672/168
usemtl frame_85
v 3.81036035 2.36355186 0.35000000
v 3.81036035 2.36355186 0.65000000
v 3.57815813 1.83418412 0.65000000
v 3.57815813 1.83418412 0.35000000
vt 0.25000000 1.00000000
vt 0.25000000 0.99609375
vt 0.25390625 0.99609375
vt 0.25390625 1.00000000
vn 0.91577333 -0.40169542 0.00000000
f 673/673/169 674/674/169 675/675/169 676/676/169
usemtl frame_75
v 3.10099741 2.60707646 0.41250000
v 2.91855282 2.19114467 0.41250000
v 2.91855282 2.19114467 0.58750000
v 3.10099741 2.60707646 0.58750000
vt 0.43750000 0.93750000
vt 0.44140625 0.93750000
vt 0.44140625 0.93359375
vt 0.43750000 0.93359375
vn -0.91577333 0.40169542 0.00000000
f 677/677/170 678/678/170 679/679/170 680/680/170
usemtl frame_85
v 3.52661517 2.46096170 0.35000000
v 3.31431600 1.97696834 0.35000000
v 3.31431600 1.97696834 0.65000000
v 3.52661517 2.46096170 0.65000000
vt 0.25000000 0.93750000
vt 0.31250000 0.93750000
vt 0.31250000 0.87500000
vt 0.25000000 0.87500000
vn -0.91577333 0.40169542 0.00000000
f 681/681/171 682/682/171 683/683/171 684/684/171
v 3.24287000 2.55837154 0.35000000
v 3.24287000 2.55837154 0.65000000
v 3.05047388 2.11975256 0.65000000
v 3.05047388 2.11975256 0.35000000
vt 0.25000000 0.93750000
vt 0.25000000 0.87500000
vt 0.31250000 0.87500000
vt 0.31250000 0.93750000
vn 0.91577333 -0.40169542 0.00000000
f 685/685/172 686/686/172 687/687/172 688/688/172
usemtl frame
v 3.52661517 2.46096170 0.35000000
v 3.81036035 2.36355186 0.35000000
v 3.57815813 1.83418412 0.35000000
v 3.31431600 1.97696834 0.35000000
vt 0.31250000 0.87500000
vt 0.31250000 0.93750000
vt 0.25000000 0.93750000
vt 0.25000000 0.87500000
vn 0.00000000 0.00000000 -1.00000000
f 689/689/173 690/690/173 691/691/173 692/692/173
v 3.10099741 2.60707646 0.41250000
v 3.24287000 2.55837154 0.35000000
v 3.05047388 2.11975256 0.35000000
v 2.91855282 2.19114467 0.41250000
vt 0.31250000 0.87500000
vt 0.31250000 0.93750000
vt 0.25000000 0.93750000
vt 0.25000000 0.87500000
vn -0.35324829 0.15494907 -0.92260849
f 693/693/174 694/694/174 695/695/174 696/696/174
usemtl frame_55
v 3.10099741 2.60707646 0.58750000
v 2.91855282 2.19114467 0.58750000
v 3.05047388 2.11975256 0.65000000
v 3.24287000 2.55837154 0.65000000
vt 0.25000000 0.87500000
vt 0.31250000 0.87500000
vt 0.31250000 0.93750000
vt 0.25000000 0.93750000
vn -0.35324829 0.15494907 0.92260849
f 697/697/175 698/698/175 699/699/175 700/700/175
v 3.24287000 2.55837154 0.65000000
v 3.05047388 2.11975256 0.65000000
v 3.57815813 1.83418412 0.65000000
v 3.81036035 2.36355186 0.65000000
vt 0.25000000 0.87500000
vt 0.31250000 0.87500000
vt 0.31250000 0.93750000
vt 0.25000000 0.93750000
vn 0.00000000 0.00000000 1.00000000
f 701/701/176 702/702/176 703/703/176 704/704/176
usemtl frame_85
v 3.57815813 1.83418412 0.35000000
v 3.57815813 1.83418412 0.65000000
v 3.26199178 1.35025551 0.65000000
v 3.26199178 1.35025551 0.35000000
vt 0.25000000 1.00000000
vt 0.25000000 0.99609375
vt 0.25390625 0.99609375
vt 0.25390625 1.00000000
vn 0.83716648 -0.54694816 0.00000000
f 705/705/177 706/706/177 707/707/177 708/708/177
usemtl frame_75
v 2.91855282 2.19114467 0.41250000
v 2.67013640 1.81091504 0.41250000
v 2.67013640 1.81091504 0.58750000
v 2.91855282 2.19114467 0.58750000
vt 0.43750000 0.93750000
vt 0.44140625 0.93750000
vt 0.44140625 0.93359375
vt 0.43750000 0.93359375
vn -0.83716648 0.54694816 0.00000000
f 709/709/178 710/710/178 711/711/178 712/712/178
usemtl frame_85
v 3.31431600 1.97696834 0.35000000
v 3.02524963 1.53451932 0.35000000
v 3.02524963 1.53451932 0.65000000
v 3.31431600 1.97696834 0.65000000
vt 0.25000000 0.93750000
vt 0.31250000 0.93750000
vt 0.31250000 0.87500000
vt 0.25000000 0.87500000
vn -0.83716648 0.54694816 0.00000000
f 713/713/179 714/714/179 715/715/179 716/716/179
v 3.05047388 2.11975256 0.35000000
v 3.05047388 2.11975256 0.65000000
v 2.78850748 1.71878313 0.65000000
v 2.78850748 1.71878313 0.35000000
vt 0.25000000 0.93750000
vt 0.25000000 0.87500000
vt 0.31250000 0.87500000
vt 0.31250000 0.93750000
vn 0.83716648 -0.54694816 0.00000000
f 717/717/180 718/718/180 719/719/180 720/720/180
usemtl frame
v 3.31431600 1.97696834 0.35000000
v 3.57815813 1.83418412 0.35000000
v 3.26199178 1.35025551 0.35000000
v 3.02524963 1.53451932 0.35000000
vt 0.31250000 0.87500000
vt 0.31250000 0.93750000
vt 0.25000000 0.93750000
vt 0.25000000 0.87500000
vn 0.00000000 -0.00000000 -1.00000000
f 721/721/181 722/722/181 723/723/181 724/724/181
v 2.91855282 2.19114467 0.41250000
v 3.05047388 2.11975256 0.35000000
v 2.78850748 1.71878313 0.35000000
v 2.67013640 1.81091504 0.41250000
vt 0.31250000 0.87500000
vt 0.31250000 0.93750000
vt 0.25000000 0.93750000
vt 0.25000000 0.87500000
vn -0.32292667 0.21097852 -0.92260849
f 725/725/182 726/726/182 727/727/182 728/728/182
usemtl frame_55
v 2.91855282 2.19114467 0.58750000
v 2.67013640 1.81091504 0.58750000
v 2.78850748 1.71878313 0.65000000
v 3.05047388 2.11975256 0.65000000
vt 0.25000000 0.87500000
vt 0.31250000 0.87500000
vt 0.31250000 0.93750000
vt 0.25000000 0.93750000
vn -0.32292667 0.21097852 0.92260849
f 729/729/183 730/730/183 731/731/183 732/732/183
v 3.05047388 2.11975256 0.65000000
v 2.78850748 1.71878313 0.65000000
v 3.26199178 1.35025551 0.65000000
v 3.57815813 1.83418412 0.65000000
vt 0.25000000 0.87500000
vt 0.31250000 0.87500000
vt 0.31250000 0.93750000
vt 0.25000000 0.93750000
vn 0.00000000 0.00000000 1.00000000
f 733/733/184 734/734/184 735/735/184 736/736/184
usemtl frame_85
v 3.26199178 1.35025551 0.35000000
v 3.26199178 1.35025551 0.65000000
v 2.87048550 0.92496631 0.65000000
v 2.87048550 0.92496631 0.35000000
vt 0.25000000 1.00000000
vt 0.25000000 0.99609375
vt 0.25390625 0.99609375
vt 0.25390625 1.00000000
vn 0.73572391 -0.67728157 0.00000000
f 737/737/185 738/738/185 739/739/185 740/740/185
usemtl frame_75
v 2.67013640 1.81091504 0.41250000
v 2.36252432 1.47675925 0.41250000
v 2.36252432 1.47675925 0.58750000
v 2.67013640 1.81091504 0.58750000
vt 0.43750000 0.93750000
vt 0.44140625 0.93750000
vt 0.44140625 0.93359375
vt 0.43750000 0.93359375
vn -0.73572391 0.67728157 0.00000000
f 741/741/186 742/742/186 743/743/186 744/744/186
usemtl frame_85
v 3.02524963 1.53451932 0.35000000
v 2.66730103 1.14568349 0.35000000
v 2.66730103 1.14568349 0.65000000
v 3.02524963 1.53451932 0.65000000
vt 0.25000000 0.93750000
vt 0.31250000 0.93750000
vt 0.31250000 0.87500000
vt 0.25000000 0.87500000
vn -0.73572391 0.67728157 0.00000000
f 745/745/187 746/746/187 747/747/187 748/748/187
v 2.78850748 1.71878313 0.35000000
v 2.78850748 1.71878313 0.65000000
v 2.46411656 1.36640066 0.65000000
v 2.46411656 1.36640066 0.35000000
vt 0.25000000 0.93750000
vt 0.25000000 0.87500000
vt 0.31250000 0.87500000
vt 0.31250000 0.93750000
vn 0.73572391 -0.67728157 0.00000000
f 749/749/188 750/750/188 751/751/188 752/752/188
usemtl frame
v 3.02524963 1.53451932 0.35000000
v 3.26199178 1.35025551 0.35000000
v 2.87048550 0.92496631 0.35000000
v 2.66730103 1.14568349 0.35000000
vt 0.31250000 0.87500000
vt 0.31250000 0.93750000
vt 0.25000000 0.93750000
vt 0.25000000 0.87500000
vn 0.00000000 -0.00000000 -1.00000000
f 753/753/189 754/754/189 755/755/189 756/756/189
v 2.67013640 1.81091504 0.41250000
v 2.78850748 1.71878313 0.35000000
v 2.46411656 1.36640066 0.35000000
v 2.36252432 1.47675925 0.41250000
vt 0.31250000 0.87500000
vt 0.31250000 0.93750000
vt 0.25000000 0.93750000
vt 0.25000000 0.87500000
vn -0.28379645 0.26125303 -0.92260849
f 757/757/190 758/758/190 759/759/190 760/760/190
usemtl frame_55
v 2.67013640 1.81091504 0.58750000
v 2.36252432 1.47675925 0.58750000
v 2.46411656 1.36640066 0.65000000
v 2.78850748 1.71878313 0.65000000
vt 0.25000000 0.87500000
vt 0.31250000 0.87500000
vt 0.31250000 0.93750000
vt 0.25000000 0.93750000
vn -0.28379645 0.26125303 0.92260849
f 761/761/191 762/762/191 763/763/191 764/764/191
v 2.78850748 1.71878313 0.65000000
v 2.46411656 1.36640066 0.65000000
v 2.87048550 0.92496631 0.65000000
v 3.26199178 1.35025551 0.65000000
vt 0.25000000 0.87500000
vt 0.31250000 0.87500000
vt 0.31250000 0.93750000
vt 0.25000000 0.93750000
vn 0.00000000 0.00000000 1.00000000
f 765/765/192 766/766/192 767/767/192 768/768/192
usemtl frame_85
v 2.87048550 0.92496631 0.35000000
v 2.87048550 0.92496631 0.65000000
v 2.41431855 0.56991733 0.65000000
v 2.41431855 0.56991733 0.35000000
vt 0.25000000 1.00000000
vt 0.25000000 0.99609375
vt 0.25390625 0.99609375
vt 0.25390625 1.00000000
vn 0.61421271 -0.78914051 0.00000000
f 769/769/193 770/770/193 771/771/193 772/772/193
usemtl frame_75
v 2.36252432 1.47675925 0.41250000
v 2.00410743 1.19779218 0.41250000
v 2.00410743 1.19779218 0.58750000
v 2.36252432 1.47675925 0.58750000
vt 0.43750000 0.93750000
vt 0.44140625 0.93750000
vt 0.44140625 0.93359375
vt 0.43750000 0.93359375
vn -0.61421271 0.78914051 0.00000000
f 773/773/194 774/774/194 775/775/194 776/776/194
usemtl frame_85
v 2.66730103 1.14568349 0.35000000
v 2.25023411 0.82106727 0.35000000
v 2.25023411 0.82106727 0.65000000
v 2.66730103 1.14568349 0.65000000
vt 0.25000000 0.93750000
vt 0.31250000 0.93750000
vt 0.31250000 0.87500000
vt 0.25000000 0.87500000
vn -0.61421271 0.78914051 0.00000000
f 777/777/195 778/778/195 779/779/195 780/780/195
v 2.46411656 1.36640066 0.35000000
v 2.46411656 1.36640066 0.65000000
v 2.08614966 1.07221721 0.65000000
v 2.08614966 1.07221721 0.35000000
vt 0.25000000 0.93750000
vt 0.25000000 0.87500000
vt 0.31250000 0.87500000
vt 0.31250000 0.93750000
vn 0.61421271 -0.78914051 0.00000000
f 781/781/196 782/782/196 783/783/196 784/784/196
usemtl frame
v 2.66730103 1.14568349 0.35000000
v 2.87048550 0.92496631 0.35000000
v 2.41431855 0.56991733 0.35000000
v 2.25023411 0.82106727 0.35000000
vt 0.31250000 0.87500000
vt 0.31250000 0.93750000
vt 0.25000000 0.93750000
vt 0.25000000 0.87500000
vn 0.00000000 -0.00000000 -1.00000000
f 785/785/197 786/786/197 787/787/197 788/788/197
v 2.36252432 1.47675925 0.41250000
v 2.46411656 1.36640066 0.35000000
v 2.08614966 1.07221721 0.35000000
v 2.00410743 1.19779218 0.41250000
vt 0.31250000 0.87500000
vt 0.31250000 0.93750000
vt 0.25000000 0.93750000
vt 0.25000000 0.87500000
vn -0.23692500 0.30440124 -0.92260849
f 789/789/198 790/790/198 791/791/198 792/792/198
usemtl frame_55
v 2.36252432 1.47675925 0.58750000
v 2.00410743 1.19779218 0.58750000
v 2.08614966 1.07221721 0.65000000
v 2.46411656 1.36640066 0.65000000
vt 0.25000000 0.87500000
vt 0.31250000 0.87500000
vt 0.31250000 0.93750000
vt 0.25000000 0.93750000
vn -0.23692500 0.30440124 0.92260849
f 793/793/199 794/794/199 795/795/199 796/796/199
v 2.46411656 1.36640066 0.65000000
v 2.08614966 1.07221721 0.65000000
v 2.41431855 0.56991733 0.65000000
v 2.87048550 0.92496631 0.65000000
vt 0.25000000 0.87500000
vt 0.31250000 0.87500000
vt 0.31250000 0.93750000
vt 0.25000000 0.93750000
vn 0.00000000 0.00000000 1.00000000
f 797/797/200 798/798/200 799/799/200 800/800/200
usemtl frame_85
v 2.41431855 0.56991733 0.35000000
v 2.41431855 0.56991733 0.65000000
v 1.90593399 0.29479336 0.65000000
v 1.90593399 0.29479336 0.35000000
vt 0.25000000 1.00000000
vt 0.25000000 0.99609375
vt 0.25390625 0.99609375
vt 0.25390625 1.00000000
vn 0.47594739 -0.87947375 0.00000000
f 801/801/201 802/802/201 803/803/201 804/804/201
usemtl frame_75
v 2.00410743 1.19779218 0.41250000
v 1.60466242 0.98162335 0.41250000
v 1.60466242 0.98162335 0.58750000
v 2.00410743 1.19779218 0.58750000
vt 0.43750000 0.93750000
vt 0.44140625 0.93750000
vt 0.44140625 0.93359375
vt 0.43750000 0.93359375
vn -0.47594739 0.87947375 0.00000000
f 805/805/202 806/806/202 807/807/202 808/808/202
usemtl frame_85
v 2.25023411 0.82106727 0.35000000
v 1.78542536 0.56952535 0.35000000
v 1.78542536 0.56952535 0.65000000
v 2.25023411 0.82106727 0.65000000
vt 0.25000000 0.93750000
vt 0.31250000 0.93750000
vt 0.31250000 0.87500000
vt 0.25000000 0.87500000
vn -0.47594739 0.87947375 0.00000000
f 809/809/203 810/810/203 811/811/203 812/812/203
v 2.08614966 1.07221721 0.35000000
v 2.08614966 1.07221721 0.65000000
v 1.66491673 0.84425735 0.65000000
v 1.66491673 0.84425735 0.35000000
vt 0.25000000 0.93750000
vt 0.25000000 0.87500000
vt 0.31250000 0.87500000
vt 0.31250000 0.93750000
vn 0.47594739 -0.87947375 0.00000000
f 813/813/204 814/814/204 815/815/204 816/816/204
usemtl frame
v 2.25023411 0.82106727 0.35000000
v 2.41431855 0.56991733 0.35000000
v 1.90593399 0.29479336 0.35000000
v 1.78542536 0.56952535 0.35000000
vt 0.31250000 0.87500000
vt 0.31250000 0.93750000
vt 0.25000000 0.93750000
vt 0.25000000 0.87500000
vn 0.00000000 -0.00000000 -1.00000000
f 817/817/205 818/818/205 819/819/205 820/820/205
v 2.00410743 1.19779218 0.41250000
v 2.08614966 1.07221721 0.35000000
v 1.66491673 0.84425735 0.35000000
v 1.60466242 0.98162335 0.41250000
vt 0.31250000 0.87500000
vt 0.31250000 0.93750000
vt 0.25000000 0.93750000
vt 0.25000000 0.87500000
vn -0.18359085 0.33924618 -0.92260849
f 821/821/206 822/822/206 823/823/206 824/824/206
usemtl frame_55
v 2.00410743 1.19779218 0.58750000
v 1.60466242 0.98162335 0.58750000
v 1.66491673 0.84425735 0.65000000
v 2.08614966 1.07221721 0.65000000
vt 0.25000000 0.87500000
vt 0.31250000 0.87500000
vt 0.31250000 0.93750000
vt 0.25000000 0.93750000
vn -0.18359085 0.33924618 0.92260849
f 825/825/207 826/826/207 827/827/207 828/828/207
v 2.08614966 1.07221721 0.65000000
v 1.66491673 0.84425735 0.65000000
v 1.90593399 0.29479336 0.65000000
v 2.41431855 0.56991733 0.65000000
vt 0.25000000 0.87500000
vt 0.31250000 0.87500000
vt 0.31250000 0.93750000
vt 0.25000000 0.93750000
vn 0.00000000 0.00000000 1.00000000
f 829/829/208 830/830/208 831/831/208 832/832/208
usemtl frame_85
v 1.90593399 0.29479336 0.35000000
v 1.90593399 0.29479336 0.65000000
v 1.35919920 0.10709907 0.65000000
v 1.35919920 0.10709907 0.35000000
vt 0.25000000 1.00000000
vt 0.25000000 0.99609375
vt 0.25390625 0.99609375
vt 0.25390625 1.00000000
vn 0.32469947 -0.94581724 0.00000000
f 833/833/209 834/834/209 835/835/209 836/836/209
usemtl frame_75
v 1.60466242 0.98162335 0.41250000
v 1.17508509 0.83414927 0.41250000
v 1.17508509 0.83414927 0.58750000
v 1.60466242 0.98162335 0.58750000
vt 0.43750000 0.93750000
vt 0.44140625 0.93750000
vt 0.44140625 0.93359375
vt 0.43750000 0.93359375
vn -0.32469947 0.94581724 0.00000000
f 837/837/210 838/838/210 839/839/210 840/840/210
usemtl frame_85
v 1.78542536 0.56952535 0.35000000
v 1.28555356 0.39791915 0.35000000
v 1.28555356 0.39791915 0.65000000
v 1.78542536 0.56952535 0.65000000
vt 0.25000000 0.93750000
vt 0.31250000 0.93750000
vt 0.31250000 0.87500000
vt 0.25000000 0.87500000
vn -0.32469947 0.94581724 0.00000000
f 841/841/211 842/842/211 843/843/211 844/844/211
v 1.66491673 0.84425735 0.35000000
v 1.66491673 0.84425735 0.65000000
v 1.21190791 0.68873923 0.65000000
v 1.21190791 0.68873923 0.35000000
vt 0.25000000 0.93750000
vt 0.25000000 0.87500000
vt 0.31250000 0.87500000
vt 0.31250000 0.93750000
vn 0.32469947 -0.94581724 0.00000000
f 845/845/212 846/846/212 847/847/212 848/848/212
usemtl frame
v 1.78542536 0.56952535 0.35000000
v 1.90593399 0.29479336 0.35000000
v 1.35919920 0.10709907 0.35000000
v 1.28555356 0.39791915 0.35000000
vt 0.31250000 0.87500000
vt 0.31250000 0.93750000
vt 0.25000000 0.93750000
vt 0.25000000 0.87500000
vn 0.00000000 -0.00000000 -1.00000000
f 849/849/213 850/850/213 851/851/213 852/852/213
v 1.60466242 0.98162335 0.41250000
v 1.66491673 0.84425735 0.35000000
v 1.21190791 0.68873923 0.35000000
v 1.17508509 0.83414927 0.41250000
vt 0.31250000 0.87500000
vt 0.31250000 0.93750000
vt 0.25000000 0.93750000
vt 0.25000000 0.87500000
vn -0.12524882 0.36483736 -0.92260849
f 853/853/214 854/854/214 855/855/214 856/856/214
usemtl frame_55
v 1.60466242 0.98162335 0.58750000
v 1.17508509 0.83414927 0.58750000
v 1.21190791 0.68873923 0.65000000
v 1.66491673 0.84425735 0.65000000
vt 0.25000000 0.87500000
vt 0.31250000 0.87500000
vt 0.31250000 0.93750000
vt 0.25000000 0.93750000
vn -0.12524882 0.36483736 0.92260849
f 857/857/215 858/858/215 859/859/215 860/860/215
v 1.66491673 0.84425735 0.65000000
v 1.21190791 0.68873923 0.65000000
v 1.35919920 0.10709907 0.65000000
v 1.90593399 0.29479336 0.65000000
vt 0.25000000 0.87500000
vt 0.31250000 0.87500000
vt 0.31250000 0.93750000
vt 0.25000000 0.93750000
vn 0.00000000 0.00000000 1.00000000
f 861/861/216 862/862/216 863/863/216 864/864/216
usemtl frame_85
v 1.35919920 0.10709907 0.35000000
v 1.35919920 0.10709907 0.65000000
v 0.78902771 0.01195427 0.65000000
v 0.78902771 0.01195427 0.35000000
vt 0.25000000 1.00000000
vt 0.25000000 0.99609375
vt 0.25390625 0.99609375
vt 0.25390625 1.00000000
vn 0.16459459 -0.98636130 0.00000000
f 865/865/217 866/866/217 867/867/217 868/868/217
usemtl frame_75
v 1.17508509 0.83414927 0.41250000
v 0.72709320 0.75939264 0.41250000
v 0.72709320 0.75939264 0.58750000
v 1.17508509 0.83414927 0.58750000
vt 0.43750000 0.93750000
vt 0.44140625 0.93750000
vt 0.44140625 0.93359375
vt 0.43750000 0.93359375
vn -0.16459459 0.98636130 0.00000000
f 869/869/218 870/870/218 871/871/218 872/872/218
usemtl frame_85
v 1.28555356 0.39791915 0.35000000
v 0.76425391 0.31092962 0.35000000
v 0.76425391 0.31092962 0.65000000
v 1.28555356 0.39791915 0.65000000
vt 0.25000000 0.93750000
vt 0.31250000 0.93750000
vt 0.31250000 0.87500000
vt 0.25000000 0.87500000
vn -0.16459459 0.98636130 0.00000000
f 873/873/219 874/874/219 875/875/219 876/876/219
v 1.21190791 0.68873923 0.35000000
v 1.21190791 0.68873923 0.65000000
v 0.73948010 0.60990497 0.65000000
v 0.73948010 0.60990497 0.35000000
vt 0.25000000 0.93750000
vt 0.25000000 0.87500000
vt 0.31250000 0.87500000
vt 0.31250000 0.93750000
vn 0.16459459 -0.98636130 0.00000000
f 877/877/220 878/878/220 879/879/220 880/880/220
usemtl frame
v 1.28555356 0.39791915 0.35000000
v 1.35919920 0.10709907 0.35000000
v 0.78902771 0.01195427 0.35000000
v 0.76425391 0.31092962 0.35000000
vt 0.31250000 0.87500000
vt 0.31250000 0.93750000
vt 0.25000000 0.93750000
vt 0.25000000 0.87500000
vn 0.00000000 -0.00000000 -1.00000000
f 881/881/221 882/882/221 883/883/221 884/884/221
v 1.17508509 0.83414927 0.41250000
v 1.21190791 0.68873923 0.35000000
v 0.73948010 0.60990497 0.35000000
v 0.72709320 0.75939264 0.41250000
vt 0.31250000 0.87500000
vt 0.31250000 0.93750000
vt 0.25000000 0.93750000
vt 0.25000000 0.87500000
vn -0.06349034 0.38047674 -0.92260849
f 885/885/222 886/886/222 887/887/222 888/888/222
usemtl frame_55
v 1.17508509 0.83414927 0.58750000
v 0.72709320 0.75939264 0.58750000
v 0.73948010 0.60990497 0.65000000
v 1.21190791 0.68873923 0.65000000
vt 0.25000000 0.87500000
vt 0.31250000 0.87500000
vt 0.31250000 0.93750000
vt 0.25000000 0.93750000
vn -0.06349034 0.38047674 0.92260849
f 889/889/223 890/890/223 891/891/223 892/892/223
v 1.21190791 0.68873923 0.65000000
v 0.73948010 0.60990497 0.65000000
v 0.78902771 0.01195427 0.65000000
v 1.35919920 0.10709907 0.65000000
vt 0.25000000 0.87500000
vt 0.31250000 0.87500000
vt 0.31250000 0.93750000
vt 0.25000000 0.93750000
vn 0.00000000 0.00000000 1.00000000
f 893/893/224 894/894/224 895/895/224 896/896/224
usemtl frame_85
v 0.78902771 0.01195427 0.35000000
v 0.78902771 0.01195427 0.65000000
v 0.21097229 0.01195427 0.65000000
v 0.21097229 0.01195427 0.35000000
vt 0.25000000 1.00000000
vt 0.25000000 0.99609375
vt 0.25390625 0.99609375
vt 0.25390625 1.00000000
vn 0.00000000 -1.00000000 0.00000000
f 897/897/225 898/898/225 899/899/225 900/900/225
usemtl frame_75
v 0.72709320 0.75939264 0.41250000
v 0.27290680 0.75939264 0.41250000
v 0.27290680 0.75939264 0.58750000
v 0.72709320 0.75939264 0.58750000
vt 0.43750000 0.93750000
vt 0.44140625 0.93750000
vt 0.44140625 0.93359375
vt 0.43750000 0.93359375
vn 0.00000000 1.00000000 0.00000000
f 901/901/226 902/902/226 903/903/226 904/904/226
usemtl frame_85
v 0.76425391 0.31092962 0.35000000
v 0.23574609 0.31092962 0.35000000
v 0.23574609 0.31092962 0.65000000
v 0.76425391 0.31092962 0.65000000
vt 0.25000000 0.93750000
vt 0.31250000 0.93750000
vt 0.31250000 0.87500000
vt 0.25000000 0.87500000
vn 0.00000000 1.00000000 0.00000000
f 905/905/227 906/906/227 907/907/227 908/908/227
v 0.73948010 0.60990497 0.35000000
v 0.73948010 0.60990497 0.65000000
v 0.26051990 0.60990497 0.65000000
v 0.26051990 0.60990497 0.35000000
vt 0.25000000 0.93750000
vt 0.25000000 0.87500000
vt 0.31250000 0.87500000
vt 0.31250000 0.93750000
vn 0.00000000 -1.00000000 0.00000000
f 909/909/228 910/910/228 911/911/228 912/912/228
usemtl frame
v 0.76425391 0.31092962 0.35000000
v 0.78902771 0.01195427 0.35000000
v 0.21097229 0.01195427 0.35000000
v 0.23574609 0.31092962 0.35000000
vt 0.31250000 0.87500000
vt 0.31250000 0.93750000
vt 0.25000000 0.93750000
vt 0.25000000 0.87500000
vn 0.00000000 -0.00000000 -1.00000000
f 913/913/229 914/914/229 915/915/229 916/916/229
v 0.72709320 0.75939264 0.41250000
v 0.73948010 0.60990497 0.35000000
v 0.26051990 0.60990497 0.35000000
v 0.27290680 0.75939264 0.41250000
vt 0.31250000 0.87500000
vt 0.31250000 0.93750000
vt 0.25000000 0.93750000
vt 0.25000000 0.87500000
vn 0.00000000 0.38573770 -0.92260849
f 917/917/230 918/918/230 919/919/230 920/920/230
usemtl frame_55
v 0.72709320 0.75939264 0.58750000
v 0.27290680 0.75939264 0.58750000
v 0.26051990 0.60990497 0.65000000
v 0.73948010 0.60990497 0.65000000
vt 0.25000000 0.87500000
vt 0.31250000 0.87500000
vt 0.31250000 0.93750000
vt 0.25000000 0.93750000
vn 0.00000000 0.38573770 0.92260849
f 921/921/231 922/922/231 923/923/231 924/924/231
v 0.73948010 0.60990497 0.65000000
v 0.26051990 0.60990497 0.65000000
v 0.21097229 0.01195427 0.65000000
v 0.78902771 0.01195427 0.65000000
vt 0.25000000 0.87500000
vt 0.31250000 0.87500000
vt 0.31250000 0.93750000
vt 0.25000000 0.93750000
vn 0.00000000 0.00000000 1.00000000
f 925/925/232 926/926/232 927/927/232 928/928/232
usemtl frame_85
v 0.21097229 0.01195427 0.35000000
v 0.21097229 0.01195427 0.65000000
v -0.35919920 0.10709907 0.65000000
v -0.35919920 0.10709907 0.35000000
vt 0.25000000 1.00000000
vt 0.25000000 0.99609375
vt 0.25390625 0.99609375
vt 0.25390625 1.00000000
vn -0.16459459 -0.98636130 0.00000000
f 929/929/233 930/930/233 931/931/233 932/932/233
usemtl frame_75
v 0.27290680 0.75939264 0.41250000
v -0.17508509 0.83414927 0.41250000
v -0.17508509 0.83414927 0.58750000
v 0.27290680 0.75939264 0.58750000
vt 0.43750000 0.93750000
vt 0.44140625 0.93750000
vt 0.44140625 0.93359375
vt 0.43750000 0.93359375
vn 0.16459459 0.98636130 0.00000000
f 933/933/234 934/934/234 935/935/234 936/936/234
usemtl frame_85
v 0.23574609 0.31092962 0.35000000
v -0.28555356 0.39791915 0.35000000
v -0.28555356 0.39791915 0.65000000
v 0.23574609 0.31092962 0.65000000
vt 0.25000000 0.93750000
vt 0.31250000 0.93750000
vt 0.31250000 0.87500000
vt 0.25000000 0.87500000
vn 0.16459459 0.98636130 0.00000000
f 937/937/235 938/938/235 939/939/235 940/940/235
v 0.26051990 0.60990497 0.35000000
v 0.26051990 0.60990497 0.65000000
v -0.21190791 0.68873923 0.65000000
v -0.21190791 0.68873923 0.35000000
vt 0.25000000 0.93750000
vt 0.25000000 0.87500000
vt 0.31250000 0.87500000
vt 0.31250000 0.93750000
vn -0.16459459 -0.98636130 0.00000000
f 941/941/236 942/942/236 943/943/236 944/944/236
usemtl frame
v 0.23574609 0.31092962 0.35000000
v 0.21097229 0.01195427 0.35000000
v -0.35919920 0.10709907 0.35000000
v -0.28555356 0.39791915 0.35000000
vt 0.31250000 0.87500000
vt 0.31250000 0.93750000
vt 0.25000000 0.93750000
vt 0.25000000 0.87500000
vn 0.00000000 0.00000000 -1.00000000
f 945/945/237 946/946/237 947/947/237 948/948/237
v 0.27290680 0.75939264 0.41250000
v 0.26051990 0.60990497 0.35000000
v -0.21190791 0.68873923 0.35000000
v -0.17508509 0.83414927 0.41250000
vt 0.31250000 0.87500000
vt 0.31250000 0.93750000
vt 0.25000000 0.93750000
vt 0.25000000 0.87500000
vn 0.06349034 0.38047674 -0.92260849
f 949/949/238 950/950/238 951/951/238 952/952/238
usemtl frame_55
v 0.27290680 0.75939264 0.58750000
v -0.17508509 0.83414927 0.58750000
v -0.21190791 0.68873923 0.65000000
v 0.26051990 0.60990497 0.65000000
vt 0.25000000 0.87500000
vt 0.31250000 0.87500000
vt 0.31250000 0.93750000
vt 0.25000000 0.93750000
vn 0.06349034 0.38047674 0.92260849
f 953/953/239 954/954/239 955/955/239 956/956/239
v 0.26051990 0.60990497 0.65000000
v -0.21190791 0.68873923 0.65000000
v -0.35919920 0.10709907 0.65000000
v 0.21097229 0.01195427 0.65000000
vt 0.25000000 0.87500000
vt 0.31250000 0.87500000
vt 0.31250000 0.93750000
vt 0.25000000 0.93750000
vn 0.00000000 0.00000000 1.00000000
f 957/957/240 958/958/240 959/959/240 960/960/240
usemtl frame_85
v -0.35919920 0.10709907 0.35000000
v -0.35919920 0.10709907 0.65000000
v -0.90593399 0.29479336 0.65000000
v -0.90593399 0.29479336 0.35000000
vt 0.25000000 1.00000000
vt 0.25000000 0.99609375
vt 0.25390625 0.99609375
vt 0.25390625 1.00000000
vn -0.32469947 -0.94581724 0.00000000
f 961/961/241 962/962/241 963/963/241 964/964/241
usemtl frame_75
v -0.17508509 0.83414927 0.41250000
v -0.60466242 0.98162335 0.41250000
v -0.60466242 0.98162335 0.58750000
v -0.17508509 0.83414927 0.58750000
vt 0.43750000 0.93750000
vt 0.44140625 0.93750000
vt 0.44140625 0.93359375
vt 0.43750000 0.93359375
vn 0.32469947 0.94581724 0.00000000
f 965/965/242 966/966/242 967/967/242 968/968/242
usemtl frame_85
v -0.28555356 0.39791915 0.35000000
v -0.78542536 0.56952535 0.35000000
v -0.78542536 0.56952535 0.65000000
v -0.28555356 0.39791915 0.65000000
vt 0.25000000 0.93750000
vt 0.31250000 0.93750000
vt 0.31250000 0.87500000
vt 0.25000000 0.87500000
vn 0.32469947 0.94581724 0.00000000
f 969/969/243 970/970/243 971/971/243 972/972/243
v -0.21190791 0.68873923 0.35000000
v -0.21190791 0.68873923 0.65000000
v -0.66491673 0.84425735 0.65000000
v -0.66491673 0.84425735 0.35000000
vt 0.25000000 0.93750000
vt 0.25000000 0.87500000
vt 0.31250000 0.87500000
vt 0.31250000 0.93750000
vn -0.32469947 -0.94581724 0.00000000
f 973/973/244 974/974/244 975/975/244 976/976/244
usemtl frame
v -0.28555356 0.39791915 0.35000000
v -0.35919920 0.10709907 0.35000000
v -0.90593399 0.29479336 0.35000000
v -0.78542536 0.56952535 0.35000000
vt 0.31250000 0.87500000
vt 0.31250000 0.93750000
vt 0.25000000 0.93750000
vt 0.25000000 0.87500000
vn 0.00000000 0.00000000 -1.00000000
f 977/977/245 978/978/245 979/979/245 980/980/245
v -0.17508509 0.83414927 0.41250000
v -0.21190791 0.68873923 0.35000000
v -0.66491673 0.84425735 0.35000000
v -0.60466242 0.98162335 0.41250000
vt 0.31250000 0.87500000
vt 0.31250000 0.93750000
vt 0.25000000 0.93750000
vt 0.25000000 0.87500000
vn 0.12524882 0.36483736 -0.92260849
f 981/981/246 982/982/246 983/983/246 984/984/246
usemtl frame_55
v -0.17508509 0.83414927 0.58750000
v -0.60466242 0.98162335 0.58750000
v -0.66491673 0.84425735 0.65000000
v -0.21190791 0.68873923 0.65000000
vt 0.25000000 0.87500000
vt 0.31250000 0.87500000
vt 0.31250000 0.93750000
vt 0.25000000 0.93750000
vn 0.12524882 0.36483736 0.92260849
f 985/985/247 986/986/247 987/987/247 988/988/247
v -0.21190791 0.68873923 0.65000000
v -0.66491673 0.84425735 0.65000000
v -0.90593399 0.29479336 0.65000000
v -0.35919920 0.10709907 0.65000000
vt 0.25000000 0.87500000
vt 0.31250000 0.87500000
vt 0.31250000 0.93750000
vt 0.25000000 0.93750000
vn 0.00000000 0.00000000 1.00000000
f 989/989/248 990/990/248 991/991/248 992/992/248
usemtl frame_85
v -0.90593399 0.29479336 0.35000000
v -0.90593399 0.29479336 0.65000000
v -1.41431855 0.56991733 0.65000000
v -1.41431855 0.56991733 0.35000000
vt 0.25000000 1.00000000
vt 0.25000000 0.99609375
vt 0.25390625 0.99609375
vt 0.25390625 1.00000000
vn -0.47594739 -0.87947375 0.00000000
f 993/993/249 994/994/249 995/995/249 996/996/249
usemtl frame_75
v -0.60466242 0.98162335 0.41250000
v -1.00410743 1.19779218 0.41250000
v -1.00410743 1.19779218 0.58750000
v -0.60466242 0.98162335 0.58750000
vt 0.43750000 0.93750000
vt 0.44140625 0.93750000
vt 0.44140625 0.93359375
vt 0.43750000 0.93359375
vn 0.47594739 0.87947375 0.00000000
f 997/997/250 998/998/250 999/999/250 1000/1000/250
usemtl frame_85
v -0.78542536 0.56952535 0.35000000
v -1.25023411 0.82106727 0.35000000
v -1.25023411 0.82106727 0.65000000
v -0.78542536 0.56952535 0.65000000
vt 0.25000000 0.93750000
vt 0.31250000 0.93750000
vt 0.31250000 0.87500000
vt 0.25000000 0.87500000
vn 0.47594739 0.87947375 0.00000000
f 1001/1001/251 1002/1002/251 1003/1003/251 1004/1004/251
v -0.66491673 0.84425735 0.35000000
v -0.66491673 0.84425735 0.65000000
v -1.08614966 1.07221721 0.65000000
v -1.08614966 1.07221721 0.35000000
vt 0.25000000 0.93750000
vt 0.25000000 0.87500000
vt 0.31250000 0.87500000
vt 0.31250000 0.93750000
vn -0.47594739 -0.87947375 0.00000000
f 1005/1005/252 1006/1006/252 1007/1007/252 1008/1008/252
usemtl frame
v -0.78542536 0.56952535 0.35000000
v -0.90593399 0.29479336 0.35000000
v -1.41431855 0.56991733 0.35000000
v -1.25023411 0.82106727 0.35000000
vt 0.31250000 0.87500000
vt 0.31250000 0.93750000
vt 0.25000000 0.93750000
vt 0.25000000 0.87500000
vn -0.00000000 0.00000000 -1.00000000
f 1009/1009/253 1010/1010/253 1011/1011/253 1012/1012/253
v -0.60466242 0.98162335 0.41250000
v -0.66491673 0.84425735 0.35000000
v -1.08614966 1.07221721 0.35000000
v -1.00410743 1.19779218 0.41250000
vt 0.31250000 0.87500000
vt 0.31250000 0.93750000
vt 0.25000000 0.93750000
vt 0.25000000 0.87500000
vn 0.18359085 0.33924618 -0.92260849
f 1013/1013/254 1014/1014/254 1015/1015/254 1016/1016/254
usemtl frame_55
v -0.60466242 0.98162335 0.58750000
v -1.00410743 1.19779218 0.58750000
v -1.08614966 1.07221721 0.65000000
v -0.66491673 0.84425735 0.65000000
vt 0.25000000 0.87500000
vt 0.31250000 0.87500000
vt 0.31250000 0.93750000
vt 0.25000000 0.93750000
vn 0.18359085 0.33924618 0.92260849
f 1017/1017/255 1018/1018/255 1019/1019/255 1020/1020/255
v -0.66491673 0.84425735 0.65000000
v -1.08614966 1.07221721 0.65000000
v -1.41431855 0.56991733 0.65000000
v -0.90593399 0.29479336 0.65000000
vt 0.25000000 0.87500000
vt 0.31250000 0.87500000
vt 0.31250000 0.93750000
vt 0.25000000 0.93750000
vn 0.00000000 0.00000000 1.00000000
f 1021/1021/256 1022/1022/256 1023/1023/256 1024/1024/256
usemtl frame_85
v -1.41431855 0.56991733 0.35000000
v -1.41431855 0.56991733 0.65000000
v -1.87048550 0.92496631 0.65000000
v -1.87048550 0.92496631 0.35000000
vt 0.25000000 1.00000000
vt 0.25000000 0.99609375
vt 0.25390625 0.99609375
vt 0.25390625 1.00000000
vn -0.61421271 -0.78914051 0.00000000
f 1025/1025/257 1026/1026/257 1027/1027/257 1028/1028/257
usemtl frame_75
v -1.00410743 1.19779218 0.41250000
v -1.36252432 1.47675925 0.41250000
v -1.36252432 1.47675925 0.58750000
v -1.00410743 1.19779218 0.58750000
vt 0.43750000 0.93750000
vt 0.44140625 0.93750000
vt 0.44140625 0.93359375
vt 0.43750000 0.93359375
vn 0.61421271 0.78914051 0.00000000
f 1029/1029/258 1030/1030/258 1031/1031/258 1032/1032/258
usemtl frame_85
v -1.25023411 0.82106727 0.35000000
v -1.66730103 1.14568349 0.35000000
v -1.66730103 1.14568349 0.65000000
v -1.25023411 0.82106727 0.65000000
vt 0.25000000 0.93750000
vt 0.31250000 0.93750000
vt 0.31250000 0.87500000
vt 0.25000000 0.87500000
vn 0.61421271 0.78914051 0.00000000
f 1033/1033/259 1034/1034/259 1035/1035/259 1036/1036/259
v -1.08614966 1.07221721 0.35000000
v -1.08614966 1.07221721 0.65000000
v -1.46411656 1.36640066 0.65000000
v -1.46411656 1.36640066 0.35000000
vt 0.25000000 0.93750000
vt 0.25000000 0.87500000
vt 0.31250000 0.87500000
vt 0.31250000 0.93750000
vn -0.61421271 -0.78914051 0.00000000
f 1037/1037/260 1038/1038/260 1039/1039/260 1040/1040/260
usemtl frame
v -1.25023411 0.82106727 0.35000000
v -1.41431855 0.56991733 0.35000000
v -1.87048550 0.92496631 0.35000000
v -1.66730103 1.14568349 0.35000000
vt 0.31250000 0.87500000
vt 0.31250000 0.93750000
vt 0.25000000 0.93750000
vt 0.25000000 0.87500000
vn -0.00000000 0.00000000 -1.00000000
f 1041/1041/261 1042/1042/261 1043/1043/261 1044/1044/261
v -1.00410743 1.19779218 0.41250000
v -1.08614966 1.07221721 0.35000000
v -1.46411656 1.36640066 0.35000000
v -1.36252432 1.47675925 0.41250000
vt 0.31250000 0.87500000
vt 0.31250000 0.93750000
vt 0.25000000 0.93750000
vt 0.25000000 0.87500000
vn 0.23692500 0.30440124 -0.92260849
f 1045/1045/262 1046/1046/262 1047/1047/262 1048/1048/262
usemtl frame_55
v -1.00410743 1.19779218 0.58750000
v -1.36252432 1.47675925 0.58750000
v -1.46411656 1.36640066 0.65000000
v -1.08614966 1.07221721 0.65000000
vt 0.25000000 0.87500000
vt 0.31250000 0.87500000
vt 0.31250000 0.93750000
vt 0.25000000 0.93750000
vn 0.23692500 0.30440124 0.92260849
f 1049/1049/263 1050/1050/263 1051/1051/263 1052/1052/263
v -1.08614966 1.07221721 0.65000000
v -1.46411656 1.36640066 0.65000000
v -1.87048550 0.92496631 0.65000000
v -1.41431855 0.56991733 0.65000000
vt 0.25000000 0.87500000
vt 0.31250000 0.87500000
vt 0.31250000 0.93750000
vt 0.25000000 0.93750000
vn 0.00000000 0.00000000 1.00000000
f 1053/1053/264 1054/1054/264 1055/1055/264 1056/1056/264
usemtl frame_85
v -1.87048550 0.92496631 0.35000000
v -1.87048550 0.92496631 0.65000000
v -2.26199178 1.35025551 0.65000000
v -2.26199178 1.35025551 0.35000000
vt 0.25000000 1.00000000
vt 0.25000000 0.99609375
vt 0.25390625 0.99609375
vt 0.25390625 1.00000000
vn -0.73572391 -0.67728157 0.00000000
f 1057/1057/265 1058/1058/265 1059/1059/265 1060/1060/265
usemtl frame_75
v -1.36252432 1.47675925 0.41250000
v -1.67013640 1.81091504 0.41250000
v -1.67013640 1.81091504 0.58750000
v -1.36252432 1.47675925 0.58750000
vt 0.43750000 0.93750000
vt 0.44140625 0.93750000
vt 0.44140625 0.93359375
vt 0.43750000 0.93359375
vn 0.73572391 0.67728157 0.00000000
f 1061/1061/266 1062/1062/266 1063/1063/266 1064/1064/266
usemtl frame_85
v -1.66730103 1.14568349 0.35000000
v -2.02524963 1.53451932 0.35000000
v -2.02524963 1.53451932 0.65000000
v -1.66730103 1.14568349 0.65000000
vt 0.25000000 0.93750000
vt 0.31250000 0.93750000
vt 0.31250000 0.87500000
vt 0.25000000 0.87500000
vn 0.73572391 0.67728157 0.00000000
f 1065/1065/267 1066/1066/267 1067/1067/267 1068/1068/267
v -1.46411656 1.36640066 0.35000000
v -1.46411656 1.36640066 0.65000000
v -1.78850748 1.71878313 0.65000000
v -1.78850748 1.71878313 0.35000000
vt 0.25000000 0.93750000
vt 0.25000000 0.87500000
vt 0.31250000 0.87500000
vt 0.31250000 0.93750000
vn -0.73572391 -0.67728157 0.00000000
f 1069/1069/268 1070/1070/268 1071/1071/268 1072/1072/268
usemtl frame
v -1.66730103 1.14568349 0.35000000
v -1.87048550 0.92496631 0.35000000
v -2.26199178 1.35025551 0.35000000
v -2.02524963 1.53451932 0.35000000
vt 0.31250000 0.87500000
vt 0.31250000 0.93750000
vt 0.25000000 0.93750000
vt 0.25000000 0.87500000
vn -0.00000000 0.00000000 -1.00000000
f 1073/1073/269 1074/1074/269 1075/1075/269 1076/1076/269
v -1.36252432 1.47675925 0.41250000
v -1.46411656 1.36640066 0.35000000
v -1.78850748 1.71878313 0.35000000
v -1.67013640 1.81091504 0.41250000
vt 0.31250000 0.87500000
vt 0.31250000 0.93750000
vt 0.25000000 0.93750000
vt 0.25000000 0.87500000
vn 0.28379645 0.26125303 -0.92260849
f 1077/1077/270 1078/1078/270 1079/1079/270 1080/1080/270
usemtl frame_55
v -1.36252432 1.47675925 0.58750000
v -1.67013640 1.81091504 0.58750000
v -1.78850748 1.71878313 0.65000000
v -1.46411656 1.36640066 0.65000000
vt 0.25000000 0.87500000
vt 0.31250000 0.87500000
vt 0.31250000 0.93750000
vt 0.25000000 0.93750000
vn 0.28379645 0.26125303 0.92260849
f 1081/1081/271 1082/1082/271 1083/1083/271 1084/1084/271
v -1.46411656 1.36640066 0.65000000
v -1.78850748 1.71878313 0.65000000
v -2.26199178 1.35025551 0.65000000
v -1.87048550 0.92496631 0.65000000
vt 0.25000000 0.87500000
vt 0.31250000 0.87500000
vt 0.31250000 0.93750000
vt 0.25000000 0.93750000
vn 0.00000000 0.00000000 1.00000000
f 1085/1085/272 1086/1086/272 1087/1087/272 1088/1088/272
usemtl frame_85
v -2.26199178 1.35025551 0.35000000
v -2.26199178 1.35025551 0.65000000
v -2.57815813 1.83418412 0.65000000
v -2.57815813 1.83418412 0.35000000
vt 0.25000000 1.00000000
vt 0.25000000 0.99609375
vt 0.25390625 0.99609375
vt 0.25390625 1.00000000
vn -0.83716648 -0.54694816 0.00000000
f 1089/1089/273 1090/1090/273 1091/1091/273 1092/1092/273
usemtl frame_75
v -1.67013640 1.81091504 0.41250000
v -1.91855282 2.19114467 0.41250000
v -1.91855282 2.19114467 0.58750000
v -1.67013640 1.81091504 0.58750000
vt 0.43750000 0.93750000
vt 0.44140625 0.93750000
vt 0.44140625 0.93359375
vt 0.43750000 0.93359375
vn 0.83716648 0.54694816 0.00000000
f 1093/1093/274 1094/1094/274 1095/1095/274 1096/1096/274
usemtl frame_85
v -2.02524963 1.53451932 0.35000000
v -2.31431600 1.97696834 0.35000000
v -2.31431600 1.97696834 0.65000000
v -2.02524963 1.53451932 0.65000000
vt 0.25000000 0.93750000
vt 0.31250000 0.93750000
vt 0.31250000 0.87500000
vt 0.25000000 0.87500000
vn 0.83716648 0.54694816 0.00000000
f 1097/1097/275 1098/1098/275 1099/1099/275 1100/1100/275
v -1.78850748 1.71878313 0.35000000
v -1.78850748 1.71878313 0.65000000
v -2.05047388 2.11975256 0.65000000
v -2.05047388 2.11975256 0.35000000
vt 0.25000000 0.93750000
vt 0.25000000 0.87500000
vt 0.31250000 0.87500000
vt 0.31250000 0.93750000
vn -0.83716648 -0.54694816 0.00000000
f 1101/1101/276 1102/1102/276 1103/1103/276 1104/1104/276
usemtl frame
v -2.02524963 1.53451932 0.35000000
v -2.26199178 1.35025551 0.35000000
v -2.57815813 1.83418412 0.35000000
v -2.31431600 1.97696834 0.35000000
vt 0.31250000 0.87500000
vt 0.31250000 0.93750000
vt 0.25000000 0.93750000
vt 0.25000000 0.87500000
vn -0.00000000 0.00000000 -1.00000000
f 1105/1105/277 1106/1106/277 1107/1107/277 1108/1108/277
v -1.67013640 1.81091504 0.41250000
v -1.78850748 1.71878313 0.35000000
v -2.05047388 2.11975256 0.35000000
v -1.91855282 2.19114467 0.41250000
vt 0.31250000 0.87500000
vt 0.31250000 0.93750000
vt 0.25000000 0.93750000
vt 0.25000000 0.87500000
vn 0.32292667 0.21097852 -0.92260849
f 1109/1109/278 1110/1110/278 1111/1111/278 1112/1112/278
usemtl frame_55
v -1.67013640 1.81091504 0.58750000
v -1.91855282 2.19114467 0.58750000
v -2.05047388 2.11975256 0.65000000
v -1.78850748 1.71878313 0.65000000
vt 0.25000000 0.87500000
vt 0.31250000 0.87500000
vt 0.31250000 0.93750000
vt 0.25000000 0.93750000
vn 0.32292667 0.21097852 0.92260849
f 1113/1113/279 1114/1114/279 1115/1115/279 1116/1116/279
v -1.78850748 1.71878313 0.65000000
v -2.05047388 2.11975256 0.65000000
v -2.57815813 1.83418412 0.65000000
v -2.26199178 1.35025551 0.65000000
vt 0.25000000 0.87500000
vt 0.31250000 0.87500000
vt 0.31250000 0.93750000
vt 0.25000000 0.93750000
vn 0.00000000 0.00000000 1.00000000
f 1117/1117/280 1118/1118/280 1119/1119/280 1120/1120/280
usemtl frame_85
v -2.57815813 1.83418412 0.35000000
v -2.57815813 1.83418412 0.65000000
v -2.81036035 2.36355186 0.65000000
v -2.81036035 2.36355186 0.35000000
vt 0.25000000 1.00000000
vt 0.25000000 0.99609375
vt 0.25390625 0.99609375
vt 0.25390625 1.00000000
vn -0.91577333 -0.40169542 0.00000000
f 1121/1121/281 1122/1122/281 1123/1123/281 1124/1124/281
usemtl frame_75
v -1.91855282 2.19114467 0.41250000
v -2.10099741 2.60707646 0.41250000
v -2.10099741 2.60707646 0.58750000
v -1.91855282 2.19114467 0.58750000
vt 0.43750000 0.93750000
vt 0.44140625 0.93750000
vt 0.44140625 0.93359375
vt 0.43750000 0.93359375
vn 0.91577333 0.40169542 0.00000000
f 1125/1125/282 1126/1126/282 1127/1127/282 1128/1128/282
usemtl frame_85
v -2.31431600 1.97696834 0.35000000
v -2.52661517 2.46096170 0.35000000
v -2.52661517 2.46096170 0.65000000
v -2.31431600 1.97696834 0.65000000
vt 0.25000000 0.93750000
vt 0.31250000 0.93750000
vt 0.31250000 0.87500000
vt 0.25000000 0.87500000
vn 0.91577333 0.40169542 0.00000000
f 1129/1129/283 1130/1130/283 1131/1131/283 1132/1132/283
v -2.05047388 2.11975256 0.35000000
v -2.05047388 2.11975256 0.65000000
v -2.24287000 2.55837154 0.65000000
v -2.24287000 2.55837154 0.35000000
vt 0.25000000 0.93750000
vt 0.25000000 0.87500000
vt 0.31250000 0.87500000
vt 0.31250000 0.93750000
vn -0.91577333 -0.40169542 0.00000000
f 1133/1133/284 1134/1134/284 1135/1135/284 1136/1136/284
usemtl frame
v -2.31431600 1.97696834 0.35000000
v -2.57815813 1.83418412 0.35000000
v -2.81036035 2.36355186 0.35000000
v -2.52661517 2.46096170 0.35000000
vt 0.31250000 0.87500000
vt 0.31250000 0.93750000
vt 0.25000000 0.93750000
vt 0.25000000 0.87500000
vn -0.00000000 0.00000000 -1.00000000
f 1137/1137/285 1138/1138/285 1139/1139/285 1140/1140/285
v -1.91855282 2.19114467 0.41250000
v -2.05047388 2.11975256 0.35000000
v -2.24287000 2.55837154 0.35000000
v -2.10099741 2.60707646 0.41250000
vt 0.31250000 0.87500000
vt 0.31250000 0.93750000
vt 0.25000000 0.93750000
vt 0.25000000 0.87500000
vn 0.35324829 0.15494907 -0.92260849
f 1141/1141/286 1142/1142/286 1143/1143/286 1144/1144/286
usemtl frame_55
v -1.91855282 2.19114467 0.58750000
v -2.10099741 2.60707646 0.58750000
v -2.24287000 2.55837154 0.65000000
v -2.05047388 2.11975256 0.65000000
vt 0.25000000 0.87500000
vt 0.31250000 0.87500000
vt 0.31250000 0.93750000
vt 0.25000000 0.93750000
vn 0.35324829 0.15494907 0.92260849
f 1145/1145/287 1146/1146/287 1147/1147/287 1148/1148/287
v -2.05047388 2.11975256 0.65000000
v -2.24287000 2.55837154 0.65000000
v -2.81036035 2.36355186 0.65000000
v -2.57815813 1.83418412 0.65000000
vt 0.25000000 0.87500000
vt 0.31250000 0.87500000
vt 0.31250000 0.93750000
vt 0.25000000 0.93750000
vn 0.00000000 0.00000000 1.00000000
f 1149/1149/288 1150/1150/288 1151/1151/288 1152/1152/288
usemtl frame_85
v -2.81036035 2.36355186 0.35000000
v -2.81036035 2.36355186 0.65000000
v -2.95226456 2.92391893 0.65000000
v -2.95226456 2.92391893 0.35000000
vt 0.25000000 1.00000000
vt 0.25000000 0.99609375
vt 0.25390625 0.99609375
vt 0.25390625 1.00000000
vn -0.96940027 -0.24548549 0.00000000
f 1153/1153/289 1154/1154/289 1155/1155/289 1156/1156/289
usemtl frame_75
v -2.10099741 2.60707646 0.41250000
v -2.21249358 3.04736488 0.41250000
v -2.21249358 3.04736488 0.58750000
v -2.10099741 2.60707646 0.58750000
vt 0.43750000 0.93750000
vt 0.44140625 0.93750000
vt 0.44140625 0.93359375
vt 0.43750000 0.93359375
vn 0.96940027 0.24548549 0.00000000
f 1157/1157/290 1158/1158/290 1159/1159/290 1160/1160/290
usemtl frame_85
v -2.52661517 2.46096170 0.35000000
v -2.65635617 2.97329731 0.35000000
v -2.65635617 2.97329731 0.65000000
v -2.52661517 2.46096170 0.65000000
vt 0.25000000 0.93750000
vt 0.31250000 0.93750000
vt 0.31250000 0.87500000
vt 0.25000000 0.87500000
vn 0.96940027 0.24548549 0.00000000
f 1161/1161/291 1162/1162/291 1163/1163/291 1164/1164/291
v -2.24287000 2.55837154 0.35000000
v -2.24287000 2.55837154 0.65000000
v -2.36044778 3.02267569 0.65000000
v -2.36044778 3.02267569 0.35000000
vt 0.25000000 0.93750000
vt 0.25000000 0.87500000
vt 0.31250000 0.87500000
vt 0.31250000 0.93750000
vn -0.96940027 -0.24548549 0.00000000
f 1165/1165/292 1166/1166/292 1167/1167/292 1168/1168/292
usemtl frame
v -2.52661517 2.46096170 0.35000000
v -2.81036035 2.36355186 0.35000000
v -2.95226456 2.92391893 0.35000000
v -2.65635617 2.97329731 0.35000000
vt 0.31250000 0.87500000
vt 0.31250000 0.93750000
vt 0.25000000 0.93750000
vt 0.25000000 0.87500000
vn -0.00000000 0.00000000 -1.00000000
f 1169/1169/293 1170/1170/293 1171/1171/293 1172/1172/293
v -2.10099741 2.60707646 0.41250000
v -2.24287000 2.55837154 0.35000000
v -2.36044778 3.02267569 0.35000000
v -2.21249358 3.04736488 0.41250000
vt 0.31250000 0.87500000
vt 0.31250000 0.93750000
vt 0.25000000 0.93750000
vt 0.25000000 0.87500000
vn 0.37393422 0.09469301 -0.92260849
f 1173/1173/294 1174/1174/294 1175/1175/294 1176/1176/294
usemtl frame_55
v -2.10099741 2.60707646 0.58750000
v -2.21249358 3.04736488 0.58750000
v -2.36044778 3.02267569 0.65000000
v -2.24287000 2.55837154 0.65000000
vt 0.25000000 0.87500000
vt 0.31250000 0.87500000
vt 0.31250000 0.93750000
vt 0.25000000 0.93750000
vn 0.37393422 0.09469301 0.92260849
f 1177/1177/295 1178/1178/295 1179/1179/295 1180/1180/295
v -2.24287000 2.55837154 0.65000000
v -2.36044778 3.02267569 0.65000000
v -2.95226456 2.92391893 0.65000000
v -2.81036035 2.36355186 0.65000000
vt 0.25000000 0.87500000
vt 0.31250000 0.87500000
vt 0.31250000 0.93750000
vt 0.25000000 0.93750000
vn 0.00000000 0.00000000 1.00000000
f 1181/1181/296 1182/1182/296 1183/1183/296 1184/1184/296
usemtl frame_85
v -2.95226456 2.92391893 0.35000000
v -2.95226456 2.92391893 0.65000000
v -3.00000000 3.50000000 0.65000000
v -3.00000000 3.50000000 0.35000000
vt 0.25000000 1.00000000
vt 0.25000000 0.99609375
vt 0.25390625 0.99609375
vt 0.25390625 1.00000000
vn -0.99658449 -0.08257935 0.00000000
f 1185/1185/297 1186/1186/297 1187/1187/297 1188/1188/297
usemtl frame_75
v -2.21249358 3.04736488 0.41250000
v -2.25000000 3.50000000 0.41250000
v -2.25000000 3.50000000 0.58750000
v -2.21249358 3.04736488 0.58750000
vt 0.43750000 0.93750000
vt 0.44140625 0.93750000
vt 0.44140625 0.93359375
vt 0.43750000 0.93359375
vn 0.99658449 0.08257935 0.00000000
f 1189/1189/298 1190/1190/298 1191/1191/298 1192/1192/298
usemtl frame_85
v -2.65635617 2.97329731 0.35000000
v -2.70000000 3.50000000 0.35000000
v -2.70000000 3.50000000 0.65000000
v -2.65635617 2.97329731 0.65000000
vt 0.25000000 0.93750000
vt 0.31250000 0.93750000
vt 0.31250000 0.87500000
vt 0.25000000 0.87500000
vn 0.99658449 0.08257935 0.00000000
f 1193/1193/299 1194/1194/299 1195/1195/299 1196/1196/299
v -2.36044778 3.02267569 0.35000000
v -2.36044778 3.02267569 0.65000000
v -2.40000000 3.50000000 0.65000000
v -2.40000000 3.50000000 0.35000000
vt 0.25000000 0.93750000
vt 0.25000000 0.87500000
vt 0.31250000 0.87500000
vt 0.31250000 0.93750000
vn -0.99658449 -0.08257935 0.00000000
f 1197/1197/300 1198/1198/300 1199/1199/300 1200/1200/300
usemtl frame
v -2.65635617 2.97329731 0.35000000
v -2.95226456 2.92391893 0.35000000
v -3.00000000 3.50000000 0.35000000
v -2.70000000 3.50000000 0.35000000
vt 0.31250000 0.87500000
vt 0.31250000 0.93750000
vt 0.25000000 0.93750000
vt 0.25000000 0.87500000
vn -0.00000000 0.00000000 -1.00000000
f 1201/1201/301 1202/1202/301 1203/1203/301 1204/1204/301
v -2.21249358 3.04736488 0.41250000
v -2.36044778 3.02267569 0.35000000
v -2.40000000 3.50000000 0.35000000
v -2.25000000 3.50000000 0.41250000
vt 0.31250000 0.87500000
vt 0.31250000 0.93750000
vt 0.25000000 0.93750000
vt 0.25000000 0.87500000
vn 0.38442021 0.03185397 -0.92260849
f 1205/1205/302 1206/1206/302 1207/1207/302 1208/1208/302
usemtl frame_55
v -2.21249358 3.04736488 0.58750000
v -2.25000000 3.50000000 0.58750000
v -2.40000000 3.50000000 0.65000000
v -2.36044778 3.02267569 0.65000000
vt 0.25000000 0.87500000
vt 0.31250000 0.87500000
vt 0.31250000 0.93750000
vt 0.25000000 0.93750000
vn 0.38442021 0.03185397 0.92260849
f 1209/1209/303 1210/1210/303 1211/1211/303 1212/1212/303
v -2.36044778 3.02267569 0.65000000
v -2.40000000 3.50000000 0.65000000
v -3.00000000 3.50000000 0.65000000
v -2.95226456 2.92391893 0.65000000
vt 0.25000000 0.87500000
vt 0.31250000 0.87500000
vt 0.31250000 0.93750000
vt 0.25000000 0.93750000
vn 0.00000000 0.00000000 1.00000000
f 1213/1213/304 1214/1214/304 1215/1215/304 1216/1216/304
usemtl glyphs
v -2.39218750 3.50000000 0.36562500
v -2.70781250 3.50000000 0.36562500
v -2.66406212 4.02798858 0.36562500
v -2.35274183 3.97603842 0.36562500
vt 0.02631579 0.34000000
vt 0.02631579 1.00000000
vt 0.00000000 1.00000000
vt 0.00000000 0.34000000
vn 0.00000000 0.00000000 -1.00000000
f 1217/1217/305 1218/1218/305 1219/1219/305 1220/1220/305
v -2.35274183 3.97603842 0.36562500
v -2.66406212 4.02798858 0.36562500
v -2.53400437 4.54157502 0.36562500
v -2.23548080 4.43909175 0.36562500
vt 0.05263158 0.34000000
vt 0.05263158 1.00000000
vt 0.02631579 1.00000000
vt 0.02631579 0.34000000
vn 0.00000000 0.00000000 -1.00000000
f 1221/1221/306 1222/1222/306 1223/1223/306 1224/1224/306
v -2.23548080 4.43909175 0.36562500
v -2.53400437 4.54157502 0.36562500
v -2.32118689 5.02675000 0.36562500
v -2.04360299 4.87652910 0.36562500
vt 0.07894737 0.34000000
vt 0.07894737 1.00000000
vt 0.05263158 1.00000000
vt 0.05263158 0.34000000
vn 0.00000000 0.00000000 -1.00000000
f 1225/1225/307 1226/1226/307 1227/1227/307 1228/1228/307
v -2.04360299 4.87652910 0.36562500
v -2.32118689 5.02675000 0.36562500
v -2.03141479 5.47027922 0.36562500
v -1.78234232 5.27641833 0.36562500
vt 0.10526316 0.34000000
vt 0.10526316 1.00000000
vt 0.07894737 1.00000000
vt 0.07894737 0.34000000
vn 0.00000000 0.00000000 -1.00000000
f 1229/1229/308 1230/1230/308 1231/1231/308 1232/1232/308
v -1.78234232 5.27641833 0.36562500
v -2.03141479 5.47027922 0.36562500
v -1.67259229 5.86006436 0.36562500
v -1.45882530 5.62785150 0.36562500
vt 0.13157895 0.34000000
vt 0.13157895 1.00000000
vt 0.10526316 1.00000000
vt 0.10526316 0.34000000
vn 0.00000000 0.00000000 -1.00000000
f 1233/1233/309 1234/1234/309 1235/1235/309 1236/1236/309
v -1.45882530 5.62785150 0.36562500
v -1.67259229 5.86006436 0.36562500
v -1.25450714 6.18547309 0.36562500
v -1.08187663 5.92124242 0.36562500
vt 0.15789474 0.34000000
vt 0.15789474 1.00000000
vt 0.13157895 1.00000000
vt 0.13157895 0.34000000
vn 0.00000000 0.00000000 -1.00000000
f 1237/1237/310 1238/1238/310 1239/1239/310 1240/1240/310
v -1.08187663 5.92124242 0.36562500
v -1.25450714 6.18547309 0.36562500
v -0.78856360 6.43762912 0.36562500
v -0.66177849 6.14858817 0.36562500
vt 0.18421053 0.34000000
vt 0.18421053 1.00000000
vt 0.15789474 1.00000000
vt 0.15789474 0.34000000
vn 0.00000000 0.00000000 -1.00000000
f 1241/1241/311 1242/1242/311 1243/1243/311 1244/1244/311
v -0.66177849 6.14858817 0.36562500
v -0.78856360 6.43762912 0.36562500
v -0.28747141 6.60965429 0.36562500
v -0.20999006 6.30368733 0.36562500
vt 0.21052632 0.34000000
vt 0.21052632 1.00000000
vt 0.18421053 1.00000000
vt 0.18421053 0.34000000
vn 0.00000000 0.00000000 -1.00000000
f 1245/1245/312 1246/1246/312 1247/1247/312 1248/1248/312
v -0.20999006 6.30368733 0.36562500
v -0.28747141 6.60965429 0.36562500
v 0.23510094 6.69685619 0.36562500
v 0.26116505 6.38230921 0.36562500
vt 0.23684211 0.34000000
vt 0.23684211 1.00000000
vt 0.21052632 1.00000000
vt 0.21052632 0.34000000
vn 0.00000000 0.00000000 -1.00000000
f 1249/1249/313 1250/1250/313 1251/1251/313 1252/1252/313
v 0.26116505 6.38230921 0.36562500
v 0.23510094 6.69685619 0.36562500
v 0.76489906 6.69685619 0.36562500
v 0.73883495 6.38230921 0.36562500
vt 0.26315789 0.34000000
vt 0.26315789 1.00000000
vt 0.23684211 1.00000000
vt 0.23684211 0.34000000
vn 0.00000000 0.00000000 -1.00000000
f 1253/1253/314 1254/1254/314 1255/1255/314 1256/1256/314
v 0.73883495 6.38230921 0.36562500
v 0.76489906 6.69685619 0.36562500
v 1.28747141 6.60965429 0.36562500
v 1.20999006 6.30368733 0.36562500
vt 0.28947368 0.34000000
vt 0.28947368 1.00000000
vt 0.26315789 1.00000000
vt 0.26315789 0.34000000
vn 0.00000000 0.00000000 -1.00000000
f 1257/1257/315 1258/1258/315 1259/1259/315 1260/1260/315
v 1.20999006 6.30368733 0.36562500
v 1.28747141 6.60965429 0.36562500
v 1.78856360 6.43762912 0.36562500
v 1.66177849 6.14858817 0.36562500
vt 0.31578947 0.34000000
vt 0.31578947 1.00000000
vt 0.28947368 1.00000000
vt 0.28947368 0.34000000
vn 0.00000000 0.00000000 -1.00000000
f 1261/1261/316 1262/1262/316 1263/1263/316 1264/1264/316
v 1.66177849 6.14858817 0.36562500
v 1.78856360 6.43762912 0.36562500
v 2.25450714 6.18547309 0.36562500
v 2.08187663 5.92124242 0.36562500
vt 0.34210526 0.34000000
vt 0.34210526 1.00000000
vt 0.31578947 1.00000000
vt 0.31578947 0.34000000
vn 0.00000000 0.00000000 -1.00000000
f 1265/1265/317 1266/1266/317 1267/1267/317 1268/1268/317
v 2.08187663 5.92124242 0.36562500
v 2.25450714 6.18547309 0.36562500
v 2.67259229 5.86006436 0.36562500
v 2.45882530 5.62785150 0.36562500
vt 0.36842105 0.34000000
vt 0.36842105 1.00000000
vt 0.34210526 1.00000000
vt 0.34210526 0.34000000
vn 0.00000000 0.00000000 -1.00000000
f 1269/1269/318 1270/1270/318 1271/1271/318 1272/1272/318
v 2.45882530 5.62785150 0.36562500
v 2.67259229 5.86006436 0.36562500
v 3.03141479 5.47027922 0.36562500
v 2.78234232 5.27641833 0.36562500
vt 0.39473684 0.34000000
vt 0.39473684 1.00000000
vt 0.36842105 1.00000000
vt 0.36842105 0.34000000
vn 0.00000000 0.00000000 -1.00000000
f 1273/1273/319 1274/1274/319 1275/1275/319 1276/1276/319
v 2.78234232 5.27641833 0.36562500
v 3.03141479 5.47027922 0.36562500
v 3.32118689 5.02675000 0.36562500
v 3.04360299 4.87652910 0.36562500
vt 0.42105263 0.34000000
vt 0.42105263 1.00000000
vt 0.39473684 1.00000000
vt 0.39473684 0.34000000
vn 0.00000000 0.00000000 -1.00000000
f 1277/1277/320 1278/1278/320 1279/1279/320 1280/1280/320
v 3.04360299 4.87652910 0.36562500
v 3.32118689 5.02675000 0.36562500
v 3.53400437 4.54157502 0.36562500
v 3.23548080 4.43909175 0.36562500
vt 0.44736842 0.34000000
vt 0.44736842 1.00000000
vt 0.42105263 1.00000000
vt 0.42105263 0.34000000
vn 0.00000000 0.00000000 -1.00000000
f 1281/1281/321 1282/1282/321 1283/1283/321 1284/1284/321
v 3.23548080 4.43909175 0.36562500
v 3.53400437 4.54157502 0.36562500
v 3.66406212 4.02798858 0.36562500
v 3.35274183 3.97603842 0.36562500
vt 0.47368421 0.34000000
vt 0.47368421 1.00000000
vt 0.44736842 1.00000000
vt 0.44736842 0.34000000
vn 0.00000000 0.00000000 -1.00000000
f 1285/1285/322 1286/1286/322 1287/1287/322 1288/1288/322
v 3.35274183 3.97603842 0.36562500
v 3.66406212 4.02798858 0.36562500
v 3.70781250 3.50000000 0.36562500
v 3.39218750 3.50000000 0.36562500
vt 0.50000000 0.34000000
vt 0.50000000 1.00000000
vt 0.47368421 1.00000000
vt 0.47368421 0.34000000
vn 0.00000000 0.00000000 -1.00000000
f 1289/1289/323 1290/1290/323 1291/1291/323 1292/1292/323
v 3.39218750 3.50000000 0.36562500
v 3.70781250 3.50000000 0.36562500
v 3.66406212 2.97201142 0.36562500
v 3.35274183 3.02396158 0.36562500
vt 0.52631579 0.34000000
vt 0.52631579 1.00000000
vt 0.50000000 1.00000000
vt 0.50000000 0.34000000
vn 0.00000000 0.00000000 -1.00000000
f 1293/1293/324 1294/1294/324 1295/1295/324 1296/1296/324
v 3.35274183 3.02396158 0.36562500
v 3.66406212 2.97201142 0.36562500
v 3.53400437 2.45842498 0.36562500
v 3.23548080 2.56090825 0.36562500
vt 0.55263158 0.34000000
vt 0.55263158 1.00000000
vt 0.52631579 1.00000000
vt 0.52631579 0.34000000
vn 0.00000000 0.00000000 -1.00000000
f 1297/1297/325 1298/1298/325 1299/1299/325 1300/1300/325
v 3.23548080 2.56090825 0.36562500
v 3.53400437 2.45842498 0.36562500
v 3.32118689 1.97325000 0.36562500
v 3.04360299 2.12347090 0.36562500
vt 0.57894737 0.34000000
vt 0.57894737 1.00000000
vt 0.55263158 1.00000000
vt 0.55263158 0.34000000
vn 0.00000000 0.00000000 -1.00000000
f 1301/1301/326 1302/1302/326 1303/1303/326 1304/1304/326
v 3.04360299 2.12347090 0.36562500
v 3.32118689 1.97325000 0.36562500
v 3.03141479 1.52972078 0.36562500
v 2.78234232 1.72358167 0.36562500
vt 0.60526316 0.34000000
vt 0.60526316 1.00000000
vt 0.57894737 1.00000000
vt 0.57894737 0.34000000
vn 0.00000000 -0.00000000 -1.00000000
f 1305/1305/327 1306/1306/327 1307/1307/327 1308/1308/327
v 2.78234232 1.72358167 0.36562500
v 3.03141479 1.52972078 0.36562500
v 2.67259229 1.13993564 0.36562500
v 2.45882530 1.37214850 0.36562500
vt 0.63157895 0.34000000
vt 0.63157895 1.00000000
vt 0.60526316 1.00000000
vt 0.60526316 0.34000000
vn 0.00000000 -0.00000000 -1.00000000
f 1309/1309/328 1310/1310/328 1311/1311/328 1312/1312/328
v 2.45882530 1.37214850 0.36562500
v 2.67259229 1.13993564 0.36562500
v 2.25450714 0.81452691 0.36562500
v 2.08187663 1.07875758 0.36562500
vt 0.65789474 0.34000000
vt 0.65789474 1.00000000
vt 0.63157895 1.00000000
vt 0.63157895 0.34000000
vn 0.00000000 -0.00000000 -1.00000000
f 1313/1313/329 1314/1314/329 1315/1315/329 1316/1316/329
v 2.08187663 1.07875758 0.36562500
v 2.25450714 0.81452691 0.36562500
v 1.78856360 0.56237088 0.36562500
v 1.66177849 0.85141183 0.36562500
vt 0.68421053 0.34000000
vt 0.68421053 1.00000000
vt 0.65789474 1.00000000
vt 0.65789474 0.34000000
vn 0.00000000 -0.00000000 -1.00000000
f 1317/1317/330 1318/1318/330 1319/1319/330 1320/1320/330
v 1.66177849 0.85141183 0.36562500
v 1.78856360 0.56237088 0.36562500
v 1.28747141 0.39034571 0.36562500
v 1.20999006 0.69631267 0.36562500
vt 0.71052632 0.34000000
vt 0.71052632 1.00000000
vt 0.68421053 1.00000000
vt 0.68421053 0.34000000
vn 0.00000000 -0.00000000 -1.00000000
f 1321/1321/331 1322/1322/331 1323/1323/331 1324/1324/331
v 1.20999006 0.69631267 0.36562500
v 1.28747141 0.39034571 0.36562500
v 0.76489906 0.30314381 0.36562500
v 0.73883495 0.61769079 0.36562500
vt 0.73684211 0.34000000
vt 0.73684211 1.00000000
vt 0.71052632 1.00000000
vt 0.71052632 0.34000000
vn 0.00000000 -0.00000000 -1.00000000
f 1325/1325/332 1326/1326/332 1327/1327/332 1328/1328/332
v 0.73883495 0.61769079 0.36562500
v 0.76489906 0.30314381 0.36562500
v 0.23510094 0.30314381 0.36562500
v 0.26116505 0.61769079 0.36562500
vt 0.76315789 0.34000000
vt 0.76315789 1.00000000
vt 0.73684211 1.00000000
vt 0.73684211 0.34000000
vn 0.00000000 -0.00000000 -1.00000000
f 1329/1329/333 1330/1330/333 1331/1331/333 1332/1332/333
v 0.26116505 0.61769079 0.36562500
v 0.23510094 0.30314381 0.36562500
v -0.28747141 0.39034571 0.36562500
v -0.20999006 0.69631267 0.36562500
vt 0.78947368 0.34000000
vt 0.78947368 1.00000000
vt 0.76315789 1.00000000
vt 0.76315789 0.34000000
vn 0.00000000 0.00000000 -1.00000000
f 1333/1333/334 1334/1334/334 1335/1335/334 1336/1336/334
v -0.20999006 0.69631267 0.36562500
v -0.28747141 0.39034571 0.36562500
v -0.78856360 0.56237088 0.36562500
v -0.66177849 0.85141183 0.36562500
vt 0.81578947 0.34000000
vt 0.81578947 1.00000000
vt 0.78947368 1.00000000
vt 0.78947368 0.34000000
vn 0.00000000 0.00000000 -1.00000000
f 1337/1337/335 1338/1338/335 1339/1339/335 1340/1340/335
v -0.66177849 0.85141183 0.36562500
v -0.78856360 0.56237088 0.36562500
v -1.25450714 0.81452691 0.36562500
v -1.08187663 1.07875758 0.36562500
vt 0.84210526 0.34000000
vt 0.84210526 1.00000000
vt 0.81578947 1.00000000
vt 0.81578947 0.34000000
vn 0.00000000 0.00000000 -1.00000000
f 1341/1341/336 1342/1342/336 1343/1343/336 1344/1344/336
v -1.08187663 1.07875758 0.36562500
v -1.25450714 0.81452691 0.36562500
v -1.67259229 1.13993564 0.36562500
v -1.45882530 1.37214850 0.36562500
vt 0.86842105 0.34000000
vt 0.86842105 1.00000000
vt 0.84210526 1.00000000
vt 0.84210526 0.34000000
vn -0.00000000 0.00000000 -1.00000000
f 1345/1345/337 1346/1346/337 1347/1347/337 1348/1348/337
v -1.45882530 1.37214850 0.36562500
v -1.67259229 1.13993564 0.36562500
v -2.03141479 1.52972078 0.36562500
v -1.78234232 1.72358167 0.36562500
vt 0.89473684 0.34000000
vt 0.89473684 1.00000000
vt 0.86842105 1.00000000
vt 0.86842105 0.34000000
vn -0.00000000 0.00000000 -1.00000000
f 1349/1349/338 1350/1350/338 1351/1351/338 1352/1352/338
v -1.78234232 1.72358167 0.36562500
v -2.03141479 1.52972078 0.36562500
v -2.32118689 1.97325000 0.36562500
v -2.04360299 2.12347090 0.36562500
vt 0.92105263 0.34000000
vt 0.92105263 1.00000000
vt 0.89473684 1.00000000
vt 0.89473684 0.34000000
vn -0.00000000 0.00000000 -1.00000000
f 1353/1353/339 1354/1354/339 1355/1355/339 1356/1356/339
v -2.04360299 2.12347090 0.36562500
v -2.32118689 1.97325000 0.36562500
v -2.53400437 2.45842498 0.36562500
v -2.23548080 2.56090825 0.36562500
vt 0.94736842 0.34000000
vt 0.94736842 1.00000000
vt 0.92105263 1.00000000
vt 0.92105263 0.34000000
vn -0.00000000 0.00000000 -1.00000000
f 1357/1357/340 1358/1358/340 1359/1359/340 1360/1360/340
v -2.23548080 2.56090825 0.36562500
v -2.53400437 2.45842498 0.36562500
v -2.66406212 2.97201142 0.36562500
v -2.35274183 3.02396158 0.36562500
vt 0.97368421 0.34000000
vt 0.97368421 1.00000000
vt 0.94736842 1.00000000
vt 0.94736842 0.34000000
vn -0.00000000 0.00000000 -1.00000000
f 1361/1361/341 1362/1362/341 1363/1363/341 1364/1364/341
v -2.35274183 3.02396158 0.36562500
v -2.66406212 2.97201142 0.36562500
v -2.70781250 3.50000000 0.36562500
v -2.39218750 3.50000000 0.36562500
vt 1.00000000 0.34000000
vt 1.00000000 1.00000000
vt 0.97368421 1.00000000
vt 0.97368421 0.34000000
vn -0.00000000 0.00000000 -1.00000000
f 1365/1365/342 1366/1366/342 1367/1367/342 1368/1368/342
usemtl frame
v 0.71890220 7.06454598 0.28750000
v 0.59755513 6.64541553 0.28750000
v 0.47183268 6.72765487 0.28750000
v 0.63557204 7.06381877 0.28750000
vt 0.31250000 1.00000000
vt 0.31250000 0.93750000
vt 0.34375000 0.95312500
vt 0.32812500 0.99218750
vn 0.00000000 0.00000000 -1.00000000
f 1369/1369/343 1370/1370/343 1371/1371/343 1372/1372/343
v 0.30225140 7.06090993 0.28750000
v 0.47183268 6.72765487 0.28750000
v 0.34756465 6.64323390 0.28750000
v 0.21892124 7.06018272 0.28750000
vt 0.35937500 0.99218750
vt 0.34375000 0.95312500
vt 0.37500000 0.93750000
vt 0.37500000 1.00000000
vn 0.00000000 0.00000000 -1.00000000
f 1373/1373/344 1374/1374/344 1375/1375/344 1376/1376/344
usemtl chevron_lit
v 0.63557204 7.06381877 0.28359375
v 0.51349776 6.72801848 0.28359375
v 0.47183268 6.72765487 0.28359375
v 0.46891172 7.06236435 0.28359375
vt 0.37500000 0.92187500
vt 0.39062500 0.87500000
vt 0.40625000 0.87500000
vt 0.40625000 0.92187500
vn 0.00000000 0.00000000 -1.00000000
f 1377/1377/345 1378/1378/345 1379/1379/345 1380/1380/345
v 0.46891172 7.06236435 0.28359375
v 0.47183268 6.72765487 0.28359375
v 0.43016760 6.72729127 0.28359375
v 0.30225140 7.06090993 0.28359375
vt 0.40625000 0.92187500
vt 0.40625000 0.87500000
vt 0.42187500 0.87500000
vt 0.43750000 0.92187500
vn 0.00000000 -0.00000000 -1.00000000
f 1381/1381/346 1382/1382/346 1383/1383/346 1384/1384/346
usemtl frame
v 2.95893481 6.08989302 0.28750000
v 2.59656570 5.84682086 0.28750000
v 2.55311914 5.99063268 0.28750000
v 2.89463276 6.14289954 0.28750000
vt 0.31250000 1.00000000
vt 0.31250000 0.93750000
vt 0.34375000 0.95312500
vt 0.32812500 0.99218750
vn 0.00000000 0.00000000 -1.00000000
f 1385/1385/347 1386/1386/347 1387/1387/347 1388/1388/347
v 2.63742456 6.35492562 0.28750000
v 2.55311914 5.99063268 0.28750000
v 2.40365955 6.00584041 0.28750000
v 2.57312251 6.40793213 0.28750000
vt 0.35937500 0.99218750
vt 0.34375000 0.95312500
vt 0.37500000 0.93750000
vt 0.37500000 1.00000000
vn 0.00000000 0.00000000 -1.00000000
f 1389/1389/348 1390/1390/348 1391/1391/348 1392/1392/348
usemtl chevron_lit
v 2.89463276 6.14289954 0.28359375
v 2.58527017 5.96412942 0.28359375
v 2.55311914 5.99063268 0.28359375
v 2.76602866 6.24891258 0.28359375
vt 0.37500000 0.92187500
vt 0.39062500 0.87500000
vt 0.40625000 0.87500000
vt 0.40625000 0.92187500
vn 0.00000000 0.00000000 -1.00000000
f 1393/1393/349 1394/1394/349 1395/1395/349 1396/1396/349
v 2.76602866 6.24891258 0.28359375
v 2.55311914 5.99063268 0.28359375
v 2.52096812 6.01713594 0.28359375
v 2.63742456 6.35492562 0.28359375
vt 0.40625000 0.92187500
vt 0.40625000 0.87500000
vt 0.42187500 0.87500000
vt 0.43750000 0.92187500
vn 0.00000000 0.00000000 -1.00000000
f 1397/1397/350 1398/1398/350 1399/1399/350 1400/1400/350
usemtl frame
v 4.04840449 3.90340033 0.28750000
v 3.61456987 3.95012262 0.28750000
v 3.67372834 4.08821578 0.28750000
v 4.03321820 3.98533824 0.28750000
vt 0.31250000 1.00000000
vt 0.31250000 0.93750000
vt 0.34375000 0.95312500
vt 0.32812500 0.99218750
vn 0.00000000 0.00000000 -1.00000000
f 1401/1401/351 1402/1402/351 1403/1403/351 1404/1404/351
v 3.97247302 4.31308988 0.28750000
v 3.67372834 4.08821578 0.28750000
v 3.56901099 4.19593635 0.28750000
v 3.95728673 4.39502779 0.28750000
vt 0.35937500 0.99218750
vt 0.34375000 0.95312500
vt 0.37500000 0.93750000
vt 0.37500000 1.00000000
vn 0.00000000 0.00000000 -1.00000000
f 1405/1405/352 1406/1406/352 1407/1407/352 1408/1408/352
usemtl chevron_lit
v 4.03321820 3.98533824 0.28359375
v 3.68132149 4.04724683 0.28359375
v 3.67372834 4.08821578 0.28359375
v 4.00284561 4.14921406 0.28359375
vt 0.37500000 0.92187500
vt 0.39062500 0.87500000
vt 0.40625000 0.87500000
vt 0.40625000 0.92187500
vn 0.00000000 0.00000000 -1.00000000
f 1409/1409/353 1410/1410/353 1411/1411/353 1412/1412/353
v 4.00284561 4.14921406 0.28359375
v 3.67372834 4.08821578 0.28359375
v 3.66613519 4.12918473 0.28359375
v 3.97247302 4.31308988 0.28359375
vt 0.40625000 0.92187500
vt 0.40625000 0.87500000
vt 0.42187500 0.87500000
vt 0.43750000 0.92187500
vn 0.00000000 0.00000000 -1.00000000
f 1413/1413/354 1414/1414/354 1415/1415/354 1416/1416/354
usemtl frame
v 3.47753628 1.52815214 0.28750000
v 3.17523219 1.84280701 0.28750000
v 3.30931477 1.91056618 0.28750000
v 3.51857157 1.60068178 0.28750000
vt 0.31250000 1.00000000
vt 0.31250000 0.93750000
vt 0.34375000 0.95312500
vt 0.32812500 0.99218750
vn 0.00000000 0.00000000 -1.00000000
f 1417/1417/355 1418/1418/355 1419/1419/355 1420/1420/355
v 3.68271276 1.89080035 0.28750000
v 3.30931477 1.91056618 0.28750000
v 3.29833808 2.06039593 0.28750000
v 3.72374806 1.96332999 0.28750000
vt 0.35937500 0.99218750
vt 0.34375000 0.95312500
vt 0.37500000 0.93750000
vt 0.37500000 1.00000000
vn 0.00000000 0.00000000 -1.00000000
f 1421/1421/356 1422/1422/356 1423/1423/356 1424/1424/356
usemtl chevron_lit
v 3.51857157 1.60068178 0.28359375
v 3.28879713 1.87430135 0.28359375
v 3.30931477 1.91056618 0.28359375
v 3.60064217 1.74574107 0.28359375
vt 0.37500000 0.92187500
vt 0.39062500 0.87500000
vt 0.40625000 0.87500000
vt 0.40625000 0.92187500
vn 0.00000000 0.00000000 -1.00000000
f 1425/1425/357 1426/1426/357 1427/1427/357 1428/1428/357
v 3.60064217 1.74574107 0.28359375
v 3.30931477 1.91056618 0.28359375
v 3.32983242 1.94683100 0.28359375
v 3.68271276 1.89080035 0.28359375
vt 0.40625000 0.92187500
vt 0.40625000 0.87500000
vt 0.42187500 0.87500000
vt 0.43750000 0.92187500
vn 0.00000000 0.00000000 -1.00000000
f 1429/1429/358 1430/1430/358 1431/1431/358 1432/1432/358
usemtl frame
v 1.51344575 0.07555348 0.28750000
v 1.48412363 0.51091042 0.28750000
v 1.63039160 0.47663032 0.28750000
v 1.59150176 0.10473743 0.28750000
vt 0.31250000 1.00000000
vt 0.31250000 0.93750000
vt 0.34375000 0.95312500
vt 0.32812500 0.99218750
vn 0.00000000 0.00000000 -1.00000000
f 1433/1433/359 1434/1434/359 1435/1435/359 1436/1436/359
v 1.90372583 0.22147322 0.28750000
v 1.63039160 0.47663032 0.28750000
v 1.71829168 0.59846226 0.28750000
v 1.98178184 0.25065717 0.28750000
vt 0.35937500 0.99218750
vt 0.34375000 0.95312500
vt 0.37500000 0.93750000
vt 0.37500000 1.00000000
vn 0.00000000 0.00000000 -1.00000000
f 1437/1437/360 1438/1438/360 1439/1439/360 1440/1440/360
usemtl chevron_lit
v 1.59150176 0.10473743 0.28359375
v 1.59136359 0.46203835 0.28359375
v 1.63039160 0.47663032 0.28359375
v 1.74761380 0.16310533 0.28359375
vt 0.37500000 0.92187500
vt 0.39062500 0.87500000
vt 0.40625000 0.87500000
vt 0.40625000 0.92187500
vn 0.00000000 0.00000000 -1.00000000
f 1441/1441/361 1442/1442/361 1443/1443/361 1444/1444/361
v 1.74761380 0.16310533 0.28359375
v 1.63039160 0.47663032 0.28359375
v 1.66941961 0.49122230 0.28359375
v 1.90372583 0.22147322 0.28359375
vt 0.40625000 0.92187500
vt 0.40625000 0.87500000
vt 0.42187500 0.87500000
vt 0.43750000 0.92187500
vn 0.00000000 0.00000000 -1.00000000
f 1445/1445/362 1446/1446/362 1447/1447/362 1448/1448/362
usemtl frame
v -0.92484731 0.22529140 0.28750000
v -0.66746731 0.57764206 0.28750000
v -0.57745436 0.45736274 0.28750000
v -0.84629385 0.19747416 0.28750000
vt 0.31250000 1.00000000
vt 0.31250000 0.93750000
vt 0.34375000 0.95312500
vt 0.32812500 0.99218750
vn 0.00000000 0.00000000 -1.00000000
f 1449/1449/363 1450/1450/363 1451/1451/363 1452/1452/363
v -0.53208002 0.08620521 0.28750000
v -0.57745436 0.45736274 0.28750000
v -0.43180694 0.49419034 0.28750000
v -0.45352656 0.05838797 0.28750000
vt 0.35937500 0.99218750
vt 0.34375000 0.95312500
vt 0.37500000 0.93750000
vt 0.37500000 1.00000000
vn 0.00000000 0.00000000 -1.00000000
f 1453/1453/364 1454/1454/364 1455/1455/364 1456/1456/364
usemtl chevron_lit
v -0.84629385 0.19747416 0.28359375
v -0.61673109 0.47127136 0.28359375
v -0.57745436 0.45736274 0.28359375
v -0.68918694 0.14183969 0.28359375
vt 0.37500000 0.92187500
vt 0.39062500 0.87500000
vt 0.40625000 0.87500000
vt 0.40625000 0.92187500
vn 0.00000000 0.00000000 -1.00000000
f 1457/1457/365 1458/1458/365 1459/1459/365 1460/1460/365
v -0.68918694 0.14183969 0.28359375
v -0.57745436 0.45736274 0.28359375
v -0.53817763 0.44345412 0.28359375
v -0.53208002 0.08620521 0.28359375
vt 0.40625000 0.92187500
vt 0.40625000 0.87500000
vt 0.42187500 0.87500000
vt 0.43750000 0.92187500
vn 0.00000000 0.00000000 -1.00000000
f 1461/1461/366 1462/1462/366 1463/1463/366 1464/1464/366
usemtl frame
v -2.69643847 1.90730187 0.28750000
v -2.27278732 2.01177746 0.28750000
v -2.28114746 1.86177895 0.28750000
v -2.65414361 1.83549944 0.28750000
vt 0.31250000 1.00000000
vt 0.31250000 0.93750000
vt 0.34375000 0.95312500
vt 0.32812500 0.99218750
vn 0.00000000 0.00000000 -1.00000000
f 1465/1465/367 1466/1466/367 1467/1467/367 1468/1468/367
v -2.48496416 1.54828972 0.28750000
v -2.28114746 1.86177895 0.28750000
v -2.14590273 1.79637017 0.28750000
v -2.44266929 1.47648729 0.28750000
vt 0.35937500 0.99218750
vt 0.34375000 0.95312500
vt 0.37500000 0.93750000
vt 0.37500000 1.00000000
vn 0.00000000 0.00000000 -1.00000000
f 1469/1469/368 1470/1470/368 1471/1471/368 1472/1472/368
usemtl chevron_lit
v -2.65414361 1.83549944 0.28359375
v -2.30229489 1.89768017 0.28359375
v -2.28114746 1.86177895 0.28359375
v -2.56955388 1.69189458 0.28359375
vt 0.37500000 0.92187500
vt 0.39062500 0.87500000
vt 0.40625000 0.87500000
vt 0.40625000 0.92187500
vn 0.00000000 0.00000000 -1.00000000
f 1473/1473/369 1474/1474/369 1475/1475/369 1476/1476/369
v -2.56955388 1.69189458 0.28359375
v -2.28114746 1.86177895 0.28359375
v -2.26000002 1.82587774 0.28359375
v -2.48496416 1.54828972 0.28359375
vt 0.40625000 0.92187500
vt 0.40625000 0.87500000
vt 0.42187500 0.87500000
vt 0.43750000 0.92187500
vn 0.00000000 0.00000000 -1.00000000
f 1477/1477/370 1478/1478/370 1479/1479/370 1480/1480/370
usemtl frame
v -2.97238055 4.33455350 0.28750000
v -2.58068933 4.14226873 0.28750000
v -2.68351075 4.03273699 0.28750000
v -2.98613452 4.25236303 0.28750000
vt 0.31250000 1.00000000
vt 0.31250000 0.93750000
vt 0.34375000 0.95312500
vt 0.32812500 0.99218750
vn 0.00000000 0.00000000 -1.00000000
f 1481/1481/371 1482/1482/371 1483/1483/371 1484/1484/371
v -3.04115039 3.92360116 0.28750000
v -2.68351075 4.03273699 0.28750000
v -2.62195123 3.89569733 0.28750000
v -3.05490436 3.84141070 0.28750000
vt 0.35937500 0.99218750
vt 0.34375000 0.95312500
vt 0.37500000 0.93750000
vt 0.37500000 1.00000000
vn 0.00000000 0.00000000 -1.00000000
f 1485/1485/372 1486/1486/372 1487/1487/372 1488/1488/372
usemtl chevron_lit
v -2.98613452 4.25236303 0.28359375
v -2.67663376 4.07383223 0.28359375
v -2.68351075 4.03273699 0.28359375
v -3.01364246 4.08798210 0.28359375
vt 0.37500000 0.92187500
vt 0.39062500 0.87500000
vt 0.40625000 0.87500000
vt 0.40625000 0.92187500
vn 0.00000000 0.00000000 -1.00000000
f 1489/1489/373 1490/1490/373 1491/1491/373 1492/1492/373
v -3.01364246 4.08798210 0.28359375
v -2.68351075 4.03273699 0.28359375
v -2.69038773 3.99164176 0.28359375
v -3.04115039 3.92360116 0.28359375
vt 0.40625000 0.92187500
vt 0.40625000 0.87500000
vt 0.42187500 0.87500000
vt 0.43750000 0.92187500
vn 0.00000000 0.00000000 -1.00000000
f 1493/1493/374 1494/1494/374 1495/1495/374 1496/1496/374
usemtl frame
v -1.62355718 6.37130826 0.28750000
v -1.44710256 5.97223532 0.28750000
v -1.59627398 5.95442148 0.28750000
v -1.68692434 6.31718759 0.28750000
vt 0.31250000 1.00000000
vt 0.31250000 0.93750000
vt 0.34375000 0.95312500
vt 0.32812500 0.99218750
vn 0.00000000 0.00000000 -1.00000000
f 1497/1497/375 1498/1498/375 1499/1499/375 1500/1500/375
v -1.94039300 6.10070491 0.28750000
v -1.59627398 5.95442148 0.28750000
v -1.63720405 5.80987331 0.28750000
v -2.00376016 6.04658424 0.28750000
vt 0.35937500 0.99218750
vt 0.34375000 0.95312500
vt 0.37500000 0.93750000
vt 0.37500000 1.00000000
vn 0.00000000 0.00000000 -1.00000000
f 1501/1501/376 1502/1502/376 1503/1503/376 1504/1504/376
usemtl chevron_lit
v -1.68692434 6.31718759 0.28359375
v -1.56459040 5.98148181 0.28359375
v -1.59627398 5.95442148 0.28359375
v -1.81365867 6.20894625 0.28359375
vt 0.37500000 0.92187500
vt 0.39062500 0.87500000
vt 0.40625000 0.87500000
vt 0.40625000 0.92187500
vn 0.00000000 0.00000000 -1.00000000
f 1505/1505/377 1506/1506/377 1507/1507/377 1508/1508/377
v -1.81365867 6.20894625 0.28359375
v -1.59627398 5.95442148 0.28359375
v -1.62795756 5.92736114 0.28359375
v -1.94039300 6.10070491 0.28359375
vt 0.40625000 0.92187500
vt 0.40625000 0.87500000
vt 0.42187500 0.87500000
vt 0.43750000 0.92187500
vn 0.00000000 0.00000000 -1.00000000
f 1509/1509/378 1510/1510/378 1511/1511/378 1512/1512/378
