# Blender 5.1.2
# www.blender.org
mtllib zpm.mtl
o pg_zpm_v2.001
v -0.118898 0.145475 0.108479
v -0.128322 0.152593 0.107097
v -0.121866 0.145954 0.106496
v -0.122448 0.149531 0.111106
v -0.127644 0.14466 0.10046
v -0.133469 0.154899 0.102819
v 0.136935 0.399123 0.100414
v 0.162705 0.399431 0.069265
v 0.159622 0.404803 0.08547
v 0.173915 0.410813 0.074506
v 0.173162 0.404648 0.056508
v 0.170161 0.398691 0.030862
v 0.154741 0.393705 0.065542
v 0.077577 0.399785 0.149666
v 0.11219 0.400063 0.133401
v 0.102929 0.406331 0.146614
v 0.120871 0.411612 0.142594
v 0.12792 0.405272 0.126088
v 0.105522 0.394461 0.127767
v 0.001009 0.322601 0.16781
v 0.040465 0.322283 0.167934
v 0.024947 0.326917 0.175751
v 0.043343 0.330917 0.179905
v 0.057841 0.327299 0.167844
v 0.075709 0.321837 0.149841
v 0.039547 0.318454 0.159981
v -0.117324 0.174301 0.134301
v -0.112918 0.151163 0.1203
v -0.108313 0.16413 0.132814
v -0.121956 0.164128 0.124127
v -0.126416 0.156672 0.114817
v -0.110851 0.143618 0.113522
v -0.102514 0.141397 0.118455
v -0.100973 0.146465 0.124589
v -0.099519 0.155474 0.132149
v -0.092875 0.146168 0.13068
v -0.092535 0.165747 0.139028
v -0.07517 0.404436 0.152469
v -0.039985 0.387136 0.169347
v -0.056958 0.398244 0.170371
v -0.042698 0.39679 0.181894
v -0.024951 0.387822 0.17729
v -0.00097 0.379032 0.16851
v -0.038214 0.387136 0.161155
v 0.024252 1.043918 0.013143
v 0.011587 1.045279 0.009423
v 0.018475 1.043918 0.01786
v 0.011031 1.045959 0.002847
v -0.002191 1.048 -0.007452
v 0.017544 1.045279 0.001775
v 0.02741 1.043918 0.006387
v 0.038371 1.039624 0.011512
v 0.030569 1.043918 -0.00037
v 0.042699 1.039624 0.002254
v 0.01419 1.045959 -0.00391
v 0.019592 1.045279 -0.007703
v 0.014104 1.045959 -0.011368
v 0.017327 1.045279 -0.017128
v 0.010791 1.045959 -0.01805
v 0.030397 1.043918 -0.015285
v 0.030483 1.043918 -0.007828
v 0.042582 1.039625 -0.007967
v 0.05483 1.035331 0.004876
v 0.049332 1.035331 0.016636
v 0.042464 1.039625 -0.018185
v 0.055234 1.031253 0.019395
v 0.05438 1.027176 0.036608
v 0.061137 1.027176 0.022154
v 0.067893 1.027176 0.0077
v 0.061362 1.031253 0.006288
v 0.061195 1.031254 -0.008181
v 0.054681 1.035331 -0.008106
v 0.054531 1.035331 -0.021086
v 0.037925 1.039625 -0.027341
v 0.027084 1.043918 -0.021966
v 0.023772 1.043918 -0.028648
v 0.011195 1.045279 -0.024638
v 0.004907 1.045959 -0.022633
v 0.061029 1.031255 -0.022648
v 0.033385 1.039625 -0.036497
v 0.012004 1.043919 -0.037813
v 0.042999 1.035332 -0.044346
v 0.048765 1.035332 -0.032716
v 0.054602 1.031256 -0.03561
v 0.067527 1.027178 -0.02421
v 0.06771 1.027177 -0.008256
v 0.048175 1.031257 -0.048572
v -0.032878 1.043591 -0.009693
v -0.035001 1.043427 -0.000516
v -0.067812 1.038855 0.006419
v -0.048222 1.041387 -0.010814
v -0.028796 1.043591 0.007293
v -0.009288 1.045959 0.00773
v 0.002412 1.045279 -0.028743
v -0.002384 1.04596 -0.024208
v 0.00727 1.039627 -0.051215
v 0.01726 1.039626 -0.049056
v -0.002576 1.043919 -0.040964
v 0.004714 1.043919 -0.039389
v -0.007282 1.045279 -0.028632
v -0.009635 1.04596 -0.022465
v -0.002862 1.035336 -0.065784
v -0.002719 1.039627 -0.053374
v -0.017006 1.031267 -0.069085
v -0.002939 1.031265 -0.072467
v -0.012656 1.039628 -0.050986
v -0.015483 1.035337 -0.06275
v -0.028105 1.035338 -0.059717
v -0.031073 1.031269 -0.065704
v -0.042281 1.03127 -0.056554
v -0.034042 1.0272 -0.071691
v -0.046401 1.027202 -0.061601
v -0.05876 1.027204 -0.05151
v -0.053488 1.031271 -0.047404
v -0.059615 1.031271 -0.034297
v -0.022592 1.039628 -0.048598
v -0.072274 1.027203 -0.022602
v -0.065517 1.027203 -0.037056
v -0.018529 1.027197 -0.07542
v -0.003016 1.027194 -0.079149
v 0.011205 1.031263 -0.06941
v 0.009828 1.035335 -0.063041
v 0.022516 1.035334 -0.060299
v 0.025323 1.039626 -0.042776
v 0.017888 1.043919 -0.03323
v 0.025346 1.031261 -0.066352
v 0.012581 1.027191 -0.075778
v 0.028176 1.027187 -0.072406
v 0.036761 1.031259 -0.057462
v 0.032757 1.035333 -0.052322
v 0.053352 1.027182 -0.052799
v 0.060439 1.02718 -0.038504
v 0.040764 1.027184 -0.062603
v -0.172635 0.267311 0.033463
v -0.163481 0.271813 0.072592
v -0.174529 0.274699 0.059212
v -0.174512 0.282176 0.078061
v -0.159528 0.299985 0.089511
v -0.138957 0.322206 0.102763
v -0.156829 0.267167 0.068286
v 0.026127 1.039625 0.027232
v 0.043835 1.035331 0.028395
v 0.034043 1.039624 0.020769
v 0.03378 1.035331 0.036605
v 0.012698 1.043918 0.022576
v 0.005254 1.045959 0.007563
v 0.002901 1.045279 0.013729
v 0.005446 1.043918 0.024319
v -0.016385 1.043919 0.022911
v -0.006794 1.045279 0.013841
v -0.001999 1.045959 0.009306
v -0.001806 1.043918 0.026062
v 0.008275 1.039625 0.036084
v 0.018211 1.039625 0.033695
v 0.023724 1.035331 0.044814
v 0.0379 1.031254 0.041652
v 0.049107 1.031253 0.032501
v 0.026693 1.031255 0.050802
v -0.009095 1.043919 0.024486
v 0.042021 1.027177 0.046698
v 0.029661 1.027178 0.056789
v 0.012626 1.031256 0.054183
v 0.011103 1.035332 0.047848
v 0.014148 1.02718 0.060518
v -0.001367 1.027182 0.064247
v -0.032557 1.027188 0.057504
v -0.015585 1.031259 0.054507
v -0.029727 1.031261 0.05145
v -0.016962 1.027185 0.060875
v -0.001444 1.031257 0.057564
v -0.001521 1.035333 0.050882
v -0.001663 1.039625 0.038472
v -0.011652 1.039626 0.036313
v -0.026897 1.035334 0.045396
v -0.014209 1.035334 0.048139
v -0.021641 1.039626 0.034154
v -0.041141 1.031263 0.04256
v -0.047379 1.035336 0.029444
v -0.052556 1.031265 0.03367
v -0.037138 1.035335 0.03742
v -0.039618 1.038361 0.026043
v -0.042098 1.041386 0.014665
v -0.045144 1.027191 0.0477
v -0.057732 1.027194 0.037896
v -0.057641 1.033795 0.024587
v -0.057595 1.037095 0.017932
v -0.062772 1.033024 0.022158
v -0.048215 1.035339 -0.043297
v -0.053713 1.035339 -0.031538
v -0.050967 1.038363 -0.021176
v -0.05921 1.035339 -0.019778
v -0.063511 1.037097 -0.006681
v -0.066432 1.033799 -0.011988
v -0.070043 1.033029 -0.008093
v -0.065742 1.031271 -0.02119
v -0.030508 1.039629 -0.042134
v -0.03816 1.035339 -0.051507
v -0.038424 1.039629 -0.035671
v -0.028632 1.043919 -0.028046
v -0.022856 1.043919 -0.032762
v -0.017079 1.043919 -0.037478
v -0.015967 1.045279 -0.024325
v -0.015412 1.04596 -0.017749
v -0.009828 1.043919 -0.039221
v -0.173342 0.281672 -0.044065
v -0.18226 0.277253 -0.005532
v -0.186428 0.284441 -0.022401
v -0.194571 0.282692 -0.005391
v -0.186039 0.277261 0.011428
v -0.174311 0.269271 -0.005442
v -0.067131 1.037238 0.024534
v -0.06069 1.034322 0.040312
v -0.073572 1.040153 0.008756
v -0.074652 1.037568 -0.005519
v -0.079333 1.041451 0.011093
v -0.079495 1.041452 -0.002994
v -0.079739 1.041452 -0.024216
v -0.076006 1.034328 -0.023409
v -0.069609 1.034328 -0.037094
v -0.061773 1.034328 -0.053856
v -0.048755 1.034327 -0.064484
v -0.065158 1.041404 -0.05647
v -0.082933 1.04049 -0.042009
v -0.063648 1.041451 0.042727
v -0.07149 1.041451 0.02691
v -0.035738 1.034326 -0.075112
v -0.057706 1.04049 -0.075447
v -0.037622 1.041404 -0.078953
v -0.017747 1.034324 -0.079437
v -0.003059 1.034322 -0.082967
v 0.015215 1.03432 -0.079017
v -0.003103 1.041451 -0.086786
v 0.017643 1.04145 -0.082301
v 0.031411 1.04145 -0.079325
v 0.029794 1.034319 -0.075866
v 0.043052 1.034317 -0.06554
v 0.05631 1.034315 -0.055214
v -0.019897 1.040489 -0.093475
v 0.045339 1.04145 -0.068477
v 0.059268 1.041449 -0.057629
v 0.063775 1.034314 -0.040158
v 0.07124 1.034313 -0.025102
v 0.06711 1.041449 -0.041812
v 0.074953 1.041449 -0.025995
v 0.071433 1.034313 -0.008298
v 0.071626 1.034312 0.008507
v 0.064509 1.034312 0.023731
v 0.075358 1.041449 0.009314
v 0.067882 1.041449 0.025307
v 0.060405 1.041449 0.041301
v 0.057392 1.034312 0.038954
v 0.044375 1.034313 0.049582
v 0.075156 1.041449 -0.008341
v 0.04673 1.041449 0.052466
v 0.033054 1.041449 0.063631
v 0.031358 1.034314 0.06021
v 0.015018 1.034315 0.064138
v 0.015889 1.041449 0.067757
v -0.001279 1.041449 0.071884
v -0.001323 1.034316 0.068065
v -0.017748 1.034317 0.064514
v -0.034174 1.034319 0.060963
v -0.047432 1.034321 0.050638
v -0.035791 1.04145 0.064423
v -0.04972 1.04145 0.053575
v -0.018535 1.04145 0.068153
v -0.140408 0.365645 -0.115615
v -0.165736 0.365971 -0.084279
v -0.162957 0.378533 -0.101054
v -0.177365 0.389184 -0.089716
v -0.176825 0.377879 -0.071389
v -0.173602 0.364409 -0.046056
v -0.158144 0.359406 -0.08073
v -0.079806 0.362591 -0.165075
v -0.116228 0.365615 -0.147845
v -0.106447 0.377355 -0.161753
v -0.124347 0.389066 -0.157789
v -0.131812 0.378506 -0.141044
v -0.110928 0.358662 -0.141354
v 0.00062 0.922295 0.238059
v -0.030129 0.951947 0.251028
v -0.029776 0.922363 0.247615
v -0.059578 0.922319 0.257955
v -0.05979 0.951956 0.25899
v -0.060339 0.98174 0.26153
v -0.030129 0.981736 0.251028
v 0.000651 0.981738 0.239699
v 0.000671 0.951941 0.241411
v 0.000631 1.041447 0.237986
v -0.030129 1.011592 0.251028
v 0.000671 1.01159 0.241411
v -0.05979 1.011593 0.25899
v -0.060292 1.039059 0.26131
v -0.030129 1.041447 0.251028
v -0.106181 0.922482 0.214971
v -0.139512 0.952014 0.213309
v -0.137712 0.922493 0.210395
v -0.169049 0.922383 0.206778
v -0.16969 0.951987 0.207613
v -0.171287 0.981748 0.209663
v -0.139512 0.981764 0.213309
v -0.106865 0.98179 0.216456
v -0.10759 0.952051 0.218008
v -0.10614 1.041448 0.214904
v -0.139512 1.011606 0.213309
v -0.10759 1.011615 0.218008
v -0.16969 1.011598 0.207613
v -0.171149 1.03906 0.209486
v -0.139511 1.041448 0.213309
v -0.192387 0.922739 0.14783
v -0.221696 0.952213 0.131866
v -0.21881 0.922823 0.130029
v -0.245474 0.92278 0.113172
v -0.246415 0.952239 0.11364
v -0.248743 0.981864 0.114794
v -0.221696 0.981853 0.131866
v -0.193648 0.981861 0.148866
v -0.194975 0.952204 0.149949
v -0.192322 1.041449 0.147783
v -0.221696 1.011651 0.131866
v -0.194975 1.011649 0.149949
v -0.246415 1.011656 0.11364
v -0.248542 1.039066 0.114694
v -0.221696 1.041449 0.131866
v -0.240925 0.92348 0.049936
v -0.260405 0.952833 0.022829
v -0.257007 0.923757 0.022435
v -0.273717 0.923886 -0.004326
v -0.274768 0.95296 -0.004318
v -0.277366 0.982213 -0.004288
v -0.260405 0.982138 0.022829
v -0.242511 0.98209 0.050316
v -0.244177 0.952689 0.050716
v -0.240846 1.041451 0.049915
v -0.260405 1.011795 0.022829
v -0.244176 1.011762 0.050716
v -0.274768 1.011824 -0.004318
v -0.277142 1.039082 -0.00429
v -0.260405 1.041452 0.022829
v -0.242181 0.924249 -0.059326
v -0.247972 0.953258 -0.092206
v -0.244738 0.924398 -0.09108
v -0.248183 0.924408 -0.122441
v -0.249134 0.9533 -0.122896
v -0.253842 0.982352 -0.125096
v -0.247972 0.982331 -0.092206
v -0.243776 0.982329 -0.059678
v -0.24545 0.953199 -0.06004
v -0.242102 1.041453 -0.059316
v -0.247972 1.011892 -0.092206
v -0.24545 1.01188 -0.06004
v -0.249134 1.011901 -0.122896
v -0.251284 1.039089 -0.123901
v -0.247972 1.041454 -0.092206
v -0.132668 0.108234 -0.106309
v -0.115694 0.077528 -0.080247
v -0.134268 0.100648 -0.096973
v -0.139372 0.105385 -0.085544
v -0.135875 0.094197 -0.062582
v -0.130755 0.08865 -0.038313
v -0.109139 0.068077 -0.038495
v -0.086221 0.051762 -0.042832
v -0.081658 0.051446 -0.072626
v -0.080857 0.059142 -0.100859
v -0.104055 0.078168 -0.105552
v -0.125643 0.102865 -0.108618
v -0.129929 0.10125 -0.105812
v 0.063606 0.09347 -0.151502
v 0.048572 0.112738 -0.156199
v 0.064627 0.11404 -0.152166
v 0.049637 0.088916 -0.1544
v 0.035369 0.092041 -0.155674
v 0.03316 0.112495 -0.157537
v 0.032068 0.139944 -0.158907
v 0.071664 0.21686 -0.166867
v 0.032098 0.209414 -0.182657
v 0.053208 0.226734 -0.184191
v 0.044234 0.185709 -0.172865
v 0.047246 0.164149 -0.164409
v 0.019522 0.153796 -0.176902
v 0.027516 0.148606 -0.165523
v 0.048393 0.14176 -0.157307
v 0.065292 0.143584 -0.152908
v 0.073383 0.12062 -0.146667
v 0.071099 0.101764 -0.146156
v 0.077737 0.113889 -0.141089
v 0.079575 0.126337 -0.140974
v 0.080678 0.142608 -0.141154
v 0.074232 0.144679 -0.147332
v 0.07967 0.179932 -0.151587
v 0.010681 0.192757 -0.181002
v 0.088102 0.174229 -0.143248
v 0.067752 0.178339 -0.159191
v 0.087367 0.214368 -0.154083
v 0.098854 0.210692 -0.145417
v 0.086269 0.141675 -0.133322
v 0.07999 0.13144 -0.135545
v 0.075262 0.120234 -0.130823
v 0.078549 0.110902 -0.124575
v 0.084139 0.094711 -0.11745
v 0.092576 0.146294 -0.131067
v 0.132816 0.162557 -0.119462
v 0.116813 0.156612 -0.132475
v 0.114906 0.187801 -0.13396
v 0.100823 0.162939 -0.142246
v 0.100583 0.125863 -0.142762
v 0.116697 0.129072 -0.131664
v 0.132191 0.143172 -0.120309
v 0.13239 0.127544 -0.11949
v 0.115954 0.107063 -0.126469
v 0.103179 0.102953 -0.134924
v 0.098531 0.078293 -0.128972
v 0.105857 0.086101 -0.128032
v 0.103817 0.070542 -0.126344
v 0.110812 0.069098 -0.118928
v 0.103089 0.058036 -0.12335
v 0.107495 0.056774 -0.117421
v 0.113285 0.062961 -0.111975
v 0.118312 0.072849 -0.112143
v 0.122812 0.087766 -0.114599
v 0.126832 0.098389 -0.113561
v 0.127845 0.106118 -0.116609
v 0.114633 0.086617 -0.121066
v 0.094232 0.090385 -0.130479
v 0.087912 0.046498 -0.115244
v 0.097703 0.056346 -0.120939
v 0.136401 0.126969 -0.114053
v 0.121998 0.087948 -0.112593
v 0.134365 0.125714 -0.116099
v 0.135541 0.140894 -0.116495
v 0.137584 0.141281 -0.112376
v 0.145268 0.126952 -0.061052
v 0.138031 0.046395 -0.039821
v 0.144623 0.089067 -0.061364
v 0.140493 0.067961 -0.063366
v 0.130427 0.044123 -0.047
v 0.125858 0.040023 -0.052891
v 0.133444 0.051379 -0.066911
v 0.138772 0.066041 -0.080493
v 0.145052 0.09069 -0.081235
v 0.15054 0.121671 -0.081745
v 0.140089 0.095009 -0.095467
v 0.143978 0.124836 -0.097878
v 0.144585 0.144922 -0.098254
v 0.138653 0.156985 -0.11022
v 0.13741 0.163369 -0.112725
v 0.150458 0.145592 -0.081573
v 0.133299 0.064828 -0.090954
v 0.127622 0.066597 -0.101392
v 0.131452 0.091939 -0.107256
v 0.151847 0.173939 -0.080539
v 0.145234 0.170758 -0.096947
v 0.153635 0.127088 -0.040935
v 0.141114 0.110756 -0.042838
v 0.143294 0.155104 -0.044647
v 0.146883 0.166428 -0.059993
v 0.156923 0.075761 0.0133
v 0.148439 0.056869 -0.006293
v 0.158387 0.076011 -0.006226
v 0.158065 0.076501 -0.025781
v 0.151862 0.059947 -0.027761
v 0.152963 0.071843 -0.035608
v 0.144893 0.04622 -0.02519
v 0.142076 0.047834 -0.031089
v 0.153544 0.089175 -0.040216
v 0.167375 0.121905 -0.038087
v 0.167187 0.150004 -0.037077
v 0.169649 0.175992 -0.006328
v 0.168938 0.127458 -0.006338
v 0.16701 0.124232 0.025396
v 0.164383 0.099441 -0.006277
v 0.161834 0.095578 0.019655
v 0.162589 0.096113 -0.032226
v 0.166306 0.191023 0.024408
v 0.138452 0.042031 -0.006374
v 0.133736 0.044296 0.012455
v 0.144977 0.058094 0.015163
v 0.027565 0.118903 -0.132766
v 0.051745 0.114505 -0.131022
v 0.051088 0.1181 -0.130395
v 0.074328 0.116644 -0.131258
v 0.07225 0.112189 -0.131954
v 0.052704 0.109213 -0.132273
v 0.033133 0.107636 -0.134393
v 0.029733 0.113148 -0.133406
v 0.079197 0.122103 -0.13569
v 0.076289 0.112403 -0.136486
v 0.028526 0.112696 -0.145762
v 0.027291 0.128954 -0.146081
v 0.032459 0.098166 -0.145198
v 0.105266 0.108079 0.068305
v 0.099346 0.108645 0.100012
v 0.095878 0.116684 0.101039
v 0.108872 0.104499 0.068919
v 0.111066 0.098844 0.069292
v 0.102556 0.101749 0.097532
v 0.106342 0.096717 0.093796
v 0.114236 0.09401 0.070332
v 0.123964 0.093587 0.046396
v 0.122833 0.098004 0.041424
v 0.121319 0.10457 0.038176
v 0.11939 0.112684 0.036141
v 0.14105 0.155926 0.032002
v 0.116763 0.113375 0.031312
v 0.142446 0.183045 0.02871
v 0.155228 0.134156 0.039276
v 0.139544 0.120293 0.035549
v 0.158946 0.199481 0.037287
v 0.138628 0.105055 0.037707
v 0.151175 0.112528 0.042124
v 0.14624 0.099909 0.046645
v 0.136076 0.095421 0.044159
v 0.090704 0.119564 0.104588
v 0.101921 0.109377 0.067736
v 0.17006 0.282112 0.029441
v 0.148952 0.206086 0.065499
v 0.170562 0.224934 -0.00786
v 0.176409 0.255563 -0.017798
v 0.168018 0.179608 -0.039222
v 0.154121 0.167079 -0.042592
v 0.169186 0.274169 -0.048258
v 0.182255 0.283365 -0.027739
v 0.168558 0.227273 -0.042705
v 0.157234 0.197723 -0.05321
v 0.158802 0.224193 -0.066943
v 0.105509 0.361615 0.126049
v 0.07815 0.362708 0.149071
v 0.134929 0.360025 0.099071
v 0.153498 0.359563 0.064961
v 0.135633 0.322261 0.099336
v 0.153498 0.322832 0.064958
v 0.153498 0.300524 0.064938
v 0.169771 0.322891 0.031047
v 0.169655 0.301905 0.031614
v 0.183617 0.308266 0.009796
v 0.182644 0.28316 0.006055
v 0.190966 0.289677 -0.010319
v 0.183168 0.314193 -0.02929
v 0.193453 0.314383 -0.009855
v 0.194509 0.34499 -0.009865
v 0.183168 0.345476 -0.02929
v 0.183617 0.334434 0.009816
v 0.183617 0.368826 0.009819
v 0.169655 0.360628 0.031653
v 0.183617 0.401034 0.009819
v 0.149388 0.237437 -0.088568
v 0.168383 0.302841 -0.051452
v 0.168779 0.342213 -0.050315
v 0.183168 0.376196 -0.02929
v 0.193453 0.376334 -0.009852
v 0.194509 0.402734 -0.009864
v 0.183617 0.43335 0.009819
v 0.172486 0.432537 0.030202
v 0.183168 0.403752 -0.02929
v 0.173275 0.458107 0.030273
v 0.18554 0.458358 0.010027
v 0.185905 0.484385 0.057367
v 0.191545 0.52149 0.034554
v 0.193938 0.527793 0.060323
v 0.184644 0.485672 0.032916
v 0.195897 0.484434 0.011145
v 0.195646 0.457429 -0.009863
v 0.193453 0.434368 -0.009852
v 0.183168 0.434462 -0.02929
v 0.169212 0.39988 -0.049997
v 0.168708 0.373117 -0.050798
v 0.151789 0.361298 -0.083725
v 0.151465 0.323074 -0.084379
v 0.152961 0.38249 -0.084306
v 0.205263 0.482471 -0.009852
v 0.13549 0.374106 -0.11801
v 0.171571 0.43374 -0.049413
v 0.204372 0.527814 0.01206
v 0.205695 0.685902 0.012203
v 0.216849 0.522038 -0.009896
v 0.216739 0.686127 -0.009887
v 0.194179 0.482158 -0.030503
v 0.184654 0.457501 -0.029454
v 0.171882 0.457365 -0.049362
v 0.172999 0.429529 -0.073465
v 0.171852 0.392879 -0.075398
v 0.17197 0.391652 -0.093732
v 0.17331 0.425716 -0.094396
v 0.181844 0.482302 -0.051699
v 0.220477 0.850635 -0.009934
v 0.209134 0.844835 0.012519
v 0.20519 0.686191 -0.031715
v 0.203703 0.527921 -0.031551
v 0.190372 0.522106 -0.053717
v 0.183198 0.483268 -0.076185
v 0.174247 0.45779 -0.073002
v 0.175113 0.458553 -0.095295
v 0.156462 0.425131 -0.106819
v 0.157306 0.383023 -0.104736
v 0.136452 0.4237 -0.120242
v 0.183545 0.484256 -0.099526
v 0.19214 0.6863 -0.054138
v 0.127456 0.414461 -0.141654
v 0.127456 0.35378 -0.141654
v 0.136596 0.458655 -0.120528
v 0.156843 0.458302 -0.108105
v 0.164757 0.48454 -0.113379
v 0.194015 0.52407 -0.104767
v 0.192173 0.52897 -0.079522
v 0.193573 0.686811 -0.080043
v 0.19371 0.850784 -0.054517
v 0.208621 0.844928 -0.032121
v 0.230607 0.893674 -0.034723
v 0.215968 0.893724 -0.059878
v 0.19394 0.687336 -0.104735
v 0.144447 0.484876 -0.127124
v 0.269312 0.922191 -0.010569
v 0.243563 0.893631 -0.010236
v 0.252593 0.92227 -0.037325
v 0.23652 0.922245 -0.064829
v 0.217576 0.893768 -0.088938
v 0.196813 0.845112 -0.081244
v 0.19729 0.850964 -0.106394
v 0.174064 0.687541 -0.11939
v 0.172808 0.530163 -0.118579
v 0.151176 0.524552 -0.132771
v 0.135043 0.486197 -0.149773
v 0.141605 0.531721 -0.156796
v 0.176984 0.845375 -0.121238
v 0.132309 0.527228 -0.180346
v 0.142629 0.688522 -0.157892
v 0.152578 0.68778 -0.133931
v 0.153831 0.851279 -0.134948
v 0.19569 0.89392 -0.133079
v 0.217987 0.89382 -0.116639
v 0.24107 0.922326 -0.128066
v 0.238338 0.922338 -0.096633
v 0.132246 0.689289 -0.180298
v 0.171586 0.894033 -0.149391
v 0.214396 0.922445 -0.14492
v 0.187982 0.922463 -0.162724
v 0.160426 0.894171 -0.176271
v 0.145032 0.845772 -0.160373
v 0.134548 0.851707 -0.183242
v 0.10798 0.689688 -0.184878
v 0.107212 0.53354 -0.183582
v 0.10229 0.488121 -0.175282
v 0.081562 0.528277 -0.186989
v 0.078028 0.48877 -0.178853
v 0.059728 0.490652 -0.195179
v 0.073868 0.460158 -0.169378
v 0.148778 0.894318 -0.201407
v 0.082312 0.69014 -0.188656
v 0.125228 0.487553 -0.170953
v 0.17582 0.922631 -0.192169
v 0.164644 0.922696 -0.221672
v 0.121556 0.894497 -0.206544
v 0.109813 0.846274 -0.187803
v 0.083003 0.852242 -0.190112
v 0.062953 0.691249 -0.205928
v 0.062517 0.535949 -0.204477
v 0.04392 0.532102 -0.221666
v 0.041696 0.492584 -0.210003
v 0.019151 0.493552 -0.203951
v 0.039945 0.462973 -0.200533
v 0.018394 0.463442 -0.194214
v 0.056938 0.459599 -0.185882
v 0.043877 0.692387 -0.22161
v 0.092761 0.894694 -0.210783
v -0.003819 0.467122 -0.186172
v -0.00426 0.494605 -0.196642
v 0.133298 0.922872 -0.225286
v 0.101776 0.922949 -0.229865
v 0.071043 0.894961 -0.230158
v 0.064045 0.84697 -0.209199
v 0.044676 0.853019 -0.225256
v 0.020026 0.693028 -0.215208
v 0.019908 0.538741 -0.213688
v -0.004685 0.533976 -0.205634
v -0.027832 0.497077 -0.203411
v -0.026235 0.469336 -0.193701
v -0.004741 0.693716 -0.207475
v 0.049643 0.89523 -0.247751
v 0.078041 0.92322 -0.251118
v 0.055173 0.923383 -0.272849
v 0.022887 0.895446 -0.240569
v 0.020412 0.847712 -0.218631
v -0.004747 0.853651 -0.209081
v -0.029677 0.695157 -0.214636
v -0.029428 0.542128 -0.213121
v -0.053645 0.538879 -0.220545
v -0.05051 0.49946 -0.208943
v -0.047899 0.472567 -0.199523
v -0.004897 0.895668 -0.231894
v 0.025362 0.92359 -0.262506
v -0.005026 0.923692 -0.252953
v -0.032871 0.895977 -0.239928
v -0.030108 0.848556 -0.218051
v -0.054527 0.854571 -0.224115
v -0.053669 0.696541 -0.220489
v -0.035633 0.923986 -0.261805
v -0.065664 0.924163 -0.271459
v -0.059785 0.896267 -0.246493
v -0.025986 0.427217 -0.192186
v -0.047351 0.429809 -0.197398
v -0.047571 0.370462 -0.198315
v -0.026363 0.370461 -0.192067
v 0.018276 0.405766 -0.192695
v -0.00378 0.422128 -0.185809
v -0.004192 0.356409 -0.183417
v -0.029835 0.350487 -0.190968
v -0.046829 0.353265 -0.195225
v -0.045933 0.343207 -0.1915
v -0.035367 0.340332 -0.188975
v -0.028394 0.340159 -0.184507
v -0.018947 0.348026 -0.183961
v 0.018276 0.325907 -0.192695
v 0.056503 0.395561 -0.184431
v 0.039515 0.390922 -0.198396
v 0.039738 0.28607 -0.199429
v 0.018276 0.295199 -0.192695
v -0.005912 0.315598 -0.183383
v -0.041779 0.320035 -0.174215
v -0.005372 0.276328 -0.183358
v -0.042189 0.279927 -0.174117
v -0.044818 0.25257 -0.173485
v -0.079253 0.282281 -0.163451
v -0.079848 0.258362 -0.162319
v -0.115108 0.256914 -0.136252
v -0.080687 0.239185 -0.162731
v 0.073743 0.402689 -0.16905
v -0.006322 0.253529 -0.183284
v 0.039515 0.274699 -0.198396
v -0.078762 0.321602 -0.16297
v -0.110101 0.322979 -0.14034
v -0.041863 0.352814 -0.174567
v -0.098201 0.22584 -0.142558
v -0.079081 0.225152 -0.157639
v -0.10725 0.240187 -0.141655
v -0.132451 0.239207 -0.120753
v -0.112896 0.225831 -0.127624
v -0.099373 0.214915 -0.132626
v -0.088995 0.213614 -0.142632
v -0.077805 0.214794 -0.152699
v -0.07035 0.224423 -0.161374
v -0.065472 0.237765 -0.167714
v -0.056724 0.234846 -0.16951
v -0.064714 0.223381 -0.160176
v -0.070067 0.213734 -0.15367
v -0.073102 0.213001 -0.154153
v -0.150341 0.196524 -0.089066
v -0.146052 0.222194 -0.103506
v -0.145402 0.19906 -0.103219
v -0.140292 0.201037 -0.114328
v -0.140805 0.222732 -0.114262
v -0.137766 0.222672 -0.117753
v -0.140379 0.241073 -0.114581
v -0.134707 0.240634 -0.12025
v -0.147383 0.240257 -0.10066
v -0.137355 0.199585 -0.117171
v -0.131743 0.195793 -0.119132
v -0.110777 0.284132 -0.139788
v -0.139164 0.284832 -0.114527
v -0.139076 0.260778 -0.113913
v -0.155909 0.256978 -0.082422
v -0.151792 0.236248 -0.089553
v -0.150495 0.2165 -0.088194
v -0.148375 0.183526 -0.055507
v -0.147691 0.162404 -0.055823
v -0.148509 0.194401 -0.05529
v -0.156817 0.284688 -0.080479
v -0.161683 0.237388 -0.069709
v -0.172196 0.236379 -0.045332
v -0.162419 0.206213 -0.065823
v -0.153379 0.184098 -0.079779
v -0.172239 0.192993 -0.031656
v -0.173172 0.206398 -0.027608
v -0.171021 0.220735 -0.045645
v -0.172651 0.169543 -0.017479
v -0.173057 0.234465 -0.004294
v -0.171081 0.256363 -0.044372
v -0.156959 0.324992 -0.080176
v -0.138542 0.324229 -0.114162
v -0.173116 0.322584 -0.046868
v -0.170709 0.242436 0.03235
v -0.19797 0.294085 -0.005352
v -0.187078 0.413423 -0.025034
v -0.187078 0.333618 -0.025034
v -0.187078 0.302854 -0.025034
v -0.196913 0.282728 -0.005364
v -0.175947 0.429263 -0.045418
v -0.199145 0.471071 -0.005327
v -0.196913 0.399001 -0.005364
v -0.224021 0.896695 -0.083862
v -0.22507 0.896801 -0.111545
v -0.204369 0.855551 -0.101777
v -0.203304 0.849862 -0.076644
v -0.200071 0.698432 -0.075518
v -0.199597 0.855118 -0.049995
v -0.198043 0.697598 -0.049653
v -0.210573 0.697158 -0.026935
v -0.196197 0.5403 -0.049273
v -0.208988 0.545343 -0.026807
v -0.198826 0.500824 -0.025985
v -0.221629 0.539088 -0.004858
v -0.209266 0.500255 -0.005105
v -0.188664 0.47101 -0.025162
v -0.176325 0.474098 -0.04536
v -0.198563 0.547364 -0.07503
v -0.225331 0.854637 -0.004808
v -0.221618 0.696687 -0.004847
v -0.177928 0.433504 -0.069431
v -0.179261 0.475374 -0.068938
v -0.17872 0.434983 -0.090349
v -0.180612 0.477591 -0.091206
v -0.188898 0.502848 -0.071908
v -0.186981 0.501349 -0.047459
v -0.201013 0.543117 -0.100226
v -0.201006 0.699153 -0.100195
v -0.189782 0.504167 -0.095234
v -0.221746 0.896556 -0.054846
v -0.235803 0.896366 -0.029361
v -0.257627 0.924135 -0.03146
v -0.248193 0.896159 -0.004582
v -0.213979 0.849361 -0.027263
v 0.128781 0.102046 0.088415
v 0.122157 0.114964 0.09996
v 0.121678 0.100053 0.095399
v 0.11542 0.101235 0.101038
v 0.115544 0.135222 0.107114
v 0.104565 0.158073 0.108826
v 0.10647 0.12308 0.105595
v 0.107629 0.107928 0.103628
v 0.110597 0.097894 0.098527
v 0.115127 0.113831 0.104593
v 0.102798 0.186901 0.111824
v 0.131426 0.137496 0.09335
v 0.125197 0.205692 0.104975
v 0.123307 0.13952 0.101857
v 0.134685 0.205867 0.094518
v 0.144713 0.139106 0.066043
v 0.142134 0.11439 0.066374
v 0.138039 0.099528 0.06778
v 0.129922 0.115069 0.091287
v 0.116131 0.199143 0.110623
v -0.071812 0.091877 0.081179
v -0.060519 0.082711 0.088961
v -0.070093 0.08765 0.091349
v -0.057744 0.085808 0.078135
v -0.043085 0.083651 0.084776
v -0.051364 0.081011 0.094465
v -0.058318 0.078824 0.103092
v -0.074369 0.093352 0.108603
v -0.077258 0.099028 0.105293
v -0.079809 0.103046 0.125402
v -0.079774 0.101627 0.10329
v -0.083239 0.11148 0.125006
v -0.092033 0.122876 0.121954
v -0.08423 0.103018 0.102129
v -0.075754 0.09762 0.132716
v -0.076715 0.095954 0.124079
v -0.071289 0.091244 0.131788
v -0.072683 0.099782 0.137171
v -0.08057 0.122869 0.138538
v -0.078305 0.108158 0.136858
v -0.073668 0.113954 0.142614
v -0.067111 0.100268 0.136977
v -0.067519 0.088836 0.128874
v -0.067074 0.083704 0.117173
v -0.063213 0.088129 0.126287
v -0.060697 0.08247 0.115168
v -0.063651 0.079994 0.101753
v -0.068642 0.083426 0.100918
v -0.074652 0.136986 0.146325
v -0.073658 0.090372 0.122018
v -0.072283 0.089631 0.126791
v -0.071022 0.086936 0.112201
v -0.098333 0.13711 0.121084
v -0.085217 0.141691 0.136848
v -0.079385 0.18223 0.148301
v -0.063661 0.13605 0.149334
v -0.065775 0.115713 0.144187
v -0.056539 0.114067 0.139645
v -0.060477 0.099182 0.132066
v -0.053271 0.125365 0.144937
v -0.048573 0.140995 0.153691
v -0.058145 0.173324 0.154357
v -0.055614 0.058888 0.065129
v -0.042969 0.04521 0.059951
v -0.039035 0.057681 0.06637
v -0.054595 0.043771 0.058605
v -0.065808 0.047507 0.054619
v -0.071309 0.060946 0.058454
v -0.080554 0.080862 0.066646
v -0.056383 0.075726 0.07006
v -0.03319 0.075396 0.076994
v -0.056903 0.08265 0.073779
v -0.040551 0.082989 0.083278
v -0.073693 0.08923 0.076584
v -0.044647 0.105895 0.116195
v -0.042278 0.108336 0.118879
v -0.137963 0.140344 0.076138
v -0.135751 0.147913 0.077366
v -0.140289 0.157575 0.051766
v -0.142005 0.142151 0.054444
v -0.143492 0.130752 0.058127
v -0.14036 0.132215 0.075246
v -0.137822 0.135792 0.089082
v -0.135141 0.141832 0.0934
v -0.048138 0.102086 0.115315
v -0.054287 0.091422 0.114918
v -0.149364 0.163185 -0.0539
v -0.146811 0.16419 -0.023019
v -0.148436 0.146296 -0.025018
v -0.150717 0.131455 -0.028191
v -0.15162 0.133373 -0.05115
v -0.154622 0.147886 -0.072204
v -0.13836 0.178125 0.102039
v -0.136992 0.147615 0.097632
v -0.159151 0.150898 0.051512
v -0.144767 0.137682 0.073851
v -0.149495 0.149713 0.072918
v -0.15146 0.137431 0.051897
v -0.139563 0.140773 0.090501
v -0.142155 0.14837 0.088996
v -0.141278 0.156076 0.093231
v -0.151866 0.158772 0.072297
v -0.153894 0.173437 0.070835
v -0.16795 0.170113 0.041832
v -0.163085 0.15983 0.04694
v -0.172159 0.220791 0.032838
v -0.170844 0.165883 0.037058
v -0.169112 0.197887 0.040552
v -0.167513 0.131579 0.040261
v -0.170243 0.134647 0.03667
v -0.167256 0.152158 0.040702
v -0.153887 0.139579 0.044672
v -0.153813 0.161221 0.044827
v -0.141038 0.130448 0.053595
v -0.138043 0.091738 0.04913
v -0.154025 0.11366 0.043844
v -0.155027 0.096346 0.038903
v -0.15098 0.078149 0.034523
v -0.156209 0.081007 0.033465
v -0.146177 0.085197 0.039865
v -0.172868 0.210826 0.012102
v -0.172733 0.1795 0.023926
v -0.172776 0.220482 0.020117
v -0.172397 0.177896 0.032666
v -0.171972 0.135374 0.032816
v -0.16639 0.107986 0.034186
v -0.164141 0.106314 0.036266
v -0.16117 0.086576 0.032817
v -0.157608 0.06741 0.029701
v -0.151158 0.064737 0.030303
v -0.151783 0.055206 0.025972
v -0.156935 0.053873 0.025462
v -0.161904 0.061323 0.025086
v -0.163036 0.084967 0.030634
v -0.162252 0.070179 0.028088
v -0.161953 0.083662 0.031484
v -0.167442 0.099406 0.026047
v -0.167248 0.106927 0.031644
v -0.172018 0.135126 0.024213
v -0.172635 0.132739 0.014337
v -0.16609 0.090272 0.020779
v -0.16776 0.117879 -0.001679
v -0.172315 0.142074 -0.001617
v -0.166296 0.111479 0.00791
v -0.162294 0.094662 0.003803
v -0.162544 0.096508 -0.007299
v -0.158232 0.076091 -0.001795
v -0.16263 0.094966 -0.001747
v -0.158562 0.080316 -0.007944
v -0.154533 0.069831 -0.00774
v -0.153832 0.063774 -0.001839
v -0.15355 0.066681 0.004067
v -0.1579 0.078423 0.004357
v -0.16665 0.119555 -0.011296
v -0.171439 0.146887 -0.015785
v -0.173026 0.169163 -0.001607
v -0.172852 0.17787 0.013512
v -0.171284 0.159578 -0.015573
v -0.17303 0.198144 -0.00197
v -0.170369 0.161228 -0.02067
v -0.16847 0.154034 -0.023446
v -0.160732 0.153243 -0.042217
v -0.162047 0.174741 -0.060991
v -0.159435 0.138453 -0.023594
v -0.169863 0.179821 -0.033436
v -0.169185 0.203449 -0.045565
v -0.127226 0.187563 0.12643
v -0.131269 0.165197 0.111918
v -0.158013 0.229469 0.062937
v -0.139669 0.244741 0.10114
v -0.122071 0.269867 0.146692
v -0.104585 0.190154 0.142066
v -0.100777 0.231717 0.148852
v -0.119274 0.205963 0.140679
v -0.130542 0.224143 0.126392
v -0.130916 0.273565 0.126429
v -0.130917 0.322668 0.126439
v -0.100036 0.283993 0.150452
v -0.121671 0.297893 0.146391
v -0.12232 0.325834 0.147225
v -0.130917 0.357061 0.126439
v -0.139777 0.353614 0.105101
v -0.15891 0.328769 0.092152
v -0.139237 0.382794 0.104661
v -0.100061 0.334504 0.15047
v -0.130917 0.386311 0.126439
v -0.177484 0.334285 0.079534
v -0.15891 0.361247 0.092152
v -0.176611 0.303814 0.079101
v -0.15891 0.421644 0.092152
v -0.176611 0.41261 0.079101
v -0.178614 0.46684 0.080089
v -0.160263 0.465277 0.092996
v -0.12232 0.384764 0.147225
v -0.130917 0.431314 0.126439
v -0.139777 0.43064 0.105101
v -0.140101 0.465425 0.10535
v -0.168927 0.492574 0.098405
v -0.187715 0.494045 0.084552
v -0.198826 0.532738 0.090011
v -0.121671 0.431156 0.146392
v -0.148617 0.49112 0.11215
v -0.100061 0.368079 0.15047
v -0.121671 0.358176 0.146392
v -0.074732 0.343101 0.152312
v -0.07423 0.376243 0.152574
v -0.035928 0.258385 0.160276
v -0.073715 0.265431 0.152716
v -0.139212 0.489996 0.134799
v -0.132037 0.464284 0.127567
v -0.123056 0.46378 0.148137
v -0.100061 0.434816 0.15047
v -0.100061 0.397 0.15047
v -0.037938 0.365786 0.159877
v -0.037672 0.329733 0.159934
v 0.001468 0.295296 0.165623
v 0.002608 0.274462 0.166941
v -0.010956 0.26768 0.16571
v -0.100925 0.462725 0.151798
v -0.00187 0.353972 0.168217
v -0.155987 0.530137 0.118015
v -0.146388 0.534846 0.142031
v -0.059184 0.433434 0.170062
v -0.043014 0.428777 0.183356
v -0.077098 0.437817 0.153949
v -0.077378 0.461874 0.154207
v -0.10646 0.487722 0.160308
v -0.129398 0.488913 0.155979
v -0.137119 0.52795 0.16559
v -0.147508 0.690439 0.143159
v -0.157457 0.691175 0.119198
v -0.137125 0.68973 0.165565
v -0.082198 0.486568 0.163879
v -0.139403 0.851848 0.168501
v -0.149877 0.846514 0.145629
v -0.112859 0.689161 0.170145
v -0.111995 0.532771 0.168817
v -0.086372 0.525928 0.172233
v -0.063898 0.485719 0.180205
v -0.060389 0.460691 0.170814
v -0.043481 0.459679 0.185372
v -0.022796 0.427175 0.177929
v -0.114658 0.846036 0.173059
v -0.022093 0.458361 0.179092
v -0.067301 0.531011 0.189712
v 0.000175 0.426183 0.170654
v 0.000263 0.457782 0.170991
v -0.023321 0.48407 0.188977
v -0.045866 0.484917 0.195029
v -0.048731 0.524377 0.20691
v -0.067832 0.688108 0.191195
v -0.087191 0.688622 0.173924
v -0.087858 0.851655 0.175371
v -0.126185 0.894203 0.191727
v -0.153408 0.89422 0.186589
v -0.097391 0.8942 0.195966
v -0.048755 0.687612 0.206878
v -0.075673 0.894066 0.215341
v -0.06889 0.845686 0.194455
v -0.049531 0.851188 0.210515
v -0.024905 0.687191 0.200475
v -0.024691 0.52952 0.198923
v -0.000127 0.522936 0.190878
v 0.00009 0.483312 0.181668
v -0.054273 0.893926 0.232934
v -0.082455 0.922464 0.236227
v -0.027517 0.893886 0.225751
v -0.025258 0.845344 0.203887
v -0.00011 0.851026 0.19434
v -0.00014 0.686821 0.192742
v 0.000266 0.893854 0.217077
v -0.042405 0.349741 -0.17682
v -0.043191 0.340038 -0.180093
v -0.058379 0.342695 -0.177299
v -0.066545 0.351998 -0.172519
v -0.159184 0.149966 -0.019733
v -0.159134 0.162239 -0.018754
v -0.09327 0.222098 -0.124836
v -0.097868 0.226513 -0.119907
v -0.065593 0.222289 -0.121375
v -0.07055 0.218679 -0.12698
v -0.074896 0.210766 -0.132291
v -0.087616 0.211422 -0.131412
v -0.065419 0.220682 -0.143652
v -0.060303 0.22438 -0.144358
v -0.071723 0.210808 -0.142932
v -0.153346 0.150717 0.045984
v 0.020572 0.138344 -0.146838
v 0.01172 0.13474 -0.120341
v 0.013575 0.141981 -0.147443
v 0.021102 0.12863 -0.127414
v 0.049265 0.116607 -0.123797
v 0.047501 0.110596 -0.117133
v -0.054221 0.190467 -0.168348
v -0.05417 0.097434 -0.14492
v -0.058784 0.138845 -0.14453
v -0.062036 0.075933 -0.118374
v -0.052017 0.069441 -0.126327
v -0.044997 0.061475 -0.132038
v -0.04557 0.065047 -0.14624
v -0.042963 0.078668 -0.160195
v -0.049106 0.127096 -0.164216
v 0.002341 0.127405 -0.175275
v -0.007668 0.101503 -0.171359
v -0.006143 0.141818 -0.176808
v -0.001161 0.095583 -0.169364
v 0.003868 0.095288 -0.166006
v 0.007145 0.109628 -0.169563
v 0.009344 0.126793 -0.172448
v 0.005413 0.177086 -0.179999
v 0.012798 0.14208 -0.173066
v 0.003334 0.159073 -0.178717
v -0.00556 0.190409 -0.181879
v -0.027892 0.137896 -0.172137
v -0.024931 0.085486 -0.165933
v -0.030029 0.19263 -0.176309
v -0.006107 0.209881 -0.182039
v 0.006539 0.066134 -0.116943
v 0.005316 0.091993 -0.147448
v 0.008186 0.099097 -0.146236
v -0.019318 0.076582 -0.152254
v -0.025405 0.069072 -0.130705
v -0.000172 0.086775 -0.149219
v -0.005983 0.079851 -0.132012
v -0.001277 0.076079 -0.125777
v -0.026993 0.069334 -0.12291
v -0.027759 0.070288 -0.117659
v -0.028578 0.067212 -0.112408
v -0.053933 0.068663 -0.107363
v -0.04873 0.061441 -0.099967
v -0.029996 0.060941 -0.103178
v -0.034601 0.041426 -0.07242
v -0.012273 0.057178 -0.09956
v -0.015399 0.039904 -0.072829
v -0.007852 0.040318 -0.072962
v -0.02252 0.0241 -0.046003
v -0.018076 0.022136 -0.039121
v -0.011456 0.016045 -0.029147
v -0.002456 0.039081 -0.07306
v -0.004838 0.061061 -0.106646
v -0.039194 0.024173 -0.041652
v -0.054839 0.031028 -0.04411
v -0.053791 0.045211 -0.072
v -0.141761 0.089071 0.015739
v -0.13488 0.07092 0.032883
v -0.140236 0.08536 0.032158
v -0.130612 0.071517 0.043813
v -0.125132 0.058195 0.040636
v -0.127445 0.055485 0.033895
v -0.125883 0.057325 0.027751
v -0.132111 0.070353 0.022993
v -0.109946 0.14022 0.113329
v -0.109822 0.133787 0.114006
v -0.075329 0.074587 0.018639
v -0.108533 0.069783 0.02246
v -0.108539 0.080082 0.017189
v -0.108553 0.059466 0.028227
v -0.091279 0.064356 0.030114
v -0.085031 0.06955 0.025783
v 0.109409 0.06962 -0.116064
v 0.111924 0.082086 -0.114203
v -0.109104 0.07224 0.050836
v -0.109186 0.082664 0.056794
v -0.088131 0.072682 0.053848
v -0.092798 0.066165 0.048212
v -0.108955 0.060923 0.045131
v -0.109099 0.084463 0.064457
v -0.12611 0.093039 0.063543
v -0.126689 0.103364 0.080875
v -0.120201 0.091674 0.071467
v -0.119977 0.096183 0.084333
v -0.109337 0.088872 0.089332
v -0.117879 0.100145 0.096475
v -0.120721 0.107877 0.098129
v -0.1346 0.133301 0.077714
v -0.132284 0.113015 0.077416
v -0.123297 0.118908 0.099021
v -0.110206 0.104331 0.108971
v -0.109777 0.095458 0.102624
v -0.101613 0.090917 0.106019
v -0.09859 0.08444 0.09456
v -0.097617 0.079512 0.079004
v -0.109069 0.084737 0.073693
v -0.097698 0.105861 0.114464
v -0.099519 0.097291 0.110683
v -0.12498 0.132655 0.099686
v -0.110338 0.124569 0.113138
v -0.09619 0.11445 0.118501
v -0.110463 0.114537 0.112237
v -0.021729 0.068419 0.020978
v 0.009143 0.033682 0.017055
v 0.00773 0.047463 0.022264
v 0.037239 0.035321 0.023552
v 0.031455 0.026521 0.014845
v 0.027454 0.018609 0.009297
v 0.010986 0.017977 0.010342
v -0.004592 0.020324 0.008412
v -0.011471 0.038913 0.01342
v -0.145612 0.075966 0.031221
v -0.147862 0.069881 0.022145
v 0.042088 0.024429 -0.005086
v 0.047756 0.030358 -0.005256
v 0.058297 0.029709 -0.034127
v 0.045526 0.022905 -0.024885
v 0.037288 0.017978 -0.018965
v 0.034324 0.017347 -0.00486
v -0.040538 0.032394 -0.032349
v -0.041299 0.042036 -0.027016
v -0.042152 0.033886 -0.021675
v -0.021807 0.029871 -0.020539
v -0.071107 0.074607 -0.024887
v -0.061385 0.047353 -0.036386
v 0.132205 0.046175 -0.006408
v 0.12664 0.05076 -0.006403
v 0.115269 0.061266 0.026958
v 0.126678 0.051708 0.018293
v -0.003574 0.085392 0.161918
v 0.002092 0.076838 0.15153
v 0.005062 0.066039 0.153992
v -0.005235 0.087 0.156753
v 0.005021 0.083921 0.128211
v -0.014334 0.095813 0.164541
v -0.000475 0.094311 0.126859
v 0.013603 0.073323 0.088947
v 0.020015 0.073474 0.10196
v 0.023703 0.068294 0.109781
v 0.01317 0.071132 0.130194
v -0.157046 0.078889 0.020343
v -0.157307 0.104334 0.01506
v -0.134721 0.150467 -0.113441
v -0.129078 0.144471 -0.114347
v -0.147394 0.151561 -0.024318
v -0.145042 0.126545 -0.019607
v -0.143304 0.127953 -0.057849
v -0.145236 0.146379 -0.08754
v -0.141234 0.149853 -0.101379
v -0.136632 0.150453 -0.11097
v -0.100567 0.106558 -0.113911
v -0.13634 0.106299 -0.029941
v -0.072792 0.068306 -0.10769
v -0.098853 0.141933 -0.118432
v 0.010558 0.121377 -0.146792
v 0.012575 0.103316 -0.120858
v 0.142664 0.143728 0.028177
v 0.142794 0.096614 0.027451
v 0.117095 0.094941 0.032616
v 0.143625 0.073774 0.022925
v 0.109377 0.149927 0.119462
v 0.102522 0.162544 0.112292
v 0.112711 0.202445 0.117982
v 0.100646 0.132725 0.114854
v 0.08753 0.117795 0.108337
v 0.091426 0.120104 0.103378
v -0.008416 0.034268 0.07758
v -0.009849 0.068338 0.082669
v 0.00895 0.033813 0.078167
v 0.00589 0.006199 0.071343
v -0.006397 0.001221 0.070506
v -0.017587 0.006245 0.065933
v -0.023809 0.035148 0.070228
v 0.116552 0.271799 0.116271
v -0.020088 0.087451 0.146578
v -0.02097 0.077666 0.121896
v -0.011466 0.083537 0.124211
v -0.028282 0.085369 0.147745
v -0.034872 0.083208 0.143259
v -0.030465 0.074628 0.119562
v -0.024292 0.070559 0.097421
v -0.011504 0.072712 0.088428
v -0.027454 0.073313 0.0893
v -0.01413 0.072536 0.097691
v -0.005697 0.077126 0.103049
v -0.005747 0.090716 0.125618
v -0.017864 0.088731 0.153989
v 0.001063 0.077357 0.097743
v -0.006583 0.105558 0.165928
v 0.009651 0.060902 0.155438
v -0.030618 0.092905 0.156069
v -0.031837 0.109416 0.160456
v -0.040745 0.097737 0.148893
v -0.04649 0.116917 0.153246
v -0.032024 0.167292 0.161123
v -0.015786 0.197988 0.164666
v -0.007052 0.202763 0.166554
v 0.003131 0.109672 0.166649
v 0.004361 0.084376 0.161512
v 0.034646 0.08498 0.154433
v -0.04609 0.13033 0.153633
v 0.071643 0.126503 0.149857
v 0.064729 0.086091 0.144881
v 0.036424 0.129666 0.158725
v 0.036701 0.202591 0.159389
v 0.004214 0.202746 0.166745
v 0.074728 0.202485 0.150248
v 0.068413 0.202443 0.151767
v 0.032909 0.055379 0.147846
v 0.058837 0.057914 0.141225
v 0.074855 0.089809 0.129093
v 0.080709 0.117633 0.129674
v 0.088625 0.126552 0.13127
v 0.095808 0.141151 0.132813
v 0.09693 0.205875 0.133053
v 0.080731 0.145727 0.145568
v 0.078906 0.202997 0.147643
v 0.076776 0.136553 0.147438
v 0.075615 0.092132 0.113156
v 0.066981 0.073099 0.117137
v 0.065105 0.062903 0.129555
v -0.022212 0.040031 0.049563
v -0.027421 0.066005 0.048753
v -0.015572 0.012453 0.050568
v -0.010698 0.024885 0.035586
v -0.014919 0.043783 0.029697
v 0.015287 0.015694 -0.004496
v 0.019629 0.016337 -0.01936
v -0.003711 0.016967 -0.004159
v 0.001141 0.01627 -0.016821
v 0.021732 0.019385 -0.026237
v 0.023381 0.020346 -0.031634
v -0.003763 0.017795 -0.021745
v 0.017694 0.022532 0.037435
v -0.001194 0.008373 0.05259
v 0.004031 0.022942 0.034657
v 0.013207 0.01171 0.054594
v 0.006177 0.037415 0.027467
v 0.025304 0.030621 0.032003
v 0.031812 0.061235 0.134681
v 0.045061 0.068496 0.111559
v 0.019974 0.031651 0.055485
v 0.02532 0.049269 0.056199
v -0.061265 0.059289 -0.071796
v -0.066571 0.07107 -0.071639
v -0.130557 0.217776 -0.119507
v -0.098586 0.187328 -0.119137
v -0.066629 0.161354 -0.122
v 0.077754 0.274586 0.148209
v 0.108815 0.296194 0.12335
v 0.076534 0.299586 0.147289
v 0.098534 0.272082 0.131743
v 0.152884 0.273436 0.064997
v 0.136842 0.274466 0.097907
v 0.124466 0.271834 0.109897
v 0.135375 0.299604 0.098704
v 0.106781 0.322983 0.12501
v 0.045277 0.297024 0.157328
v 0.070752 0.271999 0.151204
v 0.065178 0.262616 0.152544
v 0.037859 0.272373 0.159111
v 0.022526 0.353436 0.176971
v 0.04389 0.355448 0.182183
v 0.064026 0.482432 0.178735
v 0.048834 0.52264 0.205789
v 0.04634 0.482895 0.193969
v 0.023662 0.48308 0.188437
v 0.04437 0.457468 0.184331
v 0.022679 0.457263 0.178519
v 0.022526 0.426009 0.176971
v 0.022526 0.383427 0.176971
v 0.044137 0.382689 0.18321
v 0.060553 0.359503 0.16783
v 0.0675 0.686303 0.189639
v 0.04879 0.68652 0.205756
v 0.067031 0.52813 0.188167
v 0.085669 0.521855 0.170255
v 0.112032 0.686272 0.16756
v 0.086458 0.686131 0.171927
v 0.111234 0.528109 0.166251
v 0.10612 0.482325 0.157864
v 0.136271 0.522613 0.162469
v 0.129071 0.482968 0.153133
v 0.123116 0.45787 0.145355
v 0.101162 0.457638 0.149466
v 0.101357 0.434653 0.148087
v 0.077595 0.457154 0.152403
v 0.07759 0.433674 0.152046
v 0.060552 0.430072 0.16783
v 0.060552 0.392965 0.16783
v 0.04389 0.42654 0.182183
v 0.121832 0.43487 0.143733
v 0.061021 0.457187 0.169302
v 0.081946 0.482041 0.161992
v 0.076145 0.893666 0.213596
v 0.049672 0.850748 0.209375
v 0.068667 0.844948 0.192873
v 0.087182 0.850706 0.173359
v 0.097412 0.893663 0.193726
v 0.126101 0.893637 0.188827
v 0.106862 0.922194 0.212522
v 0.138271 0.922247 0.207222
v 0.169525 0.922192 0.202886
v 0.153198 0.893612 0.183065
v 0.138555 0.850626 0.165305
v 0.113931 0.844897 0.170431
v 0.136186 0.686401 0.162423
v 0.083622 0.922248 0.234318
v 0.061259 0.922198 0.256565
v 0.055155 0.893678 0.231676
v 0.028241 0.893765 0.22511
v 0.025263 0.845118 0.203307
v 0.024798 0.686659 0.199904
v 0.024645 0.528676 0.198356
v 0.031219 0.922302 0.246914
v 0.13374 0.31517 -0.119114
v 0.127456 0.320232 -0.141654
v 0.135822 0.345946 -0.117125
v 0.124992 0.292654 -0.142787
v 0.116771 0.274897 -0.159759
v 0.11821 0.296278 -0.161607
v 0.0966 0.291796 -0.165685
v 0.11886 0.326492 -0.162441
v 0.098302 0.26707 -0.163574
v 0.073965 0.260214 -0.16663
v 0.073743 0.289612 -0.16905
v 0.11821 0.405221 -0.161607
v 0.056503 0.246648 -0.184431
v 0.074565 0.238927 -0.166052
v 0.12848 0.458301 -0.14275
v 0.119526 0.459641 -0.163329
v 0.096601 0.40379 -0.165685
v 0.0966 0.327515 -0.165685
v 0.073448 0.321666 -0.168419
v 0.056503 0.280385 -0.184431
v 0.056503 0.26609 -0.184431
v 0.039738 0.272924 -0.199429
v 0.039515 0.253567 -0.198396
v 0.018276 0.254162 -0.192695
v 0.038761 0.236136 -0.196021
v 0.056503 0.307152 -0.184431
v 0.018276 0.274775 -0.192695
v 0.097369 0.458528 -0.166981
v 0.132154 0.236011 -0.118024
v 0.10269 0.233193 -0.143474
v 0.104205 0.279986 -0.143867
v 0.020142 0.233049 -0.19134
v -0.00363 0.231572 -0.183262
v -0.030362 0.216424 -0.17696
v -0.053722 0.213432 -0.167904
v -0.032314 0.234497 -0.176491
v 0.177137 0.457287 0.076041
v 0.174467 0.433295 0.054216
v 0.17611 0.458277 0.053882
v 0.175259 0.434102 0.075134
v 0.185914 0.482707 0.08041
v 0.196256 0.52204 0.085496
v 0.195192 0.685881 0.060785
v 0.193164 0.685713 0.03492
v 0.194742 0.850611 0.035255
v 0.231174 0.893628 0.014544
v 0.198459 0.844811 0.0619
v 0.237776 0.922187 0.044432
v 0.253213 0.922242 0.016569
v 0.219392 0.893612 0.069044
v 0.243778 0.922177 0.107547
v 0.22044 0.893597 0.096728
v 0.240324 0.922235 0.076189
v 0.217117 0.893629 0.040029
v 0.199514 0.85058 0.087036
v 0.196127 0.686062 0.085462
v 0.158701 0.433447 0.087941
v 0.138964 0.432857 0.10197
v 0.164265 0.893614 0.157668
v 0.180019 0.922239 0.173137
v 0.14851 0.844846 0.142199
v 0.146051 0.686143 0.139785
v 0.156723 0.850612 0.116582
v 0.155447 0.685878 0.115601
v 0.176593 0.685964 0.10057
v 0.154145 0.521816 0.114555
v 0.175461 0.527952 0.099848
v 0.168209 0.484541 0.095219
v 0.15946 0.458417 0.089497
v 0.139529 0.458381 0.102467
v 0.14512 0.528278 0.138805
v 0.130194 0.433831 0.124542
v 0.131823 0.45875 0.124983
v 0.139151 0.48488 0.132528
v 0.148625 0.485984 0.109962
v 0.174804 0.893617 0.130539
v 0.191502 0.92218 0.143417
v 0.198527 0.893606 0.113676
v 0.217499 0.922231 0.125013
v 0.179554 0.844815 0.10234
v -0.081124 0.473267 -0.167595
v -0.11029 0.502228 -0.172838
v -0.086116 0.500343 -0.176966
v -0.104718 0.474582 -0.164649
v -0.126624 0.47726 -0.160525
v -0.104817 0.432805 -0.163302
v -0.125293 0.434751 -0.158948
v -0.08105 0.430497 -0.167262
v -0.064013 0.430175 -0.183045
v -0.063624 0.373514 -0.18311
v -0.14106 0.5431 -0.177203
v -0.133122 0.503972 -0.167983
v -0.064578 0.47219 -0.184485
v -0.060032 0.353006 -0.183709
v -0.054198 0.341927 -0.184449
v -0.068196 0.49994 -0.193709
v -0.072379 0.69686 -0.204372
v -0.071814 0.544857 -0.202932
v -0.090479 0.53953 -0.185011
v -0.091337 0.697123 -0.18666
v -0.11691 0.698145 -0.182293
v -0.116017 0.54695 -0.181016
v -0.092036 0.854882 -0.1881
v -0.073512 0.849213 -0.207618
v -0.080774 0.89637 -0.228413
v -0.102041 0.896451 -0.208544
v -0.088036 0.924263 -0.249209
v -0.111267 0.92424 -0.227416
v -0.13073 0.896601 -0.203644
v -0.118776 0.849682 -0.185175
v -0.14341 0.855448 -0.180046
v -0.141065 0.699089 -0.177156
v -0.142685 0.924376 -0.222113
v -0.173929 0.924394 -0.21778
v -0.157828 0.896741 -0.197882
v -0.175407 0.468389 0.034143
v -0.187368 0.495287 0.061211
v -0.186013 0.496594 0.036725
v -0.17778 0.466235 0.057666
v -0.186628 0.403851 0.014075
v -0.175008 0.411052 0.034044
v -0.176284 0.411688 0.057113
v -0.174331 0.330216 0.033881
v -0.186629 0.315475 0.014075
v -0.188211 0.467802 0.014272
v -0.186629 0.288633 0.014075
v -0.175008 0.297946 0.034044
v -0.176284 0.29966 0.057113
v -0.176283 0.335595 0.057111
v -0.198349 0.498483 0.015529
v -0.210069 0.695657 0.016982
v -0.208486 0.543006 0.016786
v -0.195183 0.535491 0.038961
v -0.197019 0.694552 0.039406
v -0.198452 0.693594 0.06531
v -0.196956 0.539825 0.064757
v -0.198565 0.853903 0.039776
v -0.213466 0.848725 0.017377
v -0.235237 0.895917 0.019906
v -0.220598 0.895646 0.045061
v -0.222205 0.895255 0.074121
v -0.201659 0.847816 0.0665
v -0.202145 0.852966 0.091653
v -0.198819 0.692689 0.090002
v -0.242752 0.923191 0.081742
v -0.222617 0.894889 0.101821
v -0.148686 0.082885 -0.001887
v -0.143402 0.103325 -0.001941
v -0.150878 0.093035 -0.012267
v -0.149069 0.077459 0.008522
v -0.178943 0.691919 0.104657
v -0.177591 0.537207 0.103813
v -0.158686 0.85255 0.120208
v -0.165055 0.89445 0.161454
v -0.176216 0.894692 0.134574
v -0.180234 0.922626 0.177278
v -0.20032 0.894781 0.118262
v -0.181829 0.847106 0.106494
v -0.157598 0.093546 0.009776
v -0.133655 0.434077 -0.139757
v -0.142424 0.433157 -0.117185
v -0.142678 0.47586 -0.117345
v -0.162161 0.434167 -0.103156
v -0.162668 0.476014 -0.104432
v -0.171317 0.503543 -0.109515
v -0.151328 0.502816 -0.123723
v -0.142447 0.503474 -0.146583
v -0.158829 0.541809 -0.129207
v -0.180101 0.548076 -0.114522
v -0.181472 0.698868 -0.115303
v -0.160325 0.698522 -0.130334
v -0.135068 0.475874 -0.139869
v -0.195906 0.924398 -0.158311
v -0.203156 0.896783 -0.128494
v -0.221913 0.924467 -0.139904
v -0.184399 0.85001 -0.117084
v -0.161577 0.855409 -0.131322
v -0.15093 0.698852 -0.154517
v -0.149785 0.548081 -0.153446
v -0.179434 0.896748 -0.145356
v -0.168894 0.896753 -0.172485
v -0.184433 0.924459 -0.188027
v -0.153355 0.849964 -0.156943
v 0.048698 0.081658 0.103607
v 0.050477 0.090033 0.098562
v 0.025748 1.011776 -0.26593
v -0.005041 0.982183 -0.255341
v -0.005052 1.0118 -0.256314
v 0.025748 0.982145 -0.26593
v -0.005013 1.041452 -0.252888
v 0.025748 1.041451 -0.26593
v 0.055911 1.039075 -0.276213
v 0.05541 1.011753 -0.273892
v 0.055722 0.982084 -0.275335
v 0.025748 0.952751 -0.26593
v -0.005052 0.952855 -0.256314
v 0.05541 0.95265 -0.273892
v 0.135131 1.011667 -0.228211
v 0.102798 0.981947 -0.232029
v 0.10321 1.011689 -0.23291
v 0.135131 0.98191 -0.228211
v 0.101759 1.041449 -0.229807
v 0.135131 1.041449 -0.228211
v 0.166768 1.039064 -0.224388
v 0.16531 1.011648 -0.222515
v 0.166217 0.981863 -0.223679
v 0.135131 0.952283 -0.228211
v 0.10321 0.952372 -0.23291
v 0.16531 0.952204 -0.222515
v 0.217316 1.011603 -0.146768
v 0.189841 0.981792 -0.164236
v 0.190595 1.011615 -0.164851
v 0.217316 0.981771 -0.146768
v 0.187941 1.041448 -0.162685
v 0.217316 1.041448 -0.146768
v 0.244161 1.039059 -0.129596
v 0.242035 1.011593 -0.128542
v 0.243357 0.981747 -0.129198
v 0.217316 0.952006 -0.146768
v 0.190595 0.952055 -0.164851
v 0.242035 0.951965 -0.128542
v 0.256025 1.011579 -0.037731
v 0.23885 0.981726 -0.065391
v 0.239796 1.011584 -0.065618
v 0.256025 0.981719 -0.037731
v 0.236465 1.041447 -0.064818
v 0.256025 1.041447 -0.037731
v 0.272761 1.039057 -0.010613
v 0.270388 1.011576 -0.010586
v 0.271863 0.981709 -0.010603
v 0.256025 0.951896 -0.037731
v 0.239796 0.951914 -0.065618
v 0.270388 0.951881 -0.010586
v 0.243591 1.011575 0.077304
v 0.240119 0.98171 0.044932
v 0.241069 1.011576 0.045138
v 0.243591 0.981708 0.077304
v 0.237721 1.041447 0.044414
v 0.243591 1.041447 0.077304
v 0.246904 1.039057 0.108999
v 0.244754 1.011573 0.107993
v 0.24609 0.981703 0.108618
v 0.243591 0.951875 0.077304
v 0.241069 0.951878 0.045138
v 0.244754 0.951871 0.107993
v 0.182478 1.011574 0.175551
v 0.193395 0.981705 0.144878
v 0.194162 1.011574 0.145476
v 0.182478 0.981707 0.175551
v 0.19146 1.041447 0.143371
v 0.182478 1.041447 0.175551
v 0.171711 1.039057 0.205544
v 0.17021 1.011574 0.203705
v 0.171143 0.981705 0.204848
v 0.182478 0.951876 0.175551
v 0.194162 0.951873 0.145476
v 0.17021 0.951879 0.203705
v 0.084789 1.011575 0.237552
v 0.107933 0.981709 0.214654
v 0.108365 1.011575 0.215525
v 0.084789 0.98171 0.237552
v 0.106844 1.041447 0.212456
v 0.084789 1.041447 0.237552
v 0.062075 1.039057 0.259903
v 0.06152 1.011576 0.257596
v 0.062734 0.981702 0.262648
v 0.084789 0.951879 0.237552
v 0.108365 0.95188 0.215525
v 0.06152 0.951882 0.257596
v -0.186858 1.011901 -0.190453
v -0.197775 0.982398 -0.15978
v -0.198543 1.011902 -0.160378
v -0.186858 0.982416 -0.190453
v -0.19584 1.041454 -0.158273
v -0.186858 1.041454 -0.190453
v -0.176091 1.039089 -0.220446
v -0.17459 1.011898 -0.218608
v -0.175523 0.982392 -0.219751
v -0.186858 0.953299 -0.190453
v -0.198543 0.953299 -0.160378
v -0.17459 0.953293 -0.218608
v -0.044277 0.339156 -0.184611
v -0.071872 0.060142 -0.071525
v -0.079716 0.061215 -0.035142
v -0.091977 0.080662 0.074451
v -0.108097 0.082151 -0.027525
v -0.108084 0.096705 -0.022246
v -0.092565 0.089068 0.097398
v -0.088291 0.096 0.099934
v -0.088299 0.104957 0.109826
v -0.108126 0.090326 -0.016964
v -0.128351 0.091882 -0.009255
v -0.134933 0.105186 -0.013323
v -0.108191 0.081457 -0.011157
v -0.108331 0.080057 -0.002516
v -0.088057 0.07262 -0.01161
v -0.086414 0.070777 -0.002868
v -0.108515 0.080933 0.011919
v -0.127467 0.08887 0.004851
v -0.108469 0.080161 0.006123
v -0.089439 0.072206 0.005945
v -0.078519 0.07174 -0.003015
v -0.081371 0.074198 -0.016706
v -0.138122 0.09952 -0.00203
v -0.130246 0.090842 -0.002165
v -0.133264 0.090103 0.00913
v -0.073219 0.069639 -0.003115
v -0.083714 0.073032 0.010809
v -0.159126 0.152327 -0.018602
v -0.159089 0.136006 -0.017892
v -0.158848 0.107218 -0.013342
v -0.028461 0.034025 -0.01509
v -0.021998 0.040376 -0.003939
v -0.029051 0.036632 -0.003774
v -0.016596 0.040146 -0.004066
v -0.011215 0.028638 -0.004096
v -0.028388 0.050928 0.012766
v -0.032846 0.038226 0.007585
v -0.045016 0.022685 -0.0035
v -0.043174 0.024022 -0.015322
v -0.058221 0.017242 -0.013347
v -0.060965 0.013561 -0.003241
v -0.060481 0.018396 0.0068
v -0.046842 0.026171 0.008307
v -0.063255 0.039699 -0.017918
v -0.059504 0.185133 -0.144469
v -0.017544 0.250585 0.164286
v -0.032632 0.210849 0.160982
v -0.049349 0.065003 0.025044
v -0.037889 0.056751 0.033746
v -0.05037 0.05813 0.031572
v -0.031601 0.062504 0.028817
v -0.048537 0.067347 0.019808
v -0.067942 0.066677 0.026682
v -0.063264 0.059672 0.032035
v -0.052483 0.049234 0.045088
v -0.039129 0.049505 0.047039
v -0.065837 0.052396 0.043138
v 0.093561 0.119643 -0.130715
v 0.083182 0.076694 -0.117447
v -0.036263 0.086133 0.118164
v -0.041013 0.100041 0.118961
v -0.044022 0.113237 0.130425
v -0.082751 0.071147 0.040597
v -0.090064 0.064905 0.039464
v -0.077539 0.074729 0.041415
v -0.108744 0.058503 0.036669
v 0.064818 0.035815 -0.098721
v 0.06748 0.02771 -0.074635
v 0.059005 0.018419 -0.074513
v 0.073991 0.041818 -0.105439
v 0.073114 0.035761 -0.074712
v 0.045629 0.047072 -0.110859
v 0.04701 0.058973 -0.115387
v 0.008094 -0.000366 -0.047838
v 0.035115 0.015094 -0.07401
v 0.027214 -0.00251 -0.045936
v 0.048095 0.002962 -0.050181
v 0.043043 0.036007 -0.102064
v 0.019553 0.033726 -0.09923
v 0.014456 0.046999 -0.106311
v 0.047226 0.085244 -0.116093
v 0.011253 0.015077 -0.073487
v 0.052259 0.013502 -0.043643
v 0.092947 0.047249 0.042587
v 0.063314 0.035533 0.062119
v 0.071613 0.034342 0.038513
v 0.04849 0.024859 0.039519
v 0.038873 0.025048 0.058417
v 0.034545 0.032057 0.078089
v 0.055021 0.04166 0.085697
v 0.077297 0.055516 0.08818
v 0.087761 0.050953 0.065793
v 0.096072 0.069915 0.066953
v 0.10068 0.08835 0.067554
v 0.081436 0.080777 0.096127
v 0.101871 0.054706 0.036445
v 0.101399 0.100403 0.067648
v -0.14455 1.011889 -0.224996
v -0.112314 0.982351 -0.229556
v -0.14455 0.982391 -0.224996
v -0.112746 1.01188 -0.230427
v -0.111224 1.041453 -0.227358
v -0.14455 1.041453 -0.224996
v -0.14455 0.953249 -0.224996
v -0.112746 0.953204 -0.230427
v 0.114098 0.042481 -0.077108
v 0.112817 0.049526 -0.101248
v 0.096769 0.035959 -0.098498
v 0.087723 0.0276 -0.075402
v 0.081821 0.023401 -0.052283
v 0.103407 0.030105 -0.051034
v -0.036064 1.011835 -0.265219
v -0.036064 0.982273 -0.265219
v -0.036064 1.041452 -0.265219
v -0.066455 1.039086 -0.274806
v -0.0659 1.011867 -0.272498
v -0.066245 0.982327 -0.273932
v -0.036064 0.953008 -0.265219
v -0.0659 0.953151 -0.272498
v 0.031683 0.951911 0.250317
v 0.031683 0.981719 0.250317
v 0.031683 1.011583 0.250317
v 0.031683 1.041447 0.250317
v -0.083514 0.952007 0.239487
v -0.083514 0.981762 0.239487
v -0.083514 1.011605 0.239487
v -0.083514 1.041448 0.239487
v -0.182602 0.952093 0.179748
v -0.182602 0.981798 0.179748
v -0.182602 1.011623 0.179748
v -0.182602 1.041448 0.179748
v -0.245958 0.952455 0.082932
v -0.245958 0.981964 0.082932
v -0.245958 1.011707 0.082932
v -0.245958 1.04145 0.082932
v -0.261033 0.953085 -0.031787
v -0.261033 0.982253 -0.031787
v -0.261033 1.011853 -0.031787
v -0.261033 1.041453 -0.031787
v -0.047769 0.047214 0.01457
v -0.066391 0.041701 0.011482
v 0.079134 1.01172 -0.254389
v 0.079134 0.982025 -0.254389
v 0.079134 1.04145 -0.254389
v 0.079134 0.95251 -0.254389
v -0.067923 0.040724 -0.003166
v 0.178222 1.011631 -0.19465
v 0.178222 0.981831 -0.19465
v 0.178222 1.041448 -0.19465
v 0.178222 0.952127 -0.19465
v -0.032639 0.059803 0.047985
v 0.241578 1.011588 -0.097834
v 0.241578 0.981738 -0.097834
v 0.241578 1.041447 -0.097834
v 0.241578 0.951938 -0.097834
v 0.124095 0.095687 0.075215
v 0.256653 1.011576 0.016885
v 0.256653 0.981711 0.016885
v 0.256653 1.041447 0.016885
v 0.256653 0.951879 0.016885
v 0.109206 0.279617 -0.150045
v 0.22046 1.011573 0.126783
v 0.22046 0.981706 0.126783
v 0.22046 1.041447 0.126783
v 0.22046 0.951872 0.126783
v 0.160469 0.381919 -0.088029
v 0.14017 1.011575 0.210093
v 0.14017 0.981709 0.210093
v 0.14017 1.041447 0.210093
v 0.14017 0.95188 0.210093
v -0.072323 0.064089 0.042188
v -0.224841 1.011902 -0.141685
v -0.224841 0.982419 -0.141685
v -0.224841 1.041454 -0.141685
v -0.224841 0.953302 -0.141685
v 0.002957 0.026981 -0.07324
v 0.00017 0.007062 -0.040357
v -0.144037 1.04145 0.062879
v -0.216584 1.04145 0.098849
v -0.160089 1.041451 0.030504
v -0.160458 1.041452 -0.001569
v -0.16092 1.041453 -0.041766
v -0.147163 1.041453 -0.071194
v -0.130313 1.041453 -0.107238
v -0.241474 1.041452 -0.0047
v -0.254304 1.041452 -0.004553
v -0.230594 1.041454 -0.114228
v -0.218971 1.041454 -0.108794
v -0.102321 1.041453 -0.130092
v -0.074329 1.041452 -0.152946
v -0.035643 1.041452 -0.162245
v -0.058118 1.041453 -0.240123
v -0.061117 1.041453 -0.252599
v -0.089169 1.041453 -0.252454
v -0.004058 1.041451 -0.169837
v -0.153532 1.041453 -0.192816
v -0.161647 1.041454 -0.202755
v 0.035235 1.04145 -0.161343
v 0.066585 1.04145 -0.154566
v 0.095095 1.041449 -0.132361
v 0.14485 1.041449 -0.196246
v 0.152735 1.041449 -0.206369
v 0.123604 1.041449 -0.110157
v 0.048374 1.04145 -0.241347
v 0.051085 1.041451 -0.253889
v 0.139657 1.041448 -0.077781
v 0.155709 1.041448 -0.045406
v 0.156124 1.041448 -0.009272
v 0.237093 1.041447 -0.010203
v 0.249924 1.041447 -0.01035
v 0.15654 1.041448 0.026864
v 0.212203 1.041448 -0.113751
v 0.223699 1.041448 -0.119451
v 0.141236 1.041448 0.0596
v 0.125932 1.041448 0.092336
v 0.097941 1.041448 0.11519
v 0.149152 1.041447 0.177913
v 0.157267 1.041447 0.187852
v 0.069949 1.041448 0.138044
v 0.21459 1.041447 0.093892
v 0.226214 1.041447 0.099326
v 0.034813 1.041448 0.146489
v -0.000324 1.041448 0.154935
v -0.035645 1.041449 0.147299
v -0.052755 1.041448 0.226445
v -0.055466 1.041448 0.238987
v -0.070965 1.041449 0.139664
v 0.053738 1.041447 0.225221
v 0.056737 1.041447 0.237697
v -0.099475 1.041449 0.117459
v -0.127985 1.04145 0.095255
v -0.228079 1.041449 0.104549
v -0.149231 1.041448 0.181344
v -0.157115 1.041448 0.191467
v -0.089169 1.011875 -0.252454
v -0.08917 0.98236 -0.252454
v -0.08917 0.953185 -0.252454
v -0.080133 0.210487 -0.142732
v 0.02481 0.007619 -0.037016
v 0.112467 0.067328 -0.109464
v 0.092665 0.04157 -0.10512
v 0.121021 0.038738 -0.00624
v 0.124589 0.032779 -0.029925
v 0.115652 0.022488 -0.023515
v 0.112342 0.025216 -0.006018
v 0.103615 0.029956 0.011536
v 0.108318 0.042791 0.01758
v 0.0788 0.031148 -0.07493
v 0.072355 0.025819 -0.045009
v 0.078104 0.0376 0.020065
v 0.059095 0.025861 0.010223
v 0.080679 0.027443 0.012807
v 0.050344 0.030811 0.015581
v 0.076259 0.045815 0.025255
v 0.087174 0.020189 -0.005636
v 0.062011 0.018265 -0.005285
v 0.070351 0.013484 -0.020896
v 0.093674 0.016038 -0.024108
v 0.100103 0.032695 -0.042392
v 0.098171 0.03567 -0.036975
v 0.056461 0.099839 -0.142877
v 0.074439 0.040626 0.030447
v 0.044011 0.030108 0.032972
v 0.030606 0.037715 0.057075
v 0.026039 0.049669 0.082511
v 0.053363 0.024624 -0.005257
v 0.065516 0.020343 -0.026226
v 0.052239 0.067003 0.093581
v 0.096279 0.025762 -0.03156
vn 0.8001 -0.5838 -0.1379
vn 0.8422 -0.5369 0.0486
vn 0.8310 -0.5364 -0.1473
vn 0.7076 -0.7054 -0.0421
vn 0.7987 -0.5967 -0.0781
vn 0.9310 -0.3396 -0.1338
vn -0.1386 -0.4124 -0.9004
vn -0.2408 -0.8246 -0.5119
vn -0.0219 -0.5225 -0.8524
vn -0.3322 -0.4004 -0.8540
vn -0.6163 -0.5218 -0.5898
vn -0.4238 -0.2371 -0.8742
vn -0.3324 -0.5437 -0.7707
vn 0.1419 -0.2257 -0.9638
vn 0.0118 -0.8222 -0.5690
vn 0.3599 -0.4983 -0.7888
vn 0.0750 -0.3986 -0.9141
vn -0.2952 -0.5283 -0.7961
vn 0.0364 -0.5417 -0.8398
vn 0.7439 -0.2756 -0.6088
vn 0.2066 -0.8825 -0.4226
vn 0.6356 -0.5667 -0.5244
vn 0.4228 -0.4070 -0.8097
vn 0.0649 -0.5457 -0.8355
vn 0.1627 -0.2675 -0.9497
vn 0.3683 -0.5965 -0.7131
vn 0.8807 -0.3803 -0.2822
vn 0.7576 -0.6236 -0.1928
vn 0.7851 -0.4582 -0.4168
vn 0.8969 -0.4331 -0.0896
vn 0.8835 -0.4682 0.0138
vn 0.8581 -0.4763 -0.1917
vn 0.8927 -0.4167 -0.1715
vn 0.7752 -0.5983 -0.2027
vn 0.8102 -0.4447 -0.3818
vn 0.9212 -0.3437 -0.1823
vn 0.7798 -0.3716 -0.5039
vn 0.8980 -0.2671 -0.3497
vn 0.3913 -0.9199 0.0257
vn 0.8534 -0.5209 -0.0195
vn 0.7779 -0.3749 -0.5043
vn 0.4804 -0.5847 -0.6537
vn 0.8084 -0.2810 -0.5173
vn 0.6729 -0.6895 -0.2679
vn -0.0489 0.9755 -0.2143
vn -0.0000 0.9936 -0.1131
vn -0.0000 0.9774 -0.2116
vn -0.0245 0.9939 -0.1075
vn 0.0063 1.0000 0.0029
vn -0.0491 0.9936 -0.1019
vn -0.0917 0.9774 -0.1905
vn -0.1337 0.9514 -0.2774
vn -0.1371 0.9756 -0.1718
vn -0.1876 0.9537 -0.2352
vn -0.0687 0.9939 -0.0862
vn -0.0884 0.9936 -0.0706
vn -0.0993 0.9939 -0.0479
vn -0.1102 0.9936 -0.0252
vn -0.1103 0.9939 -0.0000
vn -0.1980 0.9755 -0.0954
vn -0.1653 0.9774 -0.1319
vn -0.2408 0.9514 -0.1920
vn -0.2541 0.9132 -0.3186
vn -0.1752 0.9148 -0.3640
vn -0.2711 0.9537 -0.1304
vn -0.2151 0.8685 -0.4465
vn 0.2533 0.8270 0.5019
vn 0.3800 0.7919 0.4780
vn 0.4461 0.8270 0.3422
vn -0.3031 0.8739 -0.3801
vn -0.3873 0.8685 -0.3092
vn -0.3158 0.9148 -0.2519
vn -0.3671 0.9132 -0.1769
vn -0.3002 0.9514 -0.0686
vn -0.2062 0.9774 -0.0471
vn -0.2198 0.9755 -0.0000
vn -0.1102 0.9936 0.0251
vn -0.0993 0.9939 0.0479
vn -0.4379 0.8739 -0.2109
vn -0.3008 0.9537 -0.0001
vn -0.1979 0.9756 0.0954
vn -0.4074 0.9132 0.0001
vn -0.3937 0.9148 -0.0899
vn -0.4830 0.8687 -0.1102
vn 0.5503 0.8270 0.1146
vn 0.5497 0.7920 0.2657
vn -0.4859 0.8740 -0.0000
vn 0.0911 0.9916 0.0921
vn 0.1107 0.9924 0.0544
vn 0.1794 0.9657 0.1877
vn 0.0938 0.9748 0.2025
vn 0.1301 0.9914 0.0167
vn 0.1094 0.9936 -0.0269
vn -0.0884 0.9936 0.0705
vn -0.0688 0.9939 0.0862
vn -0.2407 0.9515 0.1918
vn -0.2710 0.9537 0.1305
vn -0.1370 0.9756 0.1717
vn -0.1654 0.9774 0.1318
vn -0.0491 0.9936 0.1019
vn -0.0245 0.9939 0.1075
vn -0.2539 0.9134 0.3183
vn -0.1876 0.9537 0.2352
vn -0.2149 0.8689 0.4459
vn -0.3028 0.8742 0.3795
vn -0.1337 0.9515 0.2772
vn -0.1751 0.9150 0.3635
vn -0.0906 0.9134 0.3969
vn -0.1082 0.8743 0.4732
vn -0.0000 0.8690 0.4948
vn -0.0106 0.8273 -0.5616
vn -0.1350 0.7924 -0.5949
vn -0.2530 0.8273 -0.5016
vn 0.1079 0.8744 0.4731
vn 0.2147 0.8690 0.4458
vn -0.0669 0.9537 0.2931
vn -0.5376 0.8357 -0.1116
vn -0.3795 0.7923 -0.4777
vn 0.1363 0.7923 -0.5948
vn 0.2342 0.8272 -0.5108
vn -0.3873 0.8688 0.3086
vn -0.3156 0.9149 0.2516
vn -0.3670 0.9133 0.1767
vn -0.3001 0.9515 0.0685
vn -0.2062 0.9774 0.0470
vn -0.4377 0.8741 0.2107
vn 0.3810 0.7922 -0.4767
vn 0.4328 0.8271 -0.3585
vn -0.4829 0.8687 0.1101
vn -0.3937 0.9149 0.0897
vn 0.5455 0.8271 -0.1356
vn 0.6106 0.7919 0.0009
vn 0.5502 0.7921 -0.2643
vn 0.7769 -0.4298 0.4601
vn 0.5418 -0.7825 -0.3068
vn 0.6980 -0.5576 0.4494
vn 0.9101 -0.4128 0.0358
vn 0.8025 -0.3625 -0.4740
vn 0.9801 -0.1981 0.0141
vn 0.8242 -0.5661 0.0148
vn -0.0002 0.9514 -0.3079
vn -0.0908 0.9132 -0.3973
vn -0.0669 0.9537 -0.2933
vn 0.0001 0.9148 -0.4039
vn 0.0489 0.9755 -0.2143
vn 0.0246 0.9939 -0.1075
vn 0.0491 0.9936 -0.1019
vn 0.0918 0.9774 -0.1905
vn 0.1913 0.9777 -0.0863
vn 0.0885 0.9936 -0.0705
vn 0.0688 0.9939 -0.0862
vn 0.1370 0.9756 -0.1718
vn 0.1335 0.9514 -0.2774
vn 0.0668 0.9537 -0.2933
vn 0.0906 0.9132 -0.3974
vn -0.0000 0.8686 -0.4956
vn -0.1081 0.8739 -0.4740
vn 0.1081 0.8739 -0.4739
vn 0.1653 0.9774 -0.1319
vn 0.1347 0.7919 0.5956
vn 0.0103 0.8270 0.5621
vn 0.2150 0.8686 -0.4464
vn 0.1752 0.9148 -0.3639
vn -0.1370 0.7920 0.5949
vn -0.2346 0.8271 0.5108
vn -0.4329 0.8272 0.3583
vn 0.3874 0.8687 -0.3088
vn 0.4376 0.8741 -0.2109
vn -0.3817 0.7921 0.4764
vn 0.3030 0.8740 -0.3800
vn 0.2539 0.9133 -0.3186
vn 0.1875 0.9537 -0.2353
vn 0.2406 0.9515 -0.1919
vn 0.3678 0.9124 -0.1798
vn 0.3156 0.9149 -0.2518
vn 0.2673 0.9537 -0.1381
vn 0.4826 0.8688 -0.1103
vn 0.4187 0.9020 -0.1053
vn 0.4826 0.8689 -0.1103
vn 0.4121 0.9063 -0.0940
vn 0.3175 0.9438 -0.0925
vn 0.2168 0.9753 -0.0414
vn -0.5505 0.7921 0.2635
vn -0.5393 0.8347 -0.1114
vn 0.4826 0.8688 -0.1105
vn 0.4155 0.9028 -0.1112
vn -0.0746 0.8773 -0.4742
vn 0.0878 0.9120 0.4007
vn 0.1885 0.9006 0.3915
vn 0.1208 0.9382 0.3243
vn 0.1698 0.8927 0.4175
vn 0.1526 0.8895 0.4307
vn 0.1809 0.8643 0.4693
vn -0.2928 0.8857 0.3603
vn 0.1976 0.8668 0.4578
vn -0.0000 0.9515 0.3076
vn -0.0001 0.9151 0.4033
vn 0.0540 0.9537 0.2960
vn 0.0486 0.9780 0.2030
vn -0.0000 0.9774 0.2114
vn -0.0489 0.9756 0.2141
vn -0.0001 0.9936 0.1131
vn 0.0455 0.9937 0.1026
vn -0.0917 0.9774 0.1904
vn 0.4242 -0.2374 0.8739
vn 0.3097 -0.8400 0.4455
vn 0.3153 -0.5610 0.7654
vn 0.1925 -0.8803 0.4337
vn 0.7024 -0.6296 0.3319
vn 0.6332 -0.4484 0.6309
vn -0.5548 0.7770 -0.2975
vn -0.8601 0.5053 -0.0697
vn -0.1725 0.9821 -0.0753
vn -0.5456 0.8117 -0.2087
vn -0.1142 0.9917 -0.0590
vn -0.3024 0.9297 -0.2102
vn -0.3942 0.8743 -0.2834
vn -0.5894 0.5055 -0.6301
vn -0.3157 0.7006 -0.6399
vn -0.1883 0.5315 -0.8258
vn -0.0000 0.7024 -0.7118
vn -0.1285 0.9025 -0.4111
vn -0.1415 0.9714 -0.1907
vn -0.4191 0.9076 -0.0248
vn -0.3154 0.9462 -0.0720
vn 0.1883 0.5314 -0.8259
vn -0.0136 0.9714 -0.2371
vn 0.0790 0.9025 -0.4235
vn 0.3157 0.7004 -0.6401
vn 0.5375 0.5066 -0.6741
vn 0.6784 0.4969 -0.5412
vn 0.3345 0.8694 -0.3636
vn 0.5197 0.7389 -0.4288
vn 0.7769 0.5063 -0.3743
vn 0.7770 0.5062 -0.3742
vn 0.8461 0.4968 -0.1933
vn 0.8625 0.5061 -0.0001
vn 0.1189 0.9714 -0.2055
vn 0.8462 0.4967 -0.1931
vn 0.8624 0.5063 -0.0000
vn 0.8461 0.4967 0.1931
vn 0.7770 0.5062 0.3741
vn 0.8462 0.4966 0.1932
vn 0.7770 0.5062 0.3742
vn 0.6787 0.4965 0.5412
vn 0.5379 0.5061 0.6742
vn 0.3766 0.4965 0.7821
vn 0.3767 0.4966 0.7819
vn 0.1921 0.5060 0.8409
vn 0.1918 0.5061 0.8409
vn -0.0000 0.4965 0.8680
vn 0.0001 0.4965 0.8680
vn -0.1918 0.5061 0.8409
vn -0.1919 0.5062 0.8408
vn -0.3766 0.4968 0.7819
vn -0.3767 0.4967 0.7819
vn -0.5377 0.5063 0.6742
vn -0.5377 0.5062 0.6743
vn -0.6786 0.4968 0.5410
vn -0.7769 0.5064 0.3742
vn -0.8460 0.4970 0.1931
vn -0.7769 0.5063 0.3742
vn -0.6543 0.7389 0.1608
vn -0.6785 0.4967 0.5412
vn 0.1698 -0.2821 0.9442
vn 0.3070 -0.6804 0.6655
vn 0.0434 -0.3304 0.9428
vn 0.3402 -0.2511 0.9062
vn 0.6601 -0.3327 0.6735
vn 0.4416 -0.1664 0.8816
vn 0.3367 -0.5067 0.7937
vn -0.2439 -0.4243 0.8720
vn 0.0221 -0.6684 0.7435
vn -0.3561 -0.3298 0.8743
vn -0.0761 -0.2501 0.9652
vn 0.3163 -0.3273 0.8904
vn -0.0138 -0.4937 0.8695
vn 0.5845 -0.4192 -0.6948
vn 0.3660 -0.0504 -0.9293
vn 0.3432 -0.3919 -0.8536
vn 0.7183 -0.4691 -0.5138
vn 0.8485 -0.0889 -0.5217
vn 0.8632 -0.0002 -0.5048
vn 0.3346 -0.0000 -0.9424
vn 0.6680 0.0001 -0.7441
vn 0.6611 -0.0347 -0.7495
vn 0.4151 0.7698 -0.4849
vn 0.3541 0.0070 -0.9352
vn 0.6611 0.0358 -0.7494
vn 0.8541 0.0005 -0.5201
vn 0.7055 0.5230 -0.4782
vn 0.2293 0.6830 -0.6935
vn 0.8277 -0.4199 -0.3722
vn 0.7328 -0.0515 -0.6785
vn 0.6788 -0.3928 -0.6205
vn 0.8694 -0.4706 -0.1507
vn 0.9908 -0.0890 -0.1019
vn 0.9968 -0.0003 -0.0802
vn 0.7103 0.0005 -0.7039
vn 0.9248 0.0001 -0.3805
vn 0.9209 -0.0348 -0.3883
vn 0.5844 0.7698 -0.2569
vn 0.7248 0.0071 -0.6890
vn 0.9208 0.0358 -0.3884
vn 0.9952 0.0005 -0.0979
vn 0.8432 0.5230 -0.1248
vn 0.5074 0.6830 -0.5253
vn 0.9064 -0.4218 0.0244
vn 0.9547 -0.0507 -0.2933
vn 0.8803 -0.3947 -0.2632
vn 0.8423 -0.4739 0.2570
vn 0.9368 -0.0894 0.3383
vn 0.9329 -0.0004 0.3602
vn 0.9454 -0.0002 -0.3260
vn 0.9983 0.0002 0.0583
vn 0.9982 -0.0346 0.0498
vn 0.6380 0.7697 0.0221
vn 0.9520 0.0071 -0.3062
vn 0.9981 0.0359 0.0495
vn 0.9391 0.0005 0.3436
vn 0.8138 0.5230 0.2534
vn 0.6852 0.6830 -0.2531
vn 0.8044 -0.4240 0.4162
vn 0.9873 -0.0514 0.1501
vn 0.9060 -0.3972 0.1464
vn 0.6471 -0.4755 0.5959
vn 0.6973 -0.0905 0.7110
vn 0.6843 -0.0007 0.7292
vn 0.9932 -0.0005 0.1165
vn 0.8742 0.0003 0.4856
vn 0.8777 -0.0351 0.4779
vn 0.5652 0.7698 0.2967
vn 0.9906 0.0071 0.1369
vn 0.8778 0.0360 0.4777
vn 0.6971 0.0005 0.7170
vn 0.6233 0.5229 0.5814
vn 0.7271 0.6830 0.0692
vn 0.5451 -0.4258 0.7222
vn 0.8296 -0.0617 0.5549
vn 0.7531 -0.3983 0.5237
vn 0.3262 -0.4769 0.8162
vn 0.3255 -0.1536 0.9330
vn 0.2829 -0.0019 0.9592
vn 0.8616 0.0001 0.5075
vn 0.5770 0.0005 0.8168
vn 0.5834 -0.0355 0.8114
vn 0.3805 0.7698 0.5124
vn 0.8383 0.0161 0.5450
vn 0.5835 0.0361 0.8113
vn 0.3184 0.0655 0.9457
vn 0.3092 0.5228 0.7944
vn 0.6251 0.6830 0.3778
vn 0.1367 -0.3997 0.9064
vn 0.3559 -0.7688 0.5313
vn 0.3314 -0.5212 0.7865
vn 0.5954 -0.3858 0.7048
vn 0.6479 -0.5360 0.5412
vn 0.7509 -0.5980 0.2803
vn 0.6510 -0.7583 0.0349
vn 0.3213 -0.8085 -0.4930
vn -0.4072 -0.8564 0.3176
vn -0.3293 -0.7668 0.5510
vn -0.1612 -0.6082 0.7773
vn -0.2816 -0.4448 0.8502
vn 0.1122 -0.5038 0.8565
vn -0.8101 -0.5485 0.2068
vn -0.7501 -0.0564 0.6589
vn -0.8931 -0.0449 0.4477
vn -0.4414 -0.6010 0.6663
vn 0.2200 -0.6477 0.7294
vn -0.3191 -0.1588 0.9343
vn -0.3587 -0.4569 0.8140
vn -0.9450 -0.1945 0.2629
vn -0.7111 -0.3117 0.6302
vn -0.8890 -0.3570 0.2866
vn -0.8838 -0.2388 0.4023
vn -0.8477 -0.3117 0.4292
vn -0.7271 -0.5614 0.3951
vn -0.5448 -0.7535 0.3680
vn -0.7591 -0.1793 0.6257
vn -0.8918 -0.1385 0.4308
vn -0.9798 -0.0735 0.1862
vn -0.5441 -0.6548 -0.5246
vn -0.7109 -0.5284 -0.4641
vn -0.9243 -0.1147 -0.3641
vn -0.9689 -0.1969 -0.1496
vn -0.9638 -0.1340 0.2305
vn -0.9444 -0.2214 0.2433
vn -0.6299 -0.0857 0.7719
vn -0.9594 -0.2462 0.1374
vn -0.8995 -0.2249 0.3746
vn -0.9632 -0.1316 0.2342
vn -0.9431 -0.1698 0.2858
vn -0.9333 -0.3234 0.1562
vn -0.7122 -0.3432 -0.6123
vn -0.5493 -0.7069 -0.4456
vn -0.6344 -0.4588 0.6221
vn -0.5065 -0.2679 0.8195
vn -0.5712 -0.3249 0.7538
vn -0.9982 0.0235 0.0558
vn -0.9648 -0.0092 0.2628
vn -0.9733 0.0019 0.2295
vn -0.7072 -0.0944 0.7007
vn -0.8395 -0.1487 0.5226
vn -0.9619 -0.1200 0.2457
vn -0.9905 -0.0141 0.1370
vn -0.9863 -0.1479 0.0724
vn -0.9452 -0.2435 0.2176
vn -0.8874 -0.2718 0.3725
vn -0.5537 -0.2676 0.7886
vn -0.9177 -0.2575 0.3024
vn -0.8891 -0.2288 0.3963
vn -0.9562 -0.2878 0.0528
vn -0.6885 -0.6587 0.3034
vn 0.3384 -0.3426 -0.8764
vn 0.6438 -0.2395 -0.7267
vn -0.7353 -0.6733 -0.0773
vn -0.9430 -0.3187 -0.0958
vn -0.2929 -0.3071 -0.9055
vn -0.9588 -0.2724 -0.0807
vn -0.9487 -0.2534 0.1893
vn 0.0066 -0.1833 0.9830
vn -0.4772 -0.7026 0.5278
vn -0.5890 -0.7570 0.2827
vn -0.8865 -0.2476 -0.3910
vn 0.7885 0.0798 -0.6099
vn -0.9765 -0.2139 -0.0256
vn -0.9958 -0.0176 -0.0897
vn -0.9744 -0.0128 -0.2246
vn -0.6183 -0.0333 -0.7852
vn -0.6881 -0.7026 -0.1813
vn -0.6878 -0.1126 -0.7171
vn -0.7749 -0.3204 -0.5449
vn -0.5514 -0.8052 -0.2181
vn -0.4972 -0.8007 -0.3342
vn -0.6903 -0.6344 -0.3481
vn -0.8104 -0.4780 -0.3387
vn -0.8597 -0.2217 -0.4601
vn -0.8257 -0.0757 -0.5590
vn -0.9533 -0.2284 -0.1978
vn -0.9618 -0.1008 -0.2546
vn -0.9617 -0.0164 -0.2738
vn -0.9749 -0.0001 -0.2226
vn -0.9886 0.0245 -0.1487
vn -0.8140 -0.0305 -0.5801
vn -0.8213 -0.5494 -0.1538
vn -0.8714 -0.4899 0.0254
vn -0.9488 -0.2825 0.1417
vn -0.8594 -0.0947 -0.5024
vn -0.9657 -0.0039 -0.2596
vn -0.7859 -0.0287 0.6176
vn -0.9917 -0.0715 -0.1070
vn -0.9813 -0.1519 -0.1180
vn -0.6752 -0.2147 -0.7057
vn -0.4312 -0.4483 -0.7830
vn -0.5669 -0.5434 -0.6191
vn -0.7021 -0.3845 -0.5994
vn -0.8051 -0.3457 -0.4819
vn -0.8186 -0.4639 -0.3387
vn -0.9456 -0.3218 -0.0481
vn -0.6251 -0.7518 -0.2097
vn -0.5820 -0.8016 -0.1372
vn -0.8576 -0.1354 0.4962
vn -0.9968 -0.0797 0.0008
vn -0.9976 -0.0376 -0.0582
vn -0.7615 -0.0167 -0.6480
vn -0.7660 -0.0896 -0.6366
vn 0.0695 -0.1493 -0.9863
vn -0.7454 -0.2264 -0.6270
vn -0.2470 -0.3563 -0.9011
vn -0.8816 -0.2711 -0.3864
vn 0.0139 -0.0757 -0.9970
vn -0.5598 -0.7848 -0.2660
vn 0.1940 -0.7433 -0.6402
vn -0.1264 -0.5851 -0.8010
vn 0.7927 -0.5928 0.1424
vn 0.6428 -0.2206 -0.7336
vn 0.3805 -0.7477 -0.5442
vn 0.2026 -0.3943 -0.8964
vn 0.1565 -0.5600 -0.8136
vn 0.5318 -0.5502 -0.6438
vn 0.7400 -0.6147 -0.2729
vn 0.8675 -0.4935 -0.0619
vn -0.4841 -0.2034 -0.8510
vn -0.3762 -0.6517 -0.6586
vn 0.6808 -0.2036 0.7036
vn 0.3747 -0.3614 0.8538
vn 0.7080 -0.6987 0.1023
vn 0.3264 -0.8409 0.4316
vn 0.8368 -0.5048 0.2118
vn 0.7277 -0.6326 -0.2650
vn 0.4494 -0.5794 0.6800
vn 0.4678 -0.4980 0.7302
vn 0.7336 -0.6548 0.1819
vn 0.5851 -0.8079 0.0700
vn 0.3441 -0.8661 0.3626
vn -0.0320 -0.8387 0.5437
vn -0.0768 -0.6497 0.7563
vn -0.1755 -0.4590 0.8709
vn -0.4855 -0.6733 0.5577
vn -0.8434 -0.1196 0.5238
vn -0.2218 -0.7545 -0.6177
vn -0.1234 -0.5524 -0.8244
vn -0.8336 -0.2421 -0.4965
vn -0.7356 -0.1381 0.6632
vn -0.8122 -0.2121 -0.5434
vn -0.7356 -0.4099 0.5394
vn -0.8071 -0.4085 -0.4263
vn -0.6050 -0.7024 -0.3749
vn -0.4697 -0.8538 0.2245
vn 0.7324 -0.3032 0.6096
vn -0.3301 -0.7360 -0.5911
vn -0.3095 -0.1923 -0.9313
vn -0.4537 -0.0633 -0.8889
vn -0.7147 -0.0851 -0.6942
vn -0.7788 -0.2262 -0.5850
vn -0.9776 -0.1432 -0.1544
vn -0.8712 -0.2119 0.4429
vn -0.9644 -0.0899 -0.2488
vn -0.9542 -0.1982 -0.2241
vn -0.9745 -0.0624 -0.2156
vn -0.9438 -0.1933 -0.2681
vn -0.9203 -0.0853 -0.3817
vn -0.0222 -0.0209 -0.9995
vn -0.0723 -0.0084 -0.9973
vn -0.2194 -0.0230 -0.9754
vn -0.4093 -0.0178 -0.9122
vn -0.2232 -0.0032 -0.9748
vn -0.4103 0.0001 -0.9120
vn -0.4116 -0.0077 -0.9113
vn -0.3646 0.0019 -0.9312
vn -0.3717 -0.0161 -0.9282
vn -0.3727 -0.0524 -0.9265
vn -0.4120 -0.3362 -0.8469
vn -0.7566 -0.2255 -0.6138
vn -0.9883 -0.0303 -0.1495
vn -0.7829 -0.0695 -0.6182
vn -0.7817 0.0010 -0.6236
vn -0.9928 -0.0000 -0.1201
vn -0.3376 -0.0003 -0.9413
vn -0.3514 0.0008 -0.9362
vn -0.3683 -0.0039 -0.9297
vn -0.3419 0.0002 -0.9397
vn -0.9775 -0.0114 -0.2106
vn -0.9869 -0.0109 -0.1612
vn -0.9888 -0.0003 -0.1490
vn -0.9909 -0.0011 -0.1347
vn -0.7828 -0.0075 -0.6223
vn -0.7820 -0.0017 -0.6232
vn -0.3761 -0.0375 -0.9258
vn -0.6235 -0.0518 -0.7801
vn -0.9923 -0.0001 -0.1239
vn -0.6080 -0.2241 -0.7616
vn -0.3556 -0.2311 -0.9056
vn -0.7759 -0.2973 -0.5564
vn -0.6192 -0.1242 -0.7754
vn -0.8265 -0.0881 -0.5561
vn -0.5909 -0.3212 -0.7400
vn -0.3708 -0.3006 -0.8787
vn -0.7582 -0.2610 -0.5975
vn -0.7819 -0.0351 -0.6224
vn -0.9869 -0.0326 -0.1579
vn -0.8274 -0.2717 -0.4915
vn -0.9883 -0.0039 -0.1528
vn -0.9739 -0.0265 -0.2256
vn -0.9773 0.0004 -0.2119
vn -0.6169 -0.6982 -0.3633
vn -0.7401 -0.3442 -0.5777
vn -0.9080 -0.2818 -0.3100
vn -0.8980 -0.0404 -0.4382
vn -0.3585 -0.0891 -0.9293
vn -0.3881 -0.0112 -0.9216
vn -0.7764 -0.1441 -0.6135
vn -0.7818 -0.0122 -0.6234
vn -0.9415 -0.2995 -0.1547
vn -0.9664 -0.2162 -0.1391
vn -0.8812 -0.2081 -0.4244
vn -0.7373 -0.0489 -0.6738
vn -0.5370 -0.5279 -0.6580
vn -0.8813 -0.3724 -0.2910
vn -0.9722 -0.0574 -0.2269
vn -0.8535 -0.3300 -0.4033
vn -0.7447 -0.3049 -0.5937
vn -0.3506 -0.1976 -0.9155
vn -0.9848 -0.0114 -0.1732
vn -0.9858 -0.0944 -0.1389
vn -0.8941 -0.1341 -0.4274
vn -0.7162 -0.2964 -0.6319
vn -0.7159 -0.2031 -0.6680
vn -0.9475 -0.2382 -0.2133
vn -0.9604 -0.0390 0.2759
vn -0.8167 -0.5759 0.0365
vn -0.9996 -0.0271 -0.0022
vn -0.9196 -0.3368 -0.2022
vn -0.9009 -0.0114 -0.4338
vn -0.9583 -0.0212 -0.2851
vn -0.9477 -0.0000 -0.3192
vn -0.9805 -0.1964 0.0020
vn -0.9350 -0.1945 0.2965
vn -0.9170 -0.2927 0.2710
vn -0.9651 -0.1459 -0.2173
vn -0.7255 -0.0949 -0.6817
vn -0.7494 -0.0114 -0.6620
vn -0.8711 -0.2565 -0.4189
vn -0.9705 -0.1981 -0.1375
vn -0.8281 -0.5432 -0.1386
vn -0.7450 -0.5629 -0.3579
vn -0.9749 -0.0123 -0.2223
vn -0.9468 -0.3216 0.0096
vn -0.6612 -0.4695 -0.5852
vn -0.6085 -0.6282 -0.4849
vn -0.9085 -0.3923 -0.1441
vn -0.8074 -0.4204 -0.4140
vn -0.6256 -0.5438 -0.5593
vn -0.7133 -0.1985 -0.6722
vn -0.9286 -0.3056 -0.2106
vn -0.9624 -0.0115 0.2713
vn -0.9483 -0.0953 0.3028
vn -0.9908 -0.1349 0.0038
vn -0.9237 -0.2845 -0.2567
vn -0.9496 -0.0975 -0.2980
vn -0.9338 -0.1986 0.2977
vn -0.9632 -0.1469 0.2250
vn -0.9625 -0.0114 -0.2712
vn -0.9999 -0.0115 0.0001
vn -0.9664 -0.2572 0.0012
vn -0.8056 -0.5437 0.2353
vn -0.7581 -0.6292 -0.1713
vn -0.8494 -0.4702 -0.2396
vn -0.6572 -0.3928 -0.6433
vn -0.9748 -0.0124 0.2228
vn -0.8256 -0.5643 0.0022
vn -0.8808 -0.3926 0.2647
vn -0.9067 -0.4213 -0.0217
vn -0.8055 -0.5459 -0.2306
vn -0.9342 -0.1998 -0.2955
vn -0.9272 -0.3069 0.2147
vn -0.7494 -0.0116 0.6620
vn -0.7224 -0.0971 0.6846
vn -0.7095 -0.2814 0.6461
vn -0.8900 -0.1369 0.4350
vn -0.8506 -0.3092 0.4253
vn -0.9451 -0.2744 0.1772
vn -0.8838 -0.1812 0.4314
vn -0.7557 -0.6308 0.1762
vn -0.9008 -0.0117 0.4341
vn -0.9186 -0.3277 0.2209
vn -0.8710 -0.3941 -0.2934
vn -0.8686 -0.4712 0.1536
vn -0.6222 -0.5448 0.5621
vn -0.7116 -0.1996 0.6737
vn -0.8695 -0.2582 0.4210
vn -0.9848 -0.0114 0.1735
vn -0.9850 -0.0945 0.1446
vn -0.7684 -0.1484 0.6225
vn -0.7295 -0.3234 0.6027
vn -0.3508 -0.2830 0.8926
vn -0.7576 -0.2033 0.6203
vn -0.3415 -0.1644 0.9254
vn -0.9767 -0.1551 0.1481
vn -0.7815 -0.0126 0.6237
vn -0.7409 -0.5662 0.3612
vn -0.5980 -0.1905 0.7785
vn -0.5745 -0.3207 0.7531
vn -0.6780 -0.3934 0.6209
vn -0.8253 -0.4226 0.3746
vn -0.8235 -0.5487 0.1438
vn -0.9694 -0.2016 0.1403
vn -0.7408 -0.3090 0.5965
vn -0.3878 -0.0119 0.9217
vn -0.3520 -0.1013 0.9305
vn -0.6109 -0.1394 0.7793
vn -0.7653 -0.2917 0.5738
vn -0.8046 -0.1858 0.5640
vn -0.6231 -0.0118 0.7820
vn -0.6014 -0.6335 0.4868
vn -0.9110 -0.3962 0.1143
vn -0.7145 -0.4728 0.5156
vn -0.3156 -0.5471 0.7753
vn -0.3482 -0.2012 0.9156
vn -0.6002 -0.2598 0.7565
vn -0.8119 -0.0117 0.5836
vn -0.8231 -0.0985 0.5593
vn -0.5316 -0.1985 0.8234
vn -0.4307 -0.3819 0.8177
vn -0.4775 -0.2817 0.8322
vn -0.5091 -0.5689 0.6458
vn -0.3410 -0.3950 0.8531
vn -0.5801 -0.4244 0.6953
vn -0.6775 -0.5520 0.4861
vn -0.8119 -0.2039 0.5471
vn -0.4476 -0.3508 0.8225
vn -0.5433 -0.0171 0.8394
vn -0.7704 -0.3983 0.4979
vn -0.4332 -0.4756 0.7656
vn -0.3320 -0.6411 0.6919
vn -0.8165 -0.0193 0.5771
vn -0.5420 -0.0274 0.8399
vn -0.5436 -0.1107 0.8320
vn -0.8420 -0.0503 0.5371
vn -0.3696 -0.0204 0.9290
vn -0.6162 -0.0228 0.7872
vn -0.7272 -0.2697 0.6312
vn -0.8101 -0.3024 0.5022
vn -0.4526 -0.3262 0.8299
vn -0.3223 -0.5955 0.7358
vn -0.5387 -0.7226 0.4332
vn -0.4618 -0.8160 -0.3477
vn -0.4990 -0.7372 -0.4555
vn -0.3306 -0.0000 0.9438
vn -0.9857 -0.0105 0.1683
vn -0.7817 -0.0058 0.6236
vn -0.7723 -0.0511 0.6332
vn -0.3407 -0.0010 0.9402
vn -0.3712 0.0057 0.9285
vn -0.4108 -0.0074 0.9117
vn -0.3650 0.0019 0.9310
vn -0.4098 0.0016 0.9122
vn -0.4039 -0.0100 0.9147
vn -0.2199 -0.0063 0.9755
vn -0.2095 0.0025 0.9778
vn 0.0054 -0.0141 0.9999
vn -0.1833 -0.1587 0.9702
vn -0.9014 -0.0080 0.4328
vn -0.3717 -0.0164 0.9282
vn -0.8184 0.3550 0.4519
vn -0.2220 -0.0225 0.9748
vn 0.0005 -0.0209 0.9998
vn 0.0266 -0.5713 0.8203
vn 0.0376 -0.4420 0.8962
vn -0.1158 -0.4149 0.9025
vn -0.0048 -0.2019 0.9794
vn -0.2874 -0.5292 0.7983
vn 0.5534 -0.7822 0.2863
vn 0.4741 -0.8261 0.3045
vn 0.0651 -0.7353 0.6747
vn -0.0602 -0.5992 0.7984
vn -0.3855 -0.5090 0.7696
vn -0.3656 -0.1477 0.9190
vn -0.4749 -0.4420 0.7610
vn -0.6859 -0.7244 0.0688
vn -0.6081 -0.7938 0.0037
vn -0.3127 -0.8127 0.4918
vn 0.6692 -0.0544 0.7411
vn 0.4724 -0.0225 0.8811
vn 0.4711 -0.0619 0.8799
vn 0.2719 -0.0669 0.9600
vn 0.2982 -0.0043 0.9545
vn -0.1020 -0.0317 0.9943
vn 0.2490 0.0513 0.9672
vn -0.0631 -0.0188 0.9978
vn 0.4360 0.0041 0.8999
vn -0.1039 -0.0651 0.9925
vn -0.4639 -0.0562 0.8841
vn -0.0018 -0.0005 1.0000
vn 0.2235 0.0002 0.9747
vn 0.2286 0.0266 0.9732
vn 0.4302 -0.0030 0.9027
vn 0.0494 -0.1189 0.9917
vn 0.6822 -0.0454 0.7297
vn 0.8005 -0.0262 0.5988
vn 0.7695 -0.0862 0.6328
vn -0.3979 -0.6716 0.6250
vn 0.4210 0.0006 0.9071
vn 0.4407 -0.0153 0.8975
vn 0.6189 0.0170 0.7852
vn 0.4506 -0.0656 0.8903
vn -0.8769 -0.4292 0.2164
vn 0.6279 -0.0949 0.7725
vn 0.7428 -0.0168 0.6693
vn 0.5560 -0.0819 0.8271
vn 0.4646 -0.3267 0.8231
vn 0.7783 -0.0083 0.6278
vn 0.6147 -0.0224 0.7885
vn 0.4121 -0.0193 0.9109
vn 0.2229 -0.0216 0.9746
vn 0.3648 -0.0130 0.9310
vn 0.8953 -0.0231 0.4449
vn 0.6717 -0.0704 0.7374
vn 0.3739 -0.0185 0.9273
vn 0.3412 -0.0000 0.9400
vn 0.3373 -0.0514 0.9400
vn 0.4605 -0.7013 0.5442
vn 0.6202 -0.0212 0.7842
vn 0.6873 -0.2644 0.6765
vn 0.6963 -0.0081 0.7177
vn 0.6793 -0.5524 0.4832
vn 0.3286 -0.6433 0.6915
vn 0.3601 -0.3525 0.8638
vn 0.8125 -0.2048 0.5458
vn 0.8120 -0.0121 0.5835
vn 0.6003 -0.2614 0.7558
vn 0.6231 -0.0121 0.7820
vn 0.3876 -0.0121 0.9217
vn 0.6118 -0.1459 0.7774
vn 0.3530 -0.1031 0.9299
vn 0.3545 -0.2926 0.8881
vn 0.6749 -0.2075 0.7081
vn 0.6802 -0.3831 0.6249
vn 0.3442 -0.1700 0.9234
vn 0.6022 -0.1986 0.7733
vn 0.8238 -0.0990 0.5582
vn 0.6976 -0.3505 0.6249
vn 0.6968 -0.0166 0.7170
vn 0.8129 -0.0314 0.5816
vn 0.8070 -0.1948 0.5575
vn 0.3185 -0.0593 0.9461
vn 0.3392 -0.2878 0.8956
vn 0.7675 -0.3078 0.5623
vn 0.5774 -0.3342 0.7449
vn 0.3053 -0.2041 0.9301
vn 0.3171 -0.0175 0.9482
vn 0.3521 -0.3912 0.8503
vn 0.5095 -0.5715 0.6433
vn 0.3149 -0.5509 0.7729
vn 0.3099 -0.3973 0.8637
vn 0.5949 -0.6412 0.4847
vn 0.3484 -0.2039 0.9149
vn -0.2526 -0.4948 -0.8315
vn -0.0367 -0.1750 -0.9839
vn -0.0319 -0.7038 -0.7097
vn 0.2382 -0.6096 -0.7561
vn 0.3735 -0.0997 -0.9223
vn 0.6196 -0.0986 -0.7787
vn 0.7936 -0.1322 -0.5939
vn 0.7365 -0.3466 -0.5809
vn 0.4223 -0.8059 -0.4150
vn 0.3739 -0.1851 -0.9088
vn -0.2114 -0.3779 -0.9014
vn -0.2705 -0.0828 -0.9592
vn -0.0313 -0.0617 -0.9976
vn -0.0269 -0.0767 -0.9967
vn -0.2868 -0.0562 -0.9563
vn -0.4499 -0.0762 -0.8898
vn -0.4508 -0.1675 -0.8768
vn -0.3409 -0.6662 -0.6633
vn -0.2805 -0.1633 -0.9459
vn 0.3233 -0.0745 -0.9434
vn 0.4634 -0.8827 0.0778
vn 0.0159 -0.9310 0.3646
vn 0.4283 -0.7090 0.5603
vn 0.3770 -0.9250 0.0482
vn 0.0718 -0.9174 -0.3914
vn -0.3377 -0.8724 -0.3533
vn -0.1899 -0.9287 -0.3186
vn 0.6397 -0.5030 0.5812
vn 0.6071 -0.6229 0.4934
vn 0.7897 -0.4005 0.4647
vn 0.6067 -0.7795 0.1558
vn 0.8305 -0.4716 0.2964
vn 0.8660 -0.4659 -0.1817
vn 0.2296 -0.7890 -0.5699
vn 0.8627 -0.4834 0.1484
vn 0.7149 -0.4891 0.4997
vn 0.6110 -0.7318 -0.3020
vn 0.7750 -0.4640 -0.4290
vn 0.9767 -0.2142 -0.0103
vn 0.9401 -0.3343 0.0669
vn 0.8479 -0.3073 -0.4321
vn 0.3362 -0.5123 -0.7903
vn 0.3095 -0.8169 -0.4868
vn 0.4190 -0.9071 0.0412
vn 0.0288 -0.7440 -0.6676
vn -0.0810 -0.8205 -0.5659
vn 0.2250 -0.9336 0.2789
vn 0.4630 -0.7292 0.5039
vn 0.9218 -0.1273 -0.3662
vn 0.6366 -0.6241 0.4530
vn 0.6295 -0.7521 0.1953
vn 0.5984 -0.6471 0.4724
vn 0.9553 -0.1967 -0.2209
vn 0.9826 -0.1627 -0.0899
vn 0.8326 -0.1236 -0.5399
vn 0.7386 -0.2364 -0.6314
vn 0.4916 -0.3556 -0.7949
vn 0.0464 -0.4895 -0.8708
vn -0.0876 -0.5183 -0.8507
vn 0.2421 -0.5601 -0.7923
vn 0.8359 -0.4172 -0.3567
vn 0.7774 -0.0529 -0.6268
vn 0.7409 -0.4251 -0.5199
vn -0.1440 -0.7748 -0.6156
vn 0.0898 -0.6051 -0.7910
vn 0.4770 -0.8077 -0.3465
vn 0.6331 -0.7287 0.2610
vn 0.8197 -0.5523 0.1517
vn 0.3693 -0.8281 -0.4218
vn 0.7414 -0.4032 -0.5364
vn 0.6759 -0.7222 -0.1471
vn 0.6185 -0.6955 -0.3657
vn 0.4548 -0.8532 -0.2554
vn 0.3048 -0.8437 -0.4419
vn 0.0563 -0.7345 -0.6763
vn 0.7328 -0.6683 0.1278
vn -0.8502 -0.2919 -0.4380
vn 0.0742 -0.4183 0.9053
vn 0.8879 -0.4264 -0.1724
vn -0.9438 -0.3143 -0.1022
vn -0.7790 -0.5717 0.2573
vn -0.4569 -0.6044 -0.6526
vn 0.5690 -0.5901 -0.5727
vn 0.0840 -0.8354 -0.5432
vn -0.2109 -0.5964 -0.7745
vn -0.3101 -0.5319 -0.7879
vn -0.8527 -0.0747 -0.5171
vn 0.5292 -0.5513 0.6450
vn -0.1829 -0.2918 -0.9388
vn -0.1296 -0.5097 -0.8505
vn -0.6550 -0.5205 0.5478
vn 0.2393 -0.6638 0.7086
vn 0.9713 -0.1056 0.2129
vn 0.9079 -0.4043 -0.1106
vn 0.6759 -0.4870 0.5531
vn 0.8190 -0.4937 0.2924
vn 0.9227 -0.2839 0.2610
vn 0.2703 -0.6786 0.6830
vn 0.9203 -0.3469 0.1809
vn 0.9489 -0.2188 0.2272
vn 0.9786 -0.1256 0.1631
vn 0.9584 -0.1550 0.2399
vn 0.9742 -0.0455 0.2212
vn 0.8697 -0.2077 0.4477
vn 0.5576 -0.5384 0.6318
vn 0.9002 0.0419 0.4335
vn 0.9744 -0.0277 0.2231
vn 0.9702 0.0006 0.2424
vn 0.9710 -0.1060 -0.2141
vn 0.9793 -0.0944 0.1793
vn 0.9538 -0.0399 -0.2977
vn 0.8938 -0.0186 -0.4480
vn 0.8408 -0.5372 0.0672
vn 0.9859 -0.0692 0.1521
vn 0.8215 -0.5634 -0.0872
vn 0.8973 -0.1302 -0.4218
vn 0.9051 -0.2695 -0.3290
vn 0.6879 -0.4200 -0.5919
vn 0.8389 -0.2705 -0.4723
vn 0.7096 -0.5773 -0.4040
vn 0.7818 -0.0001 0.6235
vn 0.7912 -0.0026 0.6116
vn 0.7960 0.0292 0.6046
vn 0.8807 -0.0004 0.4737
vn 0.8871 -0.0881 0.4530
vn 0.9688 -0.2108 0.1301
vn 0.9530 -0.2318 -0.1951
vn 0.9164 -0.2475 -0.3146
vn 0.8248 -0.3086 -0.4738
vn 0.4741 -0.4186 -0.7746
vn -0.6012 -0.5331 -0.5953
vn 0.6795 -0.4843 0.5512
vn 0.6913 -0.6723 0.2647
vn 0.9762 -0.1969 0.0907
vn 0.9750 -0.2163 -0.0508
vn 0.9562 -0.2647 -0.1247
vn 0.8488 -0.1794 0.4973
vn 0.9218 -0.1946 0.3352
vn 0.7989 -0.0735 0.5969
vn 0.6160 -0.2519 0.7464
vn 0.0875 -0.3054 0.9482
vn 0.6917 -0.2359 0.6826
vn 0.7138 -0.1097 0.6917
vn 0.8269 -0.3534 0.4374
vn 0.8555 -0.2840 0.4329
vn 0.4707 -0.2652 0.8415
vn 0.7262 -0.3373 0.5991
vn 0.7418 -0.2432 0.6250
vn 0.1843 -0.3194 0.9295
vn -0.4301 -0.5761 0.6951
vn -0.5182 -0.4334 0.7373
vn 0.6802 -0.5270 -0.5096
vn 0.9227 -0.3284 0.2021
vn 0.2701 -0.2857 0.9195
vn -0.0078 -0.1265 0.9919
vn 0.7612 -0.0196 0.6482
vn 0.7822 -0.0021 0.6230
vn 0.0605 -0.1660 0.9843
vn 0.7718 -0.0009 0.6359
vn 0.8027 -0.4514 0.3897
vn 0.6896 -0.4601 0.5593
vn 0.5676 -0.3467 0.7467
vn 0.5618 -0.1396 0.8154
vn 0.7596 -0.6455 0.0792
vn 0.5225 -0.1752 0.8345
vn 0.5448 -0.1201 0.8299
vn 0.9819 -0.1590 0.1029
vn 0.9282 -0.2906 0.2325
vn 0.9709 -0.0094 0.2391
vn 0.9590 -0.0081 0.2833
vn 0.9734 -0.0219 -0.2282
vn 0.8097 -0.2173 -0.5452
vn 0.7615 -0.0836 -0.6427
vn 0.9449 -0.1367 -0.2975
vn 0.9689 -0.0473 0.2430
vn 0.9522 -0.0019 0.3056
vn 0.9477 -0.0001 0.3192
vn 0.7257 -0.0119 -0.6880
vn 0.9730 -0.0243 -0.2296
vn 0.9749 0.0004 -0.2225
vn 0.9581 -0.0036 0.2863
vn 0.9999 -0.0120 0.0017
vn 0.9465 -0.0436 -0.3198
vn 1.0000 0.0023 0.0004
vn 0.7127 -0.0002 -0.7015
vn 0.9535 0.0001 0.3014
vn 0.9349 -0.0132 0.3546
vn 0.9540 -0.0000 -0.2999
vn 0.9450 -0.1127 0.3071
vn 0.9594 -0.0177 -0.2814
vn 0.9395 -0.0170 0.3422
vn 0.9111 -0.2811 0.3014
vn 0.9371 -0.1930 -0.2907
vn 0.9747 -0.0080 -0.2234
vn 0.9598 -0.0204 0.2800
vn 0.9999 -0.0143 -0.0025
vn 0.9770 -0.2132 0.0049
vn 0.9174 -0.3076 -0.2523
vn 0.8791 -0.3943 0.2677
vn 0.9140 -0.2108 0.3465
vn 0.9744 -0.0227 -0.2237
vn 0.9382 -0.3457 0.0163
vn 0.7216 -0.0038 -0.6923
vn 0.9752 0.0004 -0.2215
vn 0.7329 -0.0015 -0.6804
vn 0.7352 -0.0032 -0.6778
vn 0.7783 -0.0033 -0.6279
vn 0.7440 -0.0245 -0.6677
vn 0.9074 -0.3148 0.2784
vn 0.9300 -0.2106 0.3013
vn 0.9435 -0.2581 -0.2080
vn 0.7387 -0.0305 -0.6733
vn 0.7155 -0.0000 -0.6986
vn 0.7833 -0.0263 -0.6211
vn 0.7750 -0.0000 -0.6319
vn 0.5991 -0.0252 -0.8003
vn 0.6116 0.0453 -0.7899
vn 0.7760 0.3609 -0.5173
vn 0.7165 -0.2186 -0.6624
vn 0.8259 -0.0230 -0.5634
vn 0.9894 -0.1451 0.0065
vn 0.9466 -0.1030 0.3054
vn 0.9866 -0.0522 -0.1544
vn 0.7849 -0.0619 -0.6166
vn 0.9015 -0.0410 -0.4308
vn 0.8825 -0.2211 -0.4151
vn 0.7141 -0.3152 -0.6250
vn 0.9121 -0.3614 -0.1936
vn 0.9641 -0.1570 -0.2141
vn 0.9623 -0.0108 0.2717
vn 0.9999 -0.0118 0.0004
vn 0.9749 -0.0126 -0.2222
vn 0.8493 -0.3501 -0.3951
vn 0.9288 -0.3057 -0.2092
vn 0.9332 -0.1993 0.2990
vn 0.7495 -0.0110 -0.6619
vn 0.7253 -0.1011 -0.6810
vn 0.8936 -0.1428 -0.4254
vn 0.9379 -0.3157 -0.1441
vn 0.9674 -0.2183 -0.1286
vn 0.7620 -0.2532 -0.5960
vn 0.3838 -0.0432 -0.9224
vn 0.7133 -0.1992 -0.6720
vn 0.3577 -0.2052 -0.9110
vn 0.9854 -0.1016 -0.1367
vn 0.6222 -0.0312 -0.7823
vn 0.6126 -0.2106 -0.7618
vn 0.3702 -0.3060 -0.8771
vn 0.7370 -0.3555 -0.5749
vn 0.7756 -0.1542 -0.6121
vn 0.9849 -0.0117 -0.1730
vn 0.9010 -0.0116 -0.4337
vn 0.8712 -0.2567 -0.4186
vn 0.6247 -0.5444 -0.5598
vn 0.7576 -0.6301 -0.1700
vn 0.7452 -0.5629 -0.3575
vn 0.7819 -0.0111 -0.6233
vn 0.8293 -0.5416 -0.1373
vn 0.9708 -0.1976 -0.1364
vn 0.7461 -0.3043 -0.5922
vn 0.3882 -0.0115 -0.9215
vn 0.3573 -0.0986 -0.9288
vn 0.6184 -0.1404 -0.7732
vn 0.5910 -0.3391 -0.7319
vn 0.6100 -0.6277 -0.4836
vn 0.9136 -0.3910 -0.1115
vn 0.3208 -0.5428 -0.7762
vn 0.3511 -0.1980 -0.9152
vn 0.6030 -0.2559 -0.7556
vn 0.6235 -0.0116 -0.7817
vn 0.5169 -0.5613 -0.6464
vn 0.4077 -0.4985 -0.7650
vn 0.3254 -0.7492 -0.5769
vn 0.6029 -0.7977 0.0115
vn 0.6783 -0.7346 -0.0159
vn 0.6479 -0.2955 -0.7021
vn 0.6799 -0.2960 0.6710
vn 0.5315 -0.7324 -0.4256
vn -0.0856 -0.7059 0.7032
vn 0.1241 -0.7999 0.5872
vn -0.0008 -0.8216 -0.5700
vn -0.0119 -0.8098 -0.5865
vn 0.4253 -0.8482 -0.3157
vn -0.5360 -0.7129 -0.4523
vn 0.2869 -0.7067 0.6468
vn -0.4399 -0.8395 -0.3190
vn -0.6607 -0.3757 0.6498
vn 0.1397 -0.7509 0.6455
vn -0.4333 -0.7587 0.4865
vn -0.6644 -0.7335 -0.1434
vn 0.5505 -0.7882 0.2750
vn -0.1377 -0.8574 0.4959
vn -0.4706 -0.4355 0.7674
vn 0.0070 -0.0403 0.9992
vn 0.4494 -0.1890 0.8731
vn 0.5680 -0.0622 0.8207
vn 0.0172 -0.7395 0.6729
vn 0.5672 -0.7635 0.3089
vn 0.5775 -0.8115 0.0887
vn 0.1828 -0.7389 0.6485
vn -0.2213 -0.4983 0.8383
vn -0.0438 -0.1569 0.9866
vn -0.7488 -0.1634 0.6424
vn -0.5708 -0.3482 0.7436
vn -0.5494 -0.1210 0.8267
vn -0.7048 -0.5164 0.4865
vn -0.8259 -0.5632 -0.0257
vn -0.9201 -0.3768 -0.1067
vn -0.9490 -0.2795 -0.1455
vn -0.6852 -0.0947 0.7222
vn -0.8978 -0.4237 0.1203
vn -0.7563 -0.1188 0.6434
vn -0.6013 -0.0442 0.7978
vn -0.4169 -0.1148 0.9017
vn -0.5696 -0.5352 0.6238
vn -0.4013 -0.0608 0.9139
vn -0.5537 -0.0395 0.8317
vn -0.4836 -0.6880 0.5411
vn -0.7741 -0.5491 -0.3150
vn -0.8567 -0.2453 -0.4538
vn -0.5008 -0.8593 0.1040
vn -0.3240 -0.9192 -0.2240
vn -0.5520 -0.8011 -0.2312
vn -0.4536 -0.8836 0.1158
vn -0.3811 -0.7728 0.5075
vn -0.0164 -0.9843 -0.1755
vn -0.0169 -0.9648 0.2624
vn -0.2408 -0.8577 0.4543
vn -0.0360 -0.8698 0.4920
vn -0.0657 -0.8137 0.5775
vn -0.2651 -0.8482 0.4585
vn -0.2067 -0.8675 0.4524
vn -0.2724 -0.8609 0.4297
vn -0.2985 -0.8703 0.3918
vn -0.2485 -0.8718 0.4221
vn -0.1204 -0.9436 0.3083
vn -0.0106 -0.9199 0.3920
vn 0.4743 -0.8760 0.0872
vn 0.1322 -0.6835 0.7179
vn -0.2465 -0.8650 0.4371
vn 0.4866 -0.8733 -0.0241
vn 0.5526 -0.7284 0.4051
vn 0.1628 -0.7272 0.6669
vn -0.3000 -0.7274 0.6172
vn 0.7312 -0.4703 0.4941
vn 0.7621 -0.5391 -0.3587
vn 0.8774 -0.4667 -0.1114
vn 0.6890 -0.6824 -0.2441
vn 0.4942 -0.8268 0.2687
vn -0.1349 -0.7435 0.6550
vn -0.0524 -0.5813 0.8120
vn 0.9574 -0.0643 -0.2815
vn 0.9533 -0.0049 -0.3019
vn 0.5118 -0.8276 0.2305
vn -0.5657 -0.5204 0.6396
vn -0.2484 -0.7916 0.5583
vn -0.4950 -0.8066 0.3232
vn -0.5051 -0.8631 -0.0042
vn -0.4598 -0.8866 0.0503
vn 0.8855 -0.0982 -0.4541
vn -0.4721 -0.6413 -0.6049
vn 0.6903 -0.5114 -0.5118
vn 0.5850 -0.7731 -0.2450
vn 0.1249 -0.8441 -0.5214
vn 0.0713 -0.8145 -0.5758
vn 0.3664 -0.7714 -0.5202
vn 0.3150 -0.9441 0.0975
vn 0.5826 -0.8127 -0.0044
vn 0.8430 -0.4970 0.2061
vn 0.5756 -0.7983 0.1775
vn 0.6980 -0.6833 0.2143
vn 0.5762 -0.8075 0.1257
vn 0.8198 -0.5587 0.1253
vn 0.9378 -0.3257 0.1199
vn 0.9264 -0.0955 0.3642
vn 0.9331 -0.2287 0.2777
vn 0.9771 -0.1878 0.0997
vn 0.9001 -0.3799 -0.2132
vn 0.7707 -0.6372 0.0059
vn 0.5643 -0.7397 -0.3667
vn 0.2662 -0.8946 -0.3589
vn 0.2700 -0.9309 -0.2460
vn 0.4361 -0.8752 0.2095
vn 0.5602 -0.4963 -0.6632
vn 0.4332 -0.5650 -0.7022
vn 0.9761 -0.1936 0.0982
vn 0.9530 -0.1051 -0.2840
vn 0.6535 -0.4518 -0.6073
vn 0.9301 -0.1699 -0.3257
vn 0.6684 -0.7317 -0.1332
vn 0.6924 -0.4313 -0.5784
vn 0.6395 -0.6946 0.3295
vn 0.0859 -0.8213 -0.5639
vn 0.1941 -0.7364 -0.6481
vn 0.1233 -0.7939 -0.5955
vn 0.4264 -0.7832 -0.4525
vn 0.6779 -0.7290 -0.0951
vn 0.8801 -0.4734 -0.0366
vn -0.3767 -0.5832 -0.7197
vn -0.8636 -0.5028 0.0376
vn -0.3171 -0.7334 -0.6013
vn 0.2747 -0.7584 -0.5910
vn -0.5090 -0.8183 -0.2671
vn -0.4237 -0.8992 -0.1095
vn -0.3760 -0.9254 -0.0477
vn -0.2299 -0.8978 -0.3756
vn 0.6902 -0.6701 -0.2731
vn 0.4973 -0.7308 0.4676
vn -0.3533 -0.6025 0.7156
vn 0.5347 -0.8040 -0.2600
vn 0.5578 -0.7400 0.3760
vn 0.8093 -0.5217 0.2699
vn 0.3566 -0.8380 0.4130
vn -0.0729 -0.7603 -0.6455
vn 0.0561 -0.6618 -0.7476
vn 0.5501 -0.7540 -0.3589
vn 0.7717 -0.5778 -0.2658
vn 0.3934 -0.5271 0.7532
vn 0.3856 -0.5411 0.7473
vn 0.5184 -0.6586 0.5454
vn 0.4930 -0.5803 0.6483
vn 0.6607 -0.6110 -0.4360
vn 0.6127 -0.7896 0.0348
vn 0.4208 -0.7839 -0.4566
vn 0.0693 -0.9378 0.3402
vn -0.0249 -0.8569 0.5149
vn 0.3696 -0.7637 0.5293
vn -0.4640 -0.2358 0.8539
vn 0.4066 -0.6426 0.6494
vn -0.0883 -0.1348 0.9869
vn -0.4434 -0.1378 0.8857
vn 0.1632 -0.1031 0.9812
vn -0.0308 -0.6246 0.7803
vn 0.7552 -0.2037 0.6231
vn 0.6576 -0.1359 0.7410
vn 0.4791 -0.1312 0.8679
vn 0.3205 -0.1270 0.9387
vn -0.4589 -0.2116 0.8629
vn 0.8072 -0.5352 0.2491
vn -0.4366 -0.7608 0.4802
vn -0.5512 -0.0718 0.8313
vn -0.7953 -0.1374 -0.5905
vn -0.9855 -0.1499 -0.0794
vn 0.5256 -0.0108 -0.8507
vn 0.5106 -0.1050 -0.8534
vn -0.0328 -0.1217 -0.9920
vn 0.2523 -0.3210 -0.9128
vn -0.4747 -0.2687 -0.8381
vn -0.9781 -0.0619 0.1987
vn -0.5444 -0.1146 -0.8310
vn -0.7837 -0.5404 -0.3063
vn -0.3989 -0.5487 -0.7347
vn 0.8279 -0.5404 -0.1501
vn 0.7796 -0.2448 -0.5765
vn 0.6849 -0.5627 -0.4629
vn 0.2294 -0.3625 -0.9033
vn -0.0909 -0.6596 -0.7461
vn 0.4739 -0.7510 -0.4599
vn 0.6788 -0.6410 0.3583
vn 0.8863 -0.3644 0.2857
vn 0.0977 -0.0928 -0.9909
vn 0.0089 -0.9276 -0.3734
vn -0.0309 -0.9124 -0.4082
vn -0.2049 -0.7623 -0.6139
vn 0.2242 -0.8639 -0.4509
vn 0.6386 -0.7694 0.0158
vn 0.5461 -0.8213 0.1650
vn 0.3298 -0.9340 0.1371
vn 0.1792 -0.9609 -0.2111
vn 0.3114 -0.9093 0.2760
vn -0.1138 -0.9548 -0.2746
vn -0.0678 -0.8875 -0.4558
vn -0.1646 -0.7800 -0.6037
vn 0.0273 -0.8914 -0.4524
vn 0.1607 -0.9246 -0.3454
vn 0.6808 -0.0938 -0.7265
vn 0.6173 -0.6400 -0.4574
vn 0.7502 -0.5882 -0.3021
vn 0.8817 -0.1390 -0.4509
vn 0.8468 -0.4372 0.3030
vn 0.9222 -0.1754 0.3446
vn 0.8407 -0.0072 -0.5415
vn 0.7816 -0.0019 -0.6238
vn 0.7176 -0.0015 -0.6965
vn 0.5449 -0.0955 -0.8330
vn 0.5197 -0.2290 -0.8231
vn 0.3937 -0.1875 -0.8999
vn 0.9577 -0.1525 0.2442
vn 0.1260 -0.1794 -0.9757
vn 0.0040 -0.2329 -0.9725
vn 0.4208 -0.0511 -0.9057
vn 0.4386 -0.0043 -0.8987
vn 0.5485 -0.0023 -0.8361
vn 0.2834 -0.0077 -0.9590
vn 0.4339 -0.0079 -0.9009
vn 0.2547 -0.7354 -0.6279
vn -0.0847 -0.6275 -0.7740
vn -0.5481 -0.3299 -0.7686
vn -0.3735 -0.4471 -0.8128
vn -0.2223 -0.5629 -0.7960
vn -0.1066 -0.2665 -0.9579
vn -0.0336 -0.0114 -0.9994
vn 0.0551 -0.0942 -0.9940
vn 0.0659 -0.0045 -0.9978
vn 0.0223 -0.1252 -0.9919
vn -0.8504 -0.5087 -0.1341
vn -0.7269 -0.6846 0.0540
vn -0.6388 -0.7484 -0.1787
vn 0.5642 -0.2624 0.7828
vn 0.7503 -0.6401 0.1655
vn 0.1757 -0.6444 0.7442
vn -0.1461 -0.5583 0.8167
vn -0.0285 -0.4545 0.8903
vn 0.0365 -0.9979 -0.0538
vn -0.1537 -0.9773 0.1456
vn 0.4443 -0.8407 0.3095
vn 0.2044 -0.9454 0.2539
vn -0.2301 -0.9654 0.1226
vn 0.1440 -0.7959 -0.5880
vn 0.2794 -0.9557 -0.0923
vn -0.6554 -0.7406 0.1484
vn -0.3025 -0.9035 0.3036
vn -0.4849 -0.6516 0.5833
vn -0.5900 -0.7206 -0.3643
vn -0.4544 -0.4889 0.7446
vn -0.4886 -0.8615 0.1381
vn -0.0227 -0.9205 0.3901
vn -0.4814 -0.8145 0.3238
vn -0.4581 -0.3609 -0.8123
vn 0.4439 -0.6707 -0.5942
vn 0.5360 -0.4728 0.6994
vn 0.3376 -0.4716 0.8146
vn -0.5165 -0.0434 0.8552
vn -0.6018 -0.0168 0.7985
vn -0.1807 -0.0683 0.9812
vn 0.1705 0.0431 -0.9844
vn -0.0159 -0.0004 -0.9999
vn 0.2052 -0.0187 -0.9785
vn -0.0022 0.0008 -1.0000
vn -0.4237 -0.0388 -0.9049
vn -0.2503 -0.0122 -0.9681
vn -0.0484 -0.0145 -0.9987
vn -0.2241 -0.0003 -0.9746
vn -0.0155 0.0012 -0.9999
vn 0.4237 -0.0208 -0.9056
vn 0.3514 0.0508 -0.9349
vn 0.4339 0.0001 -0.9010
vn 0.4423 0.0018 -0.8969
vn 0.8262 -0.0418 -0.5619
vn 0.4254 -0.0736 -0.9020
vn -0.0530 -0.3026 -0.9517
vn 0.4315 -0.1512 -0.8893
vn 0.4098 -0.3497 -0.8425
vn 0.7791 -0.3091 -0.5454
vn 0.4184 -0.2520 -0.8726
vn 0.8123 -0.2091 -0.5444
vn 0.8185 -0.0248 -0.5739
vn 0.8404 -0.0000 -0.5420
vn 0.4335 -0.0060 -0.9011
vn -0.0822 -0.0344 -0.9960
vn -0.0501 -0.0115 -0.9987
vn 0.4341 -0.0092 -0.9008
vn -0.0824 -0.0965 -0.9919
vn 0.2194 -0.1380 -0.9658
vn 0.4788 -0.0114 -0.8779
vn 0.2225 -0.0115 -0.9749
vn 0.5049 -0.0983 -0.8576
vn 0.4607 -0.3105 -0.8315
vn 0.1344 -0.1946 -0.9716
vn 0.0552 -0.3895 -0.9194
vn 0.0775 -0.3118 -0.9470
vn 0.4916 -0.2226 -0.8419
vn 0.4847 -0.0583 -0.8727
vn 0.2174 -0.2143 -0.9523
vn 0.2209 -0.0414 -0.9744
vn -0.0668 -0.0305 -0.9973
vn -0.1004 -0.0000 -0.9949
vn 0.4320 -0.0241 -0.9015
vn 0.1187 -0.1104 -0.9868
vn -0.0783 -0.2107 -0.9744
vn 0.2092 -0.3391 -0.9172
vn -0.0483 -0.5423 -0.8388
vn 0.4146 -0.3038 -0.8578
vn -0.0812 -0.1976 -0.9769
vn 0.2150 -0.2556 -0.9426
vn 0.1844 -0.5611 -0.8070
vn 0.4083 -0.5406 -0.7355
vn 0.2248 -0.4191 -0.8797
vn 0.4819 -0.3904 -0.7844
vn 0.0618 -0.4701 -0.8804
vn 0.0048 -0.6325 -0.7745
vn 0.0523 -0.3437 -0.9376
vn 0.4976 -0.1970 -0.8447
vn 0.1259 -0.0162 -0.9919
vn -0.0614 -0.3916 -0.9181
vn 0.4241 -0.4685 -0.7750
vn 0.3393 -0.6268 -0.7014
vn 0.6878 -0.5403 -0.4848
vn 0.8151 -0.1968 -0.5448
vn 0.8122 -0.0116 -0.5833
vn 0.8275 -0.1000 -0.5526
vn 0.7749 -0.3902 -0.4973
vn -0.8485 -0.2475 -0.4677
vn -0.9409 -0.0415 -0.3362
vn -0.9536 -0.0185 -0.3004
vn -0.5079 -0.5961 -0.6218
vn -0.8231 -0.5665 0.0397
vn -0.9807 -0.0850 0.1763
vn -0.7526 -0.0459 0.6569
vn -0.9755 -0.0105 0.2198
vn -0.6752 -0.6957 0.2453
vn -0.9478 -0.3171 -0.0344
vn -0.9041 -0.0236 0.4267
vn -0.9753 -0.0118 0.2208
vn -0.9843 -0.0637 0.1646
vn -0.9864 -0.0347 0.1607
vn -0.9393 -0.1784 -0.2932
vn -0.9516 -0.2153 0.2193
vn -0.7467 -0.0107 0.6650
vn -0.7284 -0.0000 0.6852
vn -0.9008 0.0038 0.4341
vn -0.9894 -0.0074 0.1447
vn -0.9924 -0.0000 0.1232
vn -0.7866 0.1656 0.5948
vn -0.7703 -0.1014 0.6295
vn -0.3628 -0.0495 0.9306
vn -0.7335 -0.2786 0.6200
vn -0.9898 -0.0000 0.1422
vn -0.3378 -0.0000 0.9412
vn -0.7168 -0.1671 0.6769
vn -1.0000 -0.0028 0.0086
vn -0.9781 -0.0220 0.2069
vn -0.7195 -0.6427 -0.2630
vn -0.3921 -0.2889 0.8734
vn -0.4398 -0.0921 0.8933
vn -0.4005 -0.0252 0.9160
vn -0.0000 -0.1172 0.9931
vn -0.4203 -0.0049 0.9074
vn -0.3432 -0.3088 -0.8870
vn -0.8134 -0.0648 -0.5781
vn -0.8060 -0.2261 -0.5470
vn -0.3223 -0.1103 -0.9402
vn -0.3566 -0.3864 -0.8506
vn -0.3052 -0.1898 -0.9332
vn -0.8120 -0.0111 -0.5836
vn -0.6234 -0.0109 -0.7818
vn -0.6029 -0.2561 -0.7556
vn -0.3205 -0.5424 -0.7766
vn -0.8145 -0.1978 -0.5455
vn -0.5513 -0.4254 -0.7177
vn -0.3128 -0.3917 -0.8653
vn -0.6858 -0.5429 -0.4848
vn -0.3264 -0.4705 -0.8198
vn -0.3319 -0.6331 -0.6993
vn -0.7559 -0.3921 -0.5242
vn -0.5159 -0.5620 -0.6465
vn -0.3601 -0.3440 -0.8672
vn -0.3170 -0.0160 -0.9483
vn 0.0544 -0.0656 -0.9964
vn -0.2215 -0.0583 -0.9734
vn -0.4075 -0.5425 -0.7346
vn -0.4535 -0.3919 -0.8005
vn -0.4970 -0.1979 -0.8449
vn -0.4783 -0.0111 -0.8781
vn -0.2153 -0.2558 -0.9425
vn -0.2225 -0.0109 -0.9749
vn 0.0502 -0.0110 -0.9987
vn -0.2207 -0.1255 -0.9672
vn 0.0811 -0.0904 -0.9926
vn 0.0502 -0.3036 -0.9515
vn 0.0756 -0.2314 -0.9699
vn -0.2148 -0.2250 -0.9504
vn -0.5036 -0.0950 -0.8587
vn -0.4802 -0.0658 -0.8747
vn -0.4866 -0.2281 -0.8433
vn -0.4550 -0.2992 -0.8387
vn -0.2092 -0.3239 -0.9227
vn -0.1841 -0.5615 -0.8067
vn -0.1793 -0.4194 -0.8899
vn 0.0485 -0.5414 -0.8394
vn 0.0937 -0.3910 -0.9156
vn 0.0816 -0.1972 -0.9770
vn -0.2105 -0.1956 0.9578
vn -0.4461 -0.2965 0.8445
vn -0.1971 -0.3282 0.9238
vn -0.4852 -0.1862 0.8543
vn -0.0747 -0.2847 0.9557
vn -0.4803 -0.0308 0.8765
vn -0.1215 -0.0594 0.9908
vn -0.2257 -0.0248 0.9739
vn 0.0591 -0.0213 0.9980
vn 0.1082 -0.0495 0.9929
vn -0.1243 -0.2010 0.9717
vn -0.0409 -0.3866 0.9213
vn 0.0824 -0.1885 0.9786
vn 0.1493 -0.2969 0.9432
vn 0.1006 -0.7000 0.7070
vn 0.0617 -0.2986 0.9524
vn 0.0506 -0.0121 0.9986
vn 0.0845 -0.1016 0.9912
vn -0.2155 -0.1423 0.9661
vn -0.2223 -0.0121 0.9749
vn -0.4786 -0.0119 0.8780
vn -0.5006 -0.1006 0.8598
vn -0.2137 -0.2613 0.9413
vn 0.0825 -0.2035 0.9756
vn 0.0496 -0.5503 0.8335
vn -0.1805 -0.5716 0.8004
vn 0.0615 -0.3971 0.9157
vn -0.2221 -0.4260 0.8770
vn -0.4014 -0.5540 0.7293
vn -0.4949 -0.2057 0.8443
vn -0.0482 -0.3525 0.9346
vn -0.1256 -0.0174 0.9919
vn -0.4792 -0.3995 0.7815
vn -0.0590 -0.4770 0.8769
vn -0.0012 -0.6434 0.7655
vn 0.8811 -0.1937 0.4315
vn 0.7002 -0.2987 0.6485
vn 0.8421 -0.3293 0.4272
vn 0.7128 -0.1774 0.6786
vn 0.9857 -0.0112 0.1682
vn 0.9015 -0.0085 0.4328
vn 0.7467 -0.0117 0.6651
vn 0.9009 0.0037 0.4341
vn 0.9898 -0.0001 0.1422
vn 0.9748 -0.1668 0.1482
vn 0.9812 -0.0891 0.1712
vn 0.9026 -0.0270 0.4295
vn 0.7525 -0.0452 0.6571
vn 0.7294 -0.0001 0.6841
vn 0.9389 -0.2953 0.1767
vn 0.9847 -0.0129 0.1735
vn 0.9839 -0.1048 0.1450
vn 0.8873 -0.1461 0.4375
vn 0.9007 -0.0120 0.4342
vn 0.7491 -0.0116 0.6623
vn 0.7196 -0.1035 0.6866
vn 0.8686 -0.2600 0.4217
vn 0.9691 -0.2032 0.1400
vn 0.8224 -0.5507 0.1431
vn 0.7385 -0.5689 0.3619
vn 0.6187 -0.5471 0.5638
vn 0.7103 -0.2013 0.6745
vn 0.9002 -0.3478 0.2620
vn 0.9389 -0.0143 0.3438
vn 0.6536 -0.3946 0.6458
vn 0.7484 -0.6385 0.1797
vn -0.8875 -0.2994 -0.3504
vn -0.6825 -0.6613 0.3113
vn -0.8964 -0.3594 0.2594
vn 0.0694 -0.6528 -0.7544
vn 0.9625 -0.0116 -0.2710
vn 0.9496 -0.1000 -0.2971
vn 0.9661 -0.2583 0.0017
vn 0.8047 -0.5442 0.2374
vn 0.8245 -0.5658 0.0029
vn 0.8706 -0.3925 0.2968
vn 0.8043 -0.5474 -0.2312
vn 0.9340 -0.2009 -0.2954
vn 0.9261 -0.3350 -0.1735
vn 0.4802 -0.0315 0.8766
vn 0.2225 -0.0250 0.9746
vn 0.2192 -0.1980 0.9554
vn -0.0524 -0.0312 0.9981
vn -0.0742 -0.1884 0.9793
vn -0.0484 -0.3005 0.9526
vn 0.2096 -0.3333 0.9192
vn 0.4575 -0.3041 0.8356
vn 0.2193 -0.1448 0.9649
vn -0.0815 -0.1022 0.9914
vn -0.0505 -0.0120 0.9987
vn 0.2224 -0.0120 0.9749
vn 0.4923 -0.1912 0.8491
vn 0.1796 -0.4267 0.8864
vn -0.0475 -0.5538 0.8313
vn -0.0935 -0.3995 0.9120
vn -0.0810 -0.2058 0.9752
vn 0.2146 -0.2620 0.9409
vn 0.4786 -0.0120 0.8780
vn 0.5033 -0.1038 0.8578
vn 0.1827 -0.5728 0.7991
vn 0.4043 -0.5526 0.7288
vn 0.4520 -0.3984 0.7981
vn 0.4966 -0.2050 0.8434
vn -0.7399 -0.5864 0.3296
vn -0.2696 -0.6887 -0.6731
vn -0.3606 0.0059 0.9327
vn -0.6650 0.0004 0.7468
vn -0.6604 0.0515 0.7491
vn -0.3588 0.0007 0.9334
vn -0.4150 0.7699 0.4849
vn -0.2293 0.6830 0.6935
vn -0.7055 0.5230 0.4783
vn -0.8536 -0.0275 0.5202
vn -0.8591 -0.0000 0.5118
vn -0.3724 -0.0510 0.9267
vn -0.6601 -0.0513 0.7494
vn -0.8512 -0.0628 0.5211
vn -0.7298 0.0059 0.6837
vn -0.9232 0.0003 0.3842
vn -0.9200 0.0514 0.3885
vn -0.7283 0.0007 0.6853
vn -0.5844 0.7697 0.2569
vn -0.5075 0.6830 0.5253
vn -0.8431 0.5230 0.1248
vn -0.9948 -0.0274 0.0983
vn -0.9961 -0.0000 0.0884
vn -0.7377 -0.0508 0.6732
vn -0.9200 -0.0509 0.3887
vn -0.9930 -0.0624 0.1000
vn -0.9541 0.0059 0.2993
vn -0.9985 0.0002 -0.0544
vn -0.9975 0.0512 -0.0492
vn -0.9535 0.0004 0.3013
vn -0.6380 0.7697 -0.0222
vn -0.6852 0.6830 0.2531
vn -0.8137 0.5231 -0.2533
vn -0.9389 -0.0275 -0.3431
vn -0.9358 -0.0000 -0.3525
vn -0.9568 -0.0507 0.2863
vn -0.9975 -0.0506 -0.0491
vn -0.9381 -0.0622 -0.3408
vn -0.9895 0.0059 -0.1442
vn -0.8760 0.0001 -0.4823
vn -0.8773 0.0512 -0.4771
vn -0.9898 0.0001 -0.1422
vn -0.5651 0.7697 -0.2968
vn -0.7272 0.6830 -0.0693
vn -0.6233 0.5231 -0.5813
vn -0.6971 -0.0272 -0.7165
vn -0.6902 -0.0001 -0.7236
vn -0.9863 -0.0506 -0.1572
vn -0.8774 -0.0505 -0.4771
vn -0.6973 -0.0622 -0.7141
vn -0.8289 0.0059 -0.5594
vn -0.5800 -0.0000 -0.8146
vn -0.5834 0.0511 -0.8106
vn -0.8301 -0.0000 -0.5576
vn -0.3804 0.7697 -0.5126
vn -0.6251 0.6830 -0.3779
vn -0.3093 0.5231 -0.7942
vn -0.3172 -0.0274 -0.9480
vn -0.3078 0.0001 -0.9514
vn -0.8204 -0.0505 -0.5696
vn -0.5835 -0.0505 -0.8106
vn -0.3184 -0.0619 -0.9459
vn -0.5041 0.0059 -0.8636
vn -0.1692 -0.0000 -0.9856
vn -0.1740 0.0511 -0.9834
vn -0.5059 -0.0000 -0.8626
vn -0.1203 0.7697 -0.6269
vn -0.3992 0.6830 -0.6117
vn 0.0659 0.5230 -0.8498
vn 0.1256 -0.0273 -0.9917
vn 0.1355 -0.0000 -0.9908
vn -0.4919 -0.0504 -0.8692
vn -0.1739 -0.0504 -0.9835
vn 0.1235 -0.0619 -0.9904
vn -0.0932 0.0189 -0.9955
vn 0.2752 -0.0000 -0.9614
vn 0.2700 0.0511 -0.9615
vn -0.1297 -0.0000 -0.9916
vn 0.1635 0.7697 -0.6171
vn -0.0943 0.6830 -0.7243
vn 0.4281 0.5230 -0.7370
vn 0.5409 0.0649 -0.8386
vn 0.5723 -0.0002 -0.8201
vn -0.0799 -0.0635 -0.9948
vn 0.2699 -0.0503 -0.9616
vn 0.5272 -0.1500 -0.8364
vn 0.5043 0.0059 0.8635
vn 0.1693 0.0002 0.9856
vn 0.1741 0.0517 0.9834
vn 0.5059 -0.0003 0.8626
vn 0.1205 0.7698 0.6268
vn 0.3993 0.6830 0.6116
vn -0.0661 0.5228 0.8499
vn -0.1255 -0.0276 0.9917
vn -0.1354 -0.0003 0.9908
vn 0.4920 -0.0514 0.8690
vn 0.1740 -0.0514 0.9834
vn -0.1234 -0.0633 0.9903
vn 0.0782 -0.9756 0.2051
vn -0.5700 -0.6579 -0.4922
vn 0.1039 -0.7255 -0.6803
vn -0.1651 -0.9609 -0.2222
vn 0.7412 -0.4979 -0.4503
vn 0.6754 -0.7238 0.1414
vn -0.0888 -0.7227 -0.6855
vn -0.1865 -0.5634 -0.8049
vn -0.0608 -0.5008 -0.8634
vn -0.1777 -0.5807 0.7945
vn 0.0565 -0.6848 0.7265
vn 0.0094 -0.5065 0.8622
vn -0.0315 -0.7860 0.6175
vn 0.2528 -0.9193 0.3016
vn -0.0687 -0.8996 0.4312
vn 0.0538 -0.9958 0.0742
vn 0.2091 -0.9606 0.1828
vn 0.2394 -0.8972 0.3712
vn 0.3245 -0.9266 0.1902
vn 0.2687 -0.9629 -0.0266
vn 0.0720 -0.9931 0.0927
vn -0.0736 -0.8955 0.4389
vn 0.1583 -0.6814 0.7146
vn 0.3909 -0.7975 0.4594
vn -0.0186 -0.8504 0.5259
vn 0.5249 -0.6586 0.5392
vn 0.2363 -0.9604 -0.1478
vn -0.3836 -0.0516 0.9221
vn -0.4416 -0.1096 0.8905
vn -0.2614 -0.2166 0.9406
vn -0.0223 -0.9235 -0.3831
vn 0.1899 -0.8042 -0.5631
vn -0.2473 -0.8241 -0.5096
vn 0.7311 -0.6741 -0.1054
vn 0.7496 -0.5317 0.3942
vn 0.1465 -0.5417 -0.8277
vn -0.0123 -0.6205 -0.7841
vn -0.2975 -0.8521 -0.4306
vn -0.6067 -0.7873 0.1097
vn -0.1635 -0.6803 0.7144
vn 0.5939 -0.7393 0.3172
vn 0.6424 -0.6701 -0.3718
vn 0.1665 -0.6295 -0.7589
vn 0.0011 -0.3673 0.9301
vn 0.5919 -0.0141 0.8059
vn 0.7826 0.0002 -0.6226
vn 0.8324 -0.0058 -0.5542
vn -0.3138 -0.8240 0.4719
vn -0.5359 -0.8175 0.2108
vn -0.3582 -0.7873 0.5019
vn -0.4714 -0.8702 0.1433
vn 0.4534 -0.7690 -0.4506
vn -0.0252 -0.7974 0.6029
vn -0.1093 -0.7518 0.6503
vn -0.2403 -0.9093 0.3399
vn -0.5697 -0.8107 -0.1352
vn 0.1413 -0.7500 0.6461
vn 0.2727 -0.0297 0.9616
vn -0.3940 -0.1056 0.9130
vn 0.6875 -0.4404 0.5773
vn 0.7189 -0.2493 0.6489
vn 0.7045 -0.1122 0.7008
vn -0.3223 -0.8324 -0.4507
vn -0.2868 -0.8781 -0.3831
vn 0.6074 -0.7888 0.0939
vn -0.0892 -0.9800 -0.1777
vn -0.4613 -0.8292 0.3157
vn -0.5794 -0.6774 -0.4532
vn -0.5809 -0.8133 0.0322
vn -0.2984 -0.8915 0.3408
vn -0.6047 -0.7777 0.1717
vn -0.4970 -0.5551 0.6670
vn -0.6010 -0.2014 0.7735
vn 0.4237 -0.8225 0.3795
vn -0.3583 -0.8575 0.3693
vn -0.0242 -0.8554 -0.5175
vn -0.3720 -0.7795 -0.5040
vn -0.4494 -0.7459 0.4916
vn -0.2266 -0.6951 0.6822
vn -0.1611 -0.5994 0.7841
vn -0.6476 -0.0467 0.7606
vn -0.0238 -0.7450 0.6666
vn -0.1464 -0.6062 -0.7817
vn -0.4173 -0.7842 -0.4593
vn -0.1237 -0.8861 -0.4467
vn -0.4444 -0.8839 -0.1457
vn -0.1511 -0.8695 0.4703
vn 0.4944 -0.8472 0.1944
vn 0.6366 -0.7283 -0.2536
vn 0.3407 -0.6801 -0.6492
vn 0.0628 -0.5867 -0.8074
vn -0.3058 -0.6658 -0.6806
vn -0.3601 -0.3617 -0.8600
vn -0.4375 -0.1599 -0.8849
vn 0.1755 -0.4087 -0.8956
vn -0.3254 -0.7969 -0.5090
vn -0.4935 -0.0679 -0.8671
vn -0.5044 0.0059 0.8634
vn -0.2752 0.0007 0.9614
vn -0.5061 -0.0000 0.8625
vn -0.2698 0.0517 0.9615
vn -0.1634 0.7698 0.6170
vn -0.3779 0.6829 0.6252
vn -0.4922 -0.0518 0.8689
vn -0.2697 -0.0514 0.9616
vn -0.5472 -0.8282 -0.1207
vn -0.7559 -0.6385 0.1447
vn -0.5187 -0.7951 0.3142
vn -0.2707 -0.9261 0.2628
vn -0.1353 -0.9141 -0.3823
vn -0.2769 -0.9229 -0.2674
vn -0.8290 0.0059 0.5592
vn -0.8301 0.0002 0.5576
vn -0.6119 0.6828 0.3992
vn -0.4282 0.5229 0.7370
vn -0.5434 -0.0276 0.8390
vn -0.5519 -0.0001 0.8339
vn -0.8203 -0.0516 0.5696
vn -0.5408 -0.0632 0.8388
vn 0.8295 -0.0602 -0.5553
vn 0.8617 -0.0002 -0.5074
vn 0.8383 0.0161 -0.5450
vn 0.6117 0.6829 -0.3994
vn 0.9874 -0.0514 -0.1498
vn 0.9932 -0.0002 -0.1163
vn 0.9906 0.0071 -0.1368
vn 0.7243 0.6829 -0.0946
vn 0.9546 -0.0516 0.2935
vn 0.9453 -0.0005 0.3262
vn 0.9518 0.0070 0.3065
vn 0.6938 0.6828 0.2292
vn 0.7325 -0.0520 0.6788
vn 0.7103 -0.0010 0.7039
vn 0.7245 0.0070 0.6892
vn 0.5255 0.6828 0.5075
vn 0.3655 -0.0526 0.9293
vn 0.3344 -0.0003 0.9424
vn 0.3537 0.0071 0.9353
vn 0.2533 0.6829 0.6852
vn 0.5746 -0.3164 -0.7548
vn 0.9039 -0.4276 -0.0077
vn -0.9895 0.0059 0.1442
vn -0.9898 0.0003 0.1422
vn -0.7245 0.6828 0.0944
vn -0.9862 -0.0511 0.1574
vn 0.6901 -0.2744 0.6697
vn -0.9541 0.0058 -0.2995
vn -0.9535 0.0002 -0.3014
vn -0.6937 0.6828 -0.2293
vn -0.9568 -0.0508 -0.2864
vn -0.5324 -0.6358 -0.5589
vn -0.7296 0.0057 -0.6838
vn -0.7283 0.0001 -0.6853
vn -0.5255 0.6828 -0.5076
vn -0.7379 -0.0506 -0.6730
vn -0.0765 -0.9578 -0.2770
vn -0.3607 0.0059 -0.9327
vn -0.3589 -0.0000 -0.9334
vn -0.2533 0.6828 -0.6853
vn -0.3726 -0.0505 -0.9266
vn 0.0551 -0.8177 -0.5729
vn 0.0795 0.0059 -0.9968
vn 0.0818 -0.0000 -0.9966
vn 0.0691 0.6827 -0.7274
vn 0.0663 -0.0503 -0.9965
vn -0.2016 -0.9277 -0.3143
vn 0.5043 0.0059 -0.8635
vn 0.5061 -0.0000 -0.8625
vn 0.3779 0.6828 -0.6253
vn 0.4920 -0.0502 -0.8692
vn 0.5394 -0.5324 0.6524
vn -0.0937 0.0190 0.9954
vn -0.1299 -0.0003 0.9915
vn -0.0692 0.6828 0.7273
vn -0.0805 -0.0648 0.9946
vn 0.3128 -0.4841 0.8172
vn 0.5699 -0.7931 0.2151
vn -0.0000 1.0000 -0.0000
vn -0.0007 1.0000 -0.0010
vn 0.0001 1.0000 -0.0000
vn 0.0315 0.9992 0.0251
vn 0.0174 0.9992 0.0362
vn -0.0000 1.0000 -0.0012
vn 0.0001 1.0000 0.0001
vn 0.0006 1.0000 -0.0010
vn -0.0174 0.9992 0.0362
vn 0.0943 0.6830 0.7243
vn -0.0000 0.9992 0.0401
vn 0.0006 1.0000 -0.0011
vn -0.0395 0.9992 0.0090
vn -0.0315 0.9992 0.0251
vn -0.0000 1.0000 0.0001
vn -0.0316 0.9992 -0.0253
vn -0.0395 0.9992 -0.0090
vn -0.0000 0.9992 -0.0406
vn -0.0176 0.9992 -0.0365
vn 0.0317 0.9992 -0.0253
vn 0.0176 0.9992 -0.0364
vn 0.0395 0.9992 0.0090
vn -0.0001 1.0000 0.0001
vn 0.0395 0.9992 -0.0090
vn 0.0797 0.0059 0.9968
vn 0.0817 -0.0002 0.9967
vn 0.0662 -0.0513 0.9965
vn -0.0105 -0.9722 0.2338
vn 0.4192 -0.5994 -0.6819
vn -0.8563 -0.3535 0.3766
vn -0.5082 -0.7905 0.3419
vn -0.3794 -0.5035 -0.7763
vn -0.6345 -0.7553 -0.1641
vn -0.5249 -0.8253 -0.2084
vn -0.2064 -0.7877 -0.5805
vn 0.0993 -0.7161 -0.6909
vn 0.0925 -0.5709 -0.8158
vn 0.1345 -0.8337 0.5357
vn 0.3702 -0.9226 -0.1089
vn 0.4390 -0.5899 -0.6778
vn 0.4059 -0.8551 -0.3226
vn 0.3453 -0.7959 -0.4974
vn 0.3340 -0.8893 -0.3125
vn -0.3255 -0.7893 -0.5205
vn 0.0966 -0.9437 -0.3165
vn 0.4078 -0.9122 -0.0388
vn 0.0645 -0.8568 0.5116
vn -0.4107 -0.8741 0.2594
vn 0.0768 -0.8753 -0.4774
vn -0.5192 -0.8048 0.2877
vn 0.3186 -0.7729 -0.5487
vn -0.5736 -0.8002 0.1750
vn -0.0580 -0.8593 0.5082
vn 0.5872 -0.5489 0.5949
vn 0.8301 -0.5570 -0.0266
vn 0.4354 -0.8062 0.4005
vn -0.0490 -0.7556 0.6532
vn 0.6535 -0.3085 -0.6913
vn -0.5567 -0.6118 0.5620
vt 0.935887 0.105229
vt 0.939844 0.097620
vt 0.935486 0.102697
vt 0.939565 0.103087
vt 0.932519 0.097667
vt 0.939522 0.092719
vt 0.396241 0.764811
vt 0.421114 0.764598
vt 0.411551 0.760870
vt 0.421075 0.756701
vt 0.430667 0.760978
vt 0.445345 0.765111
vt 0.421145 0.768570
vt 0.347791 0.764352
vt 0.370977 0.764159
vt 0.361847 0.759811
vt 0.371490 0.756147
vt 0.380893 0.760546
vt 0.369961 0.768045
vt 0.298874 0.817899
vt 0.322692 0.818119
vt 0.312788 0.814904
vt 0.322663 0.812129
vt 0.332585 0.814639
vt 0.346710 0.818429
vt 0.323319 0.820776
vt 0.963032 0.109220
vt 0.943707 0.111623
vt 0.955787 0.116337
vt 0.953277 0.104738
vt 0.945439 0.100443
vt 0.936524 0.112231
vt 0.936886 0.119601
vt 0.942066 0.121631
vt 0.949965 0.123478
vt 0.943855 0.129049
vt 0.957948 0.128954
vt 0.940951 0.761126
vt 0.964551 0.773127
vt 0.955002 0.765421
vt 0.964536 0.766430
vt 0.974070 0.772651
vt 0.988069 0.778750
vt 0.964562 0.773128
vt 0.114140 0.208582
vt 0.131961 0.202930
vt 0.117217 0.198454
vt 0.137794 0.210232
vt 0.161449 0.211883
vt 0.130982 0.216658
vt 0.115748 0.219045
vt 0.098825 0.221761
vt 0.117357 0.229509
vt 0.101029 0.236100
vt 0.139403 0.220696
vt 0.136037 0.229452
vt 0.145378 0.229423
vt 0.146126 0.238779
vt 0.154536 0.234686
vt 0.129307 0.246964
vt 0.123332 0.238236
vt 0.109217 0.248059
vt 0.084701 0.242691
vt 0.081902 0.224478
vt 0.117404 0.260019
vt 0.072789 0.225981
vt 0.060236 0.205097
vt 0.063677 0.227484
vt 0.067118 0.249870
vt 0.075910 0.246280
vt 0.087501 0.263212
vt 0.095101 0.257882
vt 0.105501 0.273073
vt 0.129953 0.267230
vt 0.138464 0.252226
vt 0.147622 0.257489
vt 0.159249 0.242790
vt 0.165063 0.235441
vt 0.099092 0.280143
vt 0.142502 0.274441
vt 0.168677 0.259000
vt 0.137383 0.291393
vt 0.121442 0.282233
vt 0.116859 0.290352
vt 0.092683 0.287213
vt 0.079901 0.268541
vt 0.134626 0.300562
vt 0.199293 0.190378
vt 0.194561 0.177882
vt 0.227674 0.143881
vt 0.218216 0.179626
vt 0.181114 0.173572
vt 0.157835 0.188418
vt 0.172808 0.240693
vt 0.174874 0.231540
vt 0.184798 0.271165
vt 0.171354 0.276511
vt 0.188300 0.251197
vt 0.178488 0.255098
vt 0.184117 0.232902
vt 0.182026 0.223754
vt 0.208186 0.280441
vt 0.198243 0.265819
vt 0.227415 0.273251
vt 0.213540 0.288355
vt 0.208044 0.255150
vt 0.220635 0.266889
vt 0.233085 0.253338
vt 0.241291 0.258147
vt 0.247260 0.238499
vt 0.249497 0.262956
vt 0.256080 0.241289
vt 0.262662 0.219621
vt 0.253228 0.218851
vt 0.250108 0.198552
vt 0.217844 0.244482
vt 0.255779 0.174849
vt 0.259221 0.197235
vt 0.234196 0.279612
vt 0.218894 0.296268
vt 0.194506 0.295924
vt 0.191108 0.287232
vt 0.174030 0.294023
vt 0.156928 0.275476
vt 0.158150 0.258244
vt 0.175471 0.303493
vt 0.197903 0.304615
vt 0.176913 0.312962
vt 0.155049 0.302027
vt 0.155706 0.292708
vt 0.131869 0.309730
vt 0.112276 0.298472
vt 0.154391 0.311346
vt 0.840653 0.856256
vt 0.865834 0.853133
vt 0.855620 0.851131
vt 0.865854 0.845944
vt 0.876047 0.833589
vt 0.890009 0.818173
vt 0.865236 0.856356
vt 0.100837 0.193545
vt 0.079102 0.206264
vt 0.096621 0.207423
vt 0.084457 0.188636
vt 0.120293 0.188327
vt 0.140871 0.200105
vt 0.138780 0.190988
vt 0.127446 0.180541
vt 0.154221 0.164953
vt 0.150089 0.183197
vt 0.148023 0.192319
vt 0.134598 0.172756
vt 0.114854 0.168999
vt 0.105053 0.179667
vt 0.089813 0.171008
vt 0.075638 0.186033
vt 0.069669 0.205681
vt 0.081606 0.166386
vt 0.144409 0.168854
vt 0.066818 0.183430
vt 0.073400 0.161763
vt 0.095482 0.151282
vt 0.102262 0.157456
vt 0.088702 0.145107
vt 0.104003 0.128450
vt 0.145985 0.111757
vt 0.128392 0.128609
vt 0.147426 0.121040
vt 0.124994 0.120104
vt 0.109357 0.136178
vt 0.114712 0.143905
vt 0.124655 0.158330
vt 0.138099 0.152984
vt 0.148867 0.130323
vt 0.131789 0.137114
vt 0.151544 0.147638
vt 0.167849 0.122505
vt 0.185515 0.132953
vt 0.188272 0.123971
vt 0.167191 0.131638
vt 0.179069 0.143027
vt 0.190947 0.154417
vt 0.168507 0.113373
vt 0.191029 0.114989
vt 0.201406 0.130607
vt 0.206594 0.138417
vt 0.209351 0.129435
vt 0.243795 0.218081
vt 0.240996 0.199868
vt 0.229606 0.189747
vt 0.238196 0.181655
vt 0.232935 0.162768
vt 0.240550 0.166795
vt 0.241727 0.159365
vt 0.246988 0.178252
vt 0.222060 0.230604
vt 0.238440 0.235710
vt 0.226276 0.216726
vt 0.208757 0.215371
vt 0.205681 0.225498
vt 0.202604 0.235626
vt 0.190937 0.220960
vt 0.185103 0.213627
vt 0.195452 0.243411
vt 0.790585 0.846294
vt 0.815425 0.849360
vt 0.805153 0.844372
vt 0.815458 0.845586
vt 0.825726 0.849354
vt 0.815519 0.854897
vt 0.176431 0.369226
vt 0.198008 0.377329
vt 0.178006 0.363877
vt 0.194754 0.383672
vt 0.213077 0.398119
vt 0.218009 0.390781
vt 0.230522 0.406822
vt 0.222941 0.383444
vt 0.234226 0.399928
vt 0.251230 0.424765
vt 0.246206 0.426926
vt 0.241182 0.429086
vt 0.249464 0.448121
vt 0.244623 0.451473
vt 0.248064 0.473859
vt 0.253454 0.474083
vt 0.246522 0.496903
vt 0.259494 0.474328
vt 0.269001 0.443247
vt 0.179582 0.358528
vt 0.201261 0.370986
vt 0.227129 0.413603
vt 0.234900 0.517193
vt 0.239589 0.519724
vt 0.241482 0.495526
vt 0.265679 0.502619
vt 0.244828 0.522603
vt 0.221844 0.539041
vt 0.219598 0.533849
vt 0.204296 0.550506
vt 0.207356 0.554811
vt 0.182762 0.564591
vt 0.210415 0.559117
vt 0.182494 0.570220
vt 0.163962 0.577589
vt 0.163139 0.572394
vt 0.139417 0.570692
vt 0.162315 0.567200
vt 0.139793 0.565584
vt 0.117271 0.563968
vt 0.115696 0.568990
vt 0.183306 0.558853
vt 0.235429 0.553758
vt 0.139041 0.575801
vt 0.114120 0.574012
vt 0.095059 0.557132
vt 0.078086 0.541450
vt 0.074423 0.545273
vt 0.097678 0.552709
vt 0.092441 0.561554
vt 0.070761 0.549096
vt 0.060960 0.525607
vt 0.065303 0.522779
vt 0.052520 0.504107
vt 0.047496 0.505941
vt 0.043872 0.482363
vt 0.042472 0.507776
vt 0.038665 0.483005
vt 0.034857 0.458234
vt 0.040248 0.458784
vt 0.047180 0.435964
vt 0.045638 0.459335
vt 0.052220 0.437668
vt 0.049079 0.481721
vt 0.056617 0.528436
vt 0.042140 0.434259
vt 0.049424 0.410284
vt 0.054113 0.413143
vt 0.058802 0.416001
vt 0.070230 0.395599
vt 0.066355 0.391854
vt 0.083287 0.373423
vt 0.086346 0.378056
vt 0.108455 0.369264
vt 0.089406 0.382688
vt 0.110396 0.374341
vt 0.131387 0.365994
vt 0.130563 0.360473
vt 0.154285 0.362175
vt 0.129740 0.354952
vt 0.154661 0.356740
vt 0.106513 0.364188
vt 0.074104 0.399344
vt 0.153909 0.367610
vt 0.740201 0.788037
vt 0.765106 0.787810
vt 0.755338 0.779096
vt 0.765146 0.771707
vt 0.774941 0.779550
vt 0.789381 0.788894
vt 0.765076 0.792365
vt 0.691179 0.790155
vt 0.715584 0.788057
vt 0.706011 0.779913
vt 0.715622 0.771788
vt 0.725228 0.779114
vt 0.715555 0.792881
vt 0.988535 0.401859
vt 0.975676 0.381287
vt 0.975669 0.401811
vt 0.964303 0.401841
vt 0.964308 0.381280
vt 0.964308 0.360618
vt 0.975676 0.360621
vt 0.988540 0.360619
vt 0.988539 0.381291
vt 0.988540 0.319195
vt 0.975676 0.339908
vt 0.988539 0.339909
vt 0.964308 0.339907
vt 0.964308 0.320852
vt 0.975676 0.319195
vt 0.939980 0.401728
vt 0.927010 0.381240
vt 0.927004 0.401721
vt 0.915506 0.401797
vt 0.915509 0.381259
vt 0.915511 0.360613
vt 0.927010 0.360601
vt 0.939984 0.360583
vt 0.939985 0.381215
vt 0.939983 0.319195
vt 0.927010 0.339898
vt 0.939985 0.339892
vt 0.915509 0.339903
vt 0.915511 0.320852
vt 0.927010 0.319195
vt 0.890795 0.401550
vt 0.877606 0.381102
vt 0.877601 0.401492
vt 0.865909 0.401521
vt 0.865910 0.381084
vt 0.865912 0.360532
vt 0.877606 0.360539
vt 0.890798 0.360534
vt 0.890800 0.381108
vt 0.890797 0.319194
vt 0.877606 0.339867
vt 0.890800 0.339868
vt 0.865910 0.339863
vt 0.865912 0.320848
vt 0.877606 0.319195
vt 0.840804 0.401036
vt 0.827457 0.380672
vt 0.827455 0.400844
vt 0.815661 0.400754
vt 0.815660 0.380584
vt 0.815663 0.360290
vt 0.827457 0.360342
vt 0.840805 0.360375
vt 0.840807 0.380772
vt 0.840803 0.319193
vt 0.827457 0.339767
vt 0.840807 0.339790
vt 0.815660 0.339747
vt 0.815662 0.320837
vt 0.827457 0.319193
vt 0.790471 0.400503
vt 0.777163 0.380377
vt 0.777164 0.400399
vt 0.765451 0.400392
vt 0.765448 0.380348
vt 0.765453 0.360193
vt 0.777163 0.360208
vt 0.790470 0.360209
vt 0.790472 0.380418
vt 0.790468 0.319191
vt 0.777163 0.339699
vt 0.790472 0.339708
vt 0.765448 0.339693
vt 0.765451 0.320831
vt 0.777163 0.319191
vt 0.788789 0.064931
vt 0.805904 0.084282
vt 0.796306 0.067245
vt 0.803902 0.064227
vt 0.818962 0.071578
vt 0.833344 0.078789
vt 0.829234 0.095543
vt 0.823307 0.111196
vt 0.806911 0.109491
vt 0.791294 0.104789
vt 0.789561 0.087503
vt 0.787084 0.069656
vt 0.789925 0.068435
vt 0.735477 0.183992
vt 0.728293 0.173358
vt 0.727057 0.185216
vt 0.737901 0.174454
vt 0.738351 0.164948
vt 0.730161 0.162361
vt 0.717485 0.159972
vt 0.659742 0.188505
vt 0.665929 0.149695
vt 0.650098 0.166676
vt 0.683741 0.164091
vt 0.699797 0.169615
vt 0.704733 0.145557
vt 0.710952 0.154431
vt 0.714687 0.172790
vt 0.712995 0.186573
vt 0.725301 0.192830
vt 0.733574 0.190385
vt 0.729962 0.196766
vt 0.724318 0.198991
vt 0.716218 0.201070
vt 0.713440 0.194745
vt 0.690190 0.199515
vt 0.681078 0.133186
vt 0.695946 0.208430
vt 0.690079 0.187545
vt 0.663307 0.206299
vt 0.667331 0.218423
vt 0.719382 0.207377
vt 0.724392 0.201397
vt 0.732441 0.198658
vt 0.738740 0.201745
vt 0.747248 0.205440
vt 0.716981 0.212865
vt 0.706260 0.242872
vt 0.706557 0.228483
vt 0.686283 0.231400
vt 0.701239 0.216125
vt 0.720428 0.211461
vt 0.721284 0.224496
vt 0.716929 0.238655
vt 0.725028 0.236172
vt 0.733326 0.222390
vt 0.733154 0.212553
vt 0.745221 0.208712
vt 0.741947 0.213772
vt 0.748022 0.211231
vt 0.750667 0.216376
vt 0.753056 0.210111
vt 0.755316 0.213500
vt 0.755152 0.218404
vt 0.751446 0.222234
vt 0.744832 0.226112
vt 0.740898 0.230102
vt 0.736349 0.231060
vt 0.743544 0.220193
vt 0.741135 0.207321
vt 0.761678 0.202955
vt 0.755314 0.207750
vt 0.727208 0.239702
vt 0.745824 0.226279
vt 0.727152 0.237860
vt 0.719355 0.241158
vt 0.720798 0.243605
vt 0.755092 0.259796
vt 0.789725 0.241709
vt 0.767840 0.249609
vt 0.772944 0.242665
vt 0.787661 0.236793
vt 0.786134 0.232954
vt 0.775993 0.235596
vt 0.765084 0.237778
vt 0.756548 0.245331
vt 0.743846 0.254588
vt 0.748695 0.240454
vt 0.734962 0.247743
vt 0.724835 0.252366
vt 0.713013 0.248059
vt 0.708166 0.247832
vt 0.732679 0.260588
vt 0.761241 0.232826
vt 0.756764 0.228179
vt 0.745453 0.232856
vt 0.715924 0.268897
vt 0.710056 0.259071
vt 0.766643 0.268463
vt 0.773421 0.258279
vt 0.754514 0.272562
vt 0.735708 0.272513
vt 0.813012 0.264587
vt 0.804608 0.253768
vt 0.800586 0.262328
vt 0.788824 0.259019
vt 0.791667 0.252278
vt 0.784979 0.254138
vt 0.796216 0.246911
vt 0.793363 0.245174
vt 0.778384 0.257838
vt 0.767373 0.272366
vt 0.756730 0.281261
vt 0.771024 0.299003
vt 0.788714 0.281313
vt 0.815718 0.284478
vt 0.795737 0.271034
vt 0.814763 0.272847
vt 0.779810 0.264633
vt 0.804800 0.310333
vt 0.807634 0.246443
vt 0.818370 0.247762
vt 0.817383 0.255807
vt 0.740136 0.163521
vt 0.738649 0.181954
vt 0.737613 0.181765
vt 0.733903 0.197596
vt 0.735736 0.195660
vt 0.739958 0.182127
vt 0.742761 0.167630
vt 0.741720 0.165214
vt 0.728689 0.199967
vt 0.732889 0.197022
vt 0.736139 0.161570
vt 0.729346 0.159775
vt 0.741246 0.164999
vt 0.862142 0.258701
vt 0.885030 0.257224
vt 0.888829 0.257837
vt 0.861210 0.259324
vt 0.860055 0.258645
vt 0.880923 0.256770
vt 0.876606 0.257020
vt 0.859362 0.258704
vt 0.841183 0.260914
vt 0.838206 0.261294
vt 0.836508 0.262375
vt 0.835762 0.263984
vt 0.827457 0.288701
vt 0.832642 0.262468
vt 0.822182 0.300876
vt 0.830420 0.285733
vt 0.830913 0.274857
vt 0.827044 0.313879
vt 0.832490 0.269593
vt 0.833292 0.277079
vt 0.837240 0.271645
vt 0.837325 0.266194
vt 0.893050 0.256092
vt 0.862640 0.257460
vt 0.446215 0.845988
vt 0.419562 0.898731
vt 0.439539 0.903314
vt 0.469141 0.919609
vt 0.470136 0.885656
vt 0.448928 0.909182
vt 0.476342 0.864407
vt 0.490540 0.917101
vt 0.489270 0.937639
vt 0.493609 0.953537
vt 0.494666 0.925793
vt 0.496037 0.851499
vt 0.482118 0.845119
vt 0.492670 0.884033
vt 0.501171 0.904533
vt 0.497953 0.934100
vt 0.497044 0.964867
vt 0.509459 0.886170
vt 0.370642 0.790833
vt 0.348274 0.790074
vt 0.396139 0.791936
vt 0.421150 0.792256
vt 0.396279 0.818135
vt 0.421152 0.817738
vt 0.421163 0.833215
vt 0.445178 0.817697
vt 0.444810 0.832257
vt 0.459462 0.827843
vt 0.461665 0.845262
vt 0.471489 0.840740
vt 0.482982 0.823732
vt 0.471198 0.823600
vt 0.471194 0.802366
vt 0.482982 0.802029
vt 0.459450 0.809690
vt 0.459449 0.785830
vt 0.444786 0.791517
vt 0.459449 0.763485
vt 0.507809 0.926245
vt 0.519367 0.921033
vt 0.524728 0.876982
vt 0.498125 0.831607
vt 0.497365 0.804293
vt 0.482982 0.780717
vt 0.471196 0.780621
vt 0.471194 0.762306
vt 0.459449 0.741066
vt 0.446060 0.741630
vt 0.482982 0.761600
vt 0.446119 0.723891
vt 0.459427 0.723717
vt 0.432642 0.705661
vt 0.445884 0.679918
vt 0.432530 0.675546
vt 0.445979 0.704767
vt 0.459320 0.705626
vt 0.471183 0.724361
vt 0.471196 0.740360
vt 0.482982 0.740295
vt 0.497102 0.764286
vt 0.497672 0.782853
vt 0.521240 0.791052
vt 0.521711 0.817570
vt 0.521238 0.776351
vt 0.471096 0.706988
vt 0.545176 0.782167
vt 0.496387 0.740795
vt 0.459240 0.675531
vt 0.459228 0.565857
vt 0.471031 0.679538
vt 0.471027 0.565701
vt 0.482912 0.707205
vt 0.482972 0.724311
vt 0.496311 0.724406
vt 0.510140 0.743717
vt 0.511459 0.769143
vt 0.521204 0.769994
vt 0.521202 0.746362
vt 0.496254 0.707105
vt 0.471024 0.451573
vt 0.459227 0.455597
vt 0.482850 0.565656
vt 0.482858 0.675457
vt 0.496220 0.679491
vt 0.509529 0.706435
vt 0.509621 0.724111
vt 0.521202 0.723581
vt 0.532250 0.746768
vt 0.530940 0.775981
vt 0.545872 0.747761
vt 0.521213 0.705750
vt 0.496215 0.565580
vt 0.558998 0.754171
vt 0.558998 0.796268
vt 0.545952 0.723510
vt 0.532769 0.723756
vt 0.532880 0.705553
vt 0.521220 0.678129
vt 0.509519 0.674729
vt 0.509517 0.565227
vt 0.496213 0.451469
vt 0.482847 0.455532
vt 0.482828 0.421714
vt 0.496185 0.421679
vt 0.521223 0.564862
vt 0.546027 0.705320
vt 0.471001 0.401930
vt 0.471013 0.421744
vt 0.482813 0.401875
vt 0.496163 0.401893
vt 0.509481 0.421649
vt 0.509511 0.455404
vt 0.521217 0.451344
vt 0.532913 0.564720
vt 0.532909 0.673902
vt 0.546082 0.677794
vt 0.559088 0.704404
vt 0.559157 0.672821
vt 0.532906 0.455221
vt 0.570653 0.675938
vt 0.559168 0.564039
vt 0.546087 0.564554
vt 0.546082 0.451126
vt 0.532866 0.421543
vt 0.521183 0.421613
vt 0.521152 0.401836
vt 0.509455 0.401829
vt 0.570664 0.563507
vt 0.546032 0.421465
vt 0.532832 0.401754
vt 0.545992 0.401741
vt 0.559111 0.421370
vt 0.559159 0.454946
vt 0.570656 0.450829
vt 0.582131 0.563230
vt 0.582116 0.671559
vt 0.582013 0.703069
vt 0.595044 0.675210
vt 0.594914 0.702618
vt 0.607761 0.701313
vt 0.594770 0.722468
vt 0.570606 0.421267
vt 0.595056 0.562917
vt 0.570568 0.703462
vt 0.559070 0.401625
vt 0.570563 0.401580
vt 0.582068 0.421143
vt 0.582121 0.454598
vt 0.595050 0.450458
vt 0.607915 0.562147
vt 0.607895 0.669888
vt 0.619223 0.672557
vt 0.619079 0.699972
vt 0.630375 0.699300
vt 0.618920 0.720515
vt 0.630203 0.720190
vt 0.607613 0.722856
vt 0.619239 0.561358
vt 0.594989 0.421007
vt 0.642950 0.717637
vt 0.643151 0.698570
vt 0.582024 0.401458
vt 0.594940 0.401404
vt 0.607849 0.420821
vt 0.607905 0.454115
vt 0.619231 0.449919
vt 0.630553 0.560913
vt 0.630530 0.667951
vt 0.643330 0.671256
vt 0.655941 0.696855
vt 0.655750 0.716101
vt 0.643349 0.560436
vt 0.619175 0.420634
vt 0.607802 0.401217
vt 0.619129 0.401103
vt 0.630487 0.420484
vt 0.630543 0.453600
vt 0.643341 0.449480
vt 0.656139 0.559436
vt 0.656113 0.665601
vt 0.667431 0.667855
vt 0.667255 0.695202
vt 0.667062 0.713859
vt 0.643281 0.420331
vt 0.630441 0.400960
vt 0.643232 0.400889
vt 0.656076 0.420117
vt 0.656129 0.453015
vt 0.667442 0.448842
vt 0.667449 0.558476
vt 0.656032 0.400685
vt 0.667350 0.400562
vt 0.667391 0.419915
vt 0.655719 0.745321
vt 0.667038 0.743522
vt 0.667040 0.784695
vt 0.655943 0.784695
vt 0.630175 0.760203
vt 0.642929 0.748851
vt 0.643192 0.794444
vt 0.658017 0.798553
vt 0.667033 0.796625
vt 0.667025 0.803603
vt 0.661372 0.805598
vt 0.657734 0.805718
vt 0.652124 0.800260
vt 0.630175 0.815605
vt 0.607588 0.767282
vt 0.618900 0.770501
vt 0.618902 0.843242
vt 0.630175 0.836909
vt 0.644240 0.822757
vt 0.666981 0.819679
vt 0.643912 0.850001
vt 0.667245 0.847504
vt 0.668940 0.866483
vt 0.691314 0.845871
vt 0.691960 0.862465
vt 0.719672 0.863469
vt 0.692312 0.875769
vt 0.594754 0.762337
vt 0.644492 0.865818
vt 0.618900 0.851131
vt 0.691172 0.818592
vt 0.715551 0.817637
vt 0.666982 0.796938
vt 0.708546 0.885028
vt 0.692858 0.885505
vt 0.713603 0.875074
vt 0.734486 0.875754
vt 0.722349 0.885033
vt 0.713141 0.892606
vt 0.703428 0.893509
vt 0.693588 0.892690
vt 0.686772 0.886010
vt 0.682375 0.876754
vt 0.676827 0.878779
vt 0.683714 0.886733
vt 0.688678 0.893426
vt 0.690372 0.893935
vt 0.757930 0.905365
vt 0.748507 0.887557
vt 0.748427 0.903606
vt 0.740794 0.902235
vt 0.741025 0.887184
vt 0.738112 0.887225
vt 0.740701 0.874459
vt 0.735664 0.874764
vt 0.750497 0.875025
vt 0.738232 0.903241
vt 0.734970 0.905873
vt 0.716107 0.844587
vt 0.740254 0.844101
vt 0.740526 0.860788
vt 0.763460 0.863425
vt 0.758112 0.877806
vt 0.758480 0.891507
vt 0.778580 0.914383
vt 0.778204 0.929037
vt 0.778760 0.906838
vt 0.764853 0.844201
vt 0.772543 0.877016
vt 0.789633 0.877716
vt 0.775083 0.898643
vt 0.764291 0.913986
vt 0.798347 0.907815
vt 0.801043 0.898515
vt 0.789267 0.888569
vt 0.807611 0.924083
vt 0.816280 0.879044
vt 0.790079 0.863851
vt 0.765071 0.816240
vt 0.740192 0.816769
vt 0.788807 0.817910
vt 0.840239 0.873513
vt 0.815466 0.837682
vt 0.803602 0.754891
vt 0.803602 0.810255
vt 0.803602 0.831598
vt 0.815463 0.845561
vt 0.790103 0.743901
vt 0.815475 0.714897
vt 0.815463 0.764896
vt 0.777171 0.419618
vt 0.765461 0.419544
vt 0.765476 0.448162
vt 0.777178 0.452109
vt 0.777180 0.557164
vt 0.790473 0.448462
vt 0.790474 0.557743
vt 0.803826 0.558048
vt 0.790461 0.666869
vt 0.803813 0.663371
vt 0.803721 0.694256
vt 0.815630 0.667710
vt 0.815554 0.694650
vt 0.803619 0.714939
vt 0.790190 0.712797
vt 0.777161 0.661969
vt 0.815639 0.448796
vt 0.815636 0.558375
vt 0.776269 0.740959
vt 0.776812 0.711912
vt 0.765151 0.739933
vt 0.765171 0.710374
vt 0.777034 0.692852
vt 0.790342 0.693892
vt 0.765464 0.664915
vt 0.765476 0.556664
vt 0.765323 0.691936
vt 0.790473 0.419714
vt 0.803833 0.419847
vt 0.803838 0.400582
vt 0.815649 0.419990
vt 0.803827 0.452457
vt 0.870403 0.267922
vt 0.882904 0.269183
vt 0.875830 0.264624
vt 0.880851 0.262421
vt 0.896349 0.272377
vt 0.910503 0.274509
vt 0.892257 0.264713
vt 0.885752 0.260898
vt 0.879181 0.259366
vt 0.886933 0.265874
vt 0.932117 0.282685
vt 0.883644 0.280052
vt 0.938248 0.299853
vt 0.892717 0.277201
vt 0.925265 0.305472
vt 0.881037 0.314176
vt 0.857854 0.285536
vt 0.854275 0.276107
vt 0.853942 0.269958
vt 0.875407 0.272326
vt 0.938948 0.292909
vt 0.439825 0.933530
vt 0.442485 0.914716
vt 0.894947 0.138266
vt 0.894855 0.148733
vt 0.898716 0.142324
vt 0.889722 0.147963
vt 0.890644 0.159827
vt 0.895968 0.156224
vt 0.900425 0.153477
vt 0.909498 0.142790
vt 0.910168 0.139445
vt 0.921320 0.142052
vt 0.910391 0.136947
vt 0.924749 0.138749
vt 0.928977 0.130617
vt 0.910848 0.133506
vt 0.922120 0.146853
vt 0.917814 0.144486
vt 0.918982 0.150044
vt 0.924523 0.149610
vt 0.935193 0.142583
vt 0.928162 0.145157
vt 0.932493 0.149003
vt 0.924055 0.153168
vt 0.916484 0.152036
vt 0.909509 0.150305
vt 0.914638 0.154341
vt 0.907478 0.154113
vt 0.900769 0.149614
vt 0.901988 0.145862
vt 0.944378 0.147202
vt 0.914623 0.146530
vt 0.916346 0.148494
vt 0.908704 0.146425
vt 0.935626 0.123927
vt 0.943601 0.136779
vt 0.970514 0.139556
vt 0.944185 0.155832
vt 0.933121 0.154543
vt 0.929548 0.160072
vt 0.920807 0.156633
vt 0.936382 0.162958
vt 0.947040 0.167594
vt 0.965817 0.158903
vt 0.876531 0.149112
vt 0.869849 0.157065
vt 0.874692 0.160160
vt 0.870488 0.149745
vt 0.870633 0.141819
vt 0.875675 0.137613
vt 0.885520 0.130689
vt 0.882751 0.148100
vt 0.883112 0.165518
vt 0.886469 0.147888
vt 0.889335 0.161340
vt 0.892020 0.136265
vt 0.914047 0.164176
vt 0.916001 0.166362
vt 0.918889 0.085301
vt 0.922800 0.084641
vt 0.912424 0.070579
vt 0.907422 0.075890
vt 0.905272 0.079919
vt 0.915191 0.086132
vt 0.923800 0.090737
vt 0.928467 0.091954
vt 0.912646 0.161630
vt 0.909502 0.157787
vt 0.779909 0.928494
vt 0.855375 0.044414
vt 0.826272 0.039551
vt 0.823561 0.024407
vt 0.850902 0.051429
vt 0.846948 0.056139
vt 0.829342 0.051872
vt 0.812114 0.042968
vt 0.798226 0.027141
vt 0.952975 0.083899
vt 0.933624 0.090893
vt 0.912099 0.064487
vt 0.917347 0.081975
vt 0.922994 0.075883
vt 0.905354 0.072317
vt 0.927012 0.088987
vt 0.930178 0.085146
vt 0.936199 0.084953
vt 0.927522 0.071834
vt 0.935135 0.065840
vt 0.916681 0.051466
vt 0.914024 0.058474
vt 0.947252 0.028647
vt 0.911611 0.050497
vt 0.933502 0.040643
vt 0.898428 0.064400
vt 0.897735 0.061428
vt 0.906961 0.057687
vt 0.902073 0.068459
vt 0.911766 0.060980
vt 0.902075 0.079877
vt 0.886930 0.091473
vt 0.892497 0.076520
vt 0.884940 0.080065
vt 0.877742 0.085951
vt 0.878528 0.082709
vt 0.881474 0.087321
vt 0.919815 0.024565
vt 0.909361 0.040848
vt 0.936012 0.023631
vt 0.915163 0.044257
vt 0.895820 0.059565
vt 0.887063 0.070841
vt 0.887462 0.072721
vt 0.880121 0.078957
vt 0.874018 0.085013
vt 0.872948 0.088546
vt 0.869220 0.089860
vt 0.869443 0.087944
vt 0.871165 0.083970
vt 0.878844 0.078201
vt 0.874351 0.082071
vt 0.878861 0.079181
vt 0.880268 0.071264
vt 0.885420 0.070256
vt 0.890103 0.057500
vt 0.882778 0.055811
vt 0.874985 0.073455
vt 0.867243 0.059470
vt 0.873955 0.049034
vt 0.871887 0.064093
vt 0.865348 0.070322
vt 0.858933 0.067638
vt 0.858596 0.076598
vt 0.862106 0.069081
vt 0.855696 0.074173
vt 0.853950 0.078924
vt 0.856360 0.081885
vt 0.859850 0.082200
vt 0.862330 0.077121
vt 0.860796 0.057501
vt 0.863901 0.044674
vt 0.882991 0.038054
vt 0.899935 0.038424
vt 0.867185 0.039592
vt 0.868628 0.034612
vt 0.896589 0.025631
vt 0.860748 0.021642
vt 0.870998 0.015842
vt 0.862874 0.038226
vt 0.858356 0.041348
vt 0.839816 0.041388
vt 0.822527 0.029509
vt 0.853380 0.050786
vt 0.854633 0.028038
vt 0.844628 0.015354
vt 0.848975 0.006383
vt 0.813892 0.014119
vt 0.913203 0.920783
vt 0.905609 0.911582
vt 0.907011 0.927841
vt 0.900960 0.933013
vt 0.897529 0.927098
vt 0.889888 0.918129
vt 0.861758 0.882510
vt 0.888927 0.871915
vt 0.867571 0.921382
vt 0.846633 0.923688
vt 0.845629 0.904420
vt 0.840334 0.888530
vt 0.915534 0.854484
vt 0.922152 0.909784
vt 0.926283 0.880950
vt 0.914667 0.898817
vt 0.904157 0.886205
vt 0.904013 0.851918
vt 0.832195 0.888744
vt 0.827012 0.895443
vt 0.817807 0.904242
vt 0.904016 0.817852
vt 0.916973 0.927839
vt 0.921225 0.933844
vt 0.927371 0.926717
vt 0.937464 0.915282
vt 0.927155 0.844683
vt 0.915608 0.835040
vt 0.915608 0.815656
vt 0.904016 0.793992
vt 0.890825 0.796383
vt 0.877587 0.813620
vt 0.890825 0.776140
vt 0.927148 0.809641
vt 0.904016 0.773700
vt 0.865858 0.809793
vt 0.877587 0.791088
vt 0.865857 0.830932
vt 0.877587 0.749187
vt 0.865857 0.755455
vt 0.865858 0.717833
vt 0.877583 0.718917
vt 0.915608 0.774773
vt 0.904016 0.742478
vt 0.890825 0.742946
vt 0.890818 0.718814
vt 0.877552 0.699979
vt 0.865847 0.698958
vt 0.865840 0.672115
vt 0.915608 0.742588
vt 0.890759 0.700988
vt 0.927148 0.786348
vt 0.915608 0.793219
vt 0.941157 0.803677
vt 0.941508 0.780685
vt 0.965861 0.862449
vt 0.941835 0.857560
vt 0.903927 0.701768
vt 0.904004 0.719605
vt 0.915597 0.719955
vt 0.927148 0.740049
vt 0.927148 0.766284
vt 0.964564 0.787939
vt 0.964736 0.812951
vt 0.989291 0.817899
vt 0.989603 0.836842
vt 0.990292 0.851295
vt 0.981855 0.856001
vt 0.927129 0.720687
vt 0.987515 0.796135
vt 0.890705 0.673919
vt 0.903857 0.670653
vt 0.953712 0.741008
vt 0.964534 0.744239
vt 0.940255 0.737967
vt 0.940167 0.721278
vt 0.927015 0.703345
vt 0.915501 0.702519
vt 0.915416 0.675437
vt 0.903847 0.562709
vt 0.890701 0.562198
vt 0.915406 0.563201
vt 0.940005 0.704146
vt 0.915413 0.450731
vt 0.903855 0.454431
vt 0.926897 0.563596
vt 0.926912 0.672092
vt 0.939875 0.676840
vt 0.952954 0.704735
vt 0.953182 0.722098
vt 0.964515 0.722800
vt 0.975355 0.745350
vt 0.926906 0.454763
vt 0.975831 0.723715
vt 0.952819 0.673313
vt 0.988752 0.746038
vt 0.988803 0.724116
vt 0.975736 0.705879
vt 0.964354 0.705291
vt 0.964209 0.677916
vt 0.952799 0.564327
vt 0.939862 0.563970
vt 0.939869 0.450865
vt 0.926960 0.421347
vt 0.915463 0.421336
vt 0.939930 0.421349
vt 0.964193 0.564671
vt 0.952866 0.421442
vt 0.952809 0.455006
vt 0.964201 0.451189
vt 0.975556 0.564963
vt 0.975580 0.674348
vt 0.988434 0.678915
vt 0.988616 0.706405
vt 0.964257 0.421539
vt 0.952912 0.401741
vt 0.975623 0.421566
vt 0.975566 0.455243
vt 0.988424 0.451301
vt 0.988416 0.565219
vt 0.988484 0.421589
vt 0.666988 0.799070
vt 0.666997 0.805802
vt 0.676284 0.803959
vt 0.681914 0.797504
vt 0.858515 0.046816
vt 0.862067 0.041731
vt 0.713087 0.887623
vt 0.718001 0.884561
vt 0.696533 0.887491
vt 0.697814 0.889995
vt 0.698682 0.895485
vt 0.706945 0.895030
vt 0.688661 0.888606
vt 0.685074 0.886040
vt 0.692939 0.895456
vt 0.907526 0.065260
vt 0.725780 0.153682
vt 0.743064 0.152531
vt 0.724936 0.147553
vt 0.740026 0.159194
vt 0.741850 0.182176
vt 0.747912 0.182458
vt 0.698528 0.082473
vt 0.755542 0.107082
vt 0.741163 0.093659
vt 0.776126 0.109675
vt 0.771980 0.116051
vt 0.769981 0.120974
vt 0.762668 0.118484
vt 0.752288 0.116208
vt 0.734248 0.102167
vt 0.720888 0.136084
vt 0.734580 0.133163
vt 0.714816 0.127793
vt 0.736621 0.138380
vt 0.737417 0.142169
vt 0.730045 0.142313
vt 0.721295 0.141552
vt 0.692316 0.131081
vt 0.713346 0.142305
vt 0.703611 0.132133
vt 0.684745 0.119872
vt 0.722198 0.113458
vt 0.744997 0.125216
vt 0.689292 0.100067
vt 0.671054 0.116155
vt 0.768164 0.154675
vt 0.746558 0.146412
vt 0.744244 0.147923
vt 0.752929 0.131577
vt 0.765817 0.131710
vt 0.748294 0.142987
vt 0.759310 0.142634
vt 0.762605 0.147182
vt 0.769744 0.131761
vt 0.772222 0.131885
vt 0.775651 0.132587
vt 0.781988 0.117294
vt 0.786267 0.122781
vt 0.781762 0.133982
vt 0.800749 0.138576
vt 0.781492 0.146287
vt 0.797820 0.150432
vt 0.796567 0.155056
vt 0.813280 0.151903
vt 0.816040 0.155825
vt 0.820072 0.161677
vt 0.795862 0.158453
vt 0.776071 0.149501
vt 0.817745 0.142844
vt 0.818537 0.132551
vt 0.803492 0.126614
vt 0.868096 0.083097
vt 0.873164 0.094854
vt 0.876442 0.088332
vt 0.878380 0.099065
vt 0.873452 0.104206
vt 0.869933 0.102347
vt 0.866919 0.101488
vt 0.867414 0.094322
vt 0.934691 0.113429
vt 0.931998 0.114994
vt 0.856983 0.124330
vt 0.863558 0.106440
vt 0.862181 0.102768
vt 0.865068 0.109957
vt 0.864319 0.118990
vt 0.861813 0.120775
vt 0.751987 0.216442
vt 0.748592 0.219947
vt 0.879212 0.111658
vt 0.884716 0.110698
vt 0.877970 0.124428
vt 0.874373 0.121596
vt 0.874027 0.112891
vt 0.889180 0.112175
vt 0.893330 0.100653
vt 0.905584 0.102320
vt 0.896273 0.106109
vt 0.904129 0.108488
vt 0.902984 0.117208
vt 0.911121 0.111975
vt 0.914995 0.109236
vt 0.916237 0.089530
vt 0.907857 0.096057
vt 0.919946 0.105667
vt 0.917622 0.118855
vt 0.911497 0.119059
vt 0.910631 0.125445
vt 0.902855 0.125527
vt 0.893757 0.123270
vt 0.893991 0.114357
vt 0.919338 0.127582
vt 0.914705 0.126840
vt 0.926251 0.101792
vt 0.927581 0.116192
vt 0.924354 0.128260
vt 0.923053 0.117734
vt 0.849047 0.162588
vt 0.839862 0.182088
vt 0.843525 0.182749
vt 0.839153 0.200080
vt 0.835285 0.194480
vt 0.832961 0.190677
vt 0.835730 0.181407
vt 0.837021 0.172042
vt 0.841262 0.168681
vt 0.874781 0.088231
vt 0.869158 0.087058
vt 0.823865 0.197046
vt 0.822832 0.200818
vt 0.806863 0.201539
vt 0.813731 0.195436
vt 0.817994 0.191467
vt 0.825186 0.192130
vt 0.822225 0.142751
vt 0.824863 0.142157
vt 0.827781 0.143477
vt 0.825408 0.156389
vt 0.830769 0.118161
vt 0.822952 0.127452
vt 0.808267 0.244890
vt 0.808793 0.243641
vt 0.829314 0.246022
vt 0.822505 0.247432
vt 0.922850 0.197661
vt 0.914996 0.199435
vt 0.912329 0.200498
vt 0.921419 0.196273
vt 0.906392 0.199534
vt 0.928768 0.191959
vt 0.909835 0.196721
vt 0.882435 0.199312
vt 0.888411 0.205033
vt 0.890572 0.207497
vt 0.902470 0.203512
vt 0.871134 0.080316
vt 0.873268 0.071454
vt 0.773183 0.048727
vt 0.773197 0.053388
vt 0.823734 0.029976
vt 0.852067 0.049673
vt 0.851628 0.061850
vt 0.823971 0.040329
vt 0.822347 0.056594
vt 0.782575 0.022513
vt 0.797227 0.046339
vt 0.784281 0.046260
vt 0.775519 0.047915
vt 0.749672 0.026132
vt 0.746997 0.028155
vt 0.745987 0.032090
vt 0.778275 0.080260
vt 0.763902 0.023988
vt 0.840576 0.071492
vt 0.784953 0.106367
vt 0.764358 0.068945
vt 0.735078 0.147410
vt 0.754631 0.155629
vt 0.442913 0.941993
vt 0.823428 0.283902
vt 0.824174 0.267362
vt 0.833057 0.256839
vt 0.821649 0.260436
vt 0.913118 0.273416
vt 0.916049 0.274674
vt 0.948758 0.290974
vt 0.903322 0.264581
vt 0.895389 0.253990
vt 0.892316 0.256607
vt 0.872047 0.181227
vt 0.881252 0.182451
vt 0.870047 0.191477
vt 0.863508 0.187139
vt 0.863995 0.180263
vt 0.863953 0.173672
vt 0.870685 0.170883
vt 0.380092 0.853143
vt 0.375025 0.928939
vt 0.375382 0.912042
vt 0.377537 0.901258
vt 0.918741 0.185816
vt 0.904531 0.181492
vt 0.906319 0.188312
vt 0.919367 0.180671
vt 0.917396 0.175789
vt 0.903644 0.174889
vt 0.891174 0.175289
vt 0.885477 0.182454
vt 0.888208 0.171779
vt 0.890506 0.182154
vt 0.893325 0.188825
vt 0.908646 0.192753
vt 0.922134 0.188199
vt 0.889776 0.192603
vt 0.932395 0.197605
vt 0.910919 0.202767
vt 0.925769 0.180489
vt 0.934085 0.180622
vt 0.925549 0.172884
vt 0.935599 0.169533
vt 0.962888 0.181476
vt 0.982916 0.196106
vt 0.986506 0.203859
vt 0.933444 0.204166
vt 0.921540 0.202296
vt 0.915522 0.219438
vt 0.941676 0.169648
vt 0.925500 0.247086
vt 0.907985 0.235449
vt 0.935404 0.227271
vt 0.980970 0.238827
vt 0.985933 0.213230
vt 0.973760 0.265080
vt 0.975019 0.261055
vt 0.903690 0.214229
vt 0.898544 0.227486
vt 0.899900 0.241016
vt 0.909365 0.250304
vt 0.912897 0.256477
vt 0.919609 0.263687
vt 0.964920 0.281265
vt 0.931583 0.256373
vt 0.972503 0.268053
vt 0.928380 0.252088
vt 0.891793 0.241483
vt 0.889859 0.233147
vt 0.893641 0.230899
vt 0.861191 0.168342
vt 0.865228 0.164264
vt 0.857616 0.172505
vt 0.851196 0.173005
vt 0.850508 0.169398
vt 0.828026 0.181333
vt 0.820350 0.181333
vt 0.830818 0.170425
vt 0.824136 0.171099
vt 0.816666 0.181472
vt 0.813805 0.181516
vt 0.822454 0.167388
vt 0.848065 0.189815
vt 0.856323 0.180749
vt 0.848608 0.181497
vt 0.855752 0.189111
vt 0.845804 0.182207
vt 0.844908 0.194001
vt 0.899583 0.213454
vt 0.888734 0.220133
vt 0.857371 0.194514
vt 0.859081 0.199502
vt 0.803336 0.119635
vt 0.803021 0.113937
vt 0.734286 0.890622
vt 0.718774 0.911745
vt 0.719265 0.943238
vt 0.695105 0.989026
vt 0.697030 0.929764
vt 0.348302 0.851209
vt 0.373372 0.836219
vt 0.347886 0.833866
vt 0.364896 0.852947
vt 0.420961 0.852007
vt 0.397465 0.851293
vt 0.398381 0.898884
vt 0.389227 0.899005
vt 0.386553 0.853118
vt 0.363580 0.898878
vt 0.349100 0.900875
vt 0.346053 0.901230
vt 0.382478 0.903549
vt 0.377688 0.932041
vt 0.396498 0.833853
vt 0.371692 0.817634
vt 0.327238 0.835643
vt 0.343566 0.853004
vt 0.340045 0.859513
vt 0.342093 0.901259
vt 0.321665 0.901156
vt 0.322417 0.852745
vt 0.299875 0.851295
vt 0.299187 0.836842
vt 0.300874 0.901049
vt 0.311292 0.796507
vt 0.322658 0.795111
vt 0.297099 0.796135
vt 0.297652 0.778750
vt 0.333849 0.707016
vt 0.322262 0.679121
vt 0.322439 0.706694
vt 0.311068 0.706565
vt 0.322633 0.724334
vt 0.311260 0.724476
vt 0.311292 0.746159
vt 0.298387 0.724116
vt 0.298336 0.746038
vt 0.311292 0.775700
vt 0.322655 0.776212
vt 0.334082 0.792298
vt 0.298200 0.706405
vt 0.298019 0.678915
vt 0.333641 0.565578
vt 0.322244 0.565428
vt 0.333668 0.675312
vt 0.346608 0.679665
vt 0.359576 0.565600
vt 0.346587 0.565698
vt 0.359602 0.675326
vt 0.359782 0.707089
vt 0.371108 0.679139
vt 0.371290 0.706643
vt 0.371476 0.724055
vt 0.360060 0.724216
vt 0.360601 0.740162
vt 0.347042 0.724552
vt 0.347137 0.740842
vt 0.334082 0.743340
vt 0.334082 0.769084
vt 0.322658 0.745790
vt 0.371499 0.740011
vt 0.334049 0.724529
vt 0.346805 0.707286
vt 0.333698 0.421720
vt 0.322250 0.451494
vt 0.333650 0.455518
vt 0.346593 0.451523
vt 0.346642 0.421722
vt 0.359623 0.421739
vt 0.346683 0.401928
vt 0.359657 0.401892
vt 0.371159 0.401930
vt 0.371131 0.421757
vt 0.371093 0.451579
vt 0.359583 0.455554
vt 0.371090 0.565511
vt 0.333739 0.401890
vt 0.322343 0.401925
vt 0.322302 0.421711
vt 0.310932 0.421651
vt 0.310878 0.455400
vt 0.310869 0.565332
vt 0.298008 0.451301
vt 0.298000 0.565219
vt 0.310895 0.674933
vt 0.310976 0.401853
vt 0.298118 0.401859
vt 0.298068 0.421589
vt 0.546400 0.823054
vt 0.558998 0.819542
vt 0.544615 0.801703
vt 0.560506 0.838674
vt 0.570462 0.850994
vt 0.570462 0.836160
vt 0.581881 0.839270
vt 0.570462 0.815199
vt 0.580385 0.856424
vt 0.594002 0.861180
vt 0.594754 0.840785
vt 0.570462 0.760580
vt 0.607588 0.870592
vt 0.593517 0.875948
vt 0.559011 0.723756
vt 0.570473 0.722826
vt 0.581881 0.761573
vt 0.581881 0.814490
vt 0.594753 0.818547
vt 0.607588 0.847186
vt 0.607588 0.857104
vt 0.618902 0.852362
vt 0.618900 0.865792
vt 0.630175 0.865378
vt 0.619029 0.877884
vt 0.607588 0.828617
vt 0.630175 0.851079
vt 0.581900 0.723599
vt 0.530732 0.923240
vt 0.540090 0.932796
vt 0.541826 0.928366
vt 0.546936 0.928930
vt 0.546507 0.877971
vt 0.571166 0.879926
vt 0.570560 0.847463
vt 0.595342 0.891257
vt 0.609363 0.884407
vt 0.621241 0.896423
vt 0.561352 0.911417
vt 0.573855 0.895536
vt 0.582959 0.892986
vt 0.629014 0.880026
vt 0.642850 0.881051
vt 0.634035 0.907979
vt 0.637250 0.918850
vt 0.644377 0.896099
vt 0.659636 0.891559
vt 0.644043 0.909608
vt 0.659496 0.908067
vt 0.675549 0.909568
vt 0.675333 0.893635
vt 0.660888 0.879022
vt 0.421050 0.724459
vt 0.432220 0.741104
vt 0.432724 0.723773
vt 0.421071 0.740544
vt 0.420895 0.706824
vt 0.420759 0.679537
vt 0.432514 0.565872
vt 0.445872 0.565988
vt 0.445874 0.451590
vt 0.459221 0.421746
vt 0.432515 0.455613
vt 0.445875 0.401933
vt 0.459215 0.401895
vt 0.432522 0.421757
vt 0.420772 0.401940
vt 0.420762 0.421768
vt 0.432529 0.401900
vt 0.445873 0.421745
vt 0.420747 0.451611
vt 0.420747 0.565746
vt 0.410004 0.740999
vt 0.396243 0.741408
vt 0.382701 0.421756
vt 0.382727 0.401897
vt 0.382670 0.455589
vt 0.382664 0.565690
vt 0.395835 0.451588
vt 0.395831 0.565874
vt 0.409040 0.565814
vt 0.395847 0.679693
vt 0.409059 0.675436
vt 0.409193 0.705552
vt 0.409440 0.723676
vt 0.396213 0.723700
vt 0.382687 0.675210
vt 0.382487 0.740732
vt 0.382974 0.723444
vt 0.382837 0.705317
vt 0.395989 0.704551
vt 0.395862 0.421753
vt 0.395886 0.401938
vt 0.409062 0.421761
vt 0.409079 0.401902
vt 0.409043 0.455610
vt 0.691225 0.713373
vt 0.704364 0.693282
vt 0.691430 0.694589
vt 0.704245 0.712461
vt 0.715651 0.710603
vt 0.704720 0.741444
vt 0.715626 0.740094
vt 0.691274 0.743045
vt 0.678343 0.743269
vt 0.678117 0.782578
vt 0.716018 0.664926
vt 0.715842 0.692072
vt 0.678376 0.714121
vt 0.676033 0.796805
vt 0.672661 0.804491
vt 0.678574 0.694869
vt 0.678780 0.558255
vt 0.678754 0.663708
vt 0.691627 0.667403
vt 0.691647 0.558073
vt 0.704570 0.557363
vt 0.704544 0.662255
vt 0.691641 0.448626
vt 0.678772 0.452559
vt 0.678724 0.419844
vt 0.691592 0.419788
vt 0.678684 0.400493
vt 0.691551 0.400509
vt 0.704522 0.419683
vt 0.704563 0.452233
vt 0.716031 0.448234
vt 0.716035 0.556708
vt 0.704489 0.400414
vt 0.715966 0.400401
vt 0.715994 0.419586
vt 0.840669 0.716758
vt 0.854076 0.698097
vt 0.840712 0.697190
vt 0.854063 0.718252
vt 0.827283 0.761531
vt 0.840666 0.756536
vt 0.854061 0.756094
vt 0.840665 0.812616
vt 0.827283 0.822843
vt 0.827293 0.717165
vt 0.827283 0.841464
vt 0.840666 0.835003
vt 0.854061 0.833815
vt 0.854061 0.808884
vt 0.827355 0.695880
vt 0.827418 0.559089
vt 0.827410 0.664992
vt 0.840747 0.670206
vt 0.840752 0.559856
vt 0.854090 0.560520
vt 0.854088 0.667199
vt 0.840754 0.449305
vt 0.827422 0.452898
vt 0.827440 0.420158
vt 0.840782 0.420346
vt 0.854125 0.420618
vt 0.854095 0.453528
vt 0.865844 0.449955
vt 0.865838 0.561148
vt 0.854151 0.401237
vt 0.865878 0.420871
vt 0.857951 0.078521
vt 0.860034 0.074300
vt 0.853402 0.072600
vt 0.863160 0.081853
vt 0.877521 0.561683
vt 0.877525 0.669015
vt 0.890705 0.450244
vt 0.903904 0.421176
vt 0.890755 0.421008
vt 0.903944 0.401628
vt 0.877568 0.420946
vt 0.877528 0.454021
vt 0.867945 0.073688
vt 0.726533 0.740562
vt 0.740210 0.741200
vt 0.740230 0.711575
vt 0.754021 0.740500
vt 0.753530 0.711468
vt 0.753618 0.692369
vt 0.740429 0.692874
vt 0.727342 0.692417
vt 0.740604 0.665822
vt 0.753770 0.661474
vt 0.753792 0.556862
vt 0.740623 0.557102
vt 0.727073 0.711565
vt 0.740567 0.400399
vt 0.753769 0.419557
vt 0.753753 0.400351
vt 0.753788 0.452006
vt 0.740619 0.448261
vt 0.727537 0.556872
vt 0.727512 0.661471
vt 0.740591 0.419581
vt 0.727500 0.419578
vt 0.727475 0.400357
vt 0.727532 0.452038
vt 0.887444 0.223893
vt 0.886612 0.226175
vt 0.630435 0.339780
vt 0.643227 0.360310
vt 0.643227 0.339763
vt 0.630435 0.360337
vt 0.643226 0.319192
vt 0.630435 0.319193
vt 0.619125 0.320841
vt 0.619125 0.339797
vt 0.619125 0.360380
vt 0.630435 0.380729
vt 0.643227 0.380657
vt 0.619125 0.380799
vt 0.582018 0.339855
vt 0.594935 0.360474
vt 0.594935 0.339841
vt 0.582018 0.360500
vt 0.594936 0.319194
vt 0.582018 0.319194
vt 0.570559 0.320849
vt 0.570560 0.339869
vt 0.570559 0.360533
vt 0.582018 0.381054
vt 0.594935 0.380992
vt 0.570560 0.381108
vt 0.532828 0.339900
vt 0.545989 0.360582
vt 0.545988 0.339892
vt 0.532828 0.360596
vt 0.545991 0.319195
vt 0.532828 0.319195
vt 0.521148 0.320852
vt 0.521151 0.339907
vt 0.521149 0.360613
vt 0.532828 0.381246
vt 0.545988 0.381212
vt 0.521151 0.381274
vt 0.482811 0.339916
vt 0.496161 0.360628
vt 0.496160 0.339914
vt 0.482811 0.360633
vt 0.496164 0.319196
vt 0.482810 0.319196
vt 0.470999 0.320853
vt 0.471002 0.339919
vt 0.471000 0.360639
vt 0.482811 0.381323
vt 0.496160 0.381310
vt 0.471002 0.381333
vt 0.432530 0.339920
vt 0.445875 0.360639
vt 0.445874 0.339919
vt 0.432530 0.360640
vt 0.445878 0.319196
vt 0.432530 0.319196
vt 0.420772 0.320854
vt 0.420774 0.339921
vt 0.420772 0.360643
vt 0.432530 0.381337
vt 0.445874 0.381335
vt 0.420774 0.381339
vt 0.382731 0.339920
vt 0.395888 0.360642
vt 0.395887 0.339920
vt 0.382731 0.360641
vt 0.395891 0.319196
vt 0.382731 0.319196
vt 0.371161 0.320854
vt 0.371163 0.339921
vt 0.371162 0.360642
vt 0.382731 0.381336
vt 0.395887 0.381338
vt 0.371163 0.381334
vt 0.333744 0.339920
vt 0.346687 0.360639
vt 0.346686 0.339919
vt 0.333744 0.360639
vt 0.346689 0.319196
vt 0.333744 0.319196
vt 0.322347 0.320853
vt 0.322348 0.339919
vt 0.322346 0.360644
vt 0.333744 0.381334
vt 0.346686 0.381333
vt 0.322348 0.381332
vt 0.727471 0.339694
vt 0.740565 0.360161
vt 0.740566 0.339693
vt 0.727471 0.360149
vt 0.740562 0.319191
vt 0.727471 0.319191
vt 0.715963 0.320831
vt 0.715962 0.339695
vt 0.715963 0.360165
vt 0.727471 0.380349
vt 0.740566 0.380349
vt 0.715962 0.380353
vt 0.667008 0.806414
vt 0.805120 0.113228
vt 0.826311 0.114044
vt 0.891047 0.125395
vt 0.835768 0.093848
vt 0.839746 0.090293
vt 0.904912 0.129114
vt 0.907862 0.131356
vt 0.915762 0.132502
vt 0.842719 0.093248
vt 0.851237 0.083687
vt 0.851341 0.075371
vt 0.845622 0.096914
vt 0.850658 0.098880
vt 0.841365 0.110670
vt 0.846019 0.113782
vt 0.859257 0.101450
vt 0.859311 0.087773
vt 0.855768 0.100492
vt 0.851686 0.113403
vt 0.844721 0.118373
vt 0.837343 0.113366
vt 0.858461 0.077942
vt 0.855802 0.084429
vt 0.863016 0.085427
vt 0.843648 0.122130
vt 0.853643 0.117697
vt 0.859949 0.046047
vt 0.857360 0.052879
vt 0.855994 0.064438
vt 0.829089 0.153015
vt 0.833912 0.158738
vt 0.834950 0.154527
vt 0.833032 0.162173
vt 0.832039 0.165838
vt 0.844147 0.157198
vt 0.841357 0.154134
vt 0.836948 0.146048
vt 0.831020 0.144967
vt 0.833934 0.137460
vt 0.838904 0.138042
vt 0.843739 0.139438
vt 0.843047 0.146718
vt 0.832836 0.130764
vt 0.684508 0.913268
vt 0.684008 0.945380
vt 0.977685 0.867860
vt 0.967991 0.895427
vt 0.984302 0.901037
vt 0.978802 0.904350
vt 0.968385 0.925645
vt 0.957003 0.943889
vt 0.951291 0.921461
vt 0.958542 0.951288
vt 0.991290 0.901049
vt 0.855350 0.144414
vt 0.857372 0.154630
vt 0.858225 0.145821
vt 0.854418 0.157540
vt 0.852554 0.143597
vt 0.859315 0.132225
vt 0.860573 0.137381
vt 0.864356 0.148005
vt 0.863532 0.156845
vt 0.865680 0.138962
vt 0.729730 0.210263
vt 0.753210 0.202915
vt 0.907201 0.170822
vt 0.912841 0.167482
vt 0.923677 0.167202
vt 0.869830 0.125076
vt 0.869190 0.121567
vt 0.870156 0.127898
vt 0.869283 0.111764
vt 0.774542 0.193192
vt 0.786464 0.198696
vt 0.789083 0.193444
vt 0.769011 0.197256
vt 0.784317 0.202490
vt 0.769520 0.180466
vt 0.764486 0.180725
vt 0.809724 0.169858
vt 0.793047 0.180443
vt 0.808183 0.180397
vt 0.803127 0.190922
vt 0.776110 0.180361
vt 0.781143 0.167216
vt 0.776176 0.162554
vt 0.756957 0.181579
vt 0.796563 0.167206
vt 0.804582 0.195017
vt 0.841403 0.234406
vt 0.855115 0.219693
vt 0.841759 0.220866
vt 0.845010 0.207463
vt 0.855543 0.204828
vt 0.866441 0.205745
vt 0.868902 0.218888
vt 0.869388 0.232983
vt 0.855178 0.235192
vt 0.856859 0.243618
vt 0.859091 0.250672
vt 0.878216 0.241088
vt 0.836904 0.239540
vt 0.861019 0.254473
vt 0.704484 0.339701
vt 0.691547 0.360194
vt 0.704484 0.360166
vt 0.691548 0.339708
vt 0.691545 0.319191
vt 0.704484 0.319191
vt 0.704484 0.380383
vt 0.691548 0.380415
vt 0.775897 0.223374
vt 0.763505 0.218714
vt 0.770093 0.209803
vt 0.783243 0.208948
vt 0.795348 0.209830
vt 0.791911 0.221491
vt 0.656026 0.339739
vt 0.656026 0.360248
vt 0.656026 0.319192
vt 0.667346 0.320834
vt 0.667346 0.339717
vt 0.667346 0.360211
vt 0.656026 0.380551
vt 0.667346 0.380452
vt 0.310982 0.381311
vt 0.298123 0.381291
vt 0.298123 0.360619
vt 0.310982 0.360632
vt 0.310982 0.339914
vt 0.310982 0.319196
vt 0.298123 0.319195
vt 0.298123 0.339909
vt 0.952919 0.381245
vt 0.952919 0.360602
vt 0.952919 0.339899
vt 0.952919 0.319195
vt 0.903949 0.381186
vt 0.903949 0.360577
vt 0.903949 0.339886
vt 0.903949 0.319195
vt 0.854155 0.380934
vt 0.854155 0.360462
vt 0.854155 0.339828
vt 0.854155 0.319194
vt 0.803839 0.380498
vt 0.803839 0.360262
vt 0.803839 0.339727
vt 0.803839 0.319192
vt 0.847732 0.145275
vt 0.848404 0.133928
vt 0.607796 0.339819
vt 0.607796 0.360420
vt 0.607796 0.319194
vt 0.607796 0.380896
vt 0.841099 0.130481
vt 0.559065 0.339881
vt 0.559065 0.360554
vt 0.559065 0.319195
vt 0.559065 0.381162
vt 0.864614 0.160776
vt 0.509452 0.339911
vt 0.509452 0.360619
vt 0.509452 0.319196
vt 0.509452 0.381293
vt 0.861096 0.263673
vt 0.459215 0.339919
vt 0.459215 0.360638
vt 0.459215 0.319196
vt 0.459215 0.381334
vt 0.570464 0.847719
vt 0.409081 0.339921
vt 0.409081 0.360642
vt 0.409081 0.319196
vt 0.409081 0.381339
vt 0.521223 0.776746
vt 0.359662 0.339920
vt 0.359662 0.360639
vt 0.359662 0.319196
vt 0.359662 0.381334
vt 0.867953 0.133117
vt 0.753751 0.339693
vt 0.753751 0.360147
vt 0.753751 0.319191
vt 0.753751 0.380347
vt 0.796462 0.162183
vt 0.813679 0.166648
vt 0.425970 0.239995
vt 0.380191 0.268600
vt 0.407681 0.281018
vt 0.407782 0.231779
vt 0.396381 0.218159
vt 0.435374 0.194958
vt 0.430367 0.188976
vt 0.422823 0.179963
vt 0.382092 0.201088
vt 0.444260 0.198971
vt 0.453145 0.202985
vt 0.377635 0.183616
vt 0.417725 0.160990
vt 0.372175 0.162216
vt 0.415224 0.173463
vt 0.341362 0.222212
vt 0.360776 0.245406
vt 0.355363 0.249997
vt 0.362364 0.263890
vt 0.345728 0.258171
vt 0.342949 0.240696
vt 0.326373 0.163460
vt 0.327011 0.194608
vt 0.333867 0.192836
vt 0.319836 0.180806
vt 0.314808 0.197765
vt 0.327330 0.210183
vt 0.376086 0.142540
vt 0.414247 0.150224
vt 0.421572 0.141633
vt 0.379996 0.122863
vt 0.393214 0.105224
vt 0.338193 0.103980
vt 0.356337 0.079766
vt 0.350686 0.075475
vt 0.374481 0.055552
vt 0.356933 0.061223
vt 0.340627 0.067840
vt 0.338788 0.085437
vt 0.433528 0.126093
vt 0.404005 0.090823
vt 0.424030 0.129152
vt 0.332283 0.133720
vt 0.325342 0.132322
vt 0.318916 0.146493
vt 0.312987 0.129836
vt 0.324827 0.116753
vt 0.423718 0.080598
vt 0.443936 0.120695
vt 0.450844 0.117113
vt 0.439447 0.072441
vt 0.459375 0.071900
vt 0.428051 0.027769
vt 0.458171 0.026951
vt 0.457980 0.019829
vt 0.488290 0.026133
vt 0.472944 0.015859
vt 0.457640 0.007153
vt 0.442824 0.016676
vt 0.470316 0.116584
vt 0.479303 0.071359
vt 0.460580 0.116848
vt 0.401266 0.041661
vt 0.398024 0.035327
vt 0.383011 0.039106
vt 0.392253 0.024055
vt 0.409795 0.025214
vt 0.497491 0.079574
vt 0.479201 0.120598
vt 0.488087 0.124611
vt 0.515678 0.087790
vt 0.528523 0.103136
vt 0.543270 0.050969
vt 0.562684 0.074163
vt 0.568098 0.069572
vt 0.582099 0.097357
vt 0.580512 0.078873
vt 0.577733 0.061402
vt 0.561097 0.055679
vt 0.500638 0.139606
vt 0.541368 0.118481
vt 0.494362 0.132109
vt 0.515780 0.038551
vt 0.518678 0.032051
vt 0.506382 0.022592
vt 0.523837 0.020482
vt 0.533872 0.035009
vt 0.546327 0.137917
vt 0.503060 0.149101
vt 0.505483 0.158597
vt 0.551285 0.157353
vt 0.547375 0.177029
vt 0.597088 0.156109
vt 0.591178 0.185849
vt 0.598119 0.187247
vt 0.585268 0.215589
vt 0.598634 0.202816
vt 0.610474 0.189737
vt 0.604544 0.173076
vt 0.501662 0.177823
vt 0.543465 0.196706
vt 0.503572 0.168210
vt 0.589594 0.126733
vt 0.596450 0.124961
vt 0.596130 0.109387
vt 0.608653 0.121808
vt 0.603625 0.138763
vt 0.531460 0.212726
vt 0.495797 0.185649
vt 0.489932 0.193476
vt 0.519456 0.228747
vt 0.501735 0.237937
vt 0.548979 0.264017
vt 0.522195 0.277908
vt 0.525437 0.284242
vt 0.495410 0.291800
vt 0.513666 0.294355
vt 0.531208 0.295518
vt 0.540450 0.280463
vt 0.472617 0.202457
vt 0.484014 0.247128
vt 0.481275 0.197966
vt 0.567123 0.239803
vt 0.572775 0.244094
vt 0.584672 0.234132
vt 0.582834 0.251733
vt 0.566528 0.258346
vt 0.464086 0.247669
vt 0.462881 0.202721
vt 0.444158 0.248210
vt 0.435170 0.293436
vt 0.404783 0.287518
vt 0.389589 0.284560
vt 0.399624 0.299091
vt 0.417078 0.296977
vt 0.465290 0.292618
vt 0.465481 0.299740
vt 0.480637 0.302893
vt 0.465821 0.312420
vt 0.450517 0.303710
vt 0.678678 0.339711
vt 0.678678 0.360188
vt 0.678678 0.319191
vt 0.678678 0.380428
vt 0.698199 0.895679
vt 0.811822 0.180920
vt 0.755162 0.219225
vt 0.766553 0.207028
vt 0.810730 0.238627
vt 0.798662 0.235116
vt 0.804205 0.230415
vt 0.813060 0.232200
vt 0.823030 0.231792
vt 0.825259 0.237386
vt 0.784153 0.204932
vt 0.799880 0.206628
vt 0.831282 0.222219
vt 0.828986 0.208985
vt 0.827123 0.220688
vt 0.833014 0.205718
vt 0.834497 0.223527
vt 0.817194 0.219882
vt 0.821045 0.207094
vt 0.812629 0.208237
vt 0.807641 0.219375
vt 0.796233 0.221941
vt 0.798841 0.222503
vt 0.737974 0.181706
vt 0.837404 0.222349
vt 0.842702 0.204749
vt 0.949273 0.094694
vt 0.857386 0.201482
vt 0.872566 0.203530
vt 0.822140 0.203269
vt 0.810355 0.205715
vt 0.878046 0.222411
vt 0.802849 0.220901
s 1
usemtl zpm.001
f 1/1/1 2/2/2 3/3/3
f 2/2/2 1/1/1 4/4/4
f 5/5/5 2/2/2 6/6/6
f 2/2/2 5/5/5 3/3/3
f 7/7/7 8/8/8 9/9/9
f 8/8/8 10/10/10 9/9/9
f 10/10/10 8/8/8 11/11/11
f 8/8/8 12/12/12 11/11/11
f 12/12/12 8/8/8 13/13/13
f 8/8/8 7/7/7 13/13/13
f 14/14/14 15/15/15 16/16/16
f 15/15/15 17/17/17 16/16/16
f 17/17/17 15/15/15 18/18/18
f 15/15/15 7/7/7 18/18/18
f 7/7/7 15/15/15 19/19/19
f 15/15/15 14/14/14 19/19/19
f 20/20/20 21/21/21 22/22/22
f 21/21/21 23/23/23 22/22/22
f 23/23/23 21/21/21 24/24/24
f 21/21/21 25/25/25 24/24/24
f 25/25/25 21/21/21 26/26/26
f 21/21/21 20/20/20 26/26/26
f 27/27/27 28/28/28 29/29/29
f 28/28/28 27/27/27 30/30/30
f 31/31/31 28/28/28 30/30/30
f 28/28/28 31/31/31 4/4/4
f 1/1/1 28/28/28 4/4/4
f 28/28/28 1/1/1 32/32/32
f 33/33/33 28/28/28 32/32/32
f 28/28/28 33/33/33 34/34/34
f 35/35/35 28/28/28 34/34/34
f 36/36/36 35/35/35 34/34/34
f 35/35/35 36/36/36 37/37/37
f 28/28/28 35/35/35 29/29/29
f 38/38/38 39/39/39 40/40/40
f 39/39/39 41/41/41 40/40/40
f 41/41/41 39/39/39 42/42/42
f 39/39/39 43/43/43 42/42/42
f 43/43/43 39/39/39 44/44/44
f 39/39/39 38/38/38 44/44/44
f 45/45/45 46/46/46 47/47/47
f 46/46/46 45/45/45 48/48/48
f 49/49/49 46/46/46 48/48/48
f 50/50/50 49/49/49 48/48/48
f 45/45/45 50/50/50 48/48/48
f 50/50/50 45/45/45 51/51/51
f 45/45/45 52/52/52 51/51/51
f 52/52/52 53/53/53 51/51/51
f 53/53/53 52/52/52 54/54/54
f 49/49/49 50/50/50 55/55/55
f 56/56/56 49/49/49 55/55/55
f 53/53/53 56/56/56 55/55/55
f 50/50/50 53/53/53 55/55/55
f 53/53/53 50/50/50 51/51/51
f 49/49/49 56/56/56 57/57/57
f 49/49/49 58/58/58 59/59/59
f 58/58/58 49/49/49 57/57/57
f 60/60/60 58/58/58 57/57/57
f 56/56/56 60/60/60 57/57/57
f 60/60/60 56/56/56 61/61/61
f 56/56/56 53/53/53 61/61/61
f 53/53/53 62/62/62 61/61/61
f 62/62/62 53/53/53 54/54/54
f 63/63/63 62/62/62 54/54/54
f 52/52/52 63/63/63 54/54/54
f 63/63/63 52/52/52 64/64/64
f 60/60/60 62/62/62 65/65/65
f 62/62/62 60/60/60 61/61/61
f 66/66/66 67/67/67 68/68/68
f 69/69/69 66/66/66 68/68/68
f 66/66/66 69/69/69 70/70/70
f 69/69/69 71/71/71 70/70/70
f 71/71/71 63/63/63 70/70/70
f 63/63/63 71/71/71 72/72/72
f 62/62/62 63/63/63 72/72/72
f 73/73/73 62/62/62 72/72/72
f 62/62/62 73/73/73 65/65/65
f 73/73/73 74/74/74 65/65/65
f 74/74/74 60/60/60 65/65/65
f 60/60/60 74/74/74 75/75/75
f 58/58/58 60/60/60 75/75/75
f 76/76/76 58/58/58 75/75/75
f 58/58/58 76/76/76 59/59/59
f 76/76/76 77/77/77 59/59/59
f 77/77/77 49/49/49 59/59/59
f 49/49/49 77/77/77 78/78/78
f 73/73/73 71/71/71 79/79/79
f 71/71/71 73/73/73 72/72/72
f 76/76/76 74/74/74 80/80/80
f 74/74/74 76/76/76 75/75/75
f 77/77/77 81/81/81 78/78/78
f 74/74/74 82/82/82 80/80/80
f 82/82/82 74/74/74 83/83/83
f 74/74/74 73/73/73 83/83/83
f 73/73/73 84/84/84 83/83/83
f 84/84/84 73/73/73 79/79/79
f 85/85/85 84/84/84 79/79/79
f 71/71/71 85/85/85 79/79/79
f 85/85/85 71/71/71 86/86/86
f 71/71/71 69/69/69 86/86/86
f 82/82/82 84/84/84 87/87/87
f 84/84/84 82/82/82 83/83/83
f 49/49/49 88/88/88 89/89/89
f 90/90/90 88/88/88 91/91/91
f 88/88/88 90/90/90 89/89/89
f 90/90/90 92/92/92 89/89/89
f 92/92/92 49/49/49 89/89/89
f 49/49/49 92/92/92 93/93/93
f 49/49/49 94/94/94 95/95/95
f 96/96/96 81/81/81 97/97/97
f 98/98/98 94/94/94 99/99/99
f 94/94/94 98/98/98 95/95/95
f 98/98/98 100/100/100 95/95/95
f 100/100/100 49/49/49 95/95/95
f 49/49/49 100/100/100 101/101/101
f 96/96/96 102/102/102 103/103/103
f 104/104/104 102/102/102 105/105/105
f 94/94/94 49/49/49 78/78/78
f 81/81/81 94/94/94 78/78/78
f 94/94/94 81/81/81 99/99/99
f 81/81/81 96/96/96 99/99/99
f 96/96/96 98/98/98 99/99/99
f 98/98/98 96/96/96 103/103/103
f 106/106/106 98/98/98 103/103/103
f 102/102/102 106/106/106 103/103/103
f 106/106/106 102/102/102 107/107/107
f 102/102/102 104/104/104 107/107/107
f 104/104/104 108/108/108 107/107/107
f 108/108/108 104/104/104 109/109/109
f 110/110/110 108/108/108 109/109/109
f 111/111/111 110/110/110 109/109/109
f 110/110/110 111/111/111 112/112/112
f 113/113/113 110/110/110 112/112/112
f 110/110/110 113/113/113 114/114/114
f 113/113/113 115/115/115 114/114/114
f 106/106/106 108/108/108 116/116/116
f 108/108/108 106/106/106 107/107/107
f 117/117/117 115/115/115 118/118/118
f 115/115/115 113/113/113 118/118/118
f 104/104/104 111/111/111 109/109/109
f 111/111/111 104/104/104 119/119/119
f 104/104/104 120/120/120 119/119/119
f 120/120/120 104/104/104 105/105/105
f 121/121/121 120/120/120 105/105/105
f 102/102/102 121/121/121 105/105/105
f 121/121/121 102/102/102 122/122/122
f 102/102/102 96/96/96 122/122/122
f 96/96/96 123/123/123 122/122/122
f 123/123/123 96/96/96 97/97/97
f 124/124/124 123/123/123 97/97/97
f 81/81/81 124/124/124 97/97/97
f 124/124/124 81/81/81 125/125/125
f 81/81/81 77/77/77 125/125/125
f 77/77/77 76/76/76 125/125/125
f 76/76/76 124/124/124 125/125/125
f 124/124/124 76/76/76 80/80/80
f 82/82/82 124/124/124 80/80/80
f 123/123/123 121/121/121 122/122/122
f 121/121/121 123/123/123 126/126/126
f 120/120/120 121/121/121 127/127/127
f 121/121/121 128/128/128 127/127/127
f 128/128/128 121/121/121 126/126/126
f 129/129/129 128/128/128 126/126/126
f 123/123/123 129/129/129 126/126/126
f 129/129/129 123/123/123 130/130/130
f 123/123/123 124/124/124 130/130/130
f 124/124/124 82/82/82 130/130/130
f 82/82/82 129/129/129 130/130/130
f 129/129/129 82/82/82 87/87/87
f 131/131/131 129/129/129 87/87/87
f 84/84/84 131/131/131 87/87/87
f 131/131/131 84/84/84 132/132/132
f 84/84/84 85/85/85 132/132/132
f 128/128/128 129/129/129 133/133/133
f 129/129/129 131/131/131 133/133/133
f 134/134/134 135/135/135 136/136/136
f 135/135/135 137/137/137 136/136/136
f 137/137/137 135/135/135 138/138/138
f 135/135/135 139/139/139 138/138/138
f 139/139/139 135/135/135 140/140/140
f 135/135/135 134/134/134 140/140/140
f 141/141/141 142/142/142 143/143/143
f 142/142/142 141/141/141 144/144/144
f 63/63/63 66/66/66 70/70/70
f 66/66/66 63/63/63 64/64/64
f 142/142/142 66/66/66 64/64/64
f 52/52/52 142/142/142 64/64/64
f 142/142/142 52/52/52 143/143/143
f 52/52/52 45/45/45 143/143/143
f 45/45/45 141/141/141 143/143/143
f 141/141/141 45/45/45 47/47/47
f 145/145/145 141/141/141 47/47/47
f 46/46/46 145/145/145 47/47/47
f 145/145/145 46/46/46 146/146/146
f 46/46/46 49/49/49 146/146/146
f 49/49/49 147/147/147 146/146/146
f 147/147/147 145/145/145 146/146/146
f 145/145/145 147/147/147 148/148/148
f 92/92/92 149/149/149 93/93/93
f 149/149/149 150/150/150 93/93/93
f 150/150/150 49/49/49 93/93/93
f 49/49/49 150/150/150 151/151/151
f 147/147/147 49/49/49 151/151/151
f 152/152/152 147/147/147 151/151/151
f 147/147/147 152/152/152 148/148/148
f 152/152/152 153/153/153 148/148/148
f 153/153/153 145/145/145 148/148/148
f 145/145/145 153/153/153 154/154/154
f 141/141/141 145/145/145 154/154/154
f 155/155/155 141/141/141 154/154/154
f 141/141/141 155/155/155 144/144/144
f 155/155/155 156/156/156 144/144/144
f 156/156/156 142/142/142 144/144/144
f 142/142/142 156/156/156 157/157/157
f 66/66/66 142/142/142 157/157/157
f 67/67/67 66/66/66 157/157/157
f 156/156/156 155/155/155 158/158/158
f 150/150/150 149/149/149 159/159/159
f 156/156/156 67/67/67 157/157/157
f 67/67/67 156/156/156 160/160/160
f 156/156/156 161/161/161 160/160/160
f 161/161/161 156/156/156 158/158/158
f 162/162/162 161/161/161 158/158/158
f 155/155/155 162/162/162 158/158/158
f 162/162/162 155/155/155 163/163/163
f 161/161/161 162/162/162 164/164/164
f 162/162/162 165/165/165 164/164/164
f 166/166/166 167/167/167 168/168/168
f 167/167/167 166/166/166 169/169/169
f 165/165/165 167/167/167 169/169/169
f 167/167/167 165/165/165 170/170/170
f 165/165/165 162/162/162 170/170/170
f 162/162/162 171/171/171 170/170/170
f 171/171/171 162/162/162 163/163/163
f 153/153/153 171/171/171 163/163/163
f 155/155/155 153/153/153 163/163/163
f 153/153/153 155/155/155 154/154/154
f 171/171/171 167/167/167 170/170/170
f 171/171/171 153/153/153 172/172/172
f 153/153/153 152/152/152 172/172/172
f 152/152/152 173/173/173 172/172/172
f 173/173/173 174/174/174 175/175/175
f 174/174/174 173/173/173 176/176/176
f 177/177/177 178/178/178 179/179/179
f 178/178/178 177/177/177 180/180/180
f 177/177/177 174/174/174 180/180/180
f 174/174/174 181/181/181 180/180/180
f 181/181/181 174/174/174 176/176/176
f 149/149/149 181/181/181 176/176/176
f 173/173/173 149/149/149 176/176/176
f 149/149/149 173/173/173 159/159/159
f 173/173/173 152/152/152 159/159/159
f 152/152/152 150/150/150 159/159/159
f 150/150/150 152/152/152 151/151/151
f 181/181/181 178/178/178 180/180/180
f 181/181/181 149/149/149 182/182/182
f 173/173/173 171/171/171 172/172/172
f 171/171/171 173/173/173 175/175/175
f 167/167/167 171/171/171 175/175/175
f 174/174/174 167/167/167 175/175/175
f 167/167/167 174/174/174 168/168/168
f 174/174/174 177/177/177 168/168/168
f 177/177/177 166/166/166 168/168/168
f 166/166/166 177/177/177 183/183/183
f 177/177/177 184/184/184 183/183/183
f 184/184/184 177/177/177 179/179/179
f 185/185/185 184/184/184 179/179/179
f 178/178/178 185/185/185 179/179/179
f 185/185/185 178/178/178 186/186/186
f 178/178/178 181/181/181 186/186/186
f 181/181/181 90/90/90 186/186/186
f 90/90/90 181/181/181 182/182/182
f 92/92/92 90/90/90 182/182/182
f 149/149/149 92/92/92 182/182/182
f 184/184/184 185/185/185 187/187/187
f 185/185/185 90/90/90 187/187/187
f 90/90/90 185/185/185 186/186/186
f 115/115/115 188/188/188 114/114/114
f 188/188/188 115/115/115 189/189/189
f 190/190/190 188/188/188 189/189/189
f 191/191/191 190/190/190 189/189/189
f 190/190/190 191/191/191 192/192/192
f 191/191/191 193/193/193 192/192/192
f 193/193/193 90/90/90 192/192/192
f 90/90/90 193/193/193 194/194/194
f 193/193/193 117/117/117 194/194/194
f 117/117/117 193/193/193 195/195/195
f 115/115/115 117/117/117 195/195/195
f 191/191/191 115/115/115 195/195/195
f 115/115/115 191/191/191 189/189/189
f 193/193/193 191/191/191 195/195/195
f 188/188/188 196/196/196 197/197/197
f 196/196/196 188/188/188 198/198/198
f 188/188/188 190/190/190 198/198/198
f 190/190/190 199/199/199 198/198/198
f 199/199/199 196/196/196 198/198/198
f 196/196/196 199/199/199 200/200/200
f 201/201/201 196/196/196 200/200/200
f 202/202/202 201/201/201 200/200/200
f 199/199/199 202/202/202 200/200/200
f 202/202/202 199/199/199 203/203/203
f 90/90/90 190/190/190 192/192/192
f 190/190/190 90/90/90 91/91/91
f 199/199/199 190/190/190 91/91/91
f 88/88/88 199/199/199 91/91/91
f 199/199/199 88/88/88 203/203/203
f 88/88/88 49/49/49 203/203/203
f 49/49/49 202/202/202 203/203/203
f 202/202/202 49/49/49 101/101/101
f 201/201/201 202/202/202 101/101/101
f 100/100/100 201/201/201 101/101/101
f 201/201/201 100/100/100 204/204/204
f 100/100/100 98/98/98 204/204/204
f 98/98/98 106/106/106 204/204/204
f 106/106/106 201/201/201 204/204/204
f 201/201/201 106/106/106 116/116/116
f 196/196/196 201/201/201 116/116/116
f 108/108/108 196/196/196 116/116/116
f 196/196/196 108/108/108 197/197/197
f 108/108/108 110/110/110 197/197/197
f 110/110/110 188/188/188 197/197/197
f 188/188/188 110/110/110 114/114/114
f 205/205/205 206/206/206 207/207/207
f 206/206/206 208/208/208 207/207/207
f 208/208/208 206/206/206 209/209/209
f 206/206/206 134/134/134 209/209/209
f 134/134/134 206/206/206 210/210/210
f 206/206/206 205/205/205 210/210/210
f 184/211/184 211/212/211 212/213/212
f 211/212/211 184/211/184 187/214/187
f 90/215/90 211/212/211 187/214/187
f 211/212/211 90/215/90 213/216/213
f 90/215/90 214/217/214 213/216/213
f 214/217/214 215/218/215 213/216/213
f 215/218/215 214/217/214 216/219/216
f 214/217/214 217/220/217 216/219/216
f 217/220/217 214/217/214 218/221/218
f 214/217/214 117/222/117 218/221/218
f 117/222/117 219/223/219 218/221/218
f 219/223/219 117/222/117 118/224/118
f 113/225/113 219/223/219 118/224/118
f 219/223/219 113/225/113 220/226/220
f 113/225/113 221/227/221 220/226/220
f 221/227/221 222/228/222 220/226/220
f 222/228/222 219/223/219 220/226/220
f 219/223/219 222/228/222 223/229/223
f 217/220/217 219/223/219 223/229/223
f 219/223/219 217/220/217 218/221/218
f 224/230/224 211/212/211 225/231/225
f 211/212/211 215/218/215 225/231/225
f 215/218/215 211/212/211 213/216/213
f 117/222/117 214/217/214 194/232/194
f 214/217/214 90/215/90 194/232/194
f 221/227/221 111/233/111 226/234/226
f 111/233/111 221/227/221 112/235/112
f 221/227/221 113/225/113 112/235/112
f 222/228/222 221/227/221 227/236/227
f 221/227/221 228/237/228 227/236/227
f 228/237/228 221/227/221 226/234/226
f 229/238/229 228/237/228 226/234/226
f 111/233/111 229/238/229 226/234/226
f 229/238/229 111/233/111 119/239/119
f 120/240/120 229/238/229 119/239/119
f 229/238/229 120/240/120 230/241/230
f 120/240/120 231/242/231 230/241/230
f 231/242/231 232/243/232 230/241/230
f 232/243/232 231/242/231 233/244/233
f 231/242/231 234/245/234 233/244/233
f 234/245/234 231/242/231 235/246/235
f 236/247/236 234/245/234 235/246/235
f 128/248/128 236/247/236 235/246/235
f 236/247/236 128/248/128 133/249/133
f 131/250/131 236/247/236 133/249/133
f 236/247/236 131/250/131 237/251/237
f 231/242/231 128/248/128 235/246/235
f 128/248/128 231/242/231 127/252/127
f 231/242/231 120/240/120 127/252/127
f 228/237/228 229/238/229 238/253/238
f 229/238/229 232/243/232 238/253/238
f 232/243/232 229/238/229 230/241/230
f 234/245/234 236/247/236 239/254/239
f 236/247/236 240/255/240 239/254/239
f 240/255/240 236/247/236 237/251/237
f 241/256/241 85/257/85 242/258/242
f 85/257/85 241/256/241 132/259/132
f 241/256/241 131/250/131 132/259/132
f 131/250/131 241/256/241 237/251/237
f 241/256/241 240/255/240 237/251/237
f 240/255/240 241/256/241 243/260/243
f 241/256/241 244/261/244 243/260/243
f 244/261/244 241/256/241 242/258/242
f 245/262/245 244/261/244 242/258/242
f 85/257/85 245/262/245 242/258/242
f 245/262/245 85/257/85 86/263/86
f 69/264/69 245/262/245 86/263/86
f 245/262/245 69/264/69 246/265/246
f 69/264/69 247/266/247 246/265/246
f 247/266/247 248/267/246 246/265/246
f 248/267/246 247/266/247 249/268/248
f 247/266/247 250/269/249 249/268/248
f 250/269/249 247/266/247 251/270/250
f 252/271/251 250/269/249 251/270/250
f 67/272/67 252/271/251 251/270/250
f 252/271/251 67/272/67 160/273/160
f 247/266/247 67/272/67 251/270/250
f 67/272/67 247/266/247 68/274/68
f 247/266/247 69/264/69 68/274/68
f 244/261/244 245/262/245 253/275/245
f 245/262/245 248/267/246 253/275/245
f 248/267/246 245/262/245 246/265/246
f 250/269/249 252/271/251 254/276/252
f 252/271/251 255/277/253 254/276/252
f 255/277/253 252/271/251 256/278/254
f 161/279/161 252/271/251 160/273/160
f 252/271/251 161/279/161 256/278/254
f 161/279/161 257/280/255 256/278/254
f 257/280/255 255/277/253 256/278/254
f 255/277/253 257/280/255 258/281/256
f 257/280/255 259/282/257 258/281/256
f 259/282/257 257/280/255 260/283/258
f 261/284/259 259/282/257 260/283/258
f 165/285/165 261/284/259 260/283/258
f 261/284/259 165/285/165 169/286/169
f 166/287/166 261/284/259 169/286/169
f 261/284/259 166/287/166 262/288/260
f 166/287/166 263/289/261 262/288/260
f 263/289/261 264/290/262 262/288/260
f 264/290/262 263/289/261 265/291/263
f 263/289/261 224/230/224 265/291/263
f 224/230/224 263/289/261 212/213/212
f 211/212/211 224/230/224 212/213/212
f 259/282/257 261/284/259 266/292/264
f 261/284/259 264/290/262 266/292/264
f 264/290/262 261/284/259 262/288/260
f 257/280/255 165/285/165 260/283/258
f 165/285/165 257/280/255 164/293/164
f 257/280/255 161/279/161 164/293/164
f 263/289/261 184/211/184 212/213/212
f 184/211/184 263/289/261 183/294/183
f 263/289/261 166/287/166 183/294/183
f 267/295/265 268/296/266 269/297/267
f 268/296/266 270/298/268 269/297/267
f 270/298/268 268/296/266 271/299/269
f 268/296/266 272/300/270 271/299/269
f 272/300/270 268/296/266 273/301/271
f 268/296/266 267/295/265 273/301/271
f 274/302/272 275/303/273 276/304/274
f 275/303/273 277/305/275 276/304/274
f 277/305/275 275/303/273 278/306/276
f 275/303/273 267/295/265 278/306/276
f 267/295/265 275/303/273 279/307/277
f 275/303/273 274/302/272 279/307/277
f 280/308/278 281/309/279 282/310/280
f 281/309/279 283/311/281 282/310/280
f 283/311/281 281/309/279 284/312/282
f 281/309/279 285/313/283 284/312/282
f 285/313/283 281/309/279 286/314/284
f 281/309/279 287/315/285 286/314/284
f 287/315/285 281/309/279 288/316/286
f 281/309/279 280/308/278 288/316/286
f 289/317/287 290/318/288 291/319/289
f 290/318/288 287/315/285 291/319/289
f 287/315/285 290/318/288 286/314/284
f 290/318/288 285/313/283 286/314/284
f 285/313/283 290/318/288 292/320/290
f 290/318/288 293/321/291 292/320/290
f 293/321/291 290/318/288 294/322/292
f 290/318/288 289/317/287 294/322/292
f 295/323/293 296/324/294 297/325/295
f 296/324/294 298/326/296 297/325/295
f 298/326/296 296/324/294 299/327/297
f 296/324/294 300/328/298 299/327/297
f 300/328/298 296/324/294 301/329/299
f 296/324/294 302/330/300 301/329/299
f 302/330/300 296/324/294 303/331/301
f 296/324/294 295/323/293 303/331/301
f 304/332/302 305/333/303 306/334/304
f 305/333/303 302/330/300 306/334/304
f 302/330/300 305/333/303 301/329/299
f 305/333/303 300/328/298 301/329/299
f 300/328/298 305/333/303 307/335/305
f 305/333/303 308/336/306 307/335/305
f 308/336/306 305/333/303 309/337/307
f 305/333/303 304/332/302 309/337/307
f 310/338/308 311/339/309 312/340/310
f 311/339/309 313/341/311 312/340/310
f 313/341/311 311/339/309 314/342/312
f 311/339/309 315/343/313 314/342/312
f 315/343/313 311/339/309 316/344/314
f 311/339/309 317/345/315 316/344/314
f 317/345/315 311/339/309 318/346/316
f 311/339/309 310/338/308 318/346/316
f 319/347/317 320/348/318 321/349/319
f 320/348/318 317/345/315 321/349/319
f 317/345/315 320/348/318 316/344/314
f 320/348/318 315/343/313 316/344/314
f 315/343/313 320/348/318 322/350/320
f 320/348/318 323/351/321 322/350/320
f 323/351/321 320/348/318 324/352/322
f 320/348/318 319/347/317 324/352/322
f 325/353/323 326/354/324 327/355/325
f 326/354/324 328/356/326 327/355/325
f 328/356/326 326/354/324 329/357/327
f 326/354/324 330/358/328 329/357/327
f 330/358/328 326/354/324 331/359/329
f 326/354/324 332/360/330 331/359/329
f 332/360/330 326/354/324 333/361/331
f 326/354/324 325/353/323 333/361/331
f 334/362/332 335/363/333 336/364/334
f 335/363/333 332/360/330 336/364/334
f 332/360/330 335/363/333 331/359/329
f 335/363/333 330/358/328 331/359/329
f 330/358/328 335/363/333 337/365/335
f 335/363/333 338/366/336 337/365/335
f 338/366/336 335/363/333 339/367/337
f 335/363/333 334/362/332 339/367/337
f 340/368/338 341/369/339 342/370/340
f 341/369/339 343/371/341 342/370/340
f 343/371/341 341/369/339 344/372/342
f 341/369/339 345/373/343 344/372/342
f 345/373/343 341/369/339 346/374/344
f 341/369/339 347/375/345 346/374/344
f 347/375/345 341/369/339 348/376/346
f 341/369/339 340/368/338 348/376/346
f 349/377/347 350/378/348 351/379/349
f 350/378/348 347/375/345 351/379/349
f 347/375/345 350/378/348 346/374/344
f 350/378/348 345/373/343 346/374/344
f 345/373/343 350/378/348 352/380/350
f 350/378/348 353/381/351 352/380/350
f 353/381/351 350/378/348 354/382/352
f 350/378/348 349/377/347 354/382/352
f 355/383/353 356/384/354 357/385/355
f 356/384/354 358/386/356 357/385/355
f 358/386/356 356/384/354 359/387/357
f 356/384/354 360/388/358 359/387/357
f 360/388/358 356/384/354 361/389/359
f 356/384/354 362/390/360 361/389/359
f 362/390/360 356/384/354 363/391/361
f 356/384/354 364/392/362 363/391/361
f 364/392/362 356/384/354 365/393/363
f 356/384/354 366/394/364 365/393/363
f 366/394/364 356/384/354 367/395/365
f 356/384/354 355/383/353 367/395/365
f 368/396/366 369/397/367 370/398/368
f 369/397/367 368/396/366 371/399/369
f 372/400/370 369/397/367 371/399/369
f 369/397/367 372/400/370 373/401/371
f 374/402/372 369/397/367 373/401/371
f 375/403/373 376/404/374 377/405/375
f 376/404/374 375/403/373 378/406/376
f 375/403/373 379/407/377 378/406/376
f 379/407/377 380/408/378 378/406/376
f 380/408/378 379/407/377 381/409/379
f 379/407/377 374/402/372 381/409/379
f 374/402/372 379/407/377 382/410/380
f 369/397/367 374/402/372 382/410/380
f 383/411/381 369/397/367 382/410/380
f 369/397/367 383/411/381 370/398/368
f 383/411/381 384/412/382 370/398/368
f 384/412/382 368/396/366 370/398/368
f 368/396/366 384/412/382 385/413/383
f 384/412/382 386/414/384 385/413/383
f 386/414/384 384/412/382 387/415/385
f 384/412/382 388/416/386 387/415/385
f 388/416/386 384/412/382 389/417/387
f 390/418/388 388/416/386 389/417/387
f 384/412/382 383/411/381 389/417/387
f 379/407/377 383/411/381 382/410/380
f 380/408/378 376/404/374 378/406/376
f 376/404/374 380/408/378 391/419/389
f 388/416/386 390/418/388 392/420/390
f 383/411/381 390/418/388 389/417/387
f 390/418/388 383/411/381 393/421/391
f 383/411/381 379/407/377 393/421/391
f 379/407/377 375/403/373 393/421/391
f 375/403/373 390/418/388 393/421/391
f 390/418/388 375/403/373 394/422/392
f 395/423/393 390/418/388 394/422/392
f 390/418/388 395/423/393 392/420/390
f 395/423/393 396/424/394 392/420/390
f 396/424/394 388/416/386 392/420/390
f 388/416/386 396/424/394 397/425/395
f 396/424/394 398/426/396 397/425/395
f 398/426/396 396/424/394 399/427/397
f 396/424/394 400/428/398 399/427/397
f 400/428/398 396/424/394 401/429/399
f 396/424/394 395/423/393 401/429/399
f 402/430/400 403/431/401 404/432/402
f 403/431/401 395/423/393 404/432/402
f 395/423/393 403/431/401 405/433/403
f 403/431/401 406/434/404 405/433/403
f 406/434/404 403/431/401 407/435/405
f 403/431/401 402/430/400 408/436/406
f 409/437/407 403/431/401 408/436/406
f 403/431/401 409/437/407 407/435/405
f 409/437/407 410/438/408 407/435/405
f 410/438/408 406/434/404 407/435/405
f 406/434/404 410/438/408 411/439/409
f 412/440/410 406/434/404 411/439/409
f 413/441/411 412/440/410 411/439/409
f 412/440/410 413/441/411 414/442/412
f 413/441/411 415/443/413 414/442/412
f 415/443/413 416/444/414 414/442/412
f 416/444/414 415/443/413 417/445/415
f 415/443/413 418/446/416 417/445/415
f 418/446/416 415/443/413 419/447/417
f 415/443/413 420/448/418 419/447/417
f 420/448/418 421/449/419 419/447/417
f 421/449/419 420/448/418 422/450/420
f 409/437/407 421/449/419 422/450/420
f 410/438/408 409/437/407 422/450/420
f 420/448/418 410/438/408 422/450/420
f 410/438/408 420/448/418 423/451/421
f 420/448/418 415/443/413 423/451/421
f 415/443/413 413/441/411 423/451/421
f 413/441/411 410/438/408 423/451/421
f 410/438/408 413/441/411 411/439/409
f 406/434/404 412/440/410 424/452/422
f 412/440/410 425/453/423 424/452/422
f 425/453/423 412/440/410 426/454/424
f 412/440/410 416/444/414 426/454/424
f 416/444/414 412/440/410 414/442/412
f 421/449/419 427/455/425 428/456/426
f 427/455/425 421/449/419 429/457/427
f 421/449/419 409/437/407 429/457/427
f 409/437/407 430/458/428 429/457/427
f 430/458/428 409/437/407 408/436/406
f 427/455/425 430/458/428 431/459/429
f 430/458/428 427/455/425 429/457/427
f 432/460/430 433/461/431 434/462/432
f 433/461/431 435/463/433 434/462/432
f 435/463/433 433/461/431 436/464/434
f 437/465/435 435/463/433 436/464/434
f 435/463/433 437/465/435 438/466/436
f 439/467/437 435/463/433 438/466/436
f 435/463/433 439/467/437 440/468/438
f 441/469/439 435/463/433 440/468/438
f 442/470/440 441/469/439 440/468/438
f 441/469/439 442/470/440 443/471/441
f 442/470/440 427/455/425 443/471/441
f 427/455/425 444/472/442 443/471/441
f 444/472/442 427/455/425 431/459/429
f 445/473/443 444/472/442 431/459/429
f 430/458/428 445/473/443 431/459/429
f 445/473/443 430/458/428 446/474/444
f 430/458/428 402/430/400 446/474/444
f 402/430/400 430/458/428 408/436/406
f 441/469/439 444/472/442 447/475/445
f 444/472/442 441/469/439 443/471/441
f 439/467/437 442/470/440 440/468/438
f 442/470/440 439/467/437 448/476/446
f 449/477/447 442/470/440 448/476/446
f 442/470/440 449/477/447 450/478/448
f 427/455/425 442/470/440 450/478/448
f 435/463/433 441/469/439 434/462/432
f 441/469/439 432/460/430 434/462/432
f 432/460/430 441/469/439 447/475/445
f 451/479/449 432/460/430 447/475/445
f 444/472/442 451/479/449 447/475/445
f 451/479/449 444/472/442 452/480/450
f 444/472/442 445/473/443 452/480/450
f 453/481/451 433/461/431 454/482/452
f 433/461/431 432/460/430 454/482/452
f 432/460/430 455/483/453 454/482/452
f 455/483/453 432/460/430 456/484/454
f 432/460/430 451/479/449 456/484/454
f 457/485/455 458/486/456 459/487/457
f 458/486/456 460/488/458 459/487/457
f 460/488/458 458/486/456 461/489/459
f 462/490/460 460/488/458 461/489/459
f 463/491/461 462/490/460 461/489/459
f 462/490/460 463/491/461 464/492/462
f 433/461/431 462/490/460 464/492/462
f 462/490/460 433/461/431 465/493/463
f 433/461/431 453/481/451 465/493/463
f 453/481/451 466/494/464 465/493/463
f 466/494/464 453/481/451 467/495/465
f 468/496/466 466/494/464 467/495/465
f 466/494/464 468/496/466 469/497/467
f 468/496/466 470/498/468 469/497/467
f 470/498/468 471/499/469 469/497/467
f 471/499/469 470/498/468 472/500/470
f 457/485/455 471/499/469 472/500/470
f 471/499/469 457/485/455 459/487/457
f 471/499/469 466/494/464 469/497/467
f 466/494/464 471/499/469 473/501/471
f 460/488/458 471/499/469 459/487/457
f 471/499/469 460/488/458 473/501/471
f 460/488/458 462/490/460 473/501/471
f 462/490/460 466/494/464 473/501/471
f 466/494/464 462/490/460 465/493/463
f 470/498/468 468/496/466 474/502/472
f 458/486/456 463/491/461 461/489/459
f 463/491/461 458/486/456 475/503/473
f 458/486/456 476/504/474 475/503/473
f 476/504/474 458/486/456 477/505/475
f 458/486/456 457/485/455 477/505/475
f 478/506/476 479/507/477 480/508/478
f 479/507/477 398/426/396 480/508/478
f 398/426/396 479/507/477 481/509/479
f 479/507/477 482/510/480 481/509/479
f 482/510/480 479/507/477 483/511/481
f 479/507/477 484/512/482 483/511/481
f 484/512/482 479/507/477 485/513/483
f 479/507/477 478/506/476 485/513/483
f 386/414/384 486/514/484 487/515/485
f 486/514/484 386/414/384 387/415/385
f 388/416/386 486/514/484 387/415/385
f 486/514/484 388/416/386 397/425/395
f 374/402/372 488/516/486 489/517/487
f 488/516/486 478/506/476 489/517/487
f 478/506/476 488/516/486 485/513/483
f 488/516/486 484/512/482 485/513/483
f 484/512/482 488/516/486 490/518/488
f 488/516/486 372/400/370 490/518/488
f 372/400/370 488/516/486 373/401/371
f 488/516/486 374/402/372 373/401/371
f 398/426/396 486/514/484 397/425/395
f 486/514/484 398/426/396 481/509/479
f 482/510/480 486/514/484 481/509/479
f 486/514/484 482/510/480 487/515/485
f 491/519/489 492/520/490 493/521/491
f 492/520/490 491/519/489 494/522/492
f 495/523/493 492/520/490 494/522/492
f 492/520/490 495/523/493 496/524/494
f 495/523/493 497/525/495 496/524/494
f 497/525/495 495/523/493 498/526/496
f 495/523/493 499/527/497 498/526/496
f 499/527/497 495/523/493 500/528/498
f 495/523/493 501/529/499 500/528/498
f 501/529/499 495/523/493 494/522/492
f 491/519/489 501/529/499 494/522/492
f 501/529/499 491/519/489 502/530/500
f 503/531/501 504/532/502 505/533/503
f 503/531/501 506/534/504 507/535/505
f 506/534/504 503/531/501 508/536/506
f 504/532/502 503/531/501 502/530/500
f 503/531/501 501/529/499 502/530/500
f 501/529/499 503/531/501 507/535/505
f 509/537/507 501/529/499 507/535/505
f 506/534/504 509/537/507 507/535/505
f 509/537/507 506/534/504 510/538/508
f 511/539/509 509/537/507 510/538/508
f 509/537/507 511/539/509 512/540/510
f 499/527/497 509/537/507 512/540/510
f 509/537/507 499/527/497 500/528/498
f 501/529/499 509/537/507 500/528/498
f 513/541/511 491/519/489 493/521/491
f 491/519/489 513/541/511 514/542/512
f 504/532/502 491/519/489 514/542/512
f 491/519/489 504/532/502 502/530/500
f 515/543/513 516/544/514 508/545/506
f 515/543/513 468/546/466 517/547/515
f 468/546/466 515/543/513 474/548/472
f 518/549/516 515/543/513 517/547/515
f 519/550/517 518/549/516 517/547/515
f 468/546/466 519/550/517 517/547/515
f 519/550/517 468/546/466 467/551/465
f 453/552/451 519/550/517 467/551/465
f 519/550/517 453/552/451 520/553/518
f 518/549/516 521/554/519 522/555/520
f 521/554/519 518/549/516 523/556/521
f 518/549/516 519/550/517 523/556/521
f 519/550/517 524/557/522 523/556/521
f 524/557/522 519/550/517 520/553/518
f 455/558/453 524/557/522 520/553/518
f 453/552/451 455/558/453 520/553/518
f 455/558/453 453/552/451 454/559/452
f 524/557/522 521/554/519 523/556/521
f 521/554/519 524/557/522 525/560/523
f 526/561/524 14/14/14 527/562/525
f 14/14/14 526/561/524 19/19/19
f 526/561/524 7/7/7 19/19/19
f 7/7/7 526/561/524 528/563/526
f 529/564/527 7/7/7 528/563/526
f 530/565/528 529/564/527 528/563/526
f 529/564/527 530/565/528 531/566/529
f 530/565/528 532/567/530 531/566/529
f 532/567/530 533/568/531 531/566/529
f 533/568/531 532/567/530 534/569/532
f 535/570/533 533/568/531 534/569/532
f 515/543/513 535/570/533 534/569/532
f 535/570/533 515/543/513 536/571/534
f 515/543/513 518/549/516 536/571/534
f 518/549/516 537/572/535 536/571/534
f 537/572/535 518/549/516 522/555/520
f 538/573/536 537/572/535 522/555/520
f 521/554/519 538/573/536 522/555/520
f 533/568/531 529/564/527 531/566/529
f 537/572/535 535/570/533 536/571/534
f 535/570/533 537/572/535 539/574/537
f 537/572/535 538/573/536 539/574/537
f 538/573/536 540/575/538 539/574/537
f 540/575/538 538/573/536 541/576/539
f 540/575/538 535/570/533 539/574/537
f 533/568/531 535/570/533 542/577/540
f 535/570/533 540/575/538 542/577/540
f 540/575/538 543/578/541 542/577/540
f 543/578/541 533/568/531 542/577/540
f 533/568/531 543/578/541 544/579/542
f 529/564/527 533/568/531 544/579/542
f 12/12/12 529/564/527 544/579/542
f 529/564/527 12/12/12 13/13/13
f 7/7/7 529/564/527 13/13/13
f 543/578/541 12/12/12 544/579/542
f 12/12/12 543/578/541 545/580/543
f 524/557/522 455/558/453 456/581/454
f 451/582/449 524/557/522 456/581/454
f 524/557/522 451/582/449 525/560/523
f 451/582/449 546/583/544 525/560/523
f 546/583/544 521/554/519 525/560/523
f 521/554/519 546/583/544 547/584/545
f 538/573/536 521/554/519 547/584/545
f 548/585/546 538/573/536 547/584/545
f 538/573/536 548/585/546 541/576/539
f 548/585/546 549/586/547 541/576/539
f 549/586/547 540/575/538 541/576/539
f 540/575/538 549/586/547 550/587/548
f 543/578/541 540/575/538 550/587/548
f 551/588/549 543/578/541 550/587/548
f 543/578/541 551/588/549 545/580/543
f 551/588/549 552/589/550 545/580/543
f 552/589/550 12/12/12 545/580/543
f 12/12/12 552/589/550 553/590/551
f 549/586/547 551/588/549 550/587/548
f 551/588/549 549/586/547 554/591/552
f 552/589/550 555/592/553 553/590/551
f 555/592/553 552/589/550 556/593/554
f 557/594/555 558/595/556 559/596/557
f 558/595/556 557/594/555 560/597/558
f 557/594/555 555/592/553 560/597/558
f 555/592/553 561/598/559 560/597/558
f 561/598/559 555/592/553 556/593/554
f 562/599/560 561/598/559 556/593/554
f 552/589/550 562/599/560 556/593/554
f 562/599/560 552/589/550 563/600/561
f 552/589/550 551/588/549 563/600/561
f 551/588/549 564/601/562 563/600/561
f 564/601/562 551/588/549 554/591/552
f 565/602/563 564/601/562 554/591/552
f 549/586/547 565/602/563 554/591/552
f 565/602/563 549/586/547 566/603/564
f 549/586/547 548/585/546 566/603/564
f 548/585/546 567/604/565 566/603/564
f 567/604/565 548/585/546 568/605/566
f 564/601/562 562/599/560 563/600/561
f 567/604/565 565/602/563 566/603/564
f 565/602/563 567/604/565 569/606/567
f 561/598/559 562/599/560 570/607/568
f 567/604/565 571/608/569 569/606/567
f 564/601/562 565/602/563 572/609/570
f 561/598/559 558/595/556 560/597/558
f 558/595/556 561/598/559 573/610/571
f 574/611/572 558/595/556 573/610/571
f 575/612/573 574/611/572 573/610/571
f 574/611/572 575/612/573 576/613/574
f 561/598/559 575/612/573 573/610/571
f 575/612/573 561/598/559 570/607/568
f 577/614/575 575/612/573 570/607/568
f 562/599/560 577/614/575 570/607/568
f 577/614/575 562/599/560 578/615/576
f 562/599/560 564/601/562 578/615/576
f 564/601/562 579/616/577 578/615/576
f 579/616/577 564/601/562 572/609/570
f 580/617/578 579/616/577 572/609/570
f 565/602/563 580/617/578 572/609/570
f 580/617/578 565/602/563 581/618/579
f 582/619/580 580/617/578 581/618/579
f 580/617/578 582/619/580 583/620/581
f 577/614/575 579/616/577 584/621/582
f 579/616/577 577/614/575 578/615/576
f 574/611/572 585/622/583 586/623/584
f 585/622/583 574/611/572 576/613/574
f 587/624/585 585/622/583 576/613/574
f 575/612/573 587/624/585 576/613/574
f 587/624/585 575/612/573 588/625/586
f 575/612/573 577/614/575 588/625/586
f 577/614/575 589/626/587 588/625/586
f 589/626/587 577/614/575 584/621/582
f 590/627/588 589/626/587 584/621/582
f 579/616/577 590/627/588 584/621/582
f 590/627/588 579/616/577 591/628/589
f 579/616/577 580/617/578 591/628/589
f 580/617/578 592/629/590 591/628/589
f 592/629/590 580/617/578 583/620/581
f 593/630/591 592/629/590 583/620/581
f 582/619/580 593/630/591 583/620/581
f 593/630/591 582/619/580 594/631/592
f 571/608/569 593/630/591 594/631/592
f 593/630/591 571/608/569 595/632/593
f 590/627/588 592/629/590 596/633/594
f 592/629/590 590/627/588 591/628/589
f 587/624/585 589/626/587 597/634/595
f 589/626/587 587/624/585 588/625/586
f 598/635/596 571/608/569 599/636/597
f 571/608/569 598/635/596 595/632/593
f 598/635/596 600/637/598 595/632/593
f 600/637/598 593/630/591 595/632/593
f 593/630/591 600/637/598 601/638/599
f 592/629/590 593/630/591 601/638/599
f 602/639/600 592/629/590 601/638/599
f 592/629/590 602/639/600 596/633/594
f 602/639/600 603/640/601 596/633/594
f 603/640/601 590/627/588 596/633/594
f 590/627/588 603/640/601 604/641/602
f 589/626/587 590/627/588 604/641/602
f 605/642/603 589/626/587 604/641/602
f 589/626/587 605/642/603 597/634/595
f 605/642/603 606/643/604 597/634/595
f 606/643/604 587/624/585 597/634/595
f 587/624/585 606/643/604 607/644/605
f 585/622/583 587/624/585 607/644/605
f 608/645/606 585/622/583 607/644/605
f 606/643/604 608/645/606 607/644/605
f 608/645/606 606/643/604 609/646/607
f 605/642/603 603/640/601 610/647/608
f 603/640/601 605/642/603 604/641/602
f 602/639/600 600/637/598 611/648/609
f 600/637/598 602/639/600 601/638/599
f 608/645/606 612/649/610 613/650/611
f 612/649/610 608/645/606 614/651/612
f 608/645/606 615/652/613 614/651/612
f 615/652/613 608/645/606 609/646/607
f 616/653/614 615/652/613 609/646/607
f 606/643/604 616/653/614 609/646/607
f 616/653/614 606/643/604 617/654/615
f 606/643/604 605/642/603 617/654/615
f 605/642/603 618/655/616 617/654/615
f 618/655/616 605/642/603 610/647/608
f 619/656/617 618/655/616 610/647/608
f 603/640/601 619/656/617 610/647/608
f 619/656/617 603/640/601 620/657/618
f 603/640/601 602/639/600 620/657/618
f 602/639/600 621/658/619 620/657/618
f 621/658/619 602/639/600 611/648/609
f 622/659/620 621/658/619 611/648/609
f 600/637/598 622/659/620 611/648/609
f 621/658/619 619/656/617 620/657/618
f 618/655/616 616/653/614 617/654/615
f 621/658/619 622/659/620 623/660/621
f 618/655/616 619/656/617 624/661/622
f 622/659/620 625/662/623 623/660/621
f 625/662/623 626/663/624 623/660/621
f 626/663/624 621/658/619 623/660/621
f 621/658/619 626/663/624 627/664/625
f 619/656/617 621/658/619 627/664/625
f 628/665/626 619/656/617 627/664/625
f 619/656/617 628/665/626 624/661/622
f 628/665/626 629/666/627 624/661/622
f 629/666/627 618/655/616 624/661/622
f 618/655/616 629/666/627 630/667/628
f 616/653/614 618/655/616 630/667/628
f 631/668/629 616/653/614 630/667/628
f 616/653/614 631/668/629 632/669/630
f 615/652/613 616/653/614 632/669/630
f 626/663/624 628/665/626 627/664/625
f 626/663/624 625/662/623 633/670/631
f 629/666/627 628/665/626 634/671/632
f 629/666/627 631/668/629 630/667/628
f 631/668/629 629/666/627 635/672/633
f 629/666/627 636/673/634 635/672/633
f 636/673/634 629/666/627 634/671/632
f 637/674/635 636/673/634 634/671/632
f 628/665/626 637/674/635 634/671/632
f 637/674/635 628/665/626 638/675/636
f 628/665/626 626/663/624 638/675/636
f 626/663/624 639/676/637 638/675/636
f 639/676/637 626/663/624 633/670/631
f 640/677/638 639/676/637 633/670/631
f 625/662/623 640/677/638 633/670/631
f 640/677/638 625/662/623 641/678/639
f 625/662/623 642/679/640 641/678/639
f 642/679/640 643/680/641 641/678/639
f 643/680/641 642/679/640 644/681/642
f 645/682/643 643/680/641 644/681/642
f 646/683/644 645/682/643 644/681/642
f 642/679/640 646/683/644 644/681/642
f 639/676/637 637/674/635 638/675/636
f 637/674/635 639/676/637 647/684/645
f 640/677/638 643/680/641 648/685/646
f 643/680/641 640/677/638 641/678/639
f 642/679/640 625/662/623 649/686/647
f 636/673/634 637/674/635 650/687/648
f 637/674/635 651/688/649 650/687/648
f 651/688/649 637/674/635 647/684/645
f 652/689/650 651/688/649 647/684/645
f 639/676/637 652/689/650 647/684/645
f 652/689/650 639/676/637 653/690/651
f 639/676/637 640/677/638 653/690/651
f 640/677/638 654/691/652 653/690/651
f 654/691/652 640/677/638 648/685/646
f 655/692/653 654/691/652 648/685/646
f 643/680/641 655/692/653 648/685/646
f 655/692/653 643/680/641 656/693/654
f 643/680/641 645/682/643 656/693/654
f 645/682/643 657/694/655 656/693/654
f 657/694/655 645/682/643 658/695/656
f 659/696/657 657/694/655 658/695/656
f 660/697/658 659/696/657 658/695/656
f 659/696/657 660/697/658 661/698/659
f 645/682/643 660/697/658 658/695/656
f 660/697/658 645/682/643 662/699/660
f 655/692/653 657/694/655 663/700/661
f 657/694/655 655/692/653 656/693/654
f 654/691/652 652/689/650 653/690/651
f 652/689/650 654/691/652 664/701/662
f 659/696/657 665/702/663 666/703/664
f 665/702/663 659/696/657 661/698/659
f 651/688/649 652/689/650 667/704/665
f 652/689/650 668/705/666 667/704/665
f 668/705/666 652/689/650 664/701/662
f 669/706/667 668/705/666 664/701/662
f 654/691/652 669/706/667 664/701/662
f 669/706/667 654/691/652 670/707/668
f 654/691/652 655/692/653 670/707/668
f 655/692/653 671/708/669 670/707/668
f 671/708/669 655/692/653 663/700/661
f 672/709/670 671/708/669 663/700/661
f 657/694/655 672/709/670 663/700/661
f 672/709/670 657/694/655 673/710/671
f 657/694/655 659/696/657 673/710/671
f 659/696/657 674/711/672 673/710/671
f 674/711/672 659/696/657 666/703/664
f 675/712/673 674/711/672 666/703/664
f 665/702/663 675/712/673 666/703/664
f 675/712/673 665/702/663 676/713/674
f 672/709/670 674/711/672 677/714/675
f 674/711/672 672/709/670 673/710/671
f 671/708/669 669/706/667 670/707/668
f 669/706/667 671/708/669 678/715/676
f 668/705/666 669/706/667 679/716/677
f 669/706/667 680/717/678 679/716/677
f 680/717/678 669/706/667 678/715/676
f 681/718/679 680/717/678 678/715/676
f 671/708/669 681/718/679 678/715/676
f 681/718/679 671/708/669 682/719/680
f 671/708/669 672/709/670 682/719/680
f 672/709/670 683/720/681 682/719/680
f 683/720/681 672/709/670 677/714/675
f 684/721/682 683/720/681 677/714/675
f 674/711/672 684/721/682 677/714/675
f 684/721/682 674/711/672 685/722/683
f 674/711/672 675/712/673 685/722/683
f 675/712/673 686/723/684 685/722/683
f 686/723/684 675/712/673 687/724/685
f 675/712/673 688/725/686 687/724/685
f 688/725/686 675/712/673 676/713/674
f 683/720/681 681/718/679 682/719/680
f 681/718/679 683/720/681 689/726/687
f 680/717/678 681/718/679 690/727/688
f 681/718/679 691/728/689 690/727/688
f 691/728/689 681/718/679 689/726/687
f 692/729/690 691/728/689 689/726/687
f 683/720/681 692/729/690 689/726/687
f 692/729/690 683/720/681 693/730/691
f 683/720/681 684/721/682 693/730/691
f 684/721/682 694/731/692 693/730/691
f 694/731/692 684/721/682 695/732/693
f 684/721/682 686/723/684 695/732/693
f 686/723/684 684/721/682 685/722/683
f 691/728/689 692/729/690 696/733/694
f 692/729/690 697/734/695 696/733/694
f 697/734/695 692/729/690 698/735/696
f 692/729/690 694/731/692 698/735/696
f 694/731/692 692/729/690 693/730/691
f 665/702/663 699/736/697 676/713/674
f 699/736/697 688/725/686 676/713/674
f 688/725/686 699/736/697 700/737/698
f 699/736/697 701/738/699 700/737/698
f 701/738/699 699/736/697 702/739/700
f 660/697/658 703/740/701 661/698/659
f 703/740/701 665/702/663 661/698/659
f 665/702/663 703/740/701 704/741/702
f 699/736/697 665/702/663 704/741/702
f 705/742/703 699/736/697 704/741/702
f 699/736/697 705/742/703 702/739/700
f 705/742/703 706/743/704 702/739/700
f 706/743/704 701/738/699 702/739/700
f 701/738/699 706/743/704 707/744/705
f 706/743/704 708/745/706 707/744/705
f 708/745/706 706/743/704 709/746/707
f 706/743/704 710/747/708 709/746/707
f 710/747/708 706/743/704 711/748/709
f 706/743/704 705/742/703 711/748/709
f 703/740/701 705/742/703 704/741/702
f 705/742/703 703/740/701 712/749/710
f 645/682/643 646/683/644 662/699/660
f 646/683/644 713/750/711 662/699/660
f 713/750/711 660/697/658 662/699/660
f 660/697/658 713/750/711 714/751/712
f 703/740/701 660/697/658 714/751/712
f 715/752/713 703/740/701 714/751/712
f 703/740/701 715/752/713 712/749/710
f 715/752/713 716/753/714 712/749/710
f 716/753/714 705/742/703 712/749/710
f 705/742/703 716/753/714 717/754/715
f 718/755/716 705/742/703 717/754/715
f 719/756/717 718/755/716 717/754/715
f 718/755/716 719/756/717 720/757/718
f 719/756/717 721/758/719 720/757/718
f 721/758/719 722/759/720 720/757/718
f 722/759/720 721/758/719 723/760/721
f 724/761/722 722/759/720 723/760/721
f 725/762/723 724/761/722 723/760/721
f 721/758/719 725/762/723 723/760/721
f 713/750/711 715/752/713 714/751/712
f 716/753/714 719/756/717 717/754/715
f 713/750/711 646/683/644 726/763/724
f 721/758/719 719/756/717 727/764/725
f 716/753/714 715/752/713 728/765/726
f 722/759/720 718/755/716 720/757/718
f 718/755/716 722/759/720 729/766/727
f 274/302/272 718/755/716 729/766/727
f 730/767/728 274/302/272 729/766/727
f 274/302/272 730/767/728 279/307/277
f 722/759/720 730/767/728 729/766/727
f 705/742/703 718/755/716 731/768/729
f 718/755/716 274/302/272 731/768/729
f 732/769/730 725/762/723 733/770/731
f 724/761/722 725/762/723 734/771/732
f 725/762/723 732/769/730 734/771/732
f 732/769/730 735/772/733 734/771/732
f 735/772/733 732/769/730 736/773/734
f 732/769/730 737/774/735 736/773/734
f 737/774/735 732/769/730 738/775/736
f 732/769/730 739/776/737 738/775/736
f 739/776/737 732/769/730 733/770/731
f 740/777/738 739/776/737 733/770/731
f 725/762/723 740/777/738 733/770/731
f 740/777/738 725/762/723 741/778/739
f 725/762/723 721/758/719 741/778/739
f 721/758/719 742/779/740 741/778/739
f 742/779/740 740/777/738 741/778/739
f 740/777/738 742/779/740 743/780/741
f 744/781/742 740/777/738 743/780/741
f 740/777/738 744/781/742 745/782/743
f 739/776/737 740/777/738 745/782/743
f 746/783/744 747/784/745 748/785/746
f 747/784/745 749/786/747 748/785/746
f 749/786/747 747/784/745 750/787/748
f 751/788/749 749/786/747 750/787/748
f 752/789/750 751/788/749 750/787/748
f 751/788/749 752/789/750 753/790/751
f 752/789/750 724/761/722 753/790/751
f 724/761/722 735/772/733 753/790/751
f 735/772/733 724/761/722 734/771/732
f 747/784/745 752/789/750 750/787/748
f 752/789/750 747/784/745 754/791/752
f 749/786/747 751/788/749 755/792/753
f 751/788/749 756/793/754 755/792/753
f 722/759/720 724/761/722 757/794/755
f 730/767/728 722/759/720 757/794/755
f 758/795/756 730/767/728 757/794/755
f 724/761/722 758/795/756 757/794/755
f 758/795/756 724/761/722 759/796/757
f 724/761/722 752/789/750 759/796/757
f 752/789/750 760/797/758 759/796/757
f 760/797/758 752/789/750 754/791/752
f 761/798/759 760/797/758 754/791/752
f 747/784/745 761/798/759 754/791/752
f 761/798/759 747/784/745 762/799/760
f 747/784/745 746/783/744 762/799/760
f 746/783/744 763/800/761 762/799/760
f 763/800/761 746/783/744 764/801/762
f 763/800/761 761/798/759 762/799/760
f 761/798/759 763/800/761 765/802/763
f 760/797/758 758/795/756 759/796/757
f 758/795/756 760/797/758 766/803/764
f 760/797/758 761/798/759 767/804/765
f 768/805/766 760/797/758 767/804/765
f 769/806/767 768/805/766 767/804/765
f 761/798/759 769/806/767 767/804/765
f 769/806/767 761/798/759 770/807/768
f 768/805/766 771/808/769 772/809/770
f 771/808/769 768/805/766 773/810/771
f 768/805/766 769/806/767 773/810/771
f 774/811/772 775/812/773 772/809/770
f 775/812/773 768/805/766 772/809/770
f 768/805/766 775/812/773 776/813/774
f 760/797/758 768/805/766 776/813/774
f 205/205/205 760/797/758 776/813/774
f 760/797/758 205/205/205 766/803/764
f 205/205/205 777/814/775 766/803/764
f 777/814/775 758/795/756 766/803/764
f 758/795/756 777/814/775 778/815/776
f 730/767/728 758/795/756 778/815/776
f 267/295/265 730/767/728 778/815/776
f 730/767/728 267/295/265 279/307/277
f 775/812/773 205/205/205 776/813/774
f 205/205/205 775/812/773 210/210/210
f 777/814/775 205/205/205 779/816/777
f 134/134/134 775/812/773 780/817/778
f 775/812/773 134/134/134 210/210/210
f 781/818/779 782/819/780 783/820/781
f 784/821/782 781/818/779 783/820/781
f 781/818/779 784/821/782 785/822/783
f 784/821/782 208/208/208 785/822/783
f 208/208/208 784/821/782 207/207/207
f 784/821/782 205/205/205 207/207/207
f 205/205/205 784/821/782 779/816/777
f 784/821/782 272/300/270 779/816/777
f 272/300/270 777/814/775 779/816/777
f 777/814/775 272/300/270 273/301/271
f 267/295/265 777/814/775 273/301/271
f 777/814/775 267/295/265 778/815/776
f 272/300/270 782/819/780 786/823/784
f 782/819/780 272/300/270 783/820/781
f 272/300/270 784/821/782 783/820/781
f 787/824/785 782/819/780 788/825/786
f 782/819/780 781/818/779 788/825/786
f 343/371/341 789/826/787 342/370/340
f 789/826/787 343/371/341 790/827/788
f 791/828/789 789/826/787 790/827/788
f 789/826/787 791/828/789 792/829/790
f 791/828/789 793/830/791 792/829/790
f 793/830/791 794/831/792 792/829/790
f 794/831/792 793/830/791 795/832/793
f 796/833/794 794/831/792 795/832/793
f 797/834/795 796/833/794 795/832/793
f 796/833/794 797/834/795 798/835/796
f 797/834/795 799/836/797 798/835/796
f 799/836/797 800/837/798 798/835/796
f 800/837/798 799/836/797 801/838/799
f 799/836/797 787/824/785 801/838/799
f 787/824/785 799/836/797 802/839/800
f 782/819/780 787/824/785 802/839/800
f 803/840/801 782/819/780 802/839/800
f 782/819/780 803/840/801 786/823/784
f 799/836/797 803/840/801 802/839/800
f 797/834/795 793/830/791 804/841/802
f 793/830/791 797/834/795 795/832/793
f 805/842/803 796/833/794 806/843/804
f 796/833/794 800/837/798 806/843/804
f 800/837/798 796/833/794 798/835/796
f 807/844/805 803/840/801 808/845/806
f 803/840/801 807/844/805 786/823/784
f 807/844/805 272/300/270 786/823/784
f 272/300/270 807/844/805 271/299/269
f 807/844/805 270/298/268 271/299/269
f 270/298/268 807/844/805 809/846/807
f 807/844/805 810/847/808 809/846/807
f 810/847/808 807/844/805 808/845/806
f 811/848/809 810/847/808 808/845/806
f 803/840/801 811/848/809 808/845/806
f 811/848/809 803/840/801 812/849/810
f 803/840/801 799/836/797 812/849/810
f 799/836/797 797/834/795 812/849/810
f 797/834/795 811/848/809 812/849/810
f 811/848/809 797/834/795 804/841/802
f 813/850/811 811/848/809 804/841/802
f 793/830/791 813/850/811 804/841/802
f 813/850/811 793/830/791 814/851/812
f 793/830/791 791/828/789 814/851/812
f 810/847/808 811/848/809 815/852/813
f 811/848/809 813/850/811 815/852/813
f 794/831/792 789/826/787 792/829/790
f 789/826/787 794/831/792 816/853/814
f 340/368/338 789/826/787 816/853/814
f 817/854/815 340/368/338 816/853/814
f 340/368/338 817/854/815 818/855/816
f 817/854/815 328/356/326 818/855/816
f 328/356/326 817/854/815 819/856/817
f 817/854/815 805/842/803 819/856/817
f 805/842/803 817/854/815 820/857/818
f 796/833/794 805/842/803 820/857/818
f 794/831/792 796/833/794 820/857/818
f 817/854/815 794/831/792 820/857/818
f 794/831/792 817/854/815 816/853/814
f 789/826/787 340/368/338 342/370/340
f 821/858/819 822/859/820 823/860/821
f 822/859/820 824/861/822 823/860/821
f 825/862/823 826/863/824 827/864/825
f 826/863/824 492/520/490 827/864/825
f 492/520/490 828/865/826 827/864/825
f 828/865/826 492/520/490 496/524/494
f 497/525/495 828/865/826 496/524/494
f 828/865/826 497/525/495 829/866/827
f 824/861/822 828/865/826 829/866/827
f 828/865/826 824/861/822 830/867/828
f 824/861/822 822/859/820 830/867/828
f 822/859/820 825/862/823 830/867/828
f 825/862/823 828/865/826 830/867/828
f 828/865/826 825/862/823 827/864/825
f 492/520/490 826/863/824 493/521/491
f 826/863/824 513/541/511 493/521/491
f 513/541/511 826/863/824 831/868/829
f 832/869/830 833/870/831 834/871/832
f 833/870/831 832/869/830 835/872/833
f 832/869/830 516/873/514 835/872/833
f 516/873/514 832/869/830 836/874/834
f 506/534/504 516/873/514 836/874/834
f 837/875/835 506/534/504 836/874/834
f 506/534/504 837/875/835 510/538/508
f 837/875/835 511/539/509 510/538/508
f 511/539/509 837/875/835 838/876/836
f 837/875/835 821/858/819 838/876/836
f 821/858/819 837/875/835 839/877/837
f 822/859/820 821/858/819 839/877/837
f 832/869/830 822/859/820 839/877/837
f 822/859/820 832/869/830 834/871/832
f 825/862/823 822/859/820 834/871/832
f 833/870/831 825/862/823 834/871/832
f 825/862/823 833/870/831 840/878/838
f 826/863/824 825/862/823 840/878/838
f 837/875/835 832/869/830 839/877/837
f 832/869/830 837/875/835 836/874/834
f 516/873/514 506/534/504 508/536/506
f 515/543/513 503/879/501 505/880/503
f 503/879/501 515/543/513 508/545/506
f 841/881/839 842/882/840 843/883/841
f 842/882/840 841/881/839 844/884/842
f 845/885/843 842/882/840 844/884/842
f 842/882/840 845/885/843 846/886/844
f 847/887/845 842/882/840 846/886/844
f 848/888/846 841/881/839 843/883/841
f 841/881/839 848/888/846 849/889/847
f 848/888/846 850/890/848 849/889/847
f 850/890/848 851/891/849 849/889/847
f 851/891/849 850/890/848 852/892/850
f 853/893/851 851/891/849 852/892/850
f 851/891/849 853/893/851 854/894/852
f 855/895/853 850/890/848 856/896/854
f 855/895/853 857/897/855 858/898/856
f 859/899/857 853/893/851 852/892/850
f 850/890/848 859/899/857 852/892/850
f 859/899/857 850/890/848 860/900/858
f 850/890/848 855/895/853 860/900/858
f 855/895/853 861/901/859 860/900/858
f 861/901/859 855/895/853 858/898/856
f 862/902/860 861/901/859 858/898/856
f 857/897/855 862/902/860 858/898/856
f 862/902/860 857/897/855 863/903/861
f 857/897/855 864/904/862 863/903/861
f 864/904/862 865/905/863 863/903/861
f 865/905/863 864/904/862 866/906/864
f 864/904/862 847/887/845 866/906/864
f 847/887/845 864/904/862 867/907/865
f 842/882/840 847/887/845 867/907/865
f 868/908/866 842/882/840 867/907/865
f 842/882/840 868/908/866 843/883/841
f 868/908/866 848/888/846 843/883/841
f 859/899/857 861/901/859 869/909/867
f 861/901/859 859/899/857 860/900/858
f 850/890/848 848/888/846 856/896/854
f 848/888/846 870/910/868 856/896/854
f 870/910/868 855/895/853 856/896/854
f 855/895/853 870/910/868 871/911/869
f 857/897/855 855/895/853 871/911/869
f 864/904/862 857/897/855 871/911/869
f 870/910/868 864/904/862 871/911/869
f 864/904/862 870/910/868 872/912/870
f 870/910/868 848/888/846 872/912/870
f 848/888/846 868/908/866 872/912/870
f 868/908/866 864/904/862 872/912/870
f 864/904/862 868/908/866 867/907/865
f 33/33/33 36/36/36 34/34/34
f 36/36/36 33/33/33 873/913/871
f 853/893/851 36/36/36 873/913/871
f 36/36/36 853/893/851 874/914/872
f 853/893/851 859/899/857 874/914/872
f 859/899/857 875/915/873 874/914/872
f 875/915/873 859/899/857 869/909/867
f 876/916/874 875/915/873 869/909/867
f 861/901/859 876/916/874 869/909/867
f 876/916/874 861/901/859 877/917/875
f 861/901/859 862/902/860 877/917/875
f 862/902/860 878/918/876 877/917/875
f 878/918/876 862/902/860 879/919/877
f 862/902/860 865/905/863 879/919/877
f 865/905/863 862/902/860 863/903/861
f 875/915/873 36/36/36 874/914/872
f 36/36/36 875/915/873 37/37/37
f 878/918/876 876/916/874 877/917/875
f 876/916/874 878/918/876 880/920/878
f 881/921/879 876/916/874 880/920/878
f 876/916/874 881/921/879 882/922/880
f 875/915/873 876/916/874 882/922/880
f 851/891/849 841/881/839 849/889/847
f 883/923/881 884/924/882 885/925/883
f 884/924/882 883/923/881 886/926/884
f 883/923/881 887/927/885 886/926/884
f 887/927/885 883/923/881 888/928/886
f 883/923/881 889/929/887 888/928/886
f 889/929/887 883/923/881 890/930/888
f 883/923/881 891/931/889 890/930/888
f 891/931/889 892/932/890 890/930/888
f 892/932/890 891/931/889 893/933/891
f 845/885/843 892/932/890 893/933/891
f 892/932/890 845/885/843 844/884/842
f 841/881/839 892/932/890 844/884/842
f 892/932/890 841/881/839 894/934/892
f 841/881/839 851/891/849 894/934/892
f 851/891/849 889/929/887 894/934/892
f 889/929/887 851/891/849 854/894/852
f 889/929/887 892/932/890 894/934/892
f 892/932/890 889/929/887 890/930/888
f 891/931/889 883/923/881 885/925/883
f 891/931/889 895/935/893 893/933/891
f 895/935/893 891/931/889 896/936/894
f 5/5/5 897/937/895 898/938/896
f 897/937/895 899/939/897 898/938/896
f 899/939/897 897/937/895 900/940/898
f 897/937/895 901/941/899 900/940/898
f 901/941/899 897/937/895 902/942/900
f 897/937/895 903/943/901 902/942/900
f 903/943/901 897/937/895 904/944/902
f 897/937/895 5/5/5 904/944/902
f 845/885/843 895/935/893 905/945/903
f 895/935/893 845/885/843 893/933/891
f 881/921/879 895/935/893 896/936/894
f 895/935/893 881/921/879 880/920/878
f 878/918/876 895/935/893 880/920/878
f 895/935/893 878/918/876 905/945/903
f 878/918/876 906/946/904 905/945/903
f 906/946/904 845/885/843 905/945/903
f 845/885/843 906/946/904 846/886/844
f 906/946/904 847/887/845 846/886/844
f 847/887/845 906/946/904 866/906/864
f 906/946/904 865/905/863 866/906/864
f 865/905/863 906/946/904 879/919/877
f 906/946/904 878/918/876 879/919/877
f 761/798/759 907/947/905 770/807/768
f 907/947/905 761/798/759 765/802/763
f 908/948/906 907/949/905 765/950/763
f 907/949/905 908/948/906 909/951/907
f 910/952/908 907/949/905 909/951/907
f 907/949/905 910/952/908 911/953/909
f 912/954/910 907/949/905 911/953/909
f 907/949/905 912/954/910 770/955/768
f 913/956/911 914/957/912 6/6/6
f 915/958/913 916/959/914 917/960/915
f 916/959/914 915/958/913 918/961/916
f 901/941/899 916/959/914 918/961/916
f 916/959/914 901/941/899 902/942/900
f 903/943/901 916/959/914 902/942/900
f 916/959/914 903/943/901 919/962/917
f 920/963/918 916/959/914 919/962/917
f 914/957/912 920/963/918 919/962/917
f 920/963/918 914/957/912 921/964/919
f 914/957/912 913/956/911 921/964/919
f 913/956/911 922/965/920 921/964/919
f 922/965/920 913/956/911 923/966/921
f 924/967/922 922/965/920 923/966/921
f 922/965/920 924/967/922 925/968/923
f 915/958/913 922/965/920 925/968/923
f 922/965/920 915/958/913 917/960/915
f 920/963/918 922/965/920 917/960/915
f 916/959/914 920/963/918 917/960/915
f 922/965/920 920/963/918 921/964/919
f 926/969/924 927/970/925 928/971/926
f 927/970/925 924/967/922 928/971/926
f 929/972/927 927/970/925 930/973/928
f 927/970/925 929/972/927 931/974/929
f 924/967/922 927/970/925 931/974/929
f 932/975/930 924/967/922 931/974/929
f 924/967/922 932/975/930 933/976/931
f 932/975/930 899/939/897 933/976/931
f 899/939/897 932/975/930 934/977/932
f 932/975/930 935/978/933 934/977/932
f 935/978/933 932/975/930 936/979/934
f 937/980/935 935/978/933 936/979/934
f 929/972/927 937/980/935 936/979/934
f 932/975/930 929/972/927 936/979/934
f 929/972/927 932/975/930 931/974/929
f 938/981/936 937/980/935 939/982/937
f 937/980/935 938/981/936 940/983/938
f 935/978/933 937/980/935 940/983/938
f 941/984/939 942/985/940 943/986/941
f 942/985/940 926/969/924 943/986/941
f 926/969/924 942/985/940 944/987/942
f 927/970/925 926/969/924 944/987/942
f 945/988/943 927/970/925 944/987/942
f 927/970/925 945/988/943 930/973/928
f 945/988/943 946/989/944 930/973/928
f 946/989/944 929/972/927 930/973/928
f 929/972/927 946/989/944 947/990/945
f 937/980/935 929/972/927 947/990/945
f 948/991/946 937/980/935 947/990/945
f 937/980/935 948/991/946 939/982/937
f 948/991/946 949/992/947 939/982/937
f 949/992/947 938/981/936 939/982/937
f 938/981/936 949/992/947 950/993/948
f 949/992/947 951/994/949 950/993/948
f 951/994/949 949/992/947 952/995/950
f 949/992/947 953/996/951 952/995/950
f 949/992/947 954/997/952 955/998/953
f 954/997/952 949/992/947 956/999/954
f 949/992/947 948/991/946 956/999/954
f 948/991/946 946/989/944 956/999/954
f 946/989/944 948/991/946 947/990/945
f 946/989/944 954/997/952 956/999/954
f 953/996/951 949/992/947 955/998/953
f 957/1000/955 953/996/951 955/998/953
f 954/997/952 957/1000/955 955/998/953
f 957/1000/955 954/997/952 958/1001/956
f 954/997/952 946/989/944 958/1001/956
f 946/989/944 945/988/943 958/1001/956
f 945/988/943 957/1000/955 958/1001/956
f 957/1000/955 945/988/943 959/1002/957
f 960/1003/958 957/1000/955 959/1002/957
f 942/985/940 960/1003/958 959/1002/957
f 945/988/943 942/985/940 959/1002/957
f 942/985/940 945/988/943 944/987/942
f 953/996/951 957/1000/955 961/1004/959
f 957/1000/955 960/1003/958 961/1004/959
f 962/1005/960 960/1003/958 963/1006/961
f 960/1003/958 962/1005/960 964/1007/962
f 962/1005/960 965/1008/963 964/1007/962
f 966/1009/964 967/1010/965 968/1011/966
f 967/1010/965 966/1009/964 969/1012/967
f 970/1013/968 967/1010/965 969/1012/967
f 967/1010/965 970/1013/968 971/1014/969
f 972/1015/970 967/1010/965 971/1014/969
f 967/1010/965 972/1015/970 973/1016/971
f 965/1008/963 967/1010/965 973/1016/971
f 967/1010/965 965/1008/963 968/1011/966
f 965/1008/963 962/1005/960 968/1011/966
f 962/1005/960 966/1009/964 968/1011/966
f 966/1009/964 962/1005/960 974/1017/972
f 962/1005/960 975/1018/973 974/1017/972
f 975/1018/973 962/1005/960 963/1006/961
f 976/1019/974 975/1018/973 963/1006/961
f 960/1003/958 976/1019/974 963/1006/961
f 976/1019/974 960/1003/958 977/1020/975
f 960/1003/958 942/985/940 977/1020/975
f 942/985/940 941/984/939 977/1020/975
f 975/1018/973 976/1019/974 978/1021/976
f 976/1019/974 774/1022/772 978/1021/976
f 774/1022/772 976/1019/974 979/1023/977
f 976/1019/974 941/984/939 979/1023/977
f 941/984/939 976/1019/974 977/1020/975
f 771/1024/769 774/1022/772 772/1025/770
f 774/1022/772 771/1024/769 980/1026/978
f 771/1024/769 981/1027/979 980/1026/978
f 912/954/910 982/1028/980 983/1029/981
f 982/1028/980 912/954/910 911/953/909
f 910/952/908 982/1028/980 911/953/909
f 982/1028/980 910/952/908 984/1030/982
f 981/1027/979 982/1028/980 984/1030/982
f 982/1028/980 981/1027/979 985/1031/983
f 981/1027/979 771/1024/769 985/1031/983
f 771/1024/769 986/1032/984 985/1031/983
f 986/1032/984 771/1024/769 773/1033/771
f 769/1034/767 986/1032/984 773/1033/771
f 986/1032/984 769/1034/767 983/1029/981
f 769/1034/767 912/954/910 983/1029/981
f 912/954/910 769/1034/767 770/955/768
f 986/1032/984 982/1028/980 985/1031/983
f 982/1028/980 986/1032/984 983/1029/981
f 27/1035/27 987/1036/985 30/1037/30
f 987/1036/985 31/1038/31 30/1037/30
f 31/1038/31 987/1036/985 988/1039/986
f 987/1036/985 913/1040/911 988/1039/986
f 989/1041/987 913/1040/911 990/1042/988
f 913/1040/911 989/1041/987 923/1043/921
f 989/1041/987 924/1044/922 923/1043/921
f 924/1044/922 989/1041/987 928/1045/926
f 989/1041/987 926/1046/924 928/1045/926
f 991/1047/989 992/1048/990 993/1049/991
f 992/1048/990 991/1047/989 994/1050/992
f 991/1047/989 987/1036/985 994/1050/992
f 987/1036/985 991/1047/989 995/1051/993
f 913/1040/911 987/1036/985 995/1051/993
f 996/1052/994 913/1040/911 995/1051/993
f 913/1040/911 996/1052/994 990/1042/988
f 996/1052/994 139/139/139 990/1042/988
f 139/139/139 989/1041/987 990/1042/988
f 989/1041/987 139/139/139 140/140/140
f 134/134/134 989/1041/987 140/140/140
f 989/1041/987 134/134/134 780/817/778
f 926/1046/924 989/1041/987 780/817/778
f 775/812/773 926/1046/924 780/817/778
f 926/1046/924 775/812/773 943/1053/941
f 775/812/773 941/1054/939 943/1053/941
f 941/1054/939 775/812/773 979/1055/977
f 775/812/773 774/811/772 979/1055/977
f 991/1047/989 996/1052/994 995/1051/993
f 139/139/139 996/1052/994 997/1056/995
f 987/1036/985 27/1035/27 994/1050/992
f 27/1035/27 992/1048/990 994/1050/992
f 992/1048/990 27/1035/27 29/1057/29
f 35/1058/35 992/1048/990 29/1057/29
f 992/1048/990 35/1058/35 37/1059/37
f 875/1060/873 992/1048/990 37/1059/37
f 992/1048/990 875/1060/873 993/1049/991
f 875/1060/873 998/1061/996 993/1049/991
f 998/1061/996 991/1047/989 993/1049/991
f 991/1047/989 998/1061/996 999/1062/997
f 996/1052/994 991/1047/989 999/1062/997
f 1000/1063/998 996/1052/994 999/1062/997
f 996/1052/994 1000/1063/998 997/1056/995
f 1000/1063/998 1001/1064/999 997/1056/995
f 1001/1064/999 139/139/139 997/1056/995
f 139/139/139 1001/1064/999 1002/1065/1000
f 1003/1066/1001 139/139/139 1002/1065/1000
f 1004/1067/1002 1003/1066/1001 1002/1065/1000
f 998/1061/996 1000/1063/998 999/1062/997
f 1000/1063/998 998/1061/996 1005/1068/1003
f 1001/1064/999 1004/1067/1002 1002/1065/1000
f 1004/1067/1002 1001/1064/999 1006/1069/1004
f 1007/1070/1005 1003/1066/1001 1008/1071/1006
f 1003/1066/1001 1007/1070/1005 1009/1072/1007
f 137/137/137 1003/1066/1001 1009/1072/1007
f 1003/1066/1001 137/137/137 138/138/138
f 139/139/139 1003/1066/1001 138/138/138
f 1003/1066/1001 1004/1067/1002 1008/1071/1006
f 1004/1067/1002 1010/1073/1008 1008/1071/1006
f 1010/1073/1008 1007/1070/1005 1008/1071/1006
f 1007/1070/1005 1010/1073/1008 1011/1074/1009
f 1010/1073/1008 1012/1075/1010 1011/1074/1009
f 1012/1075/1010 1010/1073/1008 1013/1076/1011
f 1001/1064/999 1014/1077/1012 1006/1069/1004
f 1014/1077/1012 1015/1078/1013 1006/1069/1004
f 1015/1078/1013 1004/1067/1002 1006/1069/1004
f 1004/1067/1002 1015/1078/1013 1016/1079/1014
f 1010/1073/1008 1004/1067/1002 1016/1079/1014
f 1017/1080/1015 1010/1073/1008 1016/1079/1014
f 1010/1073/1008 1017/1080/1015 1013/1076/1011
f 1017/1080/1015 1018/1081/1016 1013/1076/1011
f 1018/1081/1016 1012/1075/1010 1013/1076/1011
f 1012/1075/1010 1018/1081/1016 1019/1082/1017
f 1018/1081/1016 1020/1083/1018 1019/1082/1017
f 1015/1078/1013 1017/1080/1015 1016/1079/1014
f 1015/1078/1013 1014/1077/1012 1021/1084/1019
f 1018/1081/1016 1017/1080/1015 1022/1085/1020
f 1023/1086/1021 1014/1077/1012 1024/1087/1022
f 1023/1086/1021 1025/1088/1023 1026/1089/1024
f 1027/1090/1025 1025/1088/1023 1028/1091/1026
f 1029/1092/1027 1017/1080/1015 1030/1093/1028
f 1017/1080/1015 1015/1078/1013 1030/1093/1028
f 1015/1078/1013 1031/1094/1029 1030/1093/1028
f 1031/1094/1029 1015/1078/1013 1021/1084/1019
f 1032/1095/1030 1031/1094/1029 1021/1084/1019
f 1014/1077/1012 1032/1095/1030 1021/1084/1019
f 1032/1095/1030 1014/1077/1012 1033/1096/1031
f 1014/1077/1012 1023/1086/1021 1033/1096/1031
f 1023/1086/1021 38/38/38 1033/1096/1031
f 38/38/38 1023/1086/1021 1026/1089/1024
f 1034/1097/1032 38/38/38 1026/1089/1024
f 1025/1088/1023 1034/1097/1032 1026/1089/1024
f 1034/1097/1032 1025/1088/1023 1035/1098/1033
f 1025/1088/1023 1027/1090/1025 1035/1098/1033
f 1027/1090/1025 20/1099/20 1035/1098/1033
f 20/1099/20 1027/1090/1025 1036/1100/1034
f 1027/1090/1025 1037/1101/1035 1036/1100/1034
f 1037/1101/1035 1027/1090/1025 1038/1102/1036
f 1031/1094/1029 1029/1092/1027 1030/1093/1028
f 38/38/38 1032/1095/1030 1033/1096/1031
f 1031/1094/1029 1032/1095/1030 1039/1103/1037
f 38/38/38 1034/1097/1032 44/44/44
f 1034/1097/1032 43/43/43 44/44/44
f 43/43/43 1034/1097/1032 1040/1104/1038
f 1034/1097/1032 20/1099/20 1040/1104/1038
f 20/1099/20 1034/1097/1032 1035/1098/1033
f 1041/1105/1039 1029/1092/1027 1042/1106/1040
f 1043/1107/1041 41/41/41 1044/1108/1042
f 41/41/41 1043/1107/1041 40/40/40
f 1043/1107/1041 38/38/38 40/40/40
f 38/38/38 1043/1107/1041 1045/1109/1043
f 1032/1095/1030 38/38/38 1045/1109/1043
f 1046/1110/1044 1032/1095/1030 1045/1109/1043
f 1032/1095/1030 1046/1110/1044 1039/1103/1037
f 1046/1110/1044 1047/1111/1045 1039/1103/1037
f 1047/1111/1045 1031/1094/1029 1039/1103/1037
f 1031/1094/1029 1047/1111/1045 1048/1112/1046
f 1029/1092/1027 1031/1094/1029 1048/1112/1046
f 1049/1113/1047 1029/1092/1027 1048/1112/1046
f 1029/1092/1027 1049/1113/1047 1042/1106/1040
f 1049/1113/1047 1050/1114/1048 1042/1106/1040
f 1050/1114/1048 1041/1105/1039 1042/1106/1040
f 1041/1105/1039 1050/1114/1048 1051/1115/1049
f 1047/1111/1045 1049/1113/1047 1048/1112/1046
f 1043/1107/1041 1046/1110/1044 1045/1109/1043
f 1050/1114/1048 1049/1113/1047 1052/1116/1050
f 1047/1111/1045 1046/1110/1044 1053/1117/1051
f 1050/1114/1048 1054/1118/1052 1055/1119/1053
f 1054/1118/1052 1050/1114/1048 1052/1116/1050
f 1056/1120/1054 1054/1118/1052 1052/1116/1050
f 1049/1113/1047 1056/1120/1054 1052/1116/1050
f 1056/1120/1054 1049/1113/1047 1057/1121/1055
f 1049/1113/1047 1047/1111/1045 1057/1121/1055
f 1047/1111/1045 1058/1122/1056 1057/1121/1055
f 1058/1122/1056 1047/1111/1045 1053/1117/1051
f 1059/1123/1057 1058/1122/1056 1053/1117/1051
f 1046/1110/1044 1059/1123/1057 1053/1117/1051
f 1059/1123/1057 1046/1110/1044 1060/1124/1058
f 1046/1110/1044 1043/1107/1041 1060/1124/1058
f 1043/1107/1041 1061/1125/1059 1060/1124/1058
f 1061/1125/1059 1043/1107/1041 1044/1108/1042
f 1062/1126/1060 1061/1125/1059 1044/1108/1042
f 41/41/41 1062/1126/1060 1044/1108/1042
f 1062/1126/1060 41/41/41 42/42/42
f 43/43/43 1062/1126/1060 42/42/42
f 1058/1122/1056 1056/1120/1054 1057/1121/1055
f 1061/1125/1059 1059/1123/1057 1060/1124/1058
f 1054/1118/1052 1056/1120/1054 1063/1127/1061
f 1061/1125/1059 1062/1126/1060 1064/1128/1062
f 1058/1122/1056 1059/1123/1057 1065/1129/1063
f 1062/1126/1060 43/43/43 1066/1130/1064
f 1067/1131/1065 1062/1126/1060 1066/1130/1064
f 1062/1126/1060 1067/1131/1065 1064/1128/1062
f 1067/1131/1065 1068/1132/1066 1064/1128/1062
f 1068/1132/1066 1061/1125/1059 1064/1128/1062
f 1061/1125/1059 1068/1132/1066 1069/1133/1067
f 1059/1123/1057 1061/1125/1059 1069/1133/1067
f 1070/1134/1068 1059/1123/1057 1069/1133/1067
f 1059/1123/1057 1070/1134/1068 1065/1129/1063
f 1070/1134/1068 1071/1135/1069 1065/1129/1063
f 1071/1135/1069 1058/1122/1056 1065/1129/1063
f 1058/1122/1056 1071/1135/1069 1072/1136/1070
f 1056/1120/1054 1058/1122/1056 1072/1136/1070
f 1073/1137/1071 1056/1120/1054 1072/1136/1070
f 1056/1120/1054 1073/1137/1071 1063/1127/1061
f 1073/1137/1071 1074/1138/1072 1063/1127/1061
f 1074/1138/1072 1054/1118/1052 1063/1127/1061
f 1054/1118/1052 1074/1138/1072 1075/1139/1073
f 1071/1135/1069 1073/1137/1071 1072/1136/1070
f 1068/1132/1066 1070/1134/1068 1069/1133/1067
f 1074/1138/1072 1073/1137/1071 1076/1140/1074
f 1071/1135/1069 1070/1134/1068 1077/1141/1075
f 1074/1138/1072 298/326/296 1075/1139/1073
f 298/326/296 1074/1138/1072 297/325/295
f 1074/1138/1072 295/323/293 297/325/295
f 295/323/293 1074/1138/1072 1076/1140/1074
f 1078/1142/1076 295/323/293 1076/1140/1074
f 1073/1137/1071 1078/1142/1076 1076/1140/1074
f 1078/1142/1076 1073/1137/1071 1079/1143/1077
f 1073/1137/1071 1071/1135/1069 1079/1143/1077
f 1071/1135/1069 1080/1144/1078 1079/1143/1077
f 1080/1144/1078 1071/1135/1069 1077/1141/1075
f 1081/1145/1079 1080/1144/1078 1077/1141/1075
f 1070/1134/1068 1081/1145/1079 1077/1141/1075
f 1081/1145/1079 1070/1134/1068 1082/1146/1080
f 1070/1134/1068 1068/1132/1066 1082/1146/1080
f 1068/1132/1066 1083/1147/1081 1082/1146/1080
f 1083/1147/1081 1068/1132/1066 1084/1148/1082
f 1068/1132/1066 1067/1131/1065 1084/1148/1082
f 1080/1144/1078 1078/1142/1076 1079/1143/1077
f 1078/1142/1076 1080/1144/1078 1085/1149/1083
f 295/323/293 1078/1142/1076 1086/1150/1084
f 1078/1142/1076 283/311/281 1086/1150/1084
f 283/311/281 1078/1142/1076 1085/1149/1083
f 1087/1151/1085 283/311/281 1085/1149/1083
f 1080/1144/1078 1087/1151/1085 1085/1149/1083
f 1087/1151/1085 1080/1144/1078 1088/1152/1086
f 1080/1144/1078 1081/1145/1079 1088/1152/1086
f 1081/1145/1079 1089/1153/1087 1088/1152/1086
f 1089/1153/1087 1081/1145/1079 1090/1154/1088
f 1081/1145/1079 1083/1147/1081 1090/1154/1088
f 1083/1147/1081 1081/1145/1079 1082/1146/1080
f 283/311/281 1087/1151/1085 282/310/280
f 1087/1151/1085 280/308/278 282/310/280
f 280/308/278 1087/1151/1085 1091/1155/1089
f 1087/1151/1085 1089/1153/1087 1091/1155/1089
f 1089/1153/1087 1087/1151/1085 1088/1152/1086
f 274/302/272 1092/1156/1090 731/768/729
f 1092/1156/1090 705/742/703 731/768/729
f 705/742/703 1092/1156/1090 711/748/709
f 1092/1156/1090 710/747/708 711/748/709
f 710/747/708 1092/1156/1090 1093/1157/1091
f 1092/1156/1090 1094/1158/1092 1093/1157/1091
f 1094/1158/1092 1092/1156/1090 1095/1159/1093
f 1092/1156/1090 274/302/272 1095/1159/1093
f 910/952/908 1096/1160/1094 984/1030/982
f 1096/1160/1094 910/952/908 909/951/907
f 908/948/906 1096/1160/1094 909/951/907
f 1096/1160/1094 908/948/906 1097/1161/1095
f 735/772/733 1098/1162/1096 1099/1163/1097
f 1098/1162/1096 1100/1164/1098 1099/1163/1097
f 1100/1164/1098 1098/1162/1096 1101/1165/1099
f 1098/1162/1096 1102/1166/1100 1101/1165/1099
f 1102/1166/1100 1098/1162/1096 1103/1167/1101
f 1098/1162/1096 737/774/735 1103/1167/1101
f 737/774/735 1098/1162/1096 736/773/734
f 1098/1162/1096 735/772/733 736/773/734
f 774/1022/772 1096/1160/1094 1097/1161/1095
f 1096/1160/1094 774/1022/772 980/1026/978
f 981/1027/979 1096/1160/1094 980/1026/978
f 1096/1160/1094 981/1027/979 984/1030/982
f 1100/1164/1098 1104/1168/1102 1105/1169/1103
f 1104/1168/1102 742/779/740 1105/1169/1103
f 742/779/740 1104/1168/1102 743/780/741
f 1104/1168/1102 744/781/742 743/780/741
f 744/781/742 1104/1168/1102 1106/1170/1104
f 1104/1168/1102 1102/1166/1100 1106/1170/1104
f 1102/1166/1100 1104/1168/1102 1101/1165/1099
f 1104/1168/1102 1100/1164/1098 1101/1165/1099
f 915/958/913 1107/1171/1105 918/961/916
f 1107/1171/1105 915/958/913 925/968/923
f 924/967/922 1107/1171/1105 925/968/923
f 1107/1171/1105 924/967/922 933/976/931
f 899/939/897 1107/1171/1105 933/976/931
f 1107/1171/1105 899/939/897 900/940/898
f 901/941/899 1107/1171/1105 900/940/898
f 1107/1171/1105 901/941/899 918/961/916
f 1108/1172/1106 1109/1173/1107 1110/1174/1108
f 380/408/378 1108/1172/1106 1110/1174/1108
f 1108/1172/1106 380/408/378 381/409/379
f 374/402/372 1108/1172/1106 381/409/379
f 1108/1172/1106 374/402/372 489/517/487
f 478/506/476 1108/1172/1106 489/517/487
f 1108/1172/1106 478/506/476 1111/1175/1109
f 1109/1173/1107 1108/1172/1106 1111/1175/1109
f 1112/1176/1110 1109/1173/1107 1111/1175/1109
f 1109/1173/1107 1112/1176/1110 1113/1177/1111
f 1114/1178/1112 1115/1179/1113 1116/1180/1114
f 1115/1179/1113 1117/1181/1115 1116/1180/1114
f 1117/1181/1115 1115/1179/1113 1118/1182/1116
f 1115/1179/1113 1119/1183/1117 1118/1182/1116
f 1119/1183/1117 1115/1179/1113 1120/1184/1118
f 1115/1179/1113 1121/1185/1119 1120/1184/1118
f 1121/1185/1119 1115/1179/1113 1122/1186/1120
f 1115/1179/1113 1114/1178/1112 1122/1186/1120
f 903/943/901 914/957/912 919/962/917
f 914/957/912 903/943/901 904/944/902
f 5/5/5 914/957/912 904/944/902
f 914/957/912 5/5/5 6/6/6
f 1123/1187/1121 1124/1188/1122 1125/1189/1123
f 1124/1188/1122 1123/1187/1121 1126/1190/1124
f 1123/1187/1121 1127/1191/1125 1126/1190/1124
f 1127/1191/1125 1123/1187/1121 1128/1192/1126
f 1123/1187/1121 1129/1193/1127 1128/1192/1126
f 380/408/378 1130/1194/1128 391/419/389
f 1130/1194/1128 380/408/378 1131/1195/1129
f 1129/1193/1127 1130/1194/1128 1131/1195/1129
f 1130/1194/1128 1129/1193/1127 1132/1196/1130
f 1129/1193/1127 1123/1187/1121 1132/1196/1130
f 1123/1187/1121 1133/1197/1131 1132/1196/1130
f 1133/1197/1131 1123/1187/1121 1125/1189/1123
f 1134/1198/1132 1133/1197/1131 1125/1189/1123
f 1124/1188/1122 1134/1198/1132 1125/1189/1123
f 1134/1198/1132 1124/1188/1122 1135/1199/1133
f 1121/1185/1119 1134/1198/1132 1135/1199/1133
f 1134/1198/1132 1121/1185/1119 1122/1186/1120
f 1114/1178/1112 1134/1198/1132 1122/1186/1120
f 1134/1198/1132 1114/1178/1112 1136/1200/1134
f 1133/1197/1131 1134/1198/1132 1136/1200/1134
f 1133/1197/1131 1130/1194/1128 1132/1196/1130
f 1130/1194/1128 1133/1197/1131 1137/1201/1135
f 1138/1202/1136 1139/1203/1137 1140/1204/1138
f 1119/1183/1117 1141/1205/1139 1142/1206/1140
f 1141/1205/1139 1119/1183/1117 1120/1184/1118
f 1121/1185/1119 1141/1205/1139 1120/1184/1118
f 1141/1205/1139 1121/1185/1119 1135/1199/1133
f 1124/1188/1122 1141/1205/1139 1135/1199/1133
f 1141/1205/1139 1124/1188/1122 1126/1190/1124
f 1127/1191/1125 1141/1205/1139 1126/1190/1124
f 1141/1205/1139 1127/1191/1125 1143/1207/1141
f 1144/1208/1142 1141/1205/1139 1143/1207/1141
f 1139/1203/1137 1144/1208/1142 1143/1207/1141
f 1144/1208/1142 1139/1203/1137 1145/1209/1143
f 1139/1203/1137 1138/1202/1136 1145/1209/1143
f 1138/1202/1136 1146/1210/1144 1145/1209/1143
f 1146/1210/1144 1138/1202/1136 1147/1211/1145
f 1138/1202/1136 1148/1212/1146 1147/1211/1145
f 1148/1212/1146 1117/1181/1115 1147/1211/1145
f 1117/1181/1115 1148/1212/1146 1149/1213/1147
f 1148/1212/1146 1150/1214/1148 1149/1213/1147
f 1141/1205/1139 1144/1208/1142 1142/1206/1140
f 1144/1208/1142 1146/1210/1144 1142/1206/1140
f 1146/1210/1144 1144/1208/1142 1145/1209/1143
f 1150/1214/1148 1148/1212/1146 1151/1215/1149
f 1152/1216/1150 1150/1214/1148 1151/1215/1149
f 1153/1217/1151 1152/1216/1150 1151/1215/1149
f 1152/1216/1150 1153/1217/1151 1154/1218/1152
f 1153/1217/1151 1155/1219/1153 1154/1218/1152
f 1155/1219/1153 1156/1220/1154 1154/1218/1152
f 1156/1220/1154 1155/1219/1153 1157/1221/1155
f 1155/1219/1153 1158/1222/1156 1157/1221/1155
f 1158/1222/1156 1155/1219/1153 1159/1223/1157
f 1155/1219/1153 1138/1202/1136 1159/1223/1157
f 1138/1202/1136 1155/1219/1153 1160/1224/1158
f 1148/1212/1146 1138/1202/1136 1160/1224/1158
f 1153/1217/1151 1148/1212/1146 1160/1224/1158
f 1148/1212/1146 1153/1217/1151 1151/1215/1149
f 1155/1219/1153 1153/1217/1151 1160/1224/1158
f 1156/1220/1154 1152/1216/1150 1154/1218/1152
f 1152/1216/1150 1156/1220/1154 1161/1225/1159
f 1162/1226/1160 1152/1216/1150 1161/1225/1159
f 1152/1216/1150 1162/1226/1160 1163/1227/1161
f 1150/1214/1148 1152/1216/1150 1163/1227/1161
f 1164/1228/1162 1165/1229/1163 1166/1230/1164
f 1165/1229/1163 935/978/933 1166/1230/1164
f 935/978/933 1165/1229/1163 1167/1231/1165
f 1165/1229/1163 1168/1232/1166 1167/1231/1165
f 1168/1232/1166 1165/1229/1163 1169/1233/1167
f 1165/1229/1163 1170/1234/1168 1169/1233/1167
f 1170/1234/1168 1165/1229/1163 1171/1235/1169
f 1165/1229/1163 1164/1228/1162 1171/1235/1169
f 1/1/1 1172/1236/1170 32/32/32
f 1172/1236/1170 1/1/1 3/3/3
f 5/5/5 1172/1236/1170 3/3/3
f 1172/1236/1170 5/5/5 1173/1237/1171
f 873/913/871 1173/1237/1171 853/893/851
f 1173/1237/1171 873/913/871 1172/1236/1170
f 33/33/33 1172/1236/1170 873/913/871
f 1172/1236/1170 33/33/33 32/32/32
f 478/506/476 1112/1176/1110 1111/1175/1109
f 1112/1176/1110 478/506/476 480/508/478
f 398/426/396 1112/1176/1110 480/508/478
f 1112/1176/1110 398/426/396 399/427/397
f 400/428/398 1112/1176/1110 399/427/397
f 1112/1176/1110 400/428/398 1113/1177/1111
f 1174/1238/1172 1175/1239/1173 1176/1240/1174
f 1175/1239/1173 1164/1228/1162 1176/1240/1174
f 1164/1228/1162 1175/1239/1173 1171/1235/1169
f 1175/1239/1173 1170/1234/1168 1171/1235/1169
f 1170/1234/1168 1175/1239/1173 1177/1241/1175
f 1175/1239/1173 1178/1242/1176 1177/1241/1175
f 1178/1242/1176 1175/1239/1173 1179/1243/1177
f 1175/1239/1173 1174/1238/1172 1179/1243/1177
f 416/444/414 1180/1244/1178 426/454/424
f 1180/1244/1178 416/444/414 417/445/415
f 418/446/416 1180/1244/1178 417/445/415
f 1180/1244/1178 418/446/416 428/456/426
f 427/455/425 1180/1244/1178 428/456/426
f 1180/1244/1178 427/455/425 1181/1245/1179
f 935/978/933 1182/1246/1180 1183/1247/1181
f 1182/1246/1180 889/929/887 1183/1247/1181
f 889/929/887 1182/1246/1180 1184/1248/1182
f 1182/1246/1180 1185/1249/1183 1184/1248/1182
f 1185/1249/1183 1182/1246/1180 1186/1250/1184
f 1182/1246/1180 1168/1232/1166 1186/1250/1184
f 1168/1232/1166 1182/1246/1180 1167/1231/1165
f 1182/1246/1180 935/978/933 1167/1231/1165
f 425/453/423 1180/1244/1178 1181/1245/1179
f 1180/1244/1178 425/453/423 426/454/424
f 418/446/416 421/449/419 428/456/426
f 421/449/419 418/446/416 419/447/417
f 1117/1181/1115 1146/1210/1144 1147/1211/1145
f 1146/1210/1144 1117/1181/1115 1118/1182/1116
f 1119/1183/1117 1146/1210/1144 1118/1182/1116
f 1146/1210/1144 1119/1183/1117 1142/1206/1140
f 1187/1251/1185 935/978/933 1183/1247/1181
f 935/978/933 1187/1251/1185 1188/1252/1186
f 1189/1253/1187 935/978/933 1188/1252/1186
f 1190/1254/1188 1189/1253/1187 1188/1252/1186
f 1189/1253/1187 1190/1254/1188 1191/1255/1189
f 1190/1254/1188 1192/1256/1190 1191/1255/1189
f 1192/1256/1190 1193/1257/1191 1191/1255/1189
f 1193/1257/1191 1189/1253/1187 1191/1255/1189
f 1189/1253/1187 1193/1257/1191 1194/1258/1192
f 899/939/897 1195/1259/1193 898/938/896
f 1195/1259/1193 899/939/897 934/977/932
f 935/978/933 1195/1259/1193 934/977/932
f 1195/1259/1193 935/978/933 1196/1260/1194
f 935/978/933 1189/1253/1187 1196/1260/1194
f 1189/1253/1187 1197/1261/1195 1196/1260/1194
f 1197/1261/1195 1189/1253/1187 1194/1258/1192
f 1198/1262/1196 1197/1261/1195 1194/1258/1192
f 1193/1257/1191 1198/1262/1196 1194/1258/1192
f 1198/1262/1196 1193/1257/1191 1199/1263/1197
f 1193/1257/1191 1192/1256/1190 1199/1263/1197
f 1192/1256/1190 1200/1264/1198 1199/1263/1197
f 1200/1264/1198 1192/1256/1190 1201/1265/1199
f 1192/1256/1190 1202/1266/1200 1201/1265/1199
f 1202/1266/1200 1192/1256/1190 1203/1267/1201
f 1192/1256/1190 1190/1254/1188 1203/1267/1201
f 1190/1254/1188 1187/1251/1185 1203/1267/1201
f 1187/1251/1185 1190/1254/1188 1188/1252/1186
f 1204/1268/1202 1198/1262/1196 1205/1269/1203
f 1198/1262/1196 1200/1264/1198 1205/1269/1203
f 1200/1264/1198 1198/1262/1196 1199/1263/1197
f 1195/1259/1193 5/5/5 898/938/896
f 1197/1261/1195 1195/1259/1193 1196/1260/1194
f 1195/1259/1193 1197/1261/1195 1206/1270/1204
f 5/5/5 1195/1259/1193 1206/1270/1204
f 1207/1271/1205 5/5/5 1206/1270/1204
f 5/5/5 1207/1271/1205 1173/1237/1171
f 1207/1271/1205 853/893/851 1173/1237/1171
f 853/893/851 1207/1271/1205 1208/1272/1206
f 1207/1271/1205 1204/1268/1202 1208/1272/1206
f 1204/1268/1202 1207/1271/1205 1209/1273/1207
f 1198/1262/1196 1204/1268/1202 1209/1273/1207
f 1197/1261/1195 1198/1262/1196 1209/1273/1207
f 1207/1271/1205 1197/1261/1195 1209/1273/1207
f 1197/1261/1195 1207/1271/1205 1206/1270/1204
f 1210/1274/1208 1211/1275/1209 1212/1276/1210
f 1211/1275/1209 1213/1277/1211 1212/1276/1210
f 1213/1277/1211 1211/1275/1209 1214/1278/1212
f 1211/1275/1209 1215/1279/1213 1214/1278/1212
f 1215/1279/1213 1211/1275/1209 1216/1280/1214
f 1211/1275/1209 1217/1281/1215 1216/1280/1214
f 1217/1281/1215 1211/1275/1209 1218/1282/1216
f 1211/1275/1209 1210/1274/1208 1218/1282/1216
f 938/981/936 1219/1283/1217 940/983/938
f 1219/1283/1217 938/981/936 950/993/948
f 951/994/949 1219/1283/1217 950/993/948
f 1219/1283/1217 951/994/949 1220/1284/1218
f 1164/1228/1162 1219/1283/1217 1220/1284/1218
f 1219/1283/1217 1164/1228/1162 1166/1230/1164
f 1213/1277/1211 1221/1285/1219 1222/1286/1220
f 1221/1285/1219 1223/1287/1221 1222/1286/1220
f 1223/1287/1221 1221/1285/1219 1224/1288/1222
f 1221/1285/1219 1225/1289/1223 1224/1288/1222
f 1225/1289/1223 1221/1285/1219 1226/1290/1224
f 1221/1285/1219 1215/1279/1213 1226/1290/1224
f 1215/1279/1213 1221/1285/1219 1214/1278/1212
f 1221/1285/1219 1213/1277/1211 1214/1278/1212
f 935/978/933 1219/1283/1217 1166/1230/1164
f 1219/1283/1217 935/978/933 940/983/938
f 1156/1220/1154 1227/1291/1225 1161/1225/1159
f 1227/1291/1225 1156/1220/1154 1157/1221/1155
f 1158/1222/1156 1227/1291/1225 1157/1221/1155
f 1227/1291/1225 1158/1222/1156 1228/1292/1226
f 1158/1222/1156 1229/1293/1227 1228/1292/1226
f 1229/1293/1227 1158/1222/1156 1230/1294/1228
f 1231/1295/1229 1227/1291/1225 1228/1292/1226
f 1227/1291/1225 1231/1295/1229 1232/1296/1230
f 1162/1226/1160 1227/1291/1225 1232/1296/1230
f 1227/1291/1225 1162/1226/1160 1161/1225/1159
f 433/461/431 1233/1297/1231 1234/1298/1232
f 1233/1297/1231 1235/1299/1233 1234/1298/1232
f 1235/1299/1233 1233/1297/1231 1236/1300/1234
f 1233/1297/1231 476/504/474 1236/1300/1234
f 476/504/474 1233/1297/1231 475/503/473
f 1233/1297/1231 463/491/461 475/503/473
f 463/491/461 1233/1297/1231 464/492/462
f 1233/1297/1231 433/461/431 464/492/462
f 1237/1301/1235 1238/1302/1236 1239/1303/1237
f 1238/1302/1236 1237/1301/1235 1240/1304/1238
f 1241/1305/1239 1238/1302/1236 1240/1304/1238
f 1242/1306/1240 1241/1305/1239 1240/1304/1238
f 1241/1305/1239 1242/1306/1240 1243/1307/1241
f 1244/1308/1242 1241/1305/1239 1243/1307/1241
f 1241/1305/1239 1244/1308/1242 1245/1309/1243
f 1246/1310/1244 1241/1305/1239 1245/1309/1243
f 1241/1305/1239 1246/1310/1244 1247/1311/1245
f 1238/1302/1236 1241/1305/1239 1247/1311/1245
f 1164/1228/1162 1248/1312/1246 1249/1313/1247
f 1248/1312/1246 960/1003/958 1249/1313/1247
f 960/1003/958 1248/1312/1246 961/1004/959
f 1248/1312/1246 953/996/951 961/1004/959
f 953/996/951 1248/1312/1246 952/995/950
f 1248/1312/1246 951/994/949 952/995/950
f 951/994/949 1248/1312/1246 1220/1284/1218
f 1248/1312/1246 1164/1228/1162 1220/1284/1218
f 366/394/364 1250/1314/1248 1251/1315/1249
f 1250/1314/1248 366/394/364 367/395/365
f 355/383/353 1250/1314/1248 367/395/365
f 763/1316/761 908/948/906 765/950/763
f 908/948/906 763/1316/761 1252/1317/1250
f 763/1316/761 1253/1318/1251 1252/1317/1250
f 1253/1318/1251 763/1316/761 764/1319/762
f 1254/1320/1252 1253/1318/1251 764/1319/762
f 746/1321/744 1254/1320/1252 764/1319/762
f 1254/1320/1252 746/1321/744 1255/1322/1253
f 746/1321/744 1256/1323/1254 1255/1322/1253
f 1256/1323/1254 358/386/356 1255/1322/1253
f 358/386/356 1256/1323/1254 357/385/355
f 1256/1323/1254 355/383/353 357/385/355
f 355/383/353 1256/1323/1254 1257/1324/1255
f 1250/1314/1248 355/383/353 1257/1324/1255
f 749/1325/747 1250/1314/1248 1257/1324/1255
f 1250/1314/1248 749/1325/747 755/1326/753
f 756/1327/754 1250/1314/1248 755/1326/753
f 1250/1314/1248 756/1327/754 1251/1315/1249
f 756/1327/754 1258/1328/1256 1251/1315/1249
f 1256/1323/1254 749/1325/747 1257/1324/1255
f 749/1325/747 1256/1323/1254 748/1329/746
f 1256/1323/1254 746/1321/744 748/1329/746
f 1253/1318/1251 1254/1320/1252 1259/1330/1257
f 1254/1320/1252 360/388/358 1259/1330/1257
f 360/388/358 1254/1320/1252 359/387/357
f 1254/1320/1252 358/386/356 359/387/357
f 358/386/356 1254/1320/1252 1255/1322/1253
f 1258/1328/1256 366/394/364 1251/1315/1249
f 366/394/364 1258/1328/1256 365/393/363
f 1258/1328/1256 364/392/362 365/393/363
f 364/392/362 1258/1328/1256 1260/1331/1258
f 1258/1328/1256 1117/1181/1115 1260/1331/1258
f 1117/1181/1115 1258/1328/1256 1261/1332/1259
f 1258/1328/1256 756/1327/754 1261/1332/1259
f 380/408/378 1262/1333/1260 1131/1195/1129
f 1262/1333/1260 380/408/378 1110/1174/1108
f 1109/1173/1107 1262/1333/1260 1110/1174/1108
f 1262/1333/1260 1109/1173/1107 1263/1334/1261
f 1138/1202/1136 1262/1333/1260 1263/1334/1261
f 1262/1333/1260 1138/1202/1136 1140/1204/1138
f 1129/1193/1127 1262/1333/1260 1140/1204/1138
f 1139/1203/1137 1129/1193/1127 1140/1204/1138
f 1129/1193/1127 1139/1203/1137 1128/1192/1126
f 1139/1203/1137 1127/1191/1125 1128/1192/1126
f 1127/1191/1125 1139/1203/1137 1143/1207/1141
f 1262/1333/1260 1129/1193/1127 1131/1195/1129
f 515/543/513 1264/1335/1262 474/548/472
f 1264/1335/1262 515/543/513 505/880/503
f 470/498/468 1264/1336/1262 1265/1337/1263
f 1264/1336/1262 470/498/468 474/502/472
f 504/532/502 1264/1336/1262 505/533/503
f 1264/1336/1262 504/532/502 1266/1338/1264
f 1235/1299/1233 1264/1336/1262 1266/1338/1264
f 1264/1336/1262 1235/1299/1233 1265/1337/1263
f 1235/1299/1233 1267/1339/1265 1265/1337/1263
f 1267/1339/1265 470/498/468 1265/1337/1263
f 470/498/468 1267/1339/1265 472/500/470
f 1267/1339/1265 457/485/455 472/500/470
f 457/485/455 1267/1339/1265 477/505/475
f 1267/1339/1265 476/504/474 477/505/475
f 476/504/474 1267/1339/1265 1236/1300/1234
f 1267/1339/1265 1235/1299/1233 1236/1300/1234
f 1268/1340/1266 1269/1341/1267 1270/1342/1268
f 1269/1341/1267 1268/1340/1266 1271/1343/1269
f 1272/1344/1270 1269/1341/1267 1271/1343/1269
f 1269/1341/1267 1272/1344/1270 1273/1345/1271
f 513/541/511 1269/1341/1267 1273/1345/1271
f 1269/1341/1267 513/541/511 831/868/829
f 891/931/889 1274/1346/1272 1275/1347/1273
f 1274/1346/1272 1244/1308/1242 1275/1347/1273
f 1244/1308/1242 1274/1346/1272 1276/1348/1274
f 1274/1346/1272 1277/1349/1275 1276/1348/1274
f 1277/1349/1275 1274/1346/1272 1278/1350/1276
f 1274/1346/1272 1279/1351/1277 1278/1350/1276
f 1279/1351/1277 1274/1346/1272 1280/1352/1278
f 1274/1346/1272 891/931/889 1280/1352/1278
f 1281/1353/1279 1269/1354/1267 831/1355/829
f 1269/1354/1267 1281/1353/1279 1270/1356/1268
f 1282/1357/1280 1283/1358/1281 1284/1359/1282
f 1283/1358/1281 1282/1357/1280 1285/1360/1283
f 1286/1361/1284 1283/1358/1281 1285/1360/1283
f 1283/1358/1281 1286/1361/1284 1287/1362/1285
f 1288/1363/1286 1283/1358/1281 1287/1362/1285
f 1244/1308/1242 1289/1364/1287 1275/1347/1273
f 1289/1364/1287 891/931/889 1275/1347/1273
f 891/931/889 1289/1364/1287 1290/1365/1288
f 1289/1364/1287 1288/1363/1286 1290/1365/1288
f 1288/1363/1286 1289/1364/1287 1291/1366/1289
f 1283/1358/1281 1288/1363/1286 1291/1366/1289
f 1292/1367/1290 1283/1358/1281 1291/1366/1289
f 1283/1358/1281 1292/1367/1290 1284/1359/1282
f 1292/1367/1290 1293/1368/1291 1284/1359/1282
f 1293/1368/1291 1282/1357/1280 1284/1359/1282
f 1282/1357/1280 1293/1368/1291 1294/1369/1292
f 1293/1368/1291 1242/1306/1240 1294/1369/1292
f 1242/1306/1240 1293/1368/1291 1243/1307/1241
f 1293/1368/1291 1244/1308/1242 1243/1307/1241
f 1244/1308/1242 1293/1368/1291 1295/1370/1293
f 1289/1364/1287 1244/1308/1242 1295/1370/1293
f 1292/1367/1290 1289/1364/1287 1295/1370/1293
f 1289/1364/1287 1292/1367/1290 1291/1366/1289
f 1293/1368/1291 1292/1367/1290 1295/1370/1293
f 1242/1306/1240 1237/1301/1235 1296/1371/1294
f 1237/1301/1235 1242/1306/1240 1240/1304/1238
f 1297/1372/1295 1237/1301/1235 1239/1303/1237
f 1298/1373/1296 1242/1306/1240 1299/1374/1297
f 1242/1306/1240 1298/1373/1296 1294/1369/1292
f 1298/1373/1296 1282/1357/1280 1294/1369/1292
f 1282/1357/1280 1298/1373/1296 1285/1360/1283
f 1298/1373/1296 1286/1361/1284 1285/1360/1283
f 1286/1361/1284 1298/1373/1296 1300/1375/1298
f 1298/1373/1296 1301/1376/1299 1300/1375/1298
f 1301/1376/1299 1298/1373/1296 1299/1374/1297
f 1302/1377/1300 1301/1376/1299 1299/1374/1297
f 1242/1306/1240 1302/1377/1300 1299/1374/1297
f 1302/1377/1300 1242/1306/1240 1303/1378/1301
f 1242/1306/1240 1304/1379/1302 1303/1378/1301
f 1304/1379/1302 1242/1306/1240 1296/1371/1294
f 1305/1380/1303 1304/1379/1302 1296/1371/1294
f 1237/1301/1235 1305/1380/1303 1296/1371/1294
f 1305/1380/1303 1237/1301/1235 1306/1381/1304
f 1237/1301/1235 1297/1372/1295 1306/1381/1304
f 1297/1372/1295 1307/1382/1305 1306/1381/1304
f 1307/1382/1305 1305/1380/1303 1306/1381/1304
f 1301/1376/1299 1302/1377/1300 1308/1383/1306
f 1309/1384/1307 1307/1382/1305 1310/1385/1308
f 1307/1382/1305 1309/1384/1307 1311/1386/1309
f 1305/1380/1303 1307/1382/1305 1311/1386/1309
f 1312/1387/1310 1305/1380/1303 1311/1386/1309
f 1305/1380/1303 1312/1387/1310 1313/1388/1311
f 1304/1379/1302 1305/1380/1303 1313/1388/1311
f 1309/1384/1307 1314/1389/1312 1315/1390/1313
f 1312/1387/1310 1309/1384/1307 1315/1390/1313
f 1309/1384/1307 1312/1387/1310 1311/1386/1309
f 1307/1382/1305 1297/1372/1295 1316/1391/1314
f 1317/1392/1315 1307/1382/1305 1316/1391/1314
f 1307/1382/1305 1317/1392/1315 1310/1385/1308
f 1317/1392/1315 1318/1393/1316 1310/1385/1308
f 1318/1393/1316 1309/1384/1307 1310/1385/1308
f 1309/1384/1307 1318/1393/1316 1319/1394/1317
f 1320/1395/1318 1309/1384/1307 1319/1394/1317
f 1272/1344/1270 1320/1395/1318 1319/1394/1317
f 1320/1395/1318 1272/1344/1270 1271/1343/1269
f 1268/1340/1266 1320/1395/1318 1271/1343/1269
f 1320/1395/1318 1268/1340/1266 1321/1396/1319
f 1268/1340/1266 1322/1397/1320 1321/1396/1319
f 1322/1397/1320 1323/1398/1321 1321/1396/1319
f 1323/1398/1321 1322/1397/1320 1324/1399/1322
f 1314/1389/1312 1323/1398/1321 1324/1399/1322
f 1323/1398/1321 1314/1389/1312 1325/1400/1323
f 1314/1389/1312 1309/1384/1307 1325/1400/1323
f 1309/1384/1307 1320/1395/1318 1325/1400/1323
f 1320/1395/1318 1323/1398/1321 1325/1400/1323
f 1323/1398/1321 1320/1395/1318 1321/1396/1319
f 1318/1393/1316 1272/1344/1270 1319/1394/1317
f 1272/1344/1270 1318/1393/1316 1326/1401/1324
f 1318/1393/1316 1327/1402/1325 1326/1401/1324
f 1327/1402/1325 1318/1393/1316 1328/1403/1326
f 1318/1393/1316 1317/1392/1315 1328/1403/1326
f 1322/1397/1320 1268/1340/1266 1270/1342/1268
f 1210/1274/1208 1329/1404/1327 1330/1405/1328
f 1329/1404/1327 891/931/889 1330/1405/1328
f 891/931/889 1329/1404/1327 1280/1352/1278
f 1329/1404/1327 1279/1351/1277 1280/1352/1278
f 1279/1351/1277 1329/1404/1327 1331/1406/1329
f 1329/1404/1327 1332/1407/1330 1331/1406/1329
f 1332/1407/1330 1329/1404/1327 1333/1408/1331
f 1329/1404/1327 1210/1274/1208 1333/1408/1331
f 1225/1289/1223 1334/1409/1332 1335/1410/1333
f 1334/1409/1332 1225/1289/1223 1226/1290/1224
f 1215/1279/1213 1334/1409/1332 1226/1290/1224
f 1334/1409/1332 1215/1279/1213 1216/1280/1214
f 1217/1281/1215 1334/1409/1332 1216/1280/1214
f 1334/1409/1332 1217/1281/1215 1336/1411/1334
f 1337/1412/1335 1334/1409/1332 1336/1411/1334
f 1334/1409/1332 1337/1412/1335 1335/1410/1333
f 1337/1412/1335 1338/1413/1336 1335/1410/1333
f 1338/1413/1336 1225/1289/1223 1335/1410/1333
f 1225/1289/1223 1338/1413/1336 1224/1288/1222
f 1338/1413/1336 1223/1287/1221 1224/1288/1222
f 1223/1287/1221 1338/1413/1336 1339/1414/1337
f 1338/1413/1336 1158/1222/1156 1339/1414/1337
f 1158/1222/1156 1338/1413/1336 1340/1415/1338
f 1338/1413/1336 1337/1412/1335 1340/1415/1338
f 1341/1416/1339 1342/1417/1340 1343/1418/1341
f 1342/1417/1340 1341/1416/1339 1344/1419/1342
f 1277/1349/1275 1342/1417/1340 1344/1419/1342
f 1342/1417/1340 1277/1349/1275 1278/1350/1276
f 1279/1351/1277 1342/1417/1340 1278/1350/1276
f 1342/1417/1340 1279/1351/1277 1331/1406/1329
f 1332/1407/1330 1342/1417/1340 1331/1406/1329
f 1342/1417/1340 1332/1407/1330 1343/1418/1341
f 1332/1407/1330 1345/1420/1343 1343/1418/1341
f 1345/1420/1343 1341/1416/1339 1343/1418/1341
f 1341/1416/1339 1345/1420/1343 1346/1421/1344
f 1345/1420/1343 1213/1277/1211 1346/1421/1344
f 1213/1277/1211 1345/1420/1343 1212/1276/1210
f 1345/1420/1343 1210/1274/1208 1212/1276/1210
f 1210/1274/1208 1345/1420/1343 1333/1408/1331
f 1345/1420/1343 1332/1407/1330 1333/1408/1331
f 1246/1310/1244 1347/1422/1345 1247/1311/1245
f 1347/1422/1345 1246/1310/1244 1348/1423/1346
f 1327/1402/1325 1347/1422/1345 1348/1423/1346
f 1347/1422/1345 1327/1402/1325 1328/1403/1326
f 1317/1392/1315 1347/1422/1345 1328/1403/1326
f 1347/1422/1345 1317/1392/1315 1316/1391/1314
f 1244/1308/1242 1349/1424/1347 1350/1425/1348
f 1349/1424/1347 1213/1277/1211 1350/1425/1348
f 1213/1277/1211 1349/1424/1347 1346/1421/1344
f 1349/1424/1347 1341/1416/1339 1346/1421/1344
f 1341/1416/1339 1349/1424/1347 1344/1419/1342
f 1349/1424/1347 1277/1349/1275 1344/1419/1342
f 1277/1349/1275 1349/1424/1347 1276/1348/1274
f 1349/1424/1347 1244/1308/1242 1276/1348/1274
f 1297/1372/1295 1347/1422/1345 1316/1391/1314
f 1347/1422/1345 1297/1372/1295 1239/1303/1237
f 1238/1302/1236 1347/1422/1345 1239/1303/1237
f 1347/1422/1345 1238/1302/1236 1247/1311/1245
f 1117/1181/1115 1351/1426/1349 1352/1427/1350
f 1351/1426/1349 1231/1295/1229 1352/1427/1350
f 1231/1295/1229 1351/1426/1349 1232/1296/1230
f 1351/1426/1349 1162/1226/1160 1232/1296/1230
f 1162/1226/1160 1351/1426/1349 1163/1227/1161
f 1351/1426/1349 1150/1214/1148 1163/1227/1161
f 1150/1214/1148 1351/1426/1349 1149/1213/1147
f 1351/1426/1349 1117/1181/1115 1149/1213/1147
f 735/772/733 751/788/749 753/790/751
f 751/788/749 735/772/733 1353/1428/1351
f 756/793/754 751/788/749 1353/1428/1351
f 1354/1429/1352 756/793/754 1353/1428/1351
f 756/793/754 1354/1429/1352 1261/1430/1259
f 1354/1429/1352 1117/1431/1115 1261/1430/1259
f 1117/1431/1115 1354/1429/1352 1355/1432/1353
f 1354/1429/1352 1100/1164/1098 1355/1432/1353
f 1100/1164/1098 1354/1429/1352 1099/1163/1097
f 1354/1429/1352 735/772/733 1099/1163/1097
f 735/772/733 1354/1429/1352 1353/1428/1351
f 1356/1433/1354 1357/1434/1355 1358/1435/1356
f 1357/1434/1355 1356/1433/1354 1359/1436/1357
f 532/567/530 515/543/513 534/569/532
f 515/543/513 532/567/530 1360/1437/1358
f 516/544/514 515/543/513 1360/1437/1358
f 1361/1438/1359 516/544/514 1360/1437/1358
f 516/544/514 1361/1438/1359 835/1439/833
f 1361/1438/1359 833/1440/831 835/1439/833
f 833/1440/831 1361/1438/1359 1362/1441/1360
f 1361/1438/1359 1357/1434/1355 1362/1441/1360
f 1357/1434/1355 1281/1353/1279 1362/1441/1360
f 1281/1353/1279 1357/1434/1355 1359/1436/1357
f 1322/1442/1320 1281/1353/1279 1359/1436/1357
f 1356/1433/1354 1322/1442/1320 1359/1436/1357
f 1322/1442/1320 1356/1433/1354 1324/1443/1322
f 1356/1433/1354 1314/1444/1312 1324/1443/1322
f 1281/1353/1279 1322/1442/1320 1270/1356/1268
f 1281/1353/1279 833/1440/831 1362/1441/1360
f 833/1440/831 1281/1353/1279 840/1445/838
f 1281/1353/1279 826/1446/824 840/1445/838
f 826/1446/824 1281/1353/1279 831/1355/829
f 1357/1434/1355 1361/1438/1359 1363/1447/1361
f 530/565/528 1357/1434/1355 1363/1447/1361
f 532/567/530 530/565/528 1363/1447/1361
f 1361/1438/1359 532/567/530 1363/1447/1361
f 532/567/530 1361/1438/1359 1360/1437/1358
f 526/561/524 530/565/528 528/563/526
f 530/565/528 526/561/524 1364/1448/1362
f 1357/1434/1355 530/565/528 1364/1448/1362
f 25/25/25 1357/1434/1355 1364/1448/1362
f 1357/1434/1355 25/25/25 1358/1435/1356
f 25/25/25 1365/1449/1363 1358/1435/1356
f 1365/1449/1363 1356/1433/1354 1358/1435/1356
f 1356/1433/1354 1365/1449/1363 1366/1450/1364
f 1314/1444/1312 1356/1433/1354 1366/1450/1364
f 1367/1451/1365 1314/1444/1312 1366/1450/1364
f 1314/1444/1312 1367/1451/1365 1315/1452/1313
f 1367/1451/1365 1312/1453/1310 1315/1452/1313
f 1312/1453/1310 1367/1451/1365 1368/1454/1366
f 1037/1455/1035 1312/1453/1310 1368/1454/1366
f 1365/1449/1363 1037/1455/1035 1368/1454/1366
f 1037/1455/1035 1365/1449/1363 1036/1456/1034
f 1365/1449/1363 20/20/20 1036/1456/1034
f 20/20/20 1365/1449/1363 26/26/26
f 1365/1449/1363 25/25/25 26/26/26
f 1367/1451/1365 1365/1449/1363 1368/1454/1366
f 1365/1449/1363 1367/1451/1365 1366/1450/1364
f 526/561/524 25/25/25 1364/1448/1362
f 1312/1453/1310 1037/1455/1035 1313/1457/1311
f 1369/1458/1367 23/23/23 1370/1459/1368
f 23/23/23 1369/1458/1367 22/22/22
f 1369/1458/1367 20/20/20 22/22/22
f 20/20/20 1369/1458/1367 1040/1460/1038
f 1369/1458/1367 43/1461/43 1040/1460/1038
f 1371/1462/1369 1372/1463/1370 1373/1464/1371
f 1372/1463/1370 1374/1465/1372 1373/1464/1371
f 1374/1465/1372 1375/1466/1373 1373/1464/1371
f 1375/1466/1373 1374/1465/1372 1376/1467/1374
f 1377/1468/1375 1375/1466/1373 1376/1467/1374
f 1067/1469/1065 1377/1468/1375 1376/1467/1374
f 1377/1468/1375 1067/1469/1065 1066/1470/1064
f 43/1461/43 1377/1468/1375 1066/1470/1064
f 1377/1468/1375 43/1461/43 1378/1471/1376
f 43/1461/43 1369/1458/1367 1378/1471/1376
f 1369/1458/1367 1379/1472/1377 1378/1471/1376
f 1379/1472/1377 1369/1458/1367 1370/1459/1368
f 1380/1473/1378 1379/1472/1377 1370/1459/1368
f 23/23/23 1380/1473/1378 1370/1459/1368
f 1380/1473/1378 23/23/23 24/24/24
f 25/25/25 1380/1473/1378 24/24/24
f 1380/1473/1378 25/25/25 527/562/525
f 25/25/25 526/561/524 527/562/525
f 14/14/14 1380/1473/1378 527/562/525
f 1374/1465/1372 1067/1469/1065 1376/1467/1374
f 1067/1469/1065 1374/1465/1372 1084/1474/1082
f 1374/1465/1372 1083/1475/1081 1084/1474/1082
f 1372/1463/1370 1381/1476/1379 1382/1477/1380
f 1381/1476/1379 1372/1463/1370 1383/1478/1381
f 1384/1479/1382 1385/1480/1383 1386/1481/1384
f 1385/1480/1383 1384/1479/1382 1387/1482/1385
f 1384/1479/1382 1388/1483/1386 1387/1482/1385
f 1388/1483/1386 1389/1484/1387 1387/1482/1385
f 1389/1484/1387 1388/1483/1386 1390/1485/1388
f 1388/1483/1386 1391/1486/1389 1390/1485/1388
f 1391/1486/1389 1388/1483/1386 1392/1487/1390
f 1393/1488/1391 1391/1486/1389 1392/1487/1390
f 1394/1489/1392 1393/1488/1391 1392/1487/1390
f 1393/1488/1391 1394/1489/1392 1395/1490/1393
f 1394/1489/1392 1396/1491/1394 1395/1490/1393
f 1396/1491/1394 14/14/14 1395/1490/1393
f 14/14/14 1396/1491/1394 1397/1492/1395
f 1380/1473/1378 14/14/14 1397/1492/1395
f 1379/1472/1377 1380/1473/1378 1397/1492/1395
f 1396/1491/1394 1379/1472/1377 1397/1492/1395
f 1379/1472/1377 1396/1491/1394 1398/1493/1396
f 1396/1491/1394 1375/1466/1373 1398/1493/1396
f 1375/1466/1373 1377/1468/1375 1398/1493/1396
f 1377/1468/1375 1379/1472/1377 1398/1493/1396
f 1379/1472/1377 1377/1468/1375 1378/1471/1376
f 14/14/14 1393/1488/1391 1395/1490/1393
f 1393/1488/1391 14/14/14 16/16/16
f 17/17/17 1393/1488/1391 16/16/16
f 1393/1488/1391 17/17/17 1399/1494/1397
f 1391/1486/1389 1393/1488/1391 1399/1494/1397
f 1375/1466/1373 1371/1462/1369 1373/1464/1371
f 1371/1462/1369 1375/1466/1373 1400/1495/1398
f 1375/1466/1373 1396/1491/1394 1400/1495/1398
f 1396/1491/1394 1394/1489/1392 1400/1495/1398
f 1394/1489/1392 1371/1462/1369 1400/1495/1398
f 1371/1462/1369 1394/1489/1392 1401/1496/1399
f 1384/1479/1382 1371/1462/1369 1401/1496/1399
f 1388/1483/1386 1384/1479/1382 1401/1496/1399
f 1394/1489/1392 1388/1483/1386 1401/1496/1399
f 1388/1483/1386 1394/1489/1392 1392/1487/1390
f 1402/1497/1400 1403/1498/1401 1404/1499/1402
f 1405/1500/1403 1402/1497/1400 1404/1499/1402
f 1402/1497/1400 1405/1500/1403 1406/1501/1404
f 1405/1500/1403 1407/1502/1405 1406/1501/1404
f 1407/1502/1405 1408/1503/1406 1406/1501/1404
f 1408/1503/1406 1407/1502/1405 1409/1504/1407
f 1407/1502/1405 1410/1505/1408 1409/1504/1407
f 1410/1505/1408 1407/1502/1405 1411/1506/1409
f 1407/1502/1405 1412/1507/1410 1411/1506/1409
f 1412/1507/1410 1407/1502/1405 1413/1508/1411
f 1385/1480/1383 1412/1507/1410 1413/1508/1411
f 1405/1500/1403 1385/1480/1383 1413/1508/1411
f 1385/1480/1383 1405/1500/1403 1386/1481/1384
f 1405/1500/1403 1381/1476/1379 1386/1481/1384
f 1381/1476/1379 1384/1479/1382 1386/1481/1384
f 1384/1479/1382 1381/1476/1379 1383/1478/1381
f 1371/1462/1369 1384/1479/1382 1383/1478/1381
f 1372/1463/1370 1371/1462/1369 1383/1478/1381
f 1407/1502/1405 1405/1500/1403 1413/1508/1411
f 1412/1507/1410 1385/1480/1383 1414/1509/1412
f 1385/1480/1383 1389/1484/1387 1414/1509/1412
f 1389/1484/1387 1385/1480/1383 1387/1482/1385
f 1408/1503/1406 1402/1497/1400 1406/1501/1404
f 1402/1497/1400 1408/1503/1406 1415/1510/1413
f 1416/1511/1414 1402/1497/1400 1415/1510/1413
f 1402/1497/1400 1416/1511/1414 1417/1512/1415
f 1416/1511/1414 1418/1513/1416 1417/1512/1415
f 1418/1513/1416 1403/1498/1401 1417/1512/1415
f 1403/1498/1401 1418/1513/1416 1419/1514/1417
f 1420/1515/1418 1403/1498/1401 1419/1514/1417
f 1089/1516/1087 1420/1515/1418 1419/1514/1417
f 1420/1515/1418 1089/1516/1087 1090/1517/1088
f 1083/1475/1081 1420/1515/1418 1090/1517/1088
f 1420/1515/1418 1083/1475/1081 1421/1518/1419
f 1083/1475/1081 1374/1465/1372 1421/1518/1419
f 1374/1465/1372 1372/1463/1370 1421/1518/1419
f 1372/1463/1370 1420/1515/1418 1421/1518/1419
f 1420/1515/1418 1372/1463/1370 1382/1477/1380
f 1403/1498/1401 1420/1515/1418 1382/1477/1380
f 1381/1476/1379 1403/1498/1401 1382/1477/1380
f 1403/1498/1401 1381/1476/1379 1404/1499/1402
f 1381/1476/1379 1405/1500/1403 1404/1499/1402
f 1403/1498/1401 1402/1497/1400 1417/1512/1415
f 1418/1513/1416 1416/1511/1414 1422/1519/1420
f 280/1520/278 1418/1513/1416 1422/1519/1420
f 1418/1513/1416 280/1520/278 1091/1521/1089
f 1089/1516/1087 1418/1513/1416 1091/1521/1089
f 1418/1513/1416 1089/1516/1087 1419/1514/1417
f 1423/1522/1421 1424/1523/1422 1425/1524/1423
f 1424/1523/1422 1423/1522/1421 1426/1525/1424
f 1427/1526/1425 1424/1523/1422 1426/1525/1424
f 1424/1523/1422 1427/1526/1425 1428/1527/1426
f 1427/1526/1425 1429/1528/1427 1428/1527/1426
f 1429/1528/1427 1430/1529/1428 1428/1527/1426
f 1430/1529/1428 1424/1523/1422 1428/1527/1426
f 1429/1528/1427 1427/1526/1425 1431/1530/1429
f 1429/1528/1427 1432/1531/1430 1433/1532/1431
f 1432/1531/1430 1429/1528/1427 1431/1530/1429
f 546/583/544 548/585/546 547/584/545
f 548/585/546 546/583/544 568/605/566
f 546/583/544 1423/1522/1421 568/605/566
f 1423/1522/1421 567/604/565 568/605/566
f 567/604/565 1423/1522/1421 1425/1524/1423
f 571/608/569 567/604/565 1425/1524/1423
f 1424/1523/1422 571/608/569 1425/1524/1423
f 571/608/569 1424/1523/1422 599/636/597
f 1424/1523/1422 1430/1529/1428 599/636/597
f 1430/1529/1428 598/635/596 599/636/597
f 598/635/596 1430/1529/1428 1434/1533/1432
f 1435/1534/1433 1432/1531/1430 1436/1535/1434
f 622/659/620 600/637/598 1437/1536/1435
f 600/637/598 598/635/596 1437/1536/1435
f 598/635/596 1438/1537/1436 1437/1536/1435
f 1438/1537/1436 598/635/596 1434/1533/1432
f 1439/1538/1437 1438/1537/1436 1434/1533/1432
f 1430/1529/1428 1439/1538/1437 1434/1533/1432
f 1439/1538/1437 1430/1529/1428 1440/1539/1438
f 1430/1529/1428 1429/1528/1427 1440/1539/1438
f 1429/1528/1427 1441/1540/1439 1440/1539/1438
f 1441/1540/1439 1429/1528/1427 1433/1532/1431
f 1442/1541/1440 1441/1540/1439 1433/1532/1431
f 1432/1531/1430 1442/1541/1440 1433/1532/1431
f 1442/1541/1440 1432/1531/1430 1443/1542/1441
f 1432/1531/1430 1435/1534/1433 1443/1542/1441
f 1435/1534/1433 1444/1543/1442 1443/1542/1441
f 1444/1543/1442 1435/1534/1433 1445/1544/1443
f 1446/1545/1444 1444/1543/1442 1445/1544/1443
f 1447/1546/1445 1446/1545/1444 1445/1544/1443
f 1438/1537/1436 622/659/620 1437/1536/1435
f 1444/1543/1442 1442/1541/1440 1443/1542/1441
f 1441/1540/1439 1439/1538/1437 1440/1539/1438
f 1441/1540/1439 1442/1541/1440 1448/1547/1446
f 1435/1534/1433 1447/1546/1445 1445/1544/1443
f 1444/1543/1442 1446/1545/1444 1449/1548/1447
f 1438/1537/1436 1439/1538/1437 1450/1549/1448
f 1446/1545/1444 719/756/717 1449/1548/1447
f 719/756/717 716/753/714 1449/1548/1447
f 716/753/714 1444/1543/1442 1449/1548/1447
f 1444/1543/1442 716/753/714 728/765/726
f 1442/1541/1440 1444/1543/1442 728/765/726
f 715/752/713 1442/1541/1440 728/765/726
f 1442/1541/1440 715/752/713 1448/1547/1446
f 715/752/713 713/750/711 1448/1547/1446
f 713/750/711 1441/1540/1439 1448/1547/1446
f 1441/1540/1439 713/750/711 726/763/724
f 1439/1538/1437 1441/1540/1439 726/763/724
f 646/683/644 1439/1538/1437 726/763/724
f 1439/1538/1437 646/683/644 1450/1549/1448
f 646/683/644 642/679/640 1450/1549/1448
f 642/679/640 1438/1537/1436 1450/1549/1448
f 1438/1537/1436 642/679/640 649/686/647
f 622/659/620 1438/1537/1436 649/686/647
f 625/662/623 622/659/620 649/686/647
f 546/583/544 451/582/449 452/1550/450
f 445/1551/443 546/583/544 452/1550/450
f 546/583/544 445/1551/443 446/1552/444
f 402/1553/400 546/583/544 446/1552/444
f 546/583/544 402/1553/400 1451/1554/1449
f 1423/1522/1421 546/583/544 1451/1554/1449
f 1452/1555/1450 1423/1522/1421 1451/1554/1449
f 1423/1522/1421 1452/1555/1450 1453/1556/1451
f 1452/1555/1450 1432/1531/1430 1453/1556/1451
f 1432/1531/1430 1452/1555/1450 1436/1535/1434
f 1452/1555/1450 375/1557/373 1436/1535/1434
f 375/1557/373 1435/1534/1433 1436/1535/1434
f 1435/1534/1433 375/1557/373 377/1558/375
f 1447/1546/1445 1435/1534/1433 377/1558/375
f 376/1559/374 1447/1546/1445 377/1558/375
f 402/1553/400 1452/1555/1450 1451/1554/1449
f 1452/1555/1450 402/1553/400 404/1560/402
f 395/1561/393 1452/1555/1450 404/1560/402
f 1452/1555/1450 395/1561/393 394/1562/392
f 375/1557/373 1452/1555/1450 394/1562/392
f 1446/1545/1444 1447/1546/1445 1454/1563/1452
f 1447/1546/1445 376/1559/374 1454/1563/1452
f 376/1559/374 1455/1564/1453 1454/1563/1452
f 1455/1564/1453 376/1559/374 391/1565/389
f 1130/1566/1128 1455/1564/1453 391/1565/389
f 1455/1564/1453 1130/1566/1128 1137/1567/1135
f 1456/1568/1454 1455/1564/1453 1137/1567/1135
f 1133/1569/1131 1456/1568/1454 1137/1567/1135
f 1456/1568/1454 1133/1569/1131 1136/1570/1134
f 1114/1571/1112 1456/1568/1454 1136/1570/1134
f 1456/1568/1454 1114/1571/1112 1457/1572/1455
f 742/779/740 1456/1568/1454 1457/1572/1455
f 1456/1568/1454 742/779/740 1458/1573/1456
f 742/779/740 721/758/719 1458/1573/1456
f 721/758/719 1455/1564/1453 1458/1573/1456
f 1455/1564/1453 721/758/719 727/764/725
f 1446/1545/1444 1455/1564/1453 727/764/725
f 719/756/717 1446/1545/1444 727/764/725
f 1455/1564/1453 1446/1545/1444 1454/1563/1452
f 1455/1564/1453 1456/1568/1454 1458/1573/1456
f 1459/1574/1457 1460/1575/1458 1461/1576/1459
f 1460/1575/1458 1459/1574/1457 1462/1577/1460
f 10/10/10 1460/1575/1458 1462/1577/1460
f 1460/1575/1458 10/10/10 11/11/11
f 12/12/12 1460/1575/1458 11/11/11
f 1460/1575/1458 12/12/12 553/590/551
f 555/592/553 1460/1575/1458 553/590/551
f 1460/1575/1458 555/592/553 1461/1576/1459
f 555/592/553 557/594/555 1461/1576/1459
f 557/594/555 1459/1574/1457 1461/1576/1459
f 1459/1574/1457 557/594/555 1463/1578/1461
f 557/594/555 1464/1579/1462 1463/1578/1461
f 1464/1579/1462 557/594/555 559/596/557
f 1465/1580/1463 1464/1579/1462 559/596/557
f 558/595/556 1465/1580/1463 559/596/557
f 1465/1580/1463 558/595/556 1466/1581/1464
f 558/595/556 574/611/572 1466/1581/1464
f 574/611/572 1467/1582/1465 1466/1581/1464
f 1467/1582/1465 574/611/572 586/623/584
f 1468/1583/1466 1467/1582/1465 586/623/584
f 585/622/583 1468/1583/1466 586/623/584
f 1468/1583/1466 585/622/583 613/650/611
f 585/622/583 608/645/606 613/650/611
f 1465/1580/1463 1467/1582/1465 1469/1584/1467
f 1467/1582/1465 1465/1580/1463 1466/1581/1464
f 1470/1585/1468 1468/1583/1466 1471/1586/1469
f 1468/1583/1466 612/649/610 1471/1586/1469
f 612/649/610 1468/1583/1466 613/650/611
f 1472/1587/1470 1473/1588/1471 1474/1589/1472
f 1473/1588/1471 1472/1587/1470 1475/1590/1473
f 1472/1587/1470 1470/1585/1468 1475/1590/1473
f 1470/1585/1468 1472/1587/1470 1476/1591/1474
f 1468/1583/1466 1470/1585/1468 1476/1591/1474
f 1467/1582/1465 1468/1583/1466 1476/1591/1474
f 1472/1587/1470 1467/1582/1465 1476/1591/1474
f 1467/1582/1465 1472/1587/1470 1469/1584/1467
f 1472/1587/1470 1477/1592/1475 1469/1584/1467
f 1477/1592/1475 1465/1580/1463 1469/1584/1467
f 1465/1580/1463 1477/1592/1475 1478/1593/1476
f 1464/1579/1462 1465/1580/1463 1478/1593/1476
f 1477/1592/1475 1472/1587/1470 1474/1589/1472
f 7/7/7 1479/1594/1477 1480/1595/1478
f 1479/1594/1477 7/7/7 9/9/9
f 10/10/10 1479/1594/1477 9/9/9
f 1479/1594/1477 10/10/10 1462/1577/1460
f 1459/1574/1457 1479/1594/1477 1462/1577/1460
f 1410/1505/1408 1481/1596/1479 1482/1597/1480
f 1481/1596/1479 1410/1505/1408 1411/1506/1409
f 1412/1507/1410 1481/1596/1479 1411/1506/1409
f 1481/1596/1479 1412/1507/1410 1483/1598/1481
f 1412/1507/1410 1484/1599/1482 1483/1598/1481
f 1484/1599/1482 1485/1600/1483 1483/1598/1481
f 1485/1600/1483 1484/1599/1482 1486/1601/1484
f 1487/1602/1485 1485/1600/1483 1486/1601/1484
f 1488/1603/1486 1487/1602/1485 1486/1601/1484
f 1487/1602/1485 1488/1603/1486 1489/1604/1487
f 1488/1603/1486 1490/1605/1488 1489/1604/1487
f 1490/1605/1488 1464/1579/1462 1489/1604/1487
f 1464/1579/1462 1490/1605/1488 1463/1578/1461
f 1490/1605/1488 1459/1574/1457 1463/1578/1461
f 1459/1574/1457 1490/1605/1488 1491/1606/1489
f 1479/1594/1477 1459/1574/1457 1491/1606/1489
f 1492/1607/1490 1479/1594/1477 1491/1606/1489
f 1479/1594/1477 1492/1607/1490 1480/1595/1478
f 1490/1605/1488 1492/1607/1490 1491/1606/1489
f 1488/1603/1486 1484/1599/1482 1493/1608/1491
f 1484/1599/1482 1488/1603/1486 1486/1601/1484
f 1477/1592/1475 1487/1602/1485 1478/1593/1476
f 1487/1602/1485 1464/1579/1462 1478/1593/1476
f 1464/1579/1462 1487/1602/1485 1489/1604/1487
f 1494/1609/1492 1492/1607/1490 1495/1610/1493
f 1492/1607/1490 1494/1609/1492 1480/1595/1478
f 1494/1609/1492 7/7/7 1480/1595/1478
f 7/7/7 1494/1609/1492 18/18/18
f 1494/1609/1492 17/17/17 18/18/18
f 17/17/17 1494/1609/1492 1399/1494/1397
f 1494/1609/1492 1391/1486/1389 1399/1494/1397
f 1391/1486/1389 1494/1609/1492 1495/1610/1493
f 1496/1611/1494 1391/1486/1389 1495/1610/1493
f 1492/1607/1490 1496/1611/1494 1495/1610/1493
f 1496/1611/1494 1492/1607/1490 1497/1612/1495
f 1492/1607/1490 1490/1605/1488 1497/1612/1495
f 1490/1605/1488 1488/1603/1486 1497/1612/1495
f 1488/1603/1486 1496/1611/1494 1497/1612/1495
f 1496/1611/1494 1488/1603/1486 1493/1608/1491
f 1389/1484/1387 1496/1611/1494 1493/1608/1491
f 1484/1599/1482 1389/1484/1387 1493/1608/1491
f 1389/1484/1387 1484/1599/1482 1414/1509/1412
f 1484/1599/1482 1412/1507/1410 1414/1509/1412
f 1391/1486/1389 1496/1611/1494 1390/1485/1388
f 1496/1611/1494 1389/1484/1387 1390/1485/1388
f 1485/1600/1483 1481/1596/1479 1483/1598/1481
f 1481/1596/1479 1485/1600/1483 1498/1613/1496
f 1499/1614/1497 1481/1596/1479 1498/1613/1496
f 1500/1615/1498 1499/1614/1497 1498/1613/1496
f 1499/1614/1497 1500/1615/1498 1501/1616/1499
f 1500/1615/1498 1473/1588/1471 1501/1616/1499
f 1473/1588/1471 1500/1615/1498 1474/1589/1472
f 1500/1615/1498 1477/1592/1475 1474/1589/1472
f 1477/1592/1475 1500/1615/1498 1502/1617/1500
f 1487/1602/1485 1477/1592/1475 1502/1617/1500
f 1485/1600/1483 1487/1602/1485 1502/1617/1500
f 1500/1615/1498 1485/1600/1483 1502/1617/1500
f 1485/1600/1483 1500/1615/1498 1498/1613/1496
f 1481/1596/1479 1499/1614/1497 1482/1597/1480
f 1503/1618/1501 1504/1619/1502 1505/1620/1503
f 1504/1619/1502 1503/1618/1501 1506/1621/1504
f 1507/1622/1505 1504/1619/1502 1506/1621/1504
f 1508/1623/1506 1507/1622/1505 1506/1621/1504
f 1507/1622/1505 1508/1623/1506 1509/1624/1507
f 1508/1623/1506 277/305/275 1509/1624/1507
f 277/305/275 1508/1623/1506 276/304/274
f 1508/1623/1506 274/302/272 276/304/274
f 274/302/272 1508/1623/1506 1510/1625/1508
f 1511/1626/1509 274/302/272 1510/1625/1508
f 1503/1618/1501 1511/1626/1509 1510/1625/1508
f 1508/1623/1506 1503/1618/1501 1510/1625/1508
f 1503/1618/1501 1508/1623/1506 1506/1621/1504
f 274/302/272 1511/1626/1509 1512/1627/1510
f 1513/1628/1511 1504/1619/1502 1514/1629/1512
f 1504/1619/1502 1507/1622/1505 1514/1629/1512
f 688/725/686 1511/1626/1509 1515/1630/1513
f 1511/1626/1509 688/725/686 700/737/698
f 701/738/699 1511/1626/1509 700/737/698
f 1511/1626/1509 701/738/699 1512/1627/1510
f 701/738/699 1516/1631/1514 1512/1627/1510
f 1516/1631/1514 274/302/272 1512/1627/1510
f 274/302/272 1516/1631/1514 1095/1159/1093
f 1516/1631/1514 1094/1158/1092 1095/1159/1093
f 1094/1158/1092 1516/1631/1514 1517/1632/1515
f 1516/1631/1514 708/745/706 1517/1632/1515
f 708/745/706 1516/1631/1514 707/744/705
f 1516/1631/1514 701/738/699 707/744/705
f 1518/1633/1516 688/725/686 1515/1630/1513
f 688/725/686 1518/1633/1516 687/724/685
f 1518/1633/1516 686/723/684 687/724/685
f 1519/1634/1517 694/731/692 695/732/693
f 686/723/684 1519/1634/1517 695/732/693
f 1519/1634/1517 686/723/684 1520/1635/1518
f 686/723/684 1518/1633/1516 1520/1635/1518
f 1518/1633/1516 1521/1636/1519 1520/1635/1518
f 1521/1636/1519 1519/1634/1517 1520/1635/1518
f 1519/1634/1517 1521/1636/1519 1522/1637/1520
f 1523/1638/1521 1521/1636/1519 1524/1639/1522
f 1521/1636/1519 1523/1638/1521 1522/1637/1520
f 1523/1638/1521 1525/1640/1523 1522/1637/1520
f 1525/1640/1523 1519/1634/1517 1522/1637/1520
f 1519/1634/1517 1525/1640/1523 1526/1641/1524
f 694/731/692 1519/1634/1517 1526/1641/1524
f 1527/1642/1525 694/731/692 1526/1641/1524
f 694/731/692 1527/1642/1525 698/735/696
f 1527/1642/1525 697/734/695 698/735/696
f 1525/1640/1523 1527/1642/1525 1526/1641/1524
f 1527/1642/1525 1525/1640/1523 1528/1643/1526
f 697/734/695 1527/1642/1525 1529/1644/1527
f 1527/1642/1525 1530/1645/1528 1529/1644/1527
f 1530/1645/1528 1527/1642/1525 1528/1643/1526
f 1531/1646/1529 1530/1645/1528 1528/1643/1526
f 1525/1640/1523 1531/1646/1529 1528/1643/1526
f 1531/1646/1529 1525/1640/1523 1532/1647/1530
f 1525/1640/1523 1523/1638/1521 1532/1647/1530
f 1523/1638/1521 1533/1648/1531 1532/1647/1530
f 1533/1648/1531 1523/1638/1521 1534/1649/1532
f 1523/1638/1521 1513/1628/1511 1534/1649/1532
f 1513/1628/1511 1523/1638/1521 1524/1639/1522
f 1504/1619/1502 1513/1628/1511 1524/1639/1522
f 1521/1636/1519 1504/1619/1502 1524/1639/1522
f 1504/1619/1502 1521/1636/1519 1505/1620/1503
f 1521/1636/1519 1518/1633/1516 1505/1620/1503
f 1518/1633/1516 1503/1618/1501 1505/1620/1503
f 1503/1618/1501 1518/1633/1516 1515/1630/1513
f 1511/1626/1509 1503/1618/1501 1515/1630/1513
f 1530/1645/1528 1531/1646/1529 1535/1650/1533
f 1531/1646/1529 1536/1651/1534 1535/1650/1533
f 1536/1651/1534 1531/1646/1529 1537/1652/1535
f 1531/1646/1529 1533/1648/1531 1537/1652/1535
f 1533/1648/1531 1531/1646/1529 1532/1647/1530
f 1538/1653/1536 1539/1654/1537 1540/1655/1538
f 1539/1654/1537 1538/1653/1536 1541/1656/1539
f 1538/1653/1536 1542/1657/1540 1543/1658/1541
f 1544/1659/1542 1538/1653/1536 1543/1658/1541
f 1538/1653/1536 1544/1659/1542 1541/1656/1539
f 1544/1659/1542 1012/1075/1010 1541/1656/1539
f 1012/1075/1010 1539/1654/1537 1541/1656/1539
f 1539/1654/1537 1012/1075/1010 1019/1082/1017
f 1020/1083/1018 1539/1654/1537 1019/1082/1017
f 1012/1075/1010 1544/1659/1542 1011/1074/1009
f 1544/1659/1542 1007/1070/1005 1011/1074/1009
f 1545/1660/1543 1542/1657/1540 1546/1661/1544
f 787/824/785 1542/1657/1540 1547/1662/1545
f 1542/1657/1540 787/824/785 788/825/786
f 781/818/779 1542/1657/1540 788/825/786
f 1542/1657/1540 781/818/779 1546/1661/1544
f 781/818/779 1548/1663/1546 1546/1661/1544
f 1548/1663/1546 1545/1660/1543 1546/1661/1544
f 1545/1660/1543 1548/1663/1546 1549/1664/1547
f 1550/1665/1548 1545/1660/1543 1549/1664/1547
f 134/134/134 1550/1665/1548 1549/1664/1547
f 1550/1665/1548 134/134/134 136/136/136
f 137/137/137 1550/1665/1548 136/136/136
f 1550/1665/1548 137/137/137 1009/1072/1007
f 1007/1070/1005 1550/1665/1548 1009/1072/1007
f 1550/1665/1548 1007/1070/1005 1551/1666/1549
f 1007/1070/1005 1544/1659/1542 1551/1666/1549
f 1544/1659/1542 1545/1660/1543 1551/1666/1549
f 1545/1660/1543 1544/1659/1542 1543/1658/1541
f 1542/1657/1540 1545/1660/1543 1543/1658/1541
f 1545/1660/1543 1550/1665/1548 1551/1666/1549
f 1548/1663/1546 134/134/134 1549/1664/1547
f 134/134/134 1548/1663/1546 209/209/209
f 1548/1663/1546 208/208/208 209/209/209
f 208/208/208 1548/1663/1546 785/822/783
f 1548/1663/1546 781/818/779 785/822/783
f 1552/1667/1550 787/824/785 1547/1662/1545
f 787/824/785 1552/1667/1550 801/838/799
f 1552/1667/1550 800/837/798 801/838/799
f 1553/1668/1551 805/842/803 806/843/804
f 800/837/798 1553/1668/1551 806/843/804
f 1553/1668/1551 800/837/798 1554/1669/1552
f 800/837/798 1552/1667/1550 1554/1669/1552
f 1552/1667/1550 1555/1670/1553 1554/1669/1552
f 1555/1670/1553 1553/1668/1551 1554/1669/1552
f 1553/1668/1551 1555/1670/1553 1556/1671/1554
f 1557/1672/1555 1555/1670/1553 1558/1673/1556
f 1555/1670/1553 1557/1672/1555 1556/1671/1554
f 1557/1672/1555 1559/1674/1557 1556/1671/1554
f 1559/1674/1557 1553/1668/1551 1556/1671/1554
f 1553/1668/1551 1559/1674/1557 1560/1675/1558
f 805/842/803 1553/1668/1551 1560/1675/1558
f 1561/1676/1559 805/842/803 1560/1675/1558
f 805/842/803 1561/1676/1559 819/856/817
f 1561/1676/1559 328/356/326 819/856/817
f 1559/1674/1557 1561/1676/1559 1560/1675/1558
f 1561/1676/1559 1559/1674/1557 1562/1677/1560
f 328/356/326 1561/1676/1559 327/355/325
f 1561/1676/1559 325/353/323 327/355/325
f 325/353/323 1561/1676/1559 1562/1677/1560
f 1563/1678/1561 325/353/323 1562/1677/1560
f 1559/1674/1557 1563/1678/1561 1562/1677/1560
f 1563/1678/1561 1559/1674/1557 1564/1679/1562
f 1559/1674/1557 1557/1672/1555 1564/1679/1562
f 1557/1672/1555 1565/1680/1563 1564/1679/1562
f 1565/1680/1563 1557/1672/1555 1566/1681/1564
f 1557/1672/1555 1020/1083/1018 1566/1681/1564
f 1020/1083/1018 1557/1672/1555 1558/1673/1556
f 1539/1654/1537 1020/1083/1018 1558/1673/1556
f 1555/1670/1553 1539/1654/1537 1558/1673/1556
f 1539/1654/1537 1555/1670/1553 1540/1655/1538
f 1555/1670/1553 1552/1667/1550 1540/1655/1538
f 1552/1667/1550 1538/1653/1536 1540/1655/1538
f 1538/1653/1536 1552/1667/1550 1547/1662/1545
f 1542/1657/1540 1538/1653/1536 1547/1662/1545
f 325/353/323 1563/1678/1561 1567/1682/1565
f 1563/1678/1561 313/341/311 1567/1682/1565
f 313/341/311 1563/1678/1561 1568/1683/1566
f 1563/1678/1561 1565/1680/1563 1568/1683/1566
f 1565/1680/1563 1563/1678/1561 1564/1679/1562
f 1164/1228/1162 1569/1684/1567 1570/1685/1568
f 1569/1684/1567 1253/1318/1251 1570/1685/1568
f 1253/1318/1251 1569/1684/1567 1571/1686/1569
f 1569/1684/1567 970/1013/968 1571/1686/1569
f 970/1013/968 1569/1684/1567 971/1014/969
f 1569/1684/1567 972/1015/970 971/1014/969
f 972/1015/970 1569/1684/1567 1572/1687/1570
f 1569/1684/1567 1164/1228/1162 1572/1687/1570
f 1041/1105/1039 1573/1688/1571 1574/1689/1572
f 1573/1688/1571 1041/1105/1039 1051/1115/1049
f 1575/1690/1573 1573/1688/1571 1051/1115/1049
f 1050/1114/1048 1575/1690/1573 1051/1115/1049
f 1575/1690/1573 1050/1114/1048 1055/1119/1053
f 1575/1690/1573 1576/1691/1574 1577/1692/1575
f 1576/1691/1574 1575/1690/1573 1055/1119/1053
f 1054/1118/1052 1576/1691/1574 1055/1119/1053
f 1576/1691/1574 1054/1118/1052 1075/1139/1073
f 298/326/296 1576/1691/1574 1075/1139/1073
f 1576/1691/1574 298/326/296 1578/1693/1576
f 310/338/308 1576/1691/1574 1578/1693/1576
f 1576/1691/1574 310/338/308 1577/1692/1575
f 310/338/308 1579/1694/1577 1577/1692/1575
f 1579/1694/1577 1575/1690/1573 1577/1692/1575
f 1575/1690/1573 1579/1694/1577 1580/1695/1578
f 1573/1688/1571 1575/1690/1573 1580/1695/1578
f 1565/1680/1563 1573/1688/1571 1580/1695/1578
f 1573/1688/1571 1565/1680/1563 1566/1681/1564
f 1020/1083/1018 1573/1688/1571 1566/1681/1564
f 1573/1688/1571 1020/1083/1018 1574/1689/1572
f 1020/1083/1018 1018/1081/1016 1574/1689/1572
f 1018/1081/1016 1041/1105/1039 1574/1689/1572
f 1041/1105/1039 1018/1081/1016 1022/1085/1020
f 1029/1092/1027 1041/1105/1039 1022/1085/1020
f 1017/1080/1015 1029/1092/1027 1022/1085/1020
f 1579/1694/1577 310/338/308 312/340/310
f 313/341/311 1579/1694/1577 312/340/310
f 1579/1694/1577 313/341/311 1568/1683/1566
f 1565/1680/1563 1579/1694/1577 1568/1683/1566
f 1579/1694/1577 1565/1680/1563 1580/1695/1578
f 960/1003/958 1581/1696/1579 1249/1313/1247
f 1581/1696/1579 1164/1228/1162 1249/1313/1247
f 1164/1228/1162 1581/1696/1579 1572/1687/1570
f 1581/1696/1579 972/1015/970 1572/1687/1570
f 972/1015/970 1581/1696/1579 973/1016/971
f 1581/1696/1579 965/1008/963 973/1016/971
f 965/1008/963 1581/1696/1579 964/1007/962
f 1581/1696/1579 960/1003/958 964/1007/962
f 1582/1697/1580 277/305/275 278/306/276
f 277/305/275 1582/1697/1580 1509/1624/1507
f 1582/1697/1580 1507/1622/1505 1509/1624/1507
f 267/295/265 1582/1697/1580 278/306/276
f 1582/1697/1580 267/295/265 1583/1698/1581
f 1584/1699/1582 1582/1697/1580 1583/1698/1581
f 1585/1700/1583 1584/1699/1582 1583/1698/1581
f 267/295/265 1585/1700/1583 1583/1698/1581
f 1585/1700/1583 267/295/265 269/297/267
f 270/298/268 1585/1700/1583 269/297/267
f 1585/1700/1583 270/298/268 809/846/807
f 810/847/808 1585/1700/1583 809/846/807
f 1585/1700/1583 810/847/808 1586/1701/1584
f 810/847/808 1587/1702/1585 1586/1701/1584
f 1587/1702/1585 1584/1699/1582 1586/1701/1584
f 1584/1699/1582 1587/1702/1585 1588/1703/1586
f 1589/1704/1587 1584/1699/1582 1588/1703/1586
f 1590/1705/1588 1589/1704/1587 1588/1703/1586
f 1587/1702/1585 1590/1705/1588 1588/1703/1586
f 1590/1705/1588 1587/1702/1585 1591/1706/1589
f 1587/1702/1585 813/850/811 1591/1706/1589
f 813/850/811 1592/1707/1590 1591/1706/1589
f 1592/1707/1590 813/850/811 814/851/812
f 791/828/789 1592/1707/1590 814/851/812
f 1584/1699/1582 1585/1700/1583 1586/1701/1584
f 1590/1705/1588 1592/1707/1590 1593/1708/1591
f 1592/1707/1590 1590/1705/1588 1591/1706/1589
f 813/850/811 1587/1702/1585 815/852/813
f 1587/1702/1585 810/847/808 815/852/813
f 1584/1699/1582 1589/1704/1587 1594/1709/1592
f 1595/1710/1593 1596/1711/1594 1597/1712/1595
f 1596/1711/1594 343/371/341 1597/1712/1595
f 343/371/341 1596/1711/1594 790/827/788
f 1596/1711/1594 791/828/789 790/827/788
f 791/828/789 1596/1711/1594 1598/1713/1596
f 1592/1707/1590 791/828/789 1598/1713/1596
f 1599/1714/1597 1592/1707/1590 1598/1713/1596
f 1592/1707/1590 1599/1714/1597 1593/1708/1591
f 1599/1714/1597 1600/1715/1598 1593/1708/1591
f 1600/1715/1598 1590/1705/1588 1593/1708/1591
f 1590/1705/1588 1600/1715/1598 1601/1716/1599
f 1589/1704/1587 1590/1705/1588 1601/1716/1599
f 1513/1628/1511 1589/1704/1587 1601/1716/1599
f 1589/1704/1587 1513/1628/1511 1514/1629/1512
f 1507/1622/1505 1589/1704/1587 1514/1629/1512
f 1589/1704/1587 1507/1622/1505 1594/1709/1592
f 1507/1622/1505 1582/1697/1580 1594/1709/1592
f 1582/1697/1580 1584/1699/1582 1594/1709/1592
f 1600/1715/1598 1513/1628/1511 1601/1716/1599
f 1513/1628/1511 1600/1715/1598 1534/1649/1532
f 1600/1715/1598 1533/1648/1531 1534/1649/1532
f 1596/1711/1594 1595/1710/1593 1602/1717/1600
f 1595/1710/1593 1603/1718/1601 1602/1717/1600
f 1603/1718/1601 1595/1710/1593 1604/1719/1602
f 1536/1651/1534 1603/1718/1601 1604/1719/1602
f 1603/1718/1601 1536/1651/1534 1537/1652/1535
f 1533/1648/1531 1603/1718/1601 1537/1652/1535
f 1603/1718/1601 1533/1648/1531 1605/1720/1603
f 1533/1648/1531 1600/1715/1598 1605/1720/1603
f 1600/1715/1598 1599/1714/1597 1605/1720/1603
f 1599/1714/1597 1603/1718/1601 1605/1720/1603
f 1603/1718/1601 1599/1714/1597 1602/1717/1600
f 1599/1714/1597 1596/1711/1594 1602/1717/1600
f 1596/1711/1594 1599/1714/1597 1598/1713/1596
f 1272/1344/1270 1606/1721/1604 1607/1722/1605
f 1606/1721/1604 1244/1308/1242 1607/1722/1605
f 1244/1308/1242 1606/1721/1604 1245/1309/1243
f 1606/1721/1604 1246/1310/1244 1245/1309/1243
f 1246/1310/1244 1606/1721/1604 1348/1423/1346
f 1606/1721/1604 1327/1402/1325 1348/1423/1346
f 1327/1402/1325 1606/1721/1604 1326/1401/1324
f 1606/1721/1604 1272/1344/1270 1326/1401/1324
f 1608/1723/1606 1609/1724/1607 1610/1725/1608
f 1609/1724/1607 1608/1723/1606 1611/1726/1609
f 1612/1727/1610 1608/1723/1606 1610/1725/1608
f 1608/1723/1606 1612/1727/1610 1613/1728/1611
f 1614/1729/1612 1608/1723/1606 1613/1728/1611
f 1608/1723/1606 1614/1729/1612 1615/1730/1613
f 1616/1731/1614 1608/1723/1606 1615/1730/1613
f 1608/1723/1606 1616/1731/1614 1611/1726/1609
f 1616/1731/1614 1617/1732/1615 1611/1726/1609
f 1617/1732/1615 1609/1724/1607 1611/1726/1609
f 1609/1724/1607 1617/1732/1615 1618/1733/1616
f 1617/1732/1615 691/728/689 1618/1733/1616
f 691/728/689 1617/1732/1615 690/727/688
f 1617/1732/1615 680/717/678 690/727/688
f 680/717/678 1617/1732/1615 1619/1734/1617
f 1617/1732/1615 1616/1731/1614 1619/1734/1617
f 1620/1735/1618 1621/1736/1619 1622/1737/1620
f 1621/1736/1619 1620/1735/1618 1623/1738/1621
f 1624/1739/1622 1620/1735/1618 1622/1737/1620
f 1620/1735/1618 1624/1739/1622 1625/1740/1623
f 1626/1741/1624 1620/1735/1618 1625/1740/1623
f 1620/1735/1618 1626/1741/1624 1627/1742/1625
f 1628/1743/1626 1620/1735/1618 1627/1742/1625
f 1620/1735/1618 1628/1743/1626 1623/1738/1621
f 1628/1743/1626 1629/1744/1627 1623/1738/1621
f 1629/1744/1627 1621/1736/1619 1623/1738/1621
f 1621/1736/1619 1629/1744/1627 1630/1745/1628
f 1629/1744/1627 668/705/666 1630/1745/1628
f 668/705/666 1629/1744/1627 667/704/665
f 1629/1744/1627 651/688/649 667/704/665
f 651/688/649 1629/1744/1627 1631/1746/1629
f 1629/1744/1627 1628/1743/1626 1631/1746/1629
f 1632/1747/1630 1633/1748/1631 1634/1749/1632
f 1633/1748/1631 1632/1747/1630 1635/1750/1633
f 1636/1751/1634 1632/1747/1630 1634/1749/1632
f 1632/1747/1630 1636/1751/1634 1637/1752/1635
f 1638/1753/1636 1632/1747/1630 1637/1752/1635
f 1632/1747/1630 1638/1753/1636 1639/1754/1637
f 1640/1755/1638 1632/1747/1630 1639/1754/1637
f 1632/1747/1630 1640/1755/1638 1635/1750/1633
f 1640/1755/1638 1641/1756/1639 1635/1750/1633
f 1641/1756/1639 1633/1748/1631 1635/1750/1633
f 1633/1748/1631 1641/1756/1639 1642/1757/1640
f 1641/1756/1639 636/673/634 1642/1757/1640
f 636/673/634 1641/1756/1639 635/672/633
f 1641/1756/1639 631/668/629 635/672/633
f 631/668/629 1641/1756/1639 1643/1758/1641
f 1641/1756/1639 1640/1755/1638 1643/1758/1641
f 1644/1759/1642 1645/1760/1643 1646/1761/1644
f 1645/1760/1643 1644/1759/1642 1647/1762/1645
f 1648/1763/1646 1644/1759/1642 1646/1761/1644
f 1644/1759/1642 1648/1763/1646 1649/1764/1647
f 1650/1765/1648 1644/1759/1642 1649/1764/1647
f 1644/1759/1642 1650/1765/1648 1651/1766/1649
f 1652/1767/1650 1644/1759/1642 1651/1766/1649
f 1644/1759/1642 1652/1767/1650 1647/1762/1645
f 1652/1767/1650 1653/1768/1651 1647/1762/1645
f 1653/1768/1651 1645/1760/1643 1647/1762/1645
f 1645/1760/1643 1653/1768/1651 1654/1769/1652
f 1653/1768/1651 615/652/613 1654/1769/1652
f 615/652/613 1653/1768/1651 614/651/612
f 1653/1768/1651 612/649/610 614/651/612
f 612/649/610 1653/1768/1651 1655/1770/1653
f 1653/1768/1651 1652/1767/1650 1655/1770/1653
f 1656/1771/1654 1657/1772/1655 1658/1773/1656
f 1657/1772/1655 1656/1771/1654 1659/1774/1657
f 1660/1775/1658 1656/1771/1654 1658/1773/1656
f 1656/1771/1654 1660/1775/1658 1661/1776/1659
f 1662/1777/1660 1656/1771/1654 1661/1776/1659
f 1656/1771/1654 1662/1777/1660 1663/1778/1661
f 1664/1779/1662 1656/1771/1654 1663/1778/1661
f 1656/1771/1654 1664/1779/1662 1659/1774/1657
f 1664/1779/1662 1665/1780/1663 1659/1774/1657
f 1665/1780/1663 1657/1772/1655 1659/1774/1657
f 1657/1772/1655 1665/1780/1663 1666/1781/1664
f 1665/1780/1663 1470/1585/1468 1666/1781/1664
f 1470/1585/1468 1665/1780/1663 1475/1590/1473
f 1665/1780/1663 1473/1588/1471 1475/1590/1473
f 1473/1588/1471 1665/1780/1663 1667/1782/1665
f 1665/1780/1663 1664/1779/1662 1667/1782/1665
f 1668/1783/1666 1669/1784/1667 1670/1785/1668
f 1669/1784/1667 1668/1783/1666 1671/1786/1669
f 1672/1787/1670 1668/1783/1666 1670/1785/1668
f 1668/1783/1666 1672/1787/1670 1673/1788/1671
f 1674/1789/1672 1668/1783/1666 1673/1788/1671
f 1668/1783/1666 1674/1789/1672 1675/1790/1673
f 1676/1791/1674 1668/1783/1666 1675/1790/1673
f 1668/1783/1666 1676/1791/1674 1671/1786/1669
f 1676/1791/1674 1677/1792/1675 1671/1786/1669
f 1677/1792/1675 1669/1784/1667 1671/1786/1669
f 1669/1784/1667 1677/1792/1675 1678/1793/1676
f 1677/1792/1675 1499/1614/1497 1678/1793/1676
f 1499/1614/1497 1677/1792/1675 1482/1597/1480
f 1677/1792/1675 1410/1505/1408 1482/1597/1480
f 1410/1505/1408 1677/1792/1675 1679/1794/1677
f 1677/1792/1675 1676/1791/1674 1679/1794/1677
f 1680/1795/1678 1681/1796/1679 1682/1797/1680
f 1681/1796/1679 1680/1795/1678 1683/1798/1681
f 1684/1799/1682 1680/1795/1678 1682/1797/1680
f 1680/1795/1678 1684/1799/1682 1685/1800/1683
f 1686/1801/1684 1680/1795/1678 1685/1800/1683
f 1680/1795/1678 1686/1801/1684 1687/1802/1685
f 1688/1803/1686 1680/1795/1678 1687/1802/1685
f 1680/1795/1678 1688/1803/1686 1683/1798/1681
f 1688/1803/1686 1689/1804/1687 1683/1798/1681
f 1689/1804/1687 1681/1796/1679 1683/1798/1681
f 1681/1796/1679 1689/1804/1687 1690/1805/1688
f 1689/1804/1687 1408/1503/1406 1690/1805/1688
f 1408/1503/1406 1689/1804/1687 1415/1510/1413
f 1689/1804/1687 1416/1511/1414 1415/1510/1413
f 1416/1511/1414 1689/1804/1687 1691/1806/1689
f 1689/1804/1687 1688/1803/1686 1691/1806/1689
f 1692/1807/1690 1693/1808/1691 1694/1809/1692
f 1693/1808/1691 1692/1807/1690 1695/1810/1693
f 1696/1811/1694 1692/1807/1690 1694/1809/1692
f 1692/1807/1690 1696/1811/1694 1697/1812/1695
f 1698/1813/1696 1692/1807/1690 1697/1812/1695
f 1692/1807/1690 1698/1813/1696 1699/1814/1697
f 1700/1815/1698 1692/1807/1690 1699/1814/1697
f 1692/1807/1690 1700/1815/1698 1695/1810/1693
f 1700/1815/1698 1701/1816/1699 1695/1810/1693
f 1701/1816/1699 1693/1808/1691 1695/1810/1693
f 1693/1808/1691 1701/1816/1699 1702/1817/1700
f 1701/1816/1699 1595/1710/1593 1702/1817/1700
f 1595/1710/1593 1701/1816/1699 1604/1719/1602
f 1701/1816/1699 1536/1651/1534 1604/1719/1602
f 1536/1651/1534 1701/1816/1699 1703/1818/1701
f 1701/1816/1699 1700/1815/1698 1703/1818/1701
f 708/745/706 1704/1819/1702 1517/1632/1515
f 1704/1819/1702 708/745/706 709/746/707
f 710/747/708 1704/1819/1702 709/746/707
f 1704/1819/1702 710/747/708 1093/1157/1091
f 1094/1158/1092 1704/1819/1702 1093/1157/1091
f 1704/1819/1702 1094/1158/1092 1517/1632/1515
f 1231/1295/1229 1705/1820/1703 1352/1427/1350
f 1705/1820/1703 1117/1181/1115 1352/1427/1350
f 1117/1181/1115 1705/1820/1703 1260/1331/1258
f 1705/1820/1703 364/392/362 1260/1331/1258
f 364/392/362 1705/1820/1703 363/391/361
f 1705/1820/1703 362/390/360 363/391/361
f 362/390/360 1705/1820/1703 1706/1821/1704
f 1705/1820/1703 1231/1295/1229 1706/1821/1704
f 889/929/887 1187/1251/1185 1183/1247/1181
f 1187/1251/1185 889/929/887 1707/1822/1705
f 1202/1266/1200 1187/1251/1185 1707/1822/1705
f 1187/1251/1185 1202/1266/1200 1203/1267/1201
f 1253/1318/1251 1708/1823/1706 1709/1824/1707
f 1708/1823/1706 1231/1295/1229 1709/1824/1707
f 1231/1295/1229 1708/1823/1706 1706/1821/1704
f 1708/1823/1706 362/390/360 1706/1821/1704
f 362/390/360 1708/1823/1706 361/389/359
f 1708/1823/1706 360/388/358 361/389/359
f 360/388/358 1708/1823/1706 1259/1330/1257
f 1708/1823/1706 1253/1318/1251 1259/1330/1257
f 1204/1268/1202 1710/1825/1708 1711/1826/1709
f 1710/1825/1708 1204/1268/1202 1205/1269/1203
f 1200/1264/1198 1710/1825/1708 1205/1269/1203
f 1710/1825/1708 1200/1264/1198 1201/1265/1199
f 1202/1266/1200 1710/1825/1708 1201/1265/1199
f 1710/1825/1708 1202/1266/1200 1707/1822/1705
f 889/929/887 1710/1825/1708 1707/1822/1705
f 1710/1825/1708 889/929/887 1711/1826/1709
f 889/929/887 1712/1827/1710 1711/1826/1709
f 1712/1827/1710 1204/1268/1202 1711/1826/1709
f 1204/1268/1202 1712/1827/1710 1208/1272/1206
f 1712/1827/1710 853/893/851 1208/1272/1206
f 853/893/851 1712/1827/1710 854/894/852
f 1712/1827/1710 889/929/887 854/894/852
f 1713/1828/1711 1714/1829/1712 1715/1830/1713
f 1714/1829/1712 1713/1828/1711 1716/1831/1714
f 1717/1832/1715 1714/1829/1712 1716/1831/1714
f 1718/1833/1716 1717/1832/1715 1716/1831/1714
f 1717/1832/1715 1718/1833/1716 1719/1834/1717
f 1713/1828/1711 1718/1833/1716 1716/1831/1714
f 1720/1835/1718 1721/1836/1719 1722/1837/1720
f 1721/1836/1719 1717/1832/1715 1722/1837/1720
f 1717/1832/1715 1723/1838/1721 1722/1837/1720
f 1723/1838/1721 1717/1832/1715 1719/1834/1717
f 1724/1839/1722 1723/1838/1721 1719/1834/1717
f 1718/1833/1716 1724/1839/1722 1719/1834/1717
f 1724/1839/1722 1718/1833/1716 1725/1840/1723
f 1718/1833/1716 1713/1828/1711 1725/1840/1723
f 1713/1828/1711 1231/1295/1229 1725/1840/1723
f 1231/1295/1229 1713/1828/1711 1709/1824/1707
f 1713/1828/1711 1253/1318/1251 1709/1824/1707
f 1253/1318/1251 1713/1828/1711 1715/1830/1713
f 1726/1841/1724 1253/1318/1251 1715/1830/1713
f 1714/1829/1712 1726/1841/1724 1715/1830/1713
f 1726/1841/1724 1714/1829/1712 1727/1842/1725
f 1714/1829/1712 1717/1832/1715 1727/1842/1725
f 1717/1832/1715 1721/1836/1719 1727/1842/1725
f 1721/1836/1719 1726/1841/1724 1727/1842/1725
f 1721/1836/1719 1720/1835/1718 1728/1843/1726
f 1174/1238/1172 1724/1839/1722 1729/1844/1727
f 1724/1839/1722 1231/1295/1229 1729/1844/1727
f 1231/1295/1229 1724/1839/1722 1725/1840/1723
f 1726/1841/1724 1721/1836/1719 1728/1843/1726
f 1164/1228/1162 1726/1841/1724 1728/1843/1726
f 1720/1835/1718 1164/1228/1162 1728/1843/1726
f 1164/1228/1162 1720/1835/1718 1176/1240/1174
f 1720/1835/1718 1174/1238/1172 1176/1240/1174
f 1174/1238/1172 1720/1835/1718 1730/1845/1728
f 1724/1839/1722 1174/1238/1172 1730/1845/1728
f 1723/1838/1721 1724/1839/1722 1730/1845/1728
f 1720/1835/1718 1723/1838/1721 1730/1845/1728
f 1723/1838/1721 1720/1835/1718 1722/1837/1720
f 1253/1318/1251 1726/1841/1724 1570/1685/1568
f 1726/1841/1724 1164/1228/1162 1570/1685/1568
f 1731/1846/1729 1253/1318/1251 1732/1847/1730
f 1253/1318/1251 1731/1846/1729 1252/1317/1250
f 1731/1846/1729 908/948/906 1252/1317/1250
f 908/948/906 1731/1846/1729 1097/1161/1095
f 1731/1846/1729 774/1022/772 1097/1161/1095
f 774/1022/772 1731/1846/1729 978/1021/976
f 1731/1846/1729 975/1018/973 978/1021/976
f 975/1018/973 1731/1846/1729 1732/1847/1730
f 1733/1848/1731 975/1018/973 1732/1847/1730
f 1253/1318/1251 1733/1848/1731 1732/1847/1730
f 1733/1848/1731 1253/1318/1251 1571/1686/1569
f 970/1013/968 1733/1848/1731 1571/1686/1569
f 1733/1848/1731 970/1013/968 969/1012/967
f 966/1009/964 1733/1848/1731 969/1012/967
f 1733/1848/1731 966/1009/964 974/1017/972
f 975/1018/973 1733/1848/1731 974/1017/972
f 1734/1849/1732 1735/1850/1733 1736/1851/1734
f 1735/1850/1733 1734/1849/1732 1230/1294/1228
f 1158/1222/1156 1735/1850/1733 1230/1294/1228
f 1735/1850/1733 1158/1222/1156 1737/1852/1735
f 1158/1222/1156 1738/1853/1736 1737/1852/1735
f 1738/1853/1736 1210/1274/1208 1737/1852/1735
f 1210/1274/1208 1738/1853/1736 1218/1282/1216
f 1738/1853/1736 1217/1281/1215 1218/1282/1216
f 1217/1281/1215 1738/1853/1736 1336/1411/1334
f 1738/1853/1736 1337/1412/1335 1336/1411/1334
f 1337/1412/1335 1738/1853/1736 1340/1415/1338
f 1738/1853/1736 1158/1222/1156 1340/1415/1338
f 1210/1274/1208 1735/1850/1733 1737/1852/1735
f 1735/1850/1733 1210/1274/1208 1739/1854/1737
f 1740/1855/1738 1735/1850/1733 1739/1854/1737
f 1735/1850/1733 1740/1855/1738 1736/1851/1734
f 1740/1855/1738 1741/1856/1739 1736/1851/1734
f 1741/1856/1739 1734/1849/1732 1736/1851/1734
f 1734/1849/1732 1741/1856/1739 1742/1857/1740
f 1741/1856/1739 1743/1858/1741 1742/1857/1740
f 1743/1858/1741 1741/1856/1739 1744/1859/1742
f 1741/1856/1739 1745/1860/1743 1744/1859/1742
f 1745/1860/1743 1741/1856/1739 1746/1861/1744
f 1741/1856/1739 1740/1855/1738 1746/1861/1744
f 1734/1849/1732 1229/1293/1227 1230/1294/1228
f 1229/1293/1227 1734/1849/1732 1742/1857/1740
f 1743/1858/1741 1229/1293/1227 1742/1857/1740
f 1229/1293/1227 1743/1858/1741 1747/1862/1745
f 1231/1295/1229 1229/1293/1227 1747/1862/1745
f 1229/1293/1227 1231/1295/1229 1228/1292/1226
f 742/779/740 1748/1863/1746 1105/1169/1103
f 1748/1863/1746 1100/1164/1098 1105/1169/1103
f 1100/1164/1098 1748/1863/1746 1355/1432/1353
f 1748/1863/1746 1117/1431/1115 1355/1432/1353
f 1117/1431/1115 1748/1863/1746 1116/1864/1114
f 1748/1863/1746 1114/1571/1112 1116/1864/1114
f 1114/1571/1112 1748/1863/1746 1457/1572/1455
f 1748/1863/1746 742/779/740 1457/1572/1455
f 1027/1090/1025 1749/1865/1747 1038/1102/1036
f 1749/1865/1747 1027/1090/1025 1750/1866/1748
f 1304/1867/1302 1037/1101/1035 1038/1102/1036
f 1749/1865/1747 1304/1867/1302 1038/1102/1036
f 1304/1867/1302 1749/1865/1747 1303/1868/1301
f 1749/1865/1747 1302/1869/1300 1303/1868/1301
f 1302/1869/1300 1749/1865/1747 1750/1866/1748
f 881/1870/879 1302/1869/1300 1750/1866/1748
f 1027/1090/1025 881/1870/879 1750/1866/1748
f 881/1870/879 1027/1090/1025 882/1871/880
f 1027/1090/1025 875/1060/873 882/1871/880
f 875/1060/873 1027/1090/1025 1028/1091/1026
f 998/1061/996 875/1060/873 1028/1091/1026
f 1025/1088/1023 998/1061/996 1028/1091/1026
f 998/1061/996 1025/1088/1023 1005/1068/1003
f 1025/1088/1023 1023/1086/1021 1005/1068/1003
f 1023/1086/1021 1000/1063/998 1005/1068/1003
f 1000/1063/998 1023/1086/1021 1024/1087/1022
f 1001/1064/999 1000/1063/998 1024/1087/1022
f 1014/1077/1012 1001/1064/999 1024/1087/1022
f 1302/1869/1300 881/1870/879 1308/1872/1306
f 1037/1101/1035 1304/1867/1302 1313/1873/1311
f 1751/1874/1749 1752/1875/1750 1753/1876/1751
f 1752/1875/1750 1751/1874/1749 1754/1877/1752
f 1751/1874/1749 1210/1274/1208 1754/1877/1752
f 1210/1274/1208 1751/1874/1749 1755/1878/1753
f 1751/1874/1749 1174/1238/1172 1755/1878/1753
f 1174/1238/1172 1751/1874/1749 1756/1879/1754
f 1751/1874/1749 1757/1880/1755 1756/1879/1754
f 1757/1880/1755 1751/1874/1749 1753/1876/1751
f 1758/1881/1756 1757/1880/1755 1753/1876/1751
f 1752/1875/1750 1758/1881/1756 1753/1876/1751
f 1758/1881/1756 1752/1875/1750 1759/1882/1757
f 884/924/882 1758/1881/1756 1759/1882/1757
f 1758/1881/1756 884/924/882 886/926/884
f 887/927/885 1758/1881/1756 886/926/884
f 1758/1881/1756 887/927/885 1760/1883/1758
f 1757/1880/1755 1758/1881/1756 1760/1883/1758
f 395/423/393 1761/1884/1759 401/429/399
f 1761/1884/1759 400/428/398 401/429/399
f 400/428/398 1761/1884/1759 1762/1885/1760
f 1761/1884/1759 425/453/423 1762/1885/1760
f 425/453/423 1761/1884/1759 424/452/422
f 1761/1884/1759 406/434/404 424/452/422
f 406/434/404 1761/1884/1759 405/433/403
f 1761/1884/1759 395/423/393 405/433/403
f 1763/1886/1761 1301/1376/1299 1764/1887/1762
f 1301/1376/1299 1763/1886/1761 1300/1375/1298
f 1763/1886/1761 1286/1361/1284 1300/1375/1298
f 1286/1361/1284 1763/1886/1761 1287/1362/1285
f 1763/1886/1761 1288/1363/1286 1287/1362/1285
f 1288/1363/1286 1763/1886/1761 1290/1365/1288
f 1763/1886/1761 891/931/889 1290/1365/1288
f 891/931/889 1763/1886/1761 1764/1887/1762
f 1765/1888/1763 891/931/889 1764/1887/1762
f 1301/1376/1299 1765/1888/1763 1764/1887/1762
f 1765/1888/1763 1301/1376/1299 1308/1383/1306
f 881/921/879 1765/1888/1763 1308/1383/1306
f 1765/1888/1763 881/921/879 896/936/894
f 891/931/889 1765/1888/1763 896/936/894
f 1178/1242/1176 1766/1889/1764 1767/1890/1765
f 1766/1889/1764 1178/1242/1176 1179/1243/1177
f 1174/1238/1172 1766/1889/1764 1179/1243/1177
f 1766/1889/1764 1174/1238/1172 1768/1891/1766
f 889/929/887 1766/1889/1764 1768/1891/1766
f 1766/1889/1764 889/929/887 1184/1248/1182
f 1185/1249/1183 1766/1889/1764 1184/1248/1182
f 1766/1889/1764 1185/1249/1183 1767/1890/1765
f 1185/1249/1183 1769/1892/1767 1767/1890/1765
f 1769/1892/1767 1178/1242/1176 1767/1890/1765
f 1178/1242/1176 1769/1892/1767 1177/1241/1175
f 1769/1892/1767 1170/1234/1168 1177/1241/1175
f 1170/1234/1168 1769/1892/1767 1169/1233/1167
f 1769/1892/1767 1168/1232/1166 1169/1233/1167
f 1168/1232/1166 1769/1892/1767 1186/1250/1184
f 1769/1892/1767 1185/1249/1183 1186/1250/1184
f 1770/1893/1768 1771/1894/1769 1772/1895/1770
f 1771/1894/1769 1770/1893/1768 1773/1896/1771
f 425/453/423 1771/1894/1769 1773/1896/1771
f 1771/1894/1769 425/453/423 1774/1897/1772
f 1770/1893/1768 1775/1898/1773 1773/1896/1771
f 1775/1898/1773 425/453/423 1773/1896/1771
f 425/453/423 1775/1898/1773 1776/1899/1774
f 1777/1900/1775 1778/1901/1776 1779/1902/1777
f 1778/1901/1776 1780/1903/1778 1779/1902/1777
f 1780/1903/1778 1778/1901/1776 1772/1895/1770
f 1778/1901/1776 1770/1893/1768 1772/1895/1770
f 1770/1893/1768 1778/1901/1776 1781/1904/1779
f 1775/1898/1773 1770/1893/1768 1781/1904/1779
f 1782/1905/1780 1775/1898/1773 1781/1904/1779
f 1775/1898/1773 1782/1905/1780 1783/1906/1781
f 1138/1202/1136 1775/1898/1773 1783/1906/1781
f 1775/1898/1773 1138/1202/1136 1776/1899/1774
f 1138/1202/1136 1784/1907/1782 1776/1899/1774
f 1784/1907/1782 425/453/423 1776/1899/1774
f 425/453/423 1784/1907/1782 1762/1885/1760
f 1784/1907/1782 400/428/398 1762/1885/1760
f 400/428/398 1784/1907/1782 1113/1177/1111
f 1784/1907/1782 1109/1173/1107 1113/1177/1111
f 1109/1173/1107 1784/1907/1782 1263/1334/1261
f 1784/1907/1782 1138/1202/1136 1263/1334/1261
f 1778/1901/1776 1782/1905/1780 1781/1904/1779
f 1782/1905/1780 1778/1901/1776 1785/1908/1783
f 1778/1901/1776 1777/1900/1775 1785/1908/1783
f 1223/1287/1221 1771/1894/1769 1774/1897/1772
f 1771/1894/1769 1223/1287/1221 1786/1909/1784
f 1780/1903/1778 1771/1894/1769 1786/1909/1784
f 1771/1894/1769 1780/1903/1778 1772/1895/1770
f 1787/1910/1785 1788/1911/1786 1789/1912/1787
f 1788/1911/1786 1790/1913/1788 1789/1912/1787
f 1790/1913/1788 1788/1911/1786 1791/1914/1789
f 1788/1911/1786 1792/1915/1790 1791/1914/1789
f 1792/1915/1790 1788/1911/1786 1793/1916/1791
f 1788/1911/1786 1794/1917/1792 1793/1916/1791
f 1794/1917/1792 1788/1911/1786 1795/1918/1793
f 1788/1911/1786 1787/1910/1785 1795/1918/1793
f 1272/1344/1270 1796/1919/1794 1797/1920/1795
f 1796/1919/1794 1272/1344/1270 1798/1921/1796
f 1794/1917/1792 1796/1919/1794 1798/1921/1796
f 1796/1919/1794 1794/1917/1792 1795/1918/1793
f 1787/1910/1785 1796/1919/1794 1795/1918/1793
f 1796/1919/1794 1787/1910/1785 1799/1922/1797
f 1235/1299/1233 1796/1919/1794 1799/1922/1797
f 1796/1919/1794 1235/1299/1233 1797/1920/1795
f 1235/1299/1233 1800/1923/1798 1797/1920/1795
f 1800/1923/1798 1272/1344/1270 1797/1920/1795
f 1272/1344/1270 1800/1923/1798 1273/1345/1271
f 1800/1923/1798 513/541/511 1273/1345/1271
f 513/541/511 1800/1923/1798 514/542/512
f 1800/1923/1798 504/532/502 514/542/512
f 504/532/502 1800/1923/1798 1266/1338/1264
f 1800/1923/1798 1235/1299/1233 1266/1338/1264
f 1801/1924/1799 1802/1925/1800 1803/1926/1801
f 1802/1925/1800 1801/1924/1799 1804/1927/1802
f 1801/1924/1799 1805/1928/1803 1804/1927/1802
f 1805/1928/1803 1801/1924/1799 1806/1929/1804
f 1801/1924/1799 1698/1813/1696 1806/1929/1804
f 1698/1813/1696 1801/1924/1799 1699/1814/1697
f 1801/1924/1799 1700/1815/1698 1699/1814/1697
f 1700/1815/1698 1801/1924/1799 1803/1926/1801
f 1807/1930/1805 1700/1815/1698 1803/1926/1801
f 1802/1925/1800 1807/1930/1805 1803/1926/1801
f 1807/1930/1805 1802/1925/1800 1808/1931/1806
f 1530/1645/1528 1807/1930/1805 1808/1931/1806
f 1807/1930/1805 1530/1645/1528 1535/1650/1533
f 1536/1651/1534 1807/1930/1805 1535/1650/1533
f 1807/1930/1805 1536/1651/1534 1703/1818/1701
f 1700/1815/1698 1807/1930/1805 1703/1818/1701
f 439/467/437 1809/1932/1807 448/476/446
f 1809/1932/1807 449/477/447 448/476/446
f 449/477/447 1809/1932/1807 1810/1933/1808
f 1809/1932/1807 1811/1934/1809 1810/1933/1808
f 1811/1934/1809 1809/1932/1807 1812/1935/1810
f 1809/1932/1807 1813/1936/1811 1812/1935/1810
f 1813/1936/1811 1809/1932/1807 1814/1937/1812
f 1809/1932/1807 437/465/435 1814/1937/1812
f 437/465/435 1809/1932/1807 438/466/436
f 1809/1932/1807 439/467/437 438/466/436
f 1815/1938/1813 1609/1724/1607 1816/1939/1814
f 1609/1724/1607 1815/1938/1813 1610/1725/1608
f 1815/1938/1813 1612/1727/1610 1610/1725/1608
f 1612/1727/1610 1815/1938/1813 1817/1940/1815
f 1815/1938/1813 1818/1941/1816 1817/1940/1815
f 1818/1941/1816 1815/1938/1813 1819/1942/1817
f 1815/1938/1813 1820/1943/1818 1819/1942/1817
f 1820/1943/1818 1815/1938/1813 1816/1939/1814
f 1821/1944/1819 1820/1943/1818 1816/1939/1814
f 1609/1724/1607 1821/1944/1819 1816/1939/1814
f 1821/1944/1819 1609/1724/1607 1618/1733/1616
f 691/728/689 1821/1944/1819 1618/1733/1616
f 1821/1944/1819 691/728/689 696/733/694
f 697/734/695 1821/1944/1819 696/733/694
f 1821/1944/1819 697/734/695 1822/1945/1820
f 1820/1943/1818 1821/1944/1819 1822/1945/1820
f 1688/1803/1686 1823/1946/1821 1691/1806/1689
f 1823/1946/1821 1416/1511/1414 1691/1806/1689
f 1416/1511/1414 1823/1946/1821 1422/1519/1420
f 1823/1946/1821 280/1520/278 1422/1519/1420
f 280/1520/278 1823/1946/1821 288/1947/286
f 1823/1946/1821 287/1948/285 288/1947/286
f 287/1948/285 1823/1946/1821 1824/1949/1822
f 1823/1946/1821 1688/1803/1686 1824/1949/1822
f 1688/1803/1686 1825/1950/1823 1824/1949/1822
f 1825/1950/1823 1688/1803/1686 1687/1802/1685
f 1686/1801/1684 1825/1950/1823 1687/1802/1685
f 1825/1950/1823 1686/1801/1684 1826/1951/1824
f 289/1952/287 1825/1950/1823 1826/1951/1824
f 1825/1950/1823 289/1952/287 291/1953/289
f 287/1948/285 1825/1950/1823 291/1953/289
f 1825/1950/1823 287/1948/285 1824/1949/1822
f 285/313/283 1827/1954/1825 284/312/282
f 1827/1954/1825 283/311/281 284/312/282
f 283/311/281 1827/1954/1825 1086/1150/1084
f 1827/1954/1825 295/323/293 1086/1150/1084
f 295/323/293 1827/1954/1825 303/331/301
f 1827/1954/1825 302/330/300 303/331/301
f 302/330/300 1827/1954/1825 1828/1955/1826
f 1827/1954/1825 285/313/283 1828/1955/1826
f 285/313/283 1829/1956/1827 1828/1955/1826
f 1829/1956/1827 285/313/283 292/320/290
f 293/321/291 1829/1956/1827 292/320/290
f 1829/1956/1827 293/321/291 1830/1957/1828
f 304/332/302 1829/1956/1827 1830/1957/1828
f 1829/1956/1827 304/332/302 306/334/304
f 302/330/300 1829/1956/1827 306/334/304
f 1829/1956/1827 302/330/300 1828/1955/1826
f 300/328/298 1831/1958/1829 299/327/297
f 1831/1958/1829 298/326/296 299/327/297
f 298/326/296 1831/1958/1829 1578/1693/1576
f 1831/1958/1829 310/338/308 1578/1693/1576
f 310/338/308 1831/1958/1829 318/346/316
f 1831/1958/1829 317/345/315 318/346/316
f 317/345/315 1831/1958/1829 1832/1959/1830
f 1831/1958/1829 300/328/298 1832/1959/1830
f 300/328/298 1833/1960/1831 1832/1959/1830
f 1833/1960/1831 300/328/298 307/335/305
f 308/336/306 1833/1960/1831 307/335/305
f 1833/1960/1831 308/336/306 1834/1961/1832
f 319/347/317 1833/1960/1831 1834/1961/1832
f 1833/1960/1831 319/347/317 321/349/319
f 317/345/315 1833/1960/1831 321/349/319
f 1833/1960/1831 317/345/315 1832/1959/1830
f 315/343/313 1835/1962/1833 314/342/312
f 1835/1962/1833 313/341/311 314/342/312
f 313/341/311 1835/1962/1833 1567/1682/1565
f 1835/1962/1833 325/353/323 1567/1682/1565
f 325/353/323 1835/1962/1833 333/361/331
f 1835/1962/1833 332/360/330 333/361/331
f 332/360/330 1835/1962/1833 1836/1963/1834
f 1835/1962/1833 315/343/313 1836/1963/1834
f 315/343/313 1837/1964/1835 1836/1963/1834
f 1837/1964/1835 315/343/313 322/350/320
f 323/351/321 1837/1964/1835 322/350/320
f 1837/1964/1835 323/351/321 1838/1965/1836
f 334/362/332 1837/1964/1835 1838/1965/1836
f 1837/1964/1835 334/362/332 336/364/334
f 332/360/330 1837/1964/1835 336/364/334
f 1837/1964/1835 332/360/330 1836/1963/1834
f 330/358/328 1839/1966/1837 329/357/327
f 1839/1966/1837 328/356/326 329/357/327
f 328/356/326 1839/1966/1837 818/855/816
f 1839/1966/1837 340/368/338 818/855/816
f 340/368/338 1839/1966/1837 348/376/346
f 1839/1966/1837 347/375/345 348/376/346
f 347/375/345 1839/1966/1837 1840/1967/1838
f 1839/1966/1837 330/358/328 1840/1967/1838
f 330/358/328 1841/1968/1839 1840/1967/1838
f 1841/1968/1839 330/358/328 337/365/335
f 338/366/336 1841/1968/1839 337/365/335
f 1841/1968/1839 338/366/336 1842/1969/1840
f 349/377/347 1841/1968/1839 1842/1969/1840
f 1841/1968/1839 349/377/347 351/379/349
f 347/375/345 1841/1968/1839 351/379/349
f 1841/1968/1839 347/375/345 1840/1967/1838
f 1174/1238/1172 1843/1970/1841 1755/1878/1753
f 1843/1970/1841 1210/1274/1208 1755/1878/1753
f 1210/1274/1208 1843/1970/1841 1739/1854/1737
f 1843/1970/1841 1740/1855/1738 1739/1854/1737
f 1740/1855/1738 1843/1970/1841 1746/1861/1744
f 1843/1970/1841 1745/1860/1743 1746/1861/1744
f 1745/1860/1743 1843/1970/1841 1844/1971/1842
f 1843/1970/1841 1174/1238/1172 1844/1971/1842
f 1845/1972/1843 1621/1736/1619 1846/1973/1844
f 1621/1736/1619 1845/1972/1843 1622/1737/1620
f 1845/1972/1843 1624/1739/1622 1622/1737/1620
f 1624/1739/1622 1845/1972/1843 1847/1974/1845
f 1845/1972/1843 1614/1729/1612 1847/1974/1845
f 1614/1729/1612 1845/1972/1843 1615/1730/1613
f 1845/1972/1843 1616/1731/1614 1615/1730/1613
f 1616/1731/1614 1845/1972/1843 1846/1973/1844
f 1848/1975/1846 1616/1731/1614 1846/1973/1844
f 1621/1736/1619 1848/1975/1846 1846/1973/1844
f 1848/1975/1846 1621/1736/1619 1630/1745/1628
f 668/705/666 1848/1975/1846 1630/1745/1628
f 1848/1975/1846 668/705/666 679/716/677
f 680/717/678 1848/1975/1846 679/716/677
f 1848/1975/1846 680/717/678 1619/1734/1617
f 1616/1731/1614 1848/1975/1846 1619/1734/1617
f 1231/1295/1229 1849/1976/1847 1729/1844/1727
f 1849/1976/1847 1174/1238/1172 1729/1844/1727
f 1174/1238/1172 1849/1976/1847 1844/1971/1842
f 1849/1976/1847 1745/1860/1743 1844/1971/1842
f 1745/1860/1743 1849/1976/1847 1744/1859/1742
f 1849/1976/1847 1743/1858/1741 1744/1859/1742
f 1743/1858/1741 1849/1976/1847 1747/1862/1745
f 1849/1976/1847 1231/1295/1229 1747/1862/1745
f 1850/1977/1848 1633/1748/1631 1851/1978/1849
f 1633/1748/1631 1850/1977/1848 1634/1749/1632
f 1850/1977/1848 1636/1751/1634 1634/1749/1632
f 1636/1751/1634 1850/1977/1848 1852/1979/1850
f 1850/1977/1848 1626/1741/1624 1852/1979/1850
f 1626/1741/1624 1850/1977/1848 1627/1742/1625
f 1850/1977/1848 1628/1743/1626 1627/1742/1625
f 1628/1743/1626 1850/1977/1848 1851/1978/1849
f 1853/1980/1851 1628/1743/1626 1851/1978/1849
f 1633/1748/1631 1853/1980/1851 1851/1978/1849
f 1853/1980/1851 1633/1748/1631 1642/1757/1640
f 636/673/634 1853/1980/1851 1642/1757/1640
f 1853/1980/1851 636/673/634 650/687/648
f 651/688/649 1853/1980/1851 650/687/648
f 1853/1980/1851 651/688/649 1631/1746/1629
f 1628/1743/1626 1853/1980/1851 1631/1746/1629
f 891/931/889 1854/1981/1852 1330/1405/1328
f 1854/1981/1852 1210/1274/1208 1330/1405/1328
f 1210/1274/1208 1854/1981/1852 1754/1877/1752
f 1854/1981/1852 1752/1875/1750 1754/1877/1752
f 1752/1875/1750 1854/1981/1852 1759/1882/1757
f 1854/1981/1852 884/924/882 1759/1882/1757
f 884/924/882 1854/1981/1852 885/925/883
f 1854/1981/1852 891/931/889 885/925/883
f 1855/1982/1853 1645/1760/1643 1856/1983/1854
f 1645/1760/1643 1855/1982/1853 1646/1761/1644
f 1855/1982/1853 1648/1763/1646 1646/1761/1644
f 1648/1763/1646 1855/1982/1853 1857/1984/1855
f 1855/1982/1853 1638/1753/1636 1857/1984/1855
f 1638/1753/1636 1855/1982/1853 1639/1754/1637
f 1855/1982/1853 1640/1755/1638 1639/1754/1637
f 1640/1755/1638 1855/1982/1853 1856/1983/1854
f 1858/1985/1856 1640/1755/1638 1856/1983/1854
f 1645/1760/1643 1858/1985/1856 1856/1983/1854
f 1858/1985/1856 1645/1760/1643 1654/1769/1652
f 615/652/613 1858/1985/1856 1654/1769/1652
f 1858/1985/1856 615/652/613 632/669/630
f 631/668/629 1858/1985/1856 632/669/630
f 1858/1985/1856 631/668/629 1643/1758/1641
f 1640/1755/1638 1858/1985/1856 1643/1758/1641
f 824/861/822 1859/1986/1857 823/860/821
f 1859/1986/1857 821/858/819 823/860/821
f 821/858/819 1859/1986/1857 838/876/836
f 1859/1986/1857 511/539/509 838/876/836
f 511/539/509 1859/1986/1857 512/540/510
f 1859/1986/1857 499/527/497 512/540/510
f 499/527/497 1859/1986/1857 498/526/496
f 1859/1986/1857 497/525/495 498/526/496
f 497/525/495 1859/1986/1857 829/866/827
f 1859/1986/1857 824/861/822 829/866/827
f 1860/1987/1858 1657/1772/1655 1861/1988/1859
f 1657/1772/1655 1860/1987/1858 1658/1773/1656
f 1860/1987/1858 1660/1775/1658 1658/1773/1656
f 1660/1775/1658 1860/1987/1858 1862/1989/1860
f 1860/1987/1858 1650/1765/1648 1862/1989/1860
f 1650/1765/1648 1860/1987/1858 1651/1766/1649
f 1860/1987/1858 1652/1767/1650 1651/1766/1649
f 1652/1767/1650 1860/1987/1858 1861/1988/1859
f 1863/1990/1861 1652/1767/1650 1861/1988/1859
f 1657/1772/1655 1863/1990/1861 1861/1988/1859
f 1863/1990/1861 1657/1772/1655 1666/1781/1664
f 1470/1585/1468 1863/1990/1861 1666/1781/1664
f 1863/1990/1861 1470/1585/1468 1471/1586/1469
f 612/649/610 1863/1990/1861 1471/1586/1469
f 1863/1990/1861 612/649/610 1655/1770/1653
f 1652/1767/1650 1863/1990/1861 1655/1770/1653
f 1423/1522/1421 1864/1991/1862 1426/1525/1424
f 1864/1991/1862 1427/1526/1425 1426/1525/1424
f 1427/1526/1425 1864/1991/1862 1431/1530/1429
f 1864/1991/1862 1432/1531/1430 1431/1530/1429
f 1432/1531/1430 1864/1991/1862 1453/1556/1451
f 1864/1991/1862 1423/1522/1421 1453/1556/1451
f 1865/1992/1863 1669/1784/1667 1866/1993/1864
f 1669/1784/1667 1865/1992/1863 1670/1785/1668
f 1865/1992/1863 1672/1787/1670 1670/1785/1668
f 1672/1787/1670 1865/1992/1863 1867/1994/1865
f 1865/1992/1863 1662/1777/1660 1867/1994/1865
f 1662/1777/1660 1865/1992/1863 1663/1778/1661
f 1865/1992/1863 1664/1779/1662 1663/1778/1661
f 1664/1779/1662 1865/1992/1863 1866/1993/1864
f 1868/1995/1866 1664/1779/1662 1866/1993/1864
f 1669/1784/1667 1868/1995/1866 1866/1993/1864
f 1868/1995/1866 1669/1784/1667 1678/1793/1676
f 1499/1614/1497 1868/1995/1866 1678/1793/1676
f 1868/1995/1866 1499/1614/1497 1501/1616/1499
f 1473/1588/1471 1868/1995/1866 1501/1616/1499
f 1868/1995/1866 1473/1588/1471 1667/1782/1665
f 1664/1779/1662 1868/1995/1866 1667/1782/1665
f 565/602/563 1869/1996/1867 581/618/579
f 1869/1996/1867 582/619/580 581/618/579
f 582/619/580 1869/1996/1867 594/631/592
f 1869/1996/1867 571/608/569 594/631/592
f 571/608/569 1869/1996/1867 569/606/567
f 1869/1996/1867 565/602/563 569/606/567
f 1870/1997/1868 1681/1796/1679 1871/1998/1869
f 1681/1796/1679 1870/1997/1868 1682/1797/1680
f 1870/1997/1868 1684/1799/1682 1682/1797/1680
f 1684/1799/1682 1870/1997/1868 1872/1999/1870
f 1870/1997/1868 1674/1789/1672 1872/1999/1870
f 1674/1789/1672 1870/1997/1868 1675/1790/1673
f 1870/1997/1868 1676/1791/1674 1675/1790/1673
f 1676/1791/1674 1870/1997/1868 1871/1998/1869
f 1873/2000/1871 1676/1791/1674 1871/1998/1869
f 1681/1796/1679 1873/2000/1871 1871/1998/1869
f 1873/2000/1871 1681/1796/1679 1690/1805/1688
f 1408/1503/1406 1873/2000/1871 1690/1805/1688
f 1873/2000/1871 1408/1503/1406 1409/1504/1407
f 1410/1505/1408 1873/2000/1871 1409/1504/1407
f 1873/2000/1871 1410/1505/1408 1679/1794/1677
f 1676/1791/1674 1873/2000/1871 1679/1794/1677
f 1174/1238/1172 1874/2001/1872 1768/1891/1766
f 1874/2001/1872 889/929/887 1768/1891/1766
f 889/929/887 1874/2001/1872 888/928/886
f 1874/2001/1872 887/927/885 888/928/886
f 887/927/885 1874/2001/1872 1760/1883/1758
f 1874/2001/1872 1757/1880/1755 1760/1883/1758
f 1757/1880/1755 1874/2001/1872 1756/1879/1754
f 1874/2001/1872 1174/1238/1172 1756/1879/1754
f 1875/2002/1873 1693/1808/1691 1876/2003/1874
f 1693/1808/1691 1875/2002/1873 1694/1809/1692
f 1875/2002/1873 1696/1811/1694 1694/1809/1692
f 1696/1811/1694 1875/2002/1873 1877/2004/1875
f 1875/2002/1873 353/381/351 1877/2004/1875
f 353/381/351 1875/2002/1873 352/380/350
f 1875/2002/1873 345/373/343 352/380/350
f 345/373/343 1875/2002/1873 1876/2003/1874
f 1878/2005/1876 345/373/343 1876/2003/1874
f 1693/1808/1691 1878/2005/1876 1876/2003/1874
f 1878/2005/1876 1693/1808/1691 1702/1817/1700
f 1595/1710/1593 1878/2005/1876 1702/1817/1700
f 1878/2005/1876 1595/1710/1593 1597/1712/1595
f 343/371/341 1878/2005/1876 1597/1712/1595
f 1878/2005/1876 343/371/341 344/372/342
f 345/373/343 1878/2005/1876 344/372/342
f 1138/1202/1136 1879/2006/1877 1159/1223/1157
f 1879/2006/1877 1158/1222/1156 1159/1223/1157
f 1158/1222/1156 1879/2006/1877 1880/2007/1878
f 1879/2006/1877 1777/1900/1775 1880/2007/1878
f 1777/1900/1775 1879/2006/1877 1785/1908/1783
f 1879/2006/1877 1782/1905/1780 1785/1908/1783
f 1782/1905/1780 1879/2006/1877 1783/1906/1781
f 1879/2006/1877 1138/1202/1136 1783/1906/1781
s 0
f 1881/2008/1879 334/2009/1879 1882/2010/1879
f 334/2009/1879 1881/2008/1879 1883/2011/1879
f 1884/2012/1879 334/2009/1879 1883/2011/1879
s 1
f 215/2013/215 1884/2012/1879 1883/2011/1879
f 1884/2012/1879 215/2013/215 216/2014/216
f 217/2015/217 1884/2012/1879 216/2014/216
f 1884/2012/1879 217/2015/217 1885/2016/1879
f 1881/2008/1879 215/2013/215 1883/2011/1879
f 215/2013/215 1881/2008/1879 225/2017/225
f 1881/2008/1879 224/2018/224 225/2017/225
f 1886/2019/1880 222/2020/222 1887/2021/1881
f 222/2020/222 1886/2019/1880 223/2022/223
f 1886/2019/1880 217/2015/217 223/2022/223
f 217/2015/217 1886/2019/1880 1885/2016/1879
s 0
f 1886/2019/1880 349/2023/1879 1885/2016/1879
f 349/2023/1879 1884/2012/1879 1885/2016/1879
f 1884/2012/1879 349/2023/1879 1888/2024/1879
f 334/2009/1879 1884/2012/1879 1888/2024/1879
s 1
f 1889/2025/1882 334/2009/332 1888/2024/1879
f 334/2009/332 1889/2025/1882 339/2026/337
f 1889/2025/1882 338/2027/336 339/2026/337
f 338/2027/336 1889/2025/1882 1842/2028/1840
f 1889/2025/1882 349/2023/347 1842/2028/1840
f 349/2023/347 1889/2025/1882 1888/2024/1879
f 1696/2029/1694 1890/2030/1883 1891/2031/1879
f 1890/2030/1883 1696/2029/1694 1877/2032/1875
f 353/2033/351 1890/2030/1883 1877/2032/1875
f 1890/2030/1883 353/2033/351 354/2034/352
f 349/2023/347 1890/2030/1883 354/2034/352
f 1890/2030/1883 349/2023/347 1891/2031/1879
s 0
f 349/2023/1879 1886/2019/1880 1891/2031/1879
f 1886/2019/1880 1696/2029/1879 1891/2031/1879
f 1696/2029/1879 1886/2019/1880 1887/2021/1879
f 1892/2035/1884 1696/2029/1879 1887/2021/1879
s 1
f 222/2020/222 1892/2035/1884 1887/2021/1881
f 1892/2035/1884 222/2020/222 227/2036/227
f 228/2037/228 1892/2035/1884 227/2036/227
f 1892/2035/1884 228/2037/228 1893/2038/1885
f 228/2037/228 1894/2039/1886 1893/2038/1885
s 0
f 1894/2039/1886 1805/2040/1879 1893/2038/1879
f 1805/2040/1879 1894/2039/1886 1895/2041/1879
s 1
f 1896/2042/1887 1805/2040/1803 1895/2041/1879
f 1612/2043/1610 1896/2042/1887 1895/2041/1879
f 1896/2042/1887 1612/2043/1610 1817/2044/1815
f 1818/2045/1816 1896/2042/1887 1817/2044/1815
f 1896/2042/1887 1818/2045/1816 1897/2046/1888
f 1805/2040/1803 1896/2042/1887 1897/2046/1888
f 1894/2039/1886 232/2047/232 1898/2048/1879
f 232/2047/232 1894/2039/1886 238/2049/238
f 1894/2039/1886 228/2037/228 238/2049/238
s 0
f 1696/2029/1879 1892/2035/1884 1899/2050/1879
s 1
f 1900/2051/1889 1696/2029/1694 1899/2050/1885
f 1696/2029/1694 1900/2051/1889 1697/2052/1695
f 1900/2051/1889 1698/2053/1696 1697/2052/1695
f 1698/2053/1696 1900/2051/1889 1806/2054/1804
f 1900/2051/1889 1805/2040/1803 1806/2054/1804
f 1805/2040/1803 1900/2051/1889 1899/2050/1885
s 0
f 1892/2035/1884 1805/2040/1879 1899/2050/1879
f 1805/2040/1879 1892/2035/1884 1893/2038/1879
f 1894/2039/1890 1612/2043/1879 1895/2041/1879
f 1612/2043/1879 1894/2039/1890 1898/2048/1879
f 1901/2055/1879 1612/2043/1879 1898/2048/1879
s 1
f 232/2047/232 1901/2055/1879 1898/2048/1879
f 1901/2055/1879 232/2047/232 233/2056/233
s 0
f 234/2057/1879 1901/2055/1879 233/2056/1879
f 1901/2055/1879 234/2057/1879 1902/2058/1879
f 234/2057/1879 1903/2059/1879 1902/2058/1879
f 1903/2059/1879 1624/2060/1879 1902/2058/1879
f 1624/2060/1879 1903/2059/1879 1904/2061/1879
s 1
f 1905/2062/1891 1624/2060/1622 1904/2061/1879
f 1636/2063/1634 1905/2062/1891 1904/2061/1879
f 1905/2062/1891 1636/2063/1634 1852/2064/1850
f 1626/2065/1624 1905/2062/1891 1852/2064/1850
f 1905/2062/1891 1626/2065/1624 1625/2066/1623
f 1624/2060/1622 1905/2062/1891 1625/2066/1623
s 0
f 1903/2059/1879 240/2067/1879 1906/2068/1879
f 240/2067/1879 1903/2059/1879 239/2069/1879
f 1903/2059/1879 234/2057/1879 239/2069/1879
f 1624/2060/1879 1901/2055/1879 1902/2058/1879
f 1901/2055/1879 1624/2060/1879 1907/2070/1879
f 1612/2043/1879 1901/2055/1879 1907/2070/1879
s 1
f 1908/2071/1892 1612/2043/1610 1907/2070/1893
f 1612/2043/1610 1908/2071/1892 1613/2072/1611
f 1908/2071/1892 1614/2073/1612 1613/2072/1611
f 1614/2073/1612 1908/2071/1892 1847/2074/1845
f 1908/2071/1892 1624/2060/1622 1847/2074/1845
f 1624/2060/1622 1908/2071/1892 1907/2070/1893
s 0
f 1903/2059/1879 1636/2063/1879 1904/2061/1879
f 1636/2063/1879 1903/2059/1879 1906/2068/1879
f 1909/2075/1879 1636/2063/1879 1906/2068/1879
f 240/2067/1879 1909/2075/1879 1906/2068/1879
f 1909/2075/1879 240/2067/1879 243/2076/1879
f 244/2077/1879 1909/2075/1879 243/2076/1879
f 1909/2075/1879 244/2077/1879 1910/2078/1879
f 244/2077/1879 1911/2079/1879 1910/2078/1879
f 1911/2079/1879 1648/2080/1879 1910/2078/1879
f 1648/2080/1879 1911/2079/1879 1912/2081/1879
s 1
f 1913/2082/1894 1648/2080/1646 1912/2081/1879
f 1660/2083/1658 1913/2082/1894 1912/2081/1879
f 1913/2082/1894 1660/2083/1658 1862/2084/1860
f 1650/2085/1648 1913/2082/1894 1862/2084/1860
f 1913/2082/1894 1650/2085/1648 1649/2086/1647
f 1648/2080/1646 1913/2082/1894 1649/2086/1647
s 0
f 1911/2079/1879 248/2087/1879 1914/2088/1879
f 248/2087/1879 1911/2079/1879 253/2089/1879
f 1911/2079/1879 244/2077/1879 253/2089/1879
f 1648/2080/1879 1909/2075/1879 1910/2078/1879
f 1909/2075/1879 1648/2080/1879 1915/2090/1879
f 1636/2063/1879 1909/2075/1879 1915/2090/1879
s 1
f 1916/2091/1895 1636/2063/1634 1915/2090/1879
f 1636/2063/1634 1916/2091/1895 1637/2092/1635
f 1916/2091/1895 1638/2093/1636 1637/2092/1635
f 1638/2093/1636 1916/2091/1895 1857/2094/1855
f 1916/2091/1895 1648/2080/1646 1857/2094/1855
f 1648/2080/1646 1916/2091/1895 1915/2090/1879
s 0
f 1911/2079/1879 1660/2083/1879 1912/2081/1879
f 1660/2083/1879 1911/2079/1879 1914/2088/1879
f 1917/2095/1879 1660/2083/1879 1914/2088/1879
f 248/2087/1879 1917/2095/1879 1914/2088/1879
f 1917/2095/1879 248/2087/1879 249/2096/1879
f 250/2097/1879 1917/2095/1879 249/2096/1879
f 1917/2095/1879 250/2097/1879 1918/2098/1879
f 250/2097/1879 1919/2099/1879 1918/2098/1879
f 1919/2099/1879 1672/2100/1879 1918/2098/1879
f 1672/2100/1879 1919/2099/1879 1920/2101/1879
s 1
f 1921/2102/1896 1672/2100/1670 1920/2101/1879
f 1684/2103/1682 1921/2102/1896 1920/2101/1879
f 1921/2102/1896 1684/2103/1682 1872/2104/1870
f 1674/2105/1672 1921/2102/1896 1872/2104/1870
f 1921/2102/1896 1674/2105/1672 1673/2106/1671
f 1672/2100/1670 1921/2102/1896 1673/2106/1671
s 0
f 1919/2099/1879 255/2107/1879 1922/2108/1879
f 255/2107/1879 1919/2099/1879 254/2109/1879
f 1919/2099/1879 250/2097/1879 254/2109/1879
f 1672/2100/1879 1917/2095/1879 1918/2098/1879
f 1917/2095/1879 1672/2100/1879 1923/2110/1879
f 1660/2083/1879 1917/2095/1879 1923/2110/1879
s 1
f 1924/2111/1897 1660/2083/1658 1923/2110/1879
f 1660/2083/1658 1924/2111/1897 1661/2112/1659
f 1924/2111/1897 1662/2113/1660 1661/2112/1659
f 1662/2113/1660 1924/2111/1897 1867/2114/1865
f 1924/2111/1897 1672/2100/1670 1867/2114/1865
f 1672/2100/1670 1924/2111/1897 1923/2110/1879
s 0
f 1919/2099/1879 1684/2103/1879 1920/2101/1879
f 1684/2103/1879 1919/2099/1879 1922/2108/1879
f 1925/2115/1879 1684/2103/1879 1922/2108/1879
f 255/2107/1879 1925/2115/1879 1922/2108/1879
f 1925/2115/1879 255/2107/1879 258/2116/1879
f 259/2117/1879 1925/2115/1879 258/2116/1879
f 1925/2115/1879 259/2117/1879 1926/2118/1879
f 259/2117/1879 1927/2119/1879 1926/2118/1879
f 1927/2119/1879 289/2120/1879 1926/2118/1879
f 289/2120/1879 1927/2119/1879 1928/2121/1879
s 1
f 1929/2122/1898 289/2120/287 1928/2121/1879
f 304/2123/302 1929/2122/1898 1928/2121/1879
f 1929/2122/1898 304/2123/302 1830/2124/1828
f 293/2125/291 1929/2122/1898 1830/2124/1828
f 1929/2122/1898 293/2125/291 294/2126/292
f 289/2120/287 1929/2122/1898 294/2126/292
s 0
f 1927/2119/1879 264/2127/1879 1930/2128/1879
f 264/2127/1879 1927/2119/1879 266/2129/1879
f 1927/2119/1881 259/2117/1881 266/2129/1881
f 289/2120/1879 1925/2115/1879 1926/2118/1879
f 1925/2115/1879 289/2120/1879 1931/2130/1879
f 1684/2103/1879 1925/2115/1879 1931/2130/1879
s 1
f 1932/2131/1899 1684/2103/1682 1931/2130/1879
f 1684/2103/1682 1932/2131/1899 1685/2132/1683
f 1932/2131/1899 1686/2133/1684 1685/2132/1683
f 1686/2133/1684 1932/2131/1899 1826/2134/1824
f 1932/2131/1899 289/2120/287 1826/2134/1824
f 289/2120/287 1932/2131/1899 1931/2130/1879
s 0
f 1927/2119/1879 304/2123/1879 1928/2121/1879
f 304/2123/1879 1927/2119/1879 1930/2128/1879
f 1933/2135/1879 304/2123/1879 1930/2128/1879
f 264/2127/1879 1933/2135/1879 1930/2128/1879
f 1933/2135/1879 264/2127/1879 265/2136/1879
s 1
f 224/2018/224 1933/2135/1879 265/2136/263
f 1933/2135/1879 224/2018/224 1934/2137/1879
f 224/2018/224 1881/2008/1879 1934/2137/1879
s 0
f 1881/2008/1879 319/2138/1879 1934/2137/1879
f 319/2138/1879 1881/2008/1879 1882/2010/1879
s 1
f 1935/2139/1900 319/2138/317 1882/2010/1901
f 334/2009/332 1935/2139/1900 1882/2010/1901
f 1935/2139/1900 334/2009/332 1838/2140/1836
f 323/2141/321 1935/2139/1900 1838/2140/1836
f 1935/2139/1900 323/2141/321 324/2142/322
f 319/2138/317 1935/2139/1900 324/2142/322
s 0
f 319/2138/1879 1933/2135/1879 1934/2137/1879
f 1933/2135/1879 319/2138/1879 1936/2143/1879
f 304/2123/1879 1933/2135/1879 1936/2143/1879
s 1
f 1937/2144/1902 304/2123/302 1936/2143/1879
f 304/2123/302 1937/2144/1902 309/2145/307
f 1937/2144/1902 308/2146/306 309/2145/307
f 308/2146/306 1937/2144/1902 1834/2147/1832
f 1937/2144/1902 319/2138/317 1834/2147/1832
f 319/2138/317 1937/2144/1902 1936/2143/1879
f 1802/1925/1800 1938/2148/1903 1939/2149/1904
f 1938/2148/1903 1802/1925/1800 1804/1927/1802
f 1805/1928/1803 1938/2148/1903 1804/1927/1802
f 1938/2148/1903 1805/1928/1803 1897/2150/1888
f 1818/1941/1816 1938/2148/1903 1897/2150/1888
f 1938/2148/1903 1818/1941/1816 1819/1942/1817
f 1820/1943/1818 1938/2148/1903 1819/1942/1817
f 1938/2148/1903 1820/1943/1818 1939/2149/1904
f 1820/1943/1818 1940/2151/1905 1939/2149/1904
f 1940/2151/1905 1802/1925/1800 1939/2149/1904
f 1802/1925/1800 1940/2151/1905 1808/1931/1806
f 1940/2151/1905 1530/1645/1528 1808/1931/1806
f 1530/1645/1528 1940/2151/1905 1529/1644/1527
f 1940/2151/1905 697/734/695 1529/1644/1527
f 697/734/695 1940/2151/1905 1822/1945/1820
f 1940/2151/1905 1820/1943/1818 1822/1945/1820
f 1102/1166/1100 1941/2152/1906 1106/1170/1104
f 1941/2152/1906 744/781/742 1106/1170/1104
f 744/781/742 1941/2152/1906 745/782/743
f 1941/2152/1906 739/776/737 745/782/743
f 739/776/737 1941/2152/1906 738/775/736
f 1941/2152/1906 737/774/735 738/775/736
f 737/774/735 1941/2152/1906 1103/1167/1101
f 1941/2152/1906 1102/1166/1100 1103/1167/1101
f 1158/1222/1156 1942/2153/1907 1339/1414/1337
f 1942/2153/1907 1223/1287/1221 1339/1414/1337
f 1223/1287/1221 1942/2153/1907 1786/1909/1784
f 1942/2153/1907 1780/1903/1778 1786/1909/1784
f 1780/1903/1778 1942/2153/1907 1779/1902/1777
f 1942/2153/1907 1777/1900/1775 1779/1902/1777
f 1777/1900/1775 1942/2153/1907 1880/2007/1878
f 1942/2153/1907 1158/1222/1156 1880/2007/1878
f 427/455/425 1943/2154/1908 1181/1245/1179
f 1943/2154/1908 425/453/423 1181/1245/1179
f 425/453/423 1943/2154/1908 1944/2155/1909
f 1943/2154/1908 1811/1934/1809 1944/2155/1909
f 1811/1934/1809 1943/2154/1908 1810/1933/1808
f 1943/2154/1908 449/477/447 1810/1933/1808
f 449/477/447 1943/2154/1908 450/478/448
f 1943/2154/1908 427/455/425 450/478/448
f 1235/1299/1233 1945/2156/1910 1234/1298/1232
f 1945/2156/1910 433/461/431 1234/1298/1232
f 433/461/431 1945/2156/1910 1946/2157/1911
f 1945/2156/1910 1947/2158/1912 1946/2157/1911
f 1947/2158/1912 1945/2156/1910 1948/2159/1913
f 1945/2156/1910 1949/2160/1914 1948/2159/1913
f 1949/2160/1914 1945/2156/1910 1950/2161/1915
f 1945/2156/1910 1235/1299/1233 1950/2161/1915
f 425/453/423 1951/2162/1916 1774/1897/1772
f 1951/2162/1916 1223/1287/1221 1774/1897/1772
f 1223/1287/1221 1951/2162/1916 1952/2163/1917
f 1951/2162/1916 1813/1936/1811 1952/2163/1917
f 1813/1936/1811 1951/2162/1916 1812/1935/1810
f 1951/2162/1916 1811/1934/1809 1812/1935/1810
f 1811/1934/1809 1951/2162/1916 1944/2155/1909
f 1951/2162/1916 425/453/423 1944/2155/1909
f 1953/2164/1918 1954/2165/1919 1955/2166/1920
f 1954/2165/1919 1953/2164/1918 1956/2167/1921
f 1953/2164/1918 1213/1277/1211 1956/2167/1921
f 1213/1277/1211 1953/2164/1918 1957/2168/1922
f 1953/2164/1918 1235/1299/1233 1957/2168/1922
f 1235/1299/1233 1953/2164/1918 1950/2161/1915
f 1953/2164/1918 1949/2160/1914 1950/2161/1915
f 1949/2160/1914 1953/2164/1918 1955/2166/1920
f 1958/2169/1923 1949/2160/1914 1955/2166/1920
f 1954/2165/1919 1958/2169/1923 1955/2166/1920
f 1958/2169/1923 1954/2165/1919 1959/2170/1924
f 1960/2171/1925 1958/2169/1923 1959/2170/1924
f 1958/2169/1923 1960/2171/1925 1961/2172/1926
f 1947/2158/1912 1958/2169/1923 1961/2172/1926
f 1958/2169/1923 1947/2158/1912 1948/2159/1913
f 1949/2160/1914 1958/2169/1923 1948/2159/1913
f 1223/1287/1221 1962/2173/1927 1963/2174/1928
f 1962/2173/1927 433/461/431 1963/2174/1928
f 433/461/431 1962/2173/1927 436/464/434
f 1962/2173/1927 437/465/435 436/464/434
f 437/465/435 1962/2173/1927 1814/1937/1812
f 1962/2173/1927 1813/1936/1811 1814/1937/1812
f 1813/1936/1811 1962/2173/1927 1952/2163/1917
f 1962/2173/1927 1223/1287/1221 1952/2163/1917
f 482/510/480 1964/2175/1929 487/515/485
f 1964/2175/1929 386/414/384 487/515/485
f 386/414/384 1964/2175/1929 385/413/383
f 1964/2175/1929 368/396/366 385/413/383
f 368/396/366 1964/2175/1929 371/399/369
f 1964/2175/1929 372/400/370 371/399/369
f 372/400/370 1964/2175/1929 490/518/488
f 1964/2175/1929 484/512/482 490/518/488
f 484/512/482 1964/2175/1929 483/511/481
f 1964/2175/1929 482/510/480 483/511/481
f 1235/1299/1233 1965/2176/1930 1957/2168/1922
f 1965/2176/1930 1213/1277/1211 1957/2168/1922
f 1213/1277/1211 1965/2176/1930 1966/2177/1931
f 1965/2176/1930 1790/1913/1788 1966/2177/1931
f 1790/1913/1788 1965/2176/1930 1789/1912/1787
f 1965/2176/1930 1787/1910/1785 1789/1912/1787
f 1787/1910/1785 1965/2176/1930 1799/1922/1797
f 1965/2176/1930 1235/1299/1233 1799/1922/1797
f 2/2/2 913/956/911 6/6/6
f 913/956/911 2/2/2 988/2178/986
f 2/2/2 31/31/31 988/2178/986
f 31/31/31 2/2/2 4/4/4
f 1213/1277/1211 1967/2179/1932 1350/1425/1348
f 1967/2179/1932 1244/1308/1242 1350/1425/1348
f 1244/1308/1242 1967/2179/1932 1968/2180/1933
f 1967/2179/1932 1792/1915/1790 1968/2180/1933
f 1792/1915/1790 1967/2179/1932 1791/1914/1789
f 1967/2179/1932 1790/1913/1788 1791/1914/1789
f 1790/1913/1788 1967/2179/1932 1966/2177/1931
f 1967/2179/1932 1213/1277/1211 1966/2177/1931
f 1223/1287/1221 1969/2181/1934 1222/1286/1220
f 1969/2181/1934 1213/1277/1211 1222/1286/1220
f 1213/1277/1211 1969/2181/1934 1956/2167/1921
f 1969/2181/1934 1954/2165/1919 1956/2167/1921
f 1954/2165/1919 1969/2181/1934 1959/2170/1924
f 1969/2181/1934 1960/2171/1925 1959/2170/1924
f 1960/2171/1925 1969/2181/1934 1970/2182/1935
f 1969/2181/1934 1223/1287/1221 1970/2182/1935
f 1244/1308/1242 1971/2183/1936 1607/1722/1605
f 1971/2183/1936 1272/1344/1270 1607/1722/1605
f 1272/1344/1270 1971/2183/1936 1798/1921/1796
f 1971/2183/1936 1794/1917/1792 1798/1921/1796
f 1794/1917/1792 1971/2183/1936 1793/1916/1791
f 1971/2183/1936 1792/1915/1790 1793/1916/1791
f 1792/1915/1790 1971/2183/1936 1968/2180/1933
f 1971/2183/1936 1244/1308/1242 1968/2180/1933
f 433/461/431 1972/2184/1937 1963/2174/1928
f 1972/2184/1937 1223/1287/1221 1963/2174/1928
f 1223/1287/1221 1972/2184/1937 1970/2182/1935
f 1972/2184/1937 1960/2171/1925 1970/2182/1935
f 1960/2171/1925 1972/2184/1937 1961/2172/1926
f 1972/2184/1937 1947/2158/1912 1961/2172/1926
f 1947/2158/1912 1972/2184/1937 1946/2157/1911
f 1972/2184/1937 433/461/431 1946/2157/1911
