# Blender v3.0.0 OBJ File: ''
# www.blender.org
mtllib zpm_hub.mtl
o pg_zpm_hub.001
v 0.401313 0.609275 0.930827
v 0.401313 0.613991 0.930827
v 0.401313 0.659410 0.930827
v 0.164099 0.697997 0.811585
v 0.164099 0.701523 0.811585
v 0.389603 0.701523 0.811585
v 0.389603 0.697997 0.811585
v 0.429764 0.701523 0.711913
v 0.429764 0.697997 0.711913
v 0.132674 0.697997 0.753535
v 0.210604 0.697997 0.501921
v 0.098055 0.697997 0.697330
v 0.317018 0.697997 0.516867
v 0.350286 0.697997 0.687553
v 0.377760 0.697997 0.675006
v 0.394090 0.697997 0.649597
v 0.394090 0.697997 0.619393
v 0.500000 0.697997 0.541204
v 0.386171 0.698020 0.607002
v 0.394070 0.697997 0.602436
v 0.379386 0.697997 0.593956
v 0.353213 0.697997 0.578881
v 0.323045 0.697997 0.580350
v 0.298460 0.697997 0.597895
v 0.287263 0.697997 0.625947
v 0.295412 0.697997 0.659465
v 0.320390 0.697997 0.683255
v 0.500000 0.697997 0.711913
v 0.570237 0.697997 0.711913
v 0.389128 0.697997 0.391668
v 0.353073 0.697997 0.454267
v 0.500000 0.697997 0.538892
v 0.500000 0.697997 0.113449
v 0.498879 0.697997 0.302105
v 0.531032 0.697997 0.311792
v 0.468969 0.697997 0.311792
v 0.450511 0.697997 0.335313
v 0.447700 0.697997 0.365078
v 0.461428 0.697997 0.391638
v 0.487336 0.697997 0.406560
v 0.500001 0.697997 0.407347
v 0.512665 0.697997 0.406560
v 0.322802 0.697997 0.307121
v 0.435351 0.697997 0.111712
v 0.610872 0.697997 0.391668
v 0.677198 0.697997 0.307121
v 0.564649 0.697997 0.111712
v 0.867326 0.697997 0.753535
v 0.705868 0.697997 0.660229
v 0.680206 0.697997 0.684672
v 0.649489 0.697997 0.689089
v 0.621261 0.697997 0.676197
v 0.604484 0.697997 0.650091
v 0.604484 0.697997 0.619059
v 0.611424 0.697997 0.605118
v 0.619591 0.697997 0.592923
v 0.646927 0.697997 0.454267
v 0.538573 0.697997 0.391638
v 0.552301 0.697997 0.365078
v 0.549490 0.697997 0.335313
v 0.610397 0.697997 0.811585
v 0.835901 0.697997 0.811585
v 0.714241 0.697997 0.625792
v 0.682982 0.697997 0.516867
v 0.789396 0.697997 0.501921
v 0.901945 0.697997 0.697330
v 0.646482 0.697997 0.577435
v 0.677478 0.697997 0.578944
v 0.702737 0.697997 0.596971
v 0.306219 0.701523 0.856563
v 0.319613 0.701523 0.856563
v 0.319613 0.701523 0.840982
v 0.306219 0.701523 0.841039
v 0.293205 0.701523 0.841039
v 0.279981 0.701523 0.840953
v 0.279981 0.701523 0.856816
v 0.293205 0.701523 0.856816
v 0.253449 0.701523 0.856816
v 0.266580 0.701523 0.856816
v 0.266580 0.701523 0.840953
v 0.253449 0.701523 0.840737
v 0.144650 0.701523 0.827843
v 0.332973 0.701523 0.840982
v 0.359479 0.701523 0.841242
v 0.346297 0.701523 0.841242
v 0.332973 0.701523 0.856871
v 0.346297 0.701523 0.856871
v 0.359479 0.701523 0.856727
v 0.368042 0.701523 0.856727
v 0.133012 0.701523 0.811585
v 0.384201 0.701523 0.824993
v 0.132674 0.701523 0.753535
v 0.131701 0.701523 0.809754
v 0.174389 0.701523 0.856647
v 0.187213 0.701523 0.856647
v 0.187550 0.701523 0.840949
v 0.174245 0.701523 0.840949
v 0.160746 0.701523 0.840949
v 0.146053 0.701523 0.856647
v 0.132877 0.701523 0.836381
v 0.160542 0.701523 0.856647
v 0.129032 0.701523 0.811585
v 0.116647 0.701523 0.811585
v 0.120542 0.701523 0.817410
v 0.118082 0.701523 0.784809
v 0.107489 0.701523 0.768092
v 0.098290 0.701523 0.750570
v 0.083472 0.701523 0.726318
v 0.074371 0.701523 0.738449
v 0.080553 0.701523 0.727717
v 0.071268 0.701523 0.732167
v 0.104840 0.701523 0.793929
v 0.083778 0.701523 0.757493
v 0.240353 0.701523 0.840737
v 0.200366 0.701523 0.840949
v 0.213785 0.701523 0.841250
v 0.200377 0.701523 0.856647
v 0.213785 0.701523 0.856647
v 0.226959 0.701523 0.841250
v 0.226959 0.701523 0.856716
v 0.240353 0.701523 0.856716
v 0.210604 0.701523 0.501921
v 0.074259 0.701523 0.706069
v 0.098055 0.701523 0.697330
v 0.082539 0.701523 0.724269
v 0.050000 0.701523 0.690477
v 0.060985 0.701523 0.712010
v 0.070936 0.701523 0.685580
v 0.077673 0.701523 0.673883
v 0.057231 0.701523 0.677922
v 0.084314 0.701523 0.662353
v 0.070543 0.701523 0.654811
v 0.064142 0.701523 0.665923
v 0.110852 0.701523 0.616703
v 0.117388 0.701523 0.605355
v 0.097005 0.701523 0.608727
v 0.090320 0.701523 0.620334
v 0.103722 0.701523 0.628053
v 0.097147 0.701523 0.639469
v 0.090710 0.701523 0.651248
v 0.077113 0.701523 0.643403
v 0.083805 0.701523 0.631785
v 0.123754 0.701523 0.593868
v 0.110009 0.701523 0.585951
v 0.103455 0.701523 0.597330
v 0.130443 0.701523 0.582256
v 0.150198 0.701523 0.547899
v 0.156866 0.701523 0.536321
v 0.169870 0.701523 0.513223
v 0.160726 0.701523 0.498075
v 0.196289 0.701523 0.499911
v 0.156452 0.701523 0.505495
v 0.163290 0.701523 0.524646
v 0.143098 0.701523 0.528391
v 0.149747 0.701523 0.516846
v 0.136968 0.701523 0.570753
v 0.123298 0.701523 0.562879
v 0.116697 0.701523 0.574339
v 0.143463 0.701523 0.559477
v 0.130012 0.701523 0.551729
v 0.136697 0.701523 0.540122
v 0.098290 0.559693 0.750570
v 0.083472 0.559693 0.726318
v 0.074259 0.559693 0.706069
v 0.083778 0.559693 0.757493
v 0.071268 0.559693 0.732167
v 0.064142 0.559693 0.665923
v 0.070543 0.559693 0.654811
v 0.084314 0.559693 0.662353
v 0.077673 0.559693 0.673883
v 0.070936 0.559693 0.685580
v 0.050000 0.559693 0.690477
v 0.060985 0.559693 0.712010
v 0.057231 0.559693 0.677922
v 0.287263 0.555621 0.625947
v 0.295412 0.555621 0.659465
v 0.107489 0.559693 0.768092
v 0.118082 0.559693 0.784809
v 0.320390 0.555621 0.683255
v 0.144650 0.559693 0.827843
v 0.187550 0.559693 0.840949
v 0.174245 0.559693 0.840949
v 0.174389 0.559693 0.856647
v 0.187213 0.559693 0.856647
v 0.146053 0.559693 0.856647
v 0.132877 0.559693 0.836381
v 0.160746 0.559693 0.840949
v 0.160542 0.559693 0.856647
v 0.131701 0.559693 0.809754
v 0.104840 0.559693 0.793929
v 0.120542 0.559693 0.817410
v 0.077113 0.559693 0.643403
v 0.083805 0.559693 0.631785
v 0.097147 0.559693 0.639469
v 0.090710 0.559693 0.651248
v 0.110852 0.559693 0.616703
v 0.117388 0.559693 0.605355
v 0.317018 0.559693 0.516867
v 0.298460 0.555621 0.597895
v 0.323045 0.555621 0.580349
v 0.353213 0.555621 0.578881
v 0.103722 0.559693 0.628053
v 0.090320 0.559693 0.620334
v 0.097005 0.559693 0.608727
v 0.163290 0.559693 0.524646
v 0.169870 0.559693 0.513223
v 0.156452 0.559693 0.505495
v 0.160726 0.559693 0.498075
v 0.143098 0.559693 0.528391
v 0.149747 0.559693 0.516846
v 0.156866 0.559693 0.536321
v 0.150198 0.559693 0.547899
v 0.130443 0.559693 0.582256
v 0.123754 0.559693 0.593868
v 0.103455 0.559693 0.597330
v 0.110009 0.559693 0.585951
v 0.116697 0.559693 0.574339
v 0.123298 0.559693 0.562879
v 0.136968 0.559693 0.570753
v 0.143463 0.559693 0.559477
v 0.130012 0.559693 0.551729
v 0.136697 0.559693 0.540122
v 0.240353 0.559693 0.840737
v 0.226959 0.559693 0.841250
v 0.213785 0.559693 0.841250
v 0.226959 0.559693 0.856716
v 0.240353 0.559693 0.856716
v 0.213785 0.559693 0.856647
v 0.200377 0.559693 0.856647
v 0.200366 0.559693 0.840949
v 0.253449 0.559693 0.840737
v 0.429764 0.559693 0.711913
v 0.350286 0.555621 0.687553
v 0.377760 0.555621 0.675006
v 0.394090 0.555621 0.649597
v 0.394070 0.559693 0.602436
v 0.394090 0.555621 0.619393
v 0.386568 0.555621 0.607688
v 0.383963 0.559693 0.608279
v 0.385774 0.555621 0.606316
v 0.379386 0.555621 0.593956
v 0.353073 0.559693 0.454267
v 0.500000 0.559693 0.540048
v 0.500000 0.559693 0.711913
v 0.266580 0.559693 0.840953
v 0.266580 0.559693 0.856816
v 0.253449 0.559693 0.856816
v 0.279981 0.559693 0.840953
v 0.319613 0.559693 0.840982
v 0.332973 0.559693 0.840982
v 0.319613 0.559693 0.856563
v 0.306219 0.559693 0.856563
v 0.306219 0.559693 0.841039
v 0.293205 0.559693 0.841039
v 0.279981 0.559693 0.856816
v 0.293205 0.559693 0.856816
v 0.346297 0.559693 0.841242
v 0.346297 0.559693 0.856871
v 0.332973 0.559693 0.856871
v 0.359479 0.559693 0.841242
v 0.359479 0.559693 0.856727
v 0.368042 0.559693 0.856727
v 0.413977 0.565674 0.856809
v 0.368042 0.562038 0.856727
v 0.429764 0.562039 0.711913
v 0.452949 0.565674 0.751002
v 0.500000 0.562039 0.711913
v 0.570237 0.562039 0.711913
v 0.544942 0.565674 0.751002
v 0.498946 0.565674 0.751002
v 0.368042 0.696100 0.856727
v 0.413977 0.692464 0.856809
v 0.452949 0.692464 0.751002
v 0.538448 0.669191 0.906192
v 0.540910 0.669191 0.896947
v 0.535825 0.669191 0.896947
v 0.531640 0.669191 0.912663
v 0.551390 0.669191 0.906192
v 0.555676 0.669191 0.912663
v 0.559861 0.669191 0.896947
v 0.553874 0.669191 0.896864
v 0.563621 0.669191 0.885337
v 0.565713 0.669191 0.877479
v 0.540685 0.669191 0.877942
v 0.538715 0.669191 0.885337
v 0.531640 0.655097 0.912663
v 0.555676 0.655097 0.912663
v 0.535825 0.655097 0.896947
v 0.540910 0.655097 0.896947
v 0.538448 0.655097 0.906192
v 0.551390 0.655097 0.906192
v 0.553874 0.655097 0.896864
v 0.559861 0.655097 0.896947
v 0.540685 0.655097 0.877942
v 0.538715 0.655097 0.885337
v 0.565713 0.655097 0.877479
v 0.563621 0.655097 0.885337
v 0.431784 0.669191 0.882657
v 0.424104 0.669191 0.911499
v 0.429848 0.669191 0.911499
v 0.439252 0.669191 0.876186
v 0.419575 0.669191 0.882385
v 0.415216 0.669191 0.876186
v 0.411877 0.669191 0.911472
v 0.405806 0.669191 0.911523
v 0.503219 0.669191 0.876513
v 0.499522 0.669191 0.876513
v 0.498249 0.669191 0.881367
v 0.501927 0.669191 0.881367
v 0.487683 0.669191 0.852152
v 0.485221 0.669191 0.861396
v 0.490305 0.669191 0.861396
v 0.494491 0.669191 0.845681
v 0.474740 0.669191 0.852152
v 0.470455 0.669191 0.845681
v 0.466270 0.669191 0.861396
v 0.472256 0.669191 0.861480
v 0.498218 0.669191 0.833637
v 0.500310 0.669191 0.825780
v 0.495103 0.669191 0.826242
v 0.493133 0.669191 0.833637
v 0.479007 0.669191 0.833637
v 0.481100 0.669191 0.825780
v 0.475892 0.669191 0.826242
v 0.473923 0.669191 0.833637
v 0.169227 0.669191 0.423569
v 0.174997 0.669191 0.429371
v 0.187592 0.669191 0.407068
v 0.182157 0.669191 0.401634
v 0.161965 0.655097 0.381771
v 0.149503 0.655097 0.402846
v 0.149503 0.669191 0.402846
v 0.161965 0.669191 0.381771
v 0.173519 0.655097 0.393290
v 0.173519 0.669191 0.393290
v 0.170881 0.655097 0.397760
v 0.170881 0.669191 0.397760
v 0.164086 0.655097 0.390975
v 0.164086 0.669191 0.390975
v 0.157374 0.655097 0.402335
v 0.157374 0.669191 0.402335
v 0.164227 0.655097 0.409198
v 0.164227 0.669191 0.409198
v 0.161048 0.655097 0.414419
v 0.161048 0.669191 0.414419
v 0.187592 0.655097 0.407068
v 0.182157 0.655097 0.401634
v 0.174997 0.655097 0.429371
v 0.169227 0.655097 0.423569
v 0.240018 0.669192 0.308755
v 0.218737 0.669192 0.288045
v 0.215758 0.669192 0.293083
v 0.241807 0.669192 0.318477
v 0.246596 0.669192 0.298128
v 0.254291 0.669192 0.297276
v 0.225100 0.669192 0.277336
v 0.228202 0.669192 0.271986
v 0.208298 0.669191 0.374738
v 0.210218 0.669191 0.371476
v 0.206637 0.669191 0.367955
v 0.204727 0.669191 0.371197
v 0.237671 0.669191 0.373033
v 0.230866 0.669191 0.366303
v 0.228224 0.669191 0.370799
v 0.239789 0.669191 0.382255
v 0.244401 0.669192 0.361573
v 0.252291 0.669192 0.360949
v 0.240716 0.669192 0.349547
v 0.237532 0.669192 0.354799
v 0.248379 0.669191 0.391509
v 0.254159 0.669191 0.397252
v 0.256466 0.669191 0.392393
v 0.251025 0.669191 0.386993
v 0.258377 0.669191 0.374447
v 0.264161 0.669191 0.380168
v 0.266468 0.669191 0.375310
v 0.261023 0.669191 0.369931
v 0.228202 0.655097 0.271986
v 0.225100 0.655097 0.277336
v 0.254291 0.655097 0.297276
v 0.241807 0.655097 0.318477
v 0.215758 0.655097 0.293083
v 0.218737 0.655097 0.288045
v 0.240018 0.655097 0.308755
v 0.246596 0.655097 0.298128
v 0.206819 0.655097 0.308312
v 0.202333 0.655097 0.315687
v 0.202333 0.669192 0.315687
v 0.206819 0.669192 0.308312
v 0.218198 0.655097 0.319437
v 0.218198 0.669192 0.319437
v 0.219555 0.655097 0.317138
v 0.219555 0.669192 0.317138
v 0.226061 0.655097 0.323504
v 0.226061 0.669192 0.323504
v 0.224704 0.655097 0.325806
v 0.224704 0.669192 0.325806
v 0.232653 0.655097 0.333599
v 0.232653 0.669192 0.333599
v 0.222129 0.655097 0.351473
v 0.222129 0.669192 0.351473
v 0.217314 0.655097 0.346730
v 0.217314 0.669192 0.346730
v 0.223254 0.655097 0.336651
v 0.223254 0.669192 0.336651
v 0.213263 0.655097 0.326846
v 0.213263 0.669192 0.326846
v 0.211736 0.655097 0.329432
v 0.211736 0.669192 0.329432
v 0.206437 0.655097 0.324235
v 0.206437 0.669192 0.324235
v 0.208132 0.655097 0.321365
v 0.208132 0.669192 0.321365
v 0.213992 0.655097 0.364866
v 0.216888 0.655097 0.359975
v 0.216888 0.669192 0.359975
v 0.213992 0.669191 0.364866
v 0.201944 0.655097 0.352962
v 0.201944 0.669192 0.352962
v 0.196027 0.655097 0.362992
v 0.196027 0.669192 0.362992
v 0.182624 0.655097 0.349742
v 0.182624 0.669192 0.349742
v 0.184932 0.655097 0.345839
v 0.184932 0.669192 0.345839
v 0.194727 0.655097 0.355510
v 0.194727 0.669192 0.355510
v 0.198843 0.655097 0.348538
v 0.198843 0.669192 0.348538
v 0.188877 0.655097 0.338717
v 0.188877 0.669192 0.338717
v 0.191250 0.655097 0.334704
v 0.191250 0.669192 0.334704
v 0.210218 0.655097 0.371476
v 0.206637 0.655097 0.367955
v 0.208298 0.655097 0.374738
v 0.204727 0.655097 0.371197
v 0.204558 0.655097 0.381473
v 0.199136 0.655097 0.376039
v 0.199136 0.669191 0.376039
v 0.204558 0.669191 0.381473
v 0.193995 0.655097 0.399412
v 0.193995 0.669191 0.399412
v 0.167824 0.655097 0.373348
v 0.167824 0.669191 0.373348
v 0.171560 0.655097 0.367029
v 0.171560 0.669191 0.367029
v 0.178021 0.655097 0.373442
v 0.178021 0.669191 0.373442
v 0.182914 0.655097 0.365157
v 0.182914 0.669191 0.365157
v 0.189435 0.655097 0.371623
v 0.189435 0.669191 0.371623
v 0.184398 0.655097 0.380159
v 0.184398 0.669191 0.380159
v 0.192158 0.655097 0.387880
v 0.192158 0.669191 0.387880
v 0.221940 0.655097 0.452282
v 0.235701 0.655097 0.426938
v 0.235701 0.669191 0.426938
v 0.221940 0.669191 0.452282
v 0.208028 0.655097 0.438271
v 0.208028 0.669191 0.438271
v 0.211154 0.655097 0.432943
v 0.211154 0.669191 0.432943
v 0.219639 0.655097 0.441473
v 0.219639 0.669191 0.441473
v 0.226856 0.655097 0.429157
v 0.226856 0.669191 0.429157
v 0.211914 0.655097 0.414191
v 0.211914 0.669191 0.414191
v 0.209751 0.655097 0.417873
v 0.209751 0.669191 0.417873
v 0.204317 0.655097 0.412435
v 0.204317 0.669191 0.412435
v 0.210564 0.655097 0.401808
v 0.210564 0.669191 0.401808
v 0.251301 0.655097 0.402133
v 0.245881 0.655097 0.396690
v 0.245881 0.669191 0.396690
v 0.251301 0.669191 0.402133
v 0.240712 0.655097 0.420220
v 0.240712 0.669191 0.420220
v 0.214548 0.655097 0.394112
v 0.214548 0.669191 0.394112
v 0.218294 0.655097 0.387741
v 0.218294 0.669191 0.387741
v 0.224753 0.655097 0.394165
v 0.224753 0.669191 0.394165
v 0.229658 0.655097 0.385812
v 0.229658 0.669191 0.385812
v 0.236177 0.655097 0.392288
v 0.236177 0.669191 0.392288
v 0.231128 0.655097 0.400895
v 0.231128 0.669191 0.400895
v 0.238885 0.655097 0.408628
v 0.238885 0.669191 0.408628
v 0.239789 0.655097 0.382255
v 0.252291 0.655097 0.360949
v 0.228224 0.655097 0.370799
v 0.230866 0.655097 0.366303
v 0.237671 0.655097 0.373033
v 0.244401 0.655097 0.361573
v 0.237532 0.655097 0.354799
v 0.240716 0.655097 0.349547
v 0.254159 0.655097 0.397252
v 0.256466 0.655097 0.392393
v 0.248379 0.655097 0.391509
v 0.251025 0.655097 0.386993
v 0.266468 0.655097 0.375310
v 0.261023 0.655097 0.369931
v 0.264161 0.655097 0.380168
v 0.258377 0.655097 0.374447
v 0.280025 0.655097 0.351800
v 0.283811 0.655097 0.345690
v 0.283811 0.669192 0.345690
v 0.280025 0.669192 0.351800
v 0.272664 0.655097 0.344573
v 0.272664 0.669192 0.344573
v 0.267138 0.655097 0.354001
v 0.267138 0.669192 0.354001
v 0.274628 0.655097 0.361374
v 0.274628 0.669192 0.361374
v 0.271417 0.655097 0.366858
v 0.271417 0.669191 0.366858
v 0.249627 0.655097 0.345406
v 0.249627 0.669192 0.345406
v 0.252593 0.655097 0.340357
v 0.252593 0.669192 0.340357
v 0.257021 0.655097 0.344704
v 0.257021 0.669192 0.344704
v 0.263025 0.655097 0.334477
v 0.263025 0.669192 0.334477
v 0.254521 0.655097 0.326154
v 0.254521 0.669192 0.326154
v 0.257928 0.655097 0.320359
v 0.257928 0.669192 0.320359
v 0.796463 0.669192 0.323231
v 0.787189 0.669192 0.325723
v 0.789741 0.669192 0.330243
v 0.805494 0.669192 0.325996
v 0.789981 0.669192 0.311738
v 0.793473 0.669192 0.304667
v 0.777678 0.669192 0.308878
v 0.780610 0.669192 0.314242
v 0.765664 0.669192 0.311387
v 0.757755 0.669192 0.313483
v 0.770773 0.669192 0.335541
v 0.778196 0.669192 0.333551
v 0.805494 0.655097 0.325996
v 0.793473 0.655097 0.304667
v 0.789741 0.655097 0.330243
v 0.787189 0.655097 0.325723
v 0.796463 0.655097 0.323231
v 0.789981 0.655097 0.311738
v 0.780610 0.655097 0.314242
v 0.777678 0.655097 0.308878
v 0.770773 0.655097 0.335541
v 0.778196 0.655097 0.333551
v 0.757755 0.655097 0.313483
v 0.765664 0.655097 0.311387
v 0.829702 0.669191 0.430100
v 0.858277 0.669191 0.422025
v 0.855404 0.669191 0.416927
v 0.820387 0.669191 0.426788
v 0.835615 0.669191 0.441110
v 0.832506 0.669191 0.448200
v 0.864370 0.669191 0.432890
v 0.867451 0.669191 0.438252
v 0.788419 0.669191 0.369638
v 0.790283 0.669191 0.372932
v 0.795123 0.669191 0.371591
v 0.793270 0.669191 0.368316
v 0.775208 0.669191 0.395928
v 0.784439 0.669191 0.393400
v 0.781867 0.669191 0.388864
v 0.766163 0.669191 0.393152
v 0.781768 0.669191 0.407487
v 0.778363 0.669191 0.414632
v 0.794025 0.669191 0.410309
v 0.791069 0.669191 0.404925
v 0.753854 0.669191 0.395964
v 0.745990 0.669191 0.398098
v 0.749044 0.669191 0.402526
v 0.756441 0.669191 0.400513
v 0.763631 0.669191 0.413154
v 0.755784 0.669191 0.415302
v 0.758837 0.669191 0.419729
v 0.766218 0.669191 0.417703
v 0.577496 0.693055 0.575302
v 0.568265 0.693055 0.573261
v 0.568265 0.707203 0.573261
v 0.577496 0.707203 0.575302
v 0.598632 0.693055 0.591536
v 0.598632 0.707203 0.591536
v 0.595884 0.693055 0.600354
v 0.595884 0.707203 0.600354
v 0.584894 0.693055 0.600294
v 0.584894 0.707203 0.600294
v 0.532012 0.693055 0.563884
v 0.532012 0.707203 0.563884
v 0.512655 0.693055 0.570699
v 0.512655 0.707203 0.570699
v 0.511154 0.693055 0.580271
v 0.511154 0.707203 0.580271
v 0.504038 0.693055 0.585476
v 0.504038 0.707203 0.585476
v 0.504152 0.693055 0.606694
v 0.504152 0.707203 0.606694
v 0.502508 0.693055 0.633499
v 0.502508 0.707203 0.633499
v 0.490817 0.693055 0.632632
v 0.490817 0.707203 0.632632
v 0.488958 0.693055 0.607613
v 0.488958 0.707203 0.607613
v 0.492944 0.693055 0.601557
v 0.492944 0.707203 0.601557
v 0.491267 0.693055 0.575154
v 0.491267 0.707203 0.575154
v 0.472195 0.693055 0.563017
v 0.472195 0.707203 0.563017
v 0.415846 0.693055 0.596826
v 0.415846 0.707203 0.596826
v 0.414113 0.693055 0.587290
v 0.414113 0.707203 0.587290
v 0.500072 0.083660 0.847649
v 0.500000 0.057276 0.847649
v 0.541693 0.057276 0.847672
v 0.541693 0.083660 0.847672
v 0.458307 0.057276 0.847672
v 0.499855 0.083660 0.847649
v 0.458307 0.083660 0.847672
v 0.815073 0.083660 0.400347
v 0.822564 0.000238 0.394074
v 0.822564 0.319073 0.394074
v 0.815073 0.000162 0.400347
v 0.814966 0.522538 0.400437
v 0.821804 0.522538 0.394710
v 0.821804 0.565016 0.394710
v 0.814966 0.536618 0.400437
v 0.768140 0.565079 0.439646
v 0.788212 0.536569 0.422838
v 0.786567 0.249921 0.424216
v 0.788212 0.434762 0.422838
v 0.804797 0.413922 0.408951
v 0.804797 0.341402 0.408951
v 0.815318 0.249921 0.400141
v 0.815318 0.138314 0.400141
v 0.786567 0.138314 0.424216
v 0.786377 0.083660 0.424375
v 0.768140 0.057276 0.439645
v 0.786377 0.057276 0.424375
v 0.889636 0.341310 0.688801
v 0.882689 0.340750 0.686997
v 0.895638 0.364507 0.709480
v 0.902711 0.365296 0.711502
v 0.902611 0.369541 0.707695
v 0.895638 0.369541 0.709480
v 0.881304 0.344334 0.684592
v 0.888276 0.344334 0.682808
v 0.854760 0.321384 0.624615
v 0.847787 0.321384 0.626400
v 0.862468 0.342027 0.651889
v 0.869440 0.342027 0.650104
v 0.862043 0.406885 0.651151
v 0.869015 0.406885 0.649366
v 0.837297 0.341483 0.593766
v 0.831060 0.341483 0.597358
v 0.843396 0.355706 0.618776
v 0.849632 0.355706 0.615184
v 0.843072 0.381426 0.618213
v 0.849309 0.381426 0.614621
v 0.858069 0.401755 0.644252
v 0.864306 0.401755 0.640660
v 0.857980 0.345099 0.644097
v 0.864217 0.345099 0.640505
v 0.844285 0.326778 0.620320
v 0.850522 0.326778 0.616728
v 0.888276 0.432398 0.682808
v 0.888013 0.282923 0.682350
v 0.902611 0.451278 0.707695
v 0.888276 0.133448 0.682807
v 0.869015 0.158961 0.649366
v 0.869440 0.223819 0.650104
v 0.854760 0.244462 0.624615
v 0.854847 0.282923 0.624767
v 0.888276 0.221512 0.682807
v 0.902611 0.196305 0.707695
v 0.902611 0.114568 0.707695
v 0.881040 0.282923 0.684135
v 0.881304 0.221512 0.684592
v 0.844384 0.282923 0.620491
v 0.844285 0.239068 0.620320
v 0.850522 0.239068 0.616728
v 0.850620 0.282923 0.616899
v 0.902711 0.282923 0.711502
v 0.902711 0.200550 0.711502
v 0.889636 0.224536 0.688801
v 0.889636 0.282923 0.688801
v 0.828910 0.282923 0.593625
v 0.828910 0.134562 0.593625
v 0.823421 0.134562 0.596786
v 0.823421 0.282923 0.596786
v 0.823421 0.431284 0.596786
v 0.828910 0.431284 0.593625
v 0.882689 0.282923 0.686997
v 0.882689 0.225096 0.686997
v 0.895638 0.201339 0.709480
v 0.895638 0.196305 0.709480
v 0.847875 0.282923 0.626552
v 0.847787 0.244462 0.626400
v 0.862468 0.223819 0.651889
v 0.862043 0.158961 0.651151
v 0.895638 0.114568 0.709480
v 0.881304 0.133448 0.684592
v 0.831060 0.282923 0.597358
v 0.837297 0.282923 0.593766
v 0.837297 0.224363 0.593766
v 0.831060 0.224363 0.597358
v 0.849632 0.210140 0.615184
v 0.843396 0.210140 0.618776
v 0.849309 0.184420 0.614621
v 0.843072 0.184420 0.618213
v 0.864306 0.164091 0.640660
v 0.858069 0.164091 0.644252
v 0.864217 0.220747 0.640505
v 0.857980 0.220747 0.644097
v 0.451028 0.669191 0.887186
v 0.448678 0.669191 0.896011
v 0.451293 0.669191 0.896011
v 0.453643 0.669191 0.887186
v 0.476780 0.669191 0.876400
v 0.456515 0.669191 0.876400
v 0.447183 0.669191 0.911443
v 0.455652 0.669191 0.911552
v 0.457747 0.669191 0.903685
v 0.459989 0.669191 0.896495
v 0.463599 0.669191 0.882937
v 0.475039 0.669191 0.882937
v 0.461016 0.669191 0.903685
v 0.462931 0.669191 0.896495
v 0.487726 0.669191 0.892980
v 0.492084 0.669191 0.876615
v 0.477261 0.669191 0.911415
v 0.486532 0.669191 0.876601
v 0.481836 0.669191 0.911415
v 0.485440 0.669191 0.897883
v 0.493373 0.669191 0.897883
v 0.499129 0.669191 0.892980
v 0.489830 0.669191 0.911187
v 0.494280 0.669191 0.911187
v 0.826524 0.282923 0.589483
v 0.826649 0.437500 0.589699
v 0.821161 0.437500 0.592861
v 0.821036 0.282923 0.592644
v 0.821161 0.128346 0.592860
v 0.826649 0.128346 0.589699
v 0.889356 0.527600 0.708678
v 0.889339 0.519381 0.710140
v 0.889339 0.046465 0.710140
v 0.889356 0.038247 0.708678
v 0.509665 0.669191 0.894266
v 0.507305 0.669191 0.903128
v 0.516739 0.669191 0.903128
v 0.519372 0.669191 0.894266
v 0.514400 0.669191 0.911911
v 0.521607 0.669191 0.911911
v 0.522182 0.669191 0.883715
v 0.531085 0.669191 0.876319
v 0.510747 0.669191 0.876319
v 0.508741 0.669191 0.883715
v 0.880848 0.613991 0.435734
v 0.886879 0.613991 0.432260
v 0.863740 0.614290 0.392085
v 0.857709 0.614290 0.395559
v 0.856678 0.638639 0.379823
v 0.850647 0.638639 0.383297
v 0.838194 0.638657 0.347731
v 0.832163 0.638657 0.351205
v 0.837967 0.659410 0.347337
v 0.831936 0.659410 0.350810
v 0.886879 0.659410 0.432260
v 0.880848 0.659410 0.435734
v 0.832432 0.561741 0.351672
v 0.838463 0.561741 0.348198
v 0.838692 0.584342 0.348597
v 0.832661 0.584342 0.352071
v 0.856308 0.584006 0.379181
v 0.850277 0.584006 0.382655
v 0.863717 0.609574 0.392045
v 0.857686 0.609574 0.395518
v 0.886879 0.609275 0.432260
v 0.880848 0.609275 0.435734
v 0.886879 0.561741 0.432260
v 0.880848 0.561741 0.435734
v 0.848761 0.633954 0.380024
v 0.854792 0.633954 0.376550
v 0.861449 0.611970 0.388108
v 0.855418 0.611970 0.391581
v 0.854456 0.589045 0.375966
v 0.848425 0.589045 0.379439
v 0.740801 0.665741 0.565088
v 0.740801 0.555410 0.565088
v 0.890387 0.555410 0.438349
v 0.890387 0.665741 0.438349
v 0.614948 0.696217 0.607156
v 0.622687 0.696217 0.595800
v 0.647631 0.696217 0.581433
v 0.676383 0.696217 0.582833
v 0.699814 0.696217 0.599555
v 0.710485 0.696217 0.626290
v 0.702637 0.696217 0.658362
v 0.867326 0.701523 0.753535
v 0.901945 0.701523 0.697330
v 0.789396 0.701523 0.501921
v 0.682982 0.701523 0.516867
v 0.882612 0.701523 0.605355
v 0.876246 0.701523 0.593868
v 0.869557 0.701523 0.582256
v 0.896545 0.701523 0.597330
v 0.889991 0.701523 0.585951
v 0.883303 0.701523 0.574339
v 0.876702 0.701523 0.562879
v 0.863032 0.701523 0.570753
v 0.849802 0.701523 0.547899
v 0.925741 0.701523 0.706069
v 0.889148 0.701523 0.616703
v 0.915686 0.701523 0.662353
v 0.909290 0.701523 0.651248
v 0.902853 0.701523 0.639469
v 0.922887 0.701523 0.643403
v 0.916195 0.701523 0.631785
v 0.843134 0.701523 0.536321
v 0.896278 0.701523 0.628053
v 0.909680 0.701523 0.620334
v 0.902995 0.701523 0.608727
v 0.856537 0.701523 0.559477
v 0.869988 0.701523 0.551729
v 0.863303 0.701523 0.540122
v 0.935858 0.701523 0.665923
v 0.929457 0.701523 0.654811
v 0.922327 0.701523 0.673883
v 0.929064 0.701523 0.685580
v 0.950000 0.701523 0.690477
v 0.939015 0.701523 0.712010
v 0.942769 0.701523 0.677922
v 0.830131 0.701523 0.513223
v 0.836710 0.701523 0.524646
v 0.856902 0.701523 0.528391
v 0.850253 0.701523 0.516846
v 0.843548 0.701523 0.505495
v 0.839274 0.701523 0.498075
v 0.917461 0.701523 0.724269
v 0.916528 0.701523 0.726318
v 0.901710 0.701523 0.750570
v 0.892511 0.701523 0.768092
v 0.803711 0.701523 0.499911
v 0.919447 0.701523 0.727717
v 0.925629 0.701523 0.738449
v 0.928732 0.701523 0.732167
v 0.916222 0.701523 0.757493
v 0.631958 0.701523 0.856727
v 0.640521 0.701523 0.856727
v 0.640521 0.701523 0.841242
v 0.610397 0.701523 0.811585
v 0.855350 0.701523 0.827843
v 0.835901 0.701523 0.811585
v 0.866988 0.701523 0.811585
v 0.868299 0.701523 0.809754
v 0.881918 0.701523 0.784809
v 0.615799 0.701523 0.824993
v 0.870968 0.701523 0.811585
v 0.879458 0.701523 0.817410
v 0.883353 0.701523 0.811585
v 0.895160 0.701523 0.793929
v 0.853947 0.701523 0.856647
v 0.867123 0.701523 0.836381
v 0.839254 0.701523 0.840949
v 0.839458 0.701523 0.856647
v 0.825755 0.701523 0.840949
v 0.812450 0.701523 0.840949
v 0.825611 0.701523 0.856647
v 0.812787 0.701523 0.856647
v 0.759647 0.701523 0.840737
v 0.799634 0.701523 0.840949
v 0.746551 0.701523 0.840737
v 0.786215 0.701523 0.841250
v 0.786215 0.701523 0.856647
v 0.799623 0.701523 0.856647
v 0.773041 0.701523 0.841250
v 0.773041 0.701523 0.856716
v 0.759647 0.701523 0.856716
v 0.733420 0.701523 0.840953
v 0.733420 0.701523 0.856816
v 0.746551 0.701523 0.856816
v 0.720019 0.701523 0.840953
v 0.680387 0.701523 0.840982
v 0.667027 0.701523 0.840982
v 0.653704 0.701523 0.841242
v 0.667027 0.701523 0.856871
v 0.653704 0.701523 0.856871
v 0.706795 0.701523 0.841039
v 0.706795 0.701523 0.856816
v 0.720019 0.701523 0.856816
v 0.693782 0.701523 0.841039
v 0.693782 0.701523 0.856563
v 0.680387 0.701523 0.856563
v 0.863032 0.559693 0.570753
v 0.883303 0.559693 0.574339
v 0.869557 0.559693 0.582256
v 0.876702 0.559693 0.562879
v 0.876246 0.559693 0.593868
v 0.889991 0.559693 0.585951
v 0.896545 0.559693 0.597330
v 0.882612 0.559693 0.605355
v 0.849802 0.559693 0.547899
v 0.856537 0.559693 0.559477
v 0.869988 0.559693 0.551729
v 0.863303 0.559693 0.540122
v 0.682982 0.559693 0.516867
v 0.843134 0.559693 0.536321
v 0.836710 0.559693 0.524646
v 0.856902 0.559693 0.528391
v 0.850253 0.559693 0.516846
v 0.839274 0.559693 0.498075
v 0.843548 0.559693 0.505495
v 0.830131 0.559693 0.513223
v 0.605930 0.559693 0.602436
v 0.646927 0.559693 0.454267
v 0.610872 0.559693 0.391668
v 0.687862 0.559693 0.266215
v 0.701279 0.559693 0.258487
v 0.705553 0.559693 0.265907
v 0.604484 0.553740 0.619059
v 0.604484 0.553740 0.650091
v 0.298721 0.559693 0.258487
v 0.312138 0.559693 0.266215
v 0.389128 0.559693 0.391668
v 0.294447 0.559693 0.265907
v 0.648437 0.559693 0.166563
v 0.654991 0.559693 0.177942
v 0.641246 0.559693 0.185859
v 0.634504 0.559693 0.174588
v 0.647934 0.559693 0.197471
v 0.674407 0.559693 0.243377
v 0.531032 0.559693 0.311792
v 0.549490 0.559693 0.335313
v 0.552301 0.559693 0.365078
v 0.538573 0.559693 0.391638
v 0.512665 0.559693 0.406560
v 0.500001 0.559693 0.407347
v 0.487336 0.559693 0.406560
v 0.627968 0.559693 0.163240
v 0.681283 0.559693 0.254792
v 0.688176 0.559693 0.235446
v 0.694826 0.559693 0.246992
v 0.615153 0.559693 0.139961
v 0.621728 0.559693 0.151377
v 0.635130 0.559693 0.143658
v 0.641815 0.559693 0.155265
v 0.621803 0.559693 0.120658
v 0.628495 0.559693 0.132277
v 0.608194 0.559693 0.128483
v 0.601798 0.559693 0.117378
v 0.569030 0.559693 0.086744
v 0.518479 0.559693 0.085200
v 0.500001 0.559693 0.302053
v 0.500000 0.559693 0.084361
v 0.481521 0.559693 0.085200
v 0.468969 0.559693 0.311792
v 0.430970 0.559693 0.086744
v 0.398202 0.559693 0.117378
v 0.404842 0.559693 0.105848
v 0.391167 0.559693 0.098138
v 0.384767 0.559693 0.109251
v 0.405310 0.559693 0.073584
v 0.429448 0.559693 0.072281
v 0.411580 0.559693 0.094151
v 0.398078 0.559693 0.086140
v 0.608833 0.559693 0.098138
v 0.615233 0.559693 0.109251
v 0.595158 0.559693 0.105848
v 0.588420 0.559693 0.094151
v 0.594690 0.559693 0.073584
v 0.570552 0.559693 0.072281
v 0.601922 0.559693 0.086140
v 0.365496 0.559693 0.174588
v 0.372032 0.559693 0.163240
v 0.391806 0.559693 0.128483
v 0.384847 0.559693 0.139961
v 0.378197 0.559693 0.120658
v 0.371505 0.559693 0.132277
v 0.378272 0.559693 0.151377
v 0.364870 0.559693 0.143658
v 0.358185 0.559693 0.155265
v 0.358754 0.559693 0.185859
v 0.345009 0.559693 0.177942
v 0.351563 0.559693 0.166563
v 0.352066 0.559693 0.197471
v 0.325593 0.559693 0.243377
v 0.450511 0.559693 0.335313
v 0.447700 0.559693 0.365078
v 0.461428 0.559693 0.391638
v 0.332261 0.559693 0.231799
v 0.345391 0.559693 0.208888
v 0.331720 0.559693 0.201014
v 0.338321 0.559693 0.189554
v 0.338896 0.559693 0.220164
v 0.325444 0.559693 0.212416
v 0.318759 0.559693 0.224023
v 0.318717 0.559693 0.254792
v 0.311824 0.559693 0.235447
v 0.305174 0.559693 0.246992
v 0.537120 0.669191 0.860909
v 0.539090 0.669191 0.853513
v 0.534930 0.669191 0.853513
v 0.525102 0.669191 0.860909
v 0.540346 0.669191 0.833175
v 0.534211 0.669191 0.826704
v 0.554213 0.669191 0.833175
v 0.562191 0.669191 0.825780
v 0.551135 0.669191 0.844731
v 0.557144 0.669191 0.844731
v 0.816419 0.565675 0.458228
v 0.839274 0.562039 0.498075
v 0.682982 0.562039 0.516867
v 0.704755 0.565675 0.476352
v 0.839274 0.696100 0.498075
v 0.816419 0.692464 0.458228
v 0.704755 0.692464 0.476352
v 0.901710 0.559693 0.750570
v 0.916222 0.559693 0.757493
v 0.925741 0.559693 0.706069
v 0.939015 0.559693 0.712010
v 0.950000 0.559693 0.690477
v 0.942769 0.559693 0.677922
v 0.929064 0.559693 0.685580
v 0.922327 0.559693 0.673882
v 0.935858 0.559693 0.665923
v 0.929457 0.559693 0.654811
v 0.915686 0.559693 0.662353
v 0.909290 0.559693 0.651248
v 0.922887 0.559693 0.643403
v 0.916195 0.559693 0.631785
v 0.902853 0.559693 0.639469
v 0.896278 0.559693 0.628053
v 0.909680 0.559693 0.620334
v 0.902995 0.559693 0.608727
v 0.889148 0.559693 0.616703
v 0.805089 0.522538 0.365650
v 0.804016 0.522538 0.363789
v 0.805089 0.565016 0.365650
v 0.804016 0.565016 0.363789
v 0.802945 0.565016 0.361927
v 0.786196 0.565016 0.332886
v 0.802945 0.522538 0.361927
v 0.786196 0.522538 0.332886
v 0.797471 0.522538 0.370038
v 0.796398 0.522538 0.368177
v 0.795327 0.522538 0.366315
v 0.777811 0.522538 0.335928
v 0.786143 0.413922 0.376562
v 0.785071 0.413922 0.374701
v 0.767665 0.434762 0.387205
v 0.766594 0.434762 0.385343
v 0.765521 0.434762 0.383482
v 0.745009 0.434762 0.347828
v 0.783999 0.413922 0.372839
v 0.765343 0.413922 0.340451
v 0.786143 0.341402 0.376562
v 0.785071 0.341402 0.374701
v 0.783999 0.341402 0.372839
v 0.765343 0.341402 0.340451
v 0.805935 0.000238 0.365163
v 0.804862 0.000238 0.363302
v 0.805935 0.319073 0.365163
v 0.804862 0.319073 0.363302
v 0.803791 0.319073 0.361440
v 0.787127 0.319073 0.332548
v 0.803791 0.000238 0.361439
v 0.787127 0.000238 0.332548
v 0.765620 0.057276 0.388383
v 0.764549 0.057276 0.386521
v 0.765620 0.083660 0.388383
v 0.764549 0.083660 0.386521
v 0.763476 0.083660 0.384660
v 0.742759 0.083660 0.348645
v 0.763476 0.057276 0.384660
v 0.742759 0.057276 0.348645
v 0.646927 0.701523 0.454267
v 0.680799 0.692464 0.434758
v 0.656842 0.692464 0.393164
v 0.610872 0.701523 0.391668
v 0.680799 0.565675 0.434758
v 0.656842 0.565675 0.393164
v 0.646927 0.562039 0.454267
v 0.610872 0.562039 0.391668
v 0.720399 0.057276 0.356757
v 0.742992 0.138314 0.348560
v 0.777942 0.083660 0.335880
v 0.778243 0.138314 0.335771
v 0.778243 0.249921 0.335771
v 0.742992 0.249921 0.348560
v 0.745009 0.536569 0.347828
v 0.720399 0.565079 0.356757
v 0.777811 0.536618 0.335928
v 0.777942 0.000162 0.335880
v 0.504718 0.669191 0.843727
v 0.502358 0.669191 0.852589
v 0.511792 0.669191 0.852589
v 0.514424 0.669191 0.843727
v 0.509453 0.669191 0.861371
v 0.516659 0.669191 0.861371
v 0.517234 0.669191 0.833175
v 0.526137 0.669191 0.825780
v 0.505799 0.669191 0.825780
v 0.503793 0.669191 0.833175
v 0.565836 0.341310 0.126638
v 0.552761 0.365296 0.103937
v 0.550974 0.364507 0.111071
v 0.563924 0.340750 0.133554
v 0.556017 0.369541 0.105935
v 0.570351 0.344334 0.130823
v 0.565309 0.344334 0.135958
v 0.550974 0.369541 0.111071
v 0.603868 0.321384 0.189015
v 0.589187 0.342027 0.163526
v 0.584145 0.342027 0.168661
v 0.598825 0.321384 0.194150
v 0.589612 0.406885 0.164264
v 0.584570 0.406885 0.169399
v 0.570351 0.432398 0.130823
v 0.556017 0.451278 0.105935
v 0.550974 0.451278 0.111071
v 0.565309 0.432398 0.135958
v 0.621789 0.341484 0.219600
v 0.609453 0.355707 0.198182
v 0.603217 0.355707 0.201775
v 0.615553 0.341484 0.223192
v 0.609777 0.381426 0.198745
v 0.603541 0.381426 0.202337
v 0.594780 0.401755 0.172706
v 0.588543 0.401755 0.176298
v 0.594869 0.345099 0.172861
v 0.588633 0.345099 0.176453
v 0.608564 0.326778 0.196638
v 0.602327 0.326778 0.200230
v 0.615553 0.434123 0.223192
v 0.550974 0.519381 0.111071
v 0.617703 0.134563 0.226926
v 0.615553 0.131723 0.223192
v 0.615553 0.200633 0.223192
v 0.603541 0.184420 0.202337
v 0.584570 0.158961 0.169399
v 0.588543 0.164092 0.176298
v 0.588633 0.220747 0.176453
v 0.584145 0.223819 0.168661
v 0.602327 0.239068 0.200230
v 0.598825 0.244462 0.194150
v 0.602229 0.282923 0.200059
v 0.598738 0.282923 0.193998
v 0.550974 0.114568 0.111071
v 0.550974 0.046465 0.111071
v 0.565309 0.133448 0.135958
v 0.615553 0.365214 0.223192
v 0.617703 0.431284 0.226926
v 0.615553 0.282923 0.223192
v 0.617703 0.282923 0.226926
v 0.615553 0.224363 0.223192
v 0.603217 0.210140 0.201775
v 0.433232 0.669191 0.861350
v 0.439787 0.669191 0.861350
v 0.442859 0.669191 0.849815
v 0.449551 0.669191 0.826422
v 0.442582 0.669191 0.826242
v 0.446891 0.669191 0.836411
v 0.457511 0.669191 0.836411
v 0.454404 0.669191 0.849815
v 0.458509 0.669191 0.855824
v 0.452804 0.669191 0.855824
v 0.466387 0.669191 0.826242
v 0.460219 0.669191 0.826242
v 0.565572 0.282923 0.136416
v 0.570615 0.282923 0.131280
v 0.570351 0.221512 0.130823
v 0.565309 0.221512 0.135958
v 0.608466 0.282923 0.196467
v 0.608564 0.239068 0.196638
v 0.552761 0.282923 0.103937
v 0.565836 0.282923 0.126638
v 0.565836 0.224536 0.126638
v 0.552761 0.200550 0.103937
v 0.612215 0.431284 0.230087
v 0.612215 0.282923 0.230087
v 0.612215 0.134563 0.230087
v 0.826649 0.000000 0.589699
v 0.895638 0.000000 0.709479
v 0.870526 0.000000 0.755384
v 0.500000 0.000000 0.540048
v 0.820366 0.000000 0.578791
v 0.769333 0.000000 0.426593
v 0.813536 0.000000 0.358306
v 0.819274 0.000000 0.388126
v 0.821211 0.000000 0.372785
v 0.837189 0.000000 0.544809
v 0.535108 0.000000 0.831795
v 0.692465 0.000000 0.800056
v 0.705054 0.000000 0.800056
v 0.843281 0.000000 0.800056
v 0.671415 0.000000 0.831594
v 0.526701 0.000000 0.894271
v 0.514374 0.000000 0.903606
v 0.500000 0.000000 0.904200
v 0.485626 0.000000 0.903606
v 0.179634 0.000000 0.578791
v 0.162811 0.000000 0.544809
v 0.230667 0.000000 0.426593
v 0.173351 0.000000 0.589699
v 0.128933 0.000000 0.754425
v 0.164127 0.000000 0.735353
v 0.129454 0.000000 0.755395
v 0.130035 0.000000 0.756332
v 0.464892 0.000000 0.831795
v 0.473299 0.000000 0.894271
v 0.104362 0.000000 0.709480
v 0.294946 0.000000 0.800056
v 0.156719 0.000000 0.800056
v 0.307535 0.000000 0.800056
v 0.328585 0.000000 0.831594
v 0.186464 0.000000 0.358306
v 0.180726 0.000000 0.388126
v 0.178789 0.000000 0.372785
v 0.195137 0.000000 0.344401
v 0.626247 0.000000 0.241759
v 0.664082 0.000000 0.244260
v 0.732287 0.000000 0.362275
v 0.500000 0.000000 0.109777
v 0.267713 0.000000 0.362275
v 0.209379 0.000000 0.338379
v 0.619964 0.000000 0.230851
v 0.550974 0.000000 0.111071
v 0.790621 0.000000 0.338379
v 0.804863 0.000000 0.344401
v 0.380036 0.000000 0.230851
v 0.449026 0.000000 0.111071
v 0.373753 0.000000 0.241759
v 0.335918 0.000000 0.244260
v 0.563924 0.282923 0.133554
v 0.563924 0.225096 0.133554
v 0.550974 0.201339 0.111071
v 0.556017 0.196306 0.105935
v 0.550974 0.196306 0.111071
v 0.603868 0.244462 0.189015
v 0.603781 0.282923 0.188863
v 0.589187 0.223819 0.163526
v 0.589612 0.158961 0.164264
v 0.621789 0.224363 0.219600
v 0.621789 0.282923 0.219600
v 0.823907 0.669191 0.410638
v 0.832673 0.669191 0.408187
v 0.831360 0.669191 0.405863
v 0.822591 0.669191 0.408312
v 0.801651 0.669191 0.393248
v 0.811867 0.669191 0.411300
v 0.846684 0.669191 0.401570
v 0.842540 0.669191 0.393998
v 0.834724 0.669191 0.396181
v 0.827411 0.669191 0.397884
v 0.813925 0.669191 0.401634
v 0.808166 0.669191 0.391450
v 0.833086 0.669191 0.393278
v 0.825935 0.669191 0.395269
v 0.810454 0.669191 0.375024
v 0.794120 0.669191 0.379505
v 0.831613 0.669191 0.374891
v 0.796908 0.669191 0.384459
v 0.829324 0.669191 0.370830
v 0.815836 0.669191 0.374550
v 0.811856 0.669191 0.367499
v 0.804726 0.669191 0.364884
v 0.825128 0.669192 0.363852
v 0.822902 0.669192 0.359902
v 0.609453 0.210140 0.198182
v 0.609777 0.184420 0.198745
v 0.594780 0.164092 0.172706
v 0.594869 0.220747 0.172861
v 0.800548 0.669192 0.354860
v 0.809407 0.669192 0.352446
v 0.804679 0.669192 0.344066
v 0.795673 0.669192 0.346230
v 0.813464 0.669192 0.341677
v 0.809859 0.669192 0.335281
v 0.785107 0.669192 0.349090
v 0.774202 0.669192 0.344915
v 0.784456 0.669192 0.363032
v 0.791873 0.669192 0.361054
v 0.757762 0.669192 0.347342
v 0.750335 0.669192 0.349329
v 0.752443 0.669192 0.353044
v 0.763842 0.669192 0.358065
v 0.732011 0.669192 0.358501
v 0.729510 0.669191 0.367270
v 0.724953 0.669192 0.346092
v 0.714442 0.669192 0.342681
v 0.736583 0.669192 0.343009
v 0.733532 0.669192 0.337638
v 0.620088 0.282923 0.231067
v 0.619964 0.128346 0.230851
v 0.614476 0.128346 0.234012
v 0.614600 0.282923 0.234228
v 0.614476 0.437500 0.234012
v 0.619964 0.437500 0.230851
v 0.759280 0.669191 0.385007
v 0.768148 0.669191 0.382600
v 0.763367 0.669191 0.374175
v 0.754351 0.669191 0.376331
v 0.772159 0.669191 0.371793
v 0.768514 0.669191 0.365364
v 0.743775 0.669191 0.379182
v 0.732823 0.669191 0.374969
v 0.743192 0.669191 0.393182
v 0.750616 0.669191 0.391210
v 0.548515 0.038247 0.116907
v 0.547242 0.046465 0.116188
v 0.547242 0.519381 0.116188
v 0.548515 0.527600 0.116907
v 0.810697 0.669191 0.439809
v 0.807381 0.669191 0.433960
v 0.795921 0.669191 0.437163
v 0.772420 0.669191 0.443225
v 0.775818 0.669191 0.449558
v 0.782359 0.669191 0.440463
v 0.776957 0.669191 0.430963
v 0.790067 0.669191 0.426850
v 0.793156 0.669191 0.420096
v 0.796045 0.669191 0.425189
v 0.763683 0.669191 0.428241
v 0.766827 0.669191 0.433764
v 0.830878 0.633940 0.348975
v 0.831375 0.589059 0.349837
v 0.830594 0.589060 0.348481
v 0.830594 0.633939 0.348481
v 0.830310 0.633940 0.347988
v 0.829813 0.589059 0.347125
v 0.805770 0.611971 0.305381
v 0.812763 0.589045 0.317523
v 0.812426 0.633954 0.316938
v 0.550974 0.038247 0.111071
v 0.626247 0.282923 0.241759
v 0.625192 0.565846 0.241760
v 0.618909 0.565846 0.230851
v 0.550974 0.527600 0.111071
v 0.549920 0.565846 0.111071
v 0.881304 0.432398 0.684592
v 0.895638 0.451278 0.709480
v 0.804863 0.282923 0.344401
v 0.803808 0.565846 0.344402
v 0.812482 0.565846 0.358306
v 0.813536 0.282923 0.358306
v 0.821211 0.282923 0.372785
v 0.820156 0.565846 0.372785
v 0.780339 0.613991 0.261229
v 0.803479 0.614290 0.301404
v 0.809510 0.614290 0.297930
v 0.786370 0.613991 0.257755
v 0.810541 0.638639 0.313665
v 0.816572 0.638639 0.310192
v 0.829025 0.638657 0.345757
v 0.835056 0.638657 0.342284
v 0.829252 0.659410 0.346152
v 0.835283 0.659410 0.342678
v 0.780339 0.659410 0.261229
v 0.786370 0.659410 0.257755
v 0.828756 0.561741 0.345290
v 0.828527 0.584342 0.344892
v 0.834557 0.584342 0.341418
v 0.834787 0.561741 0.341817
v 0.810911 0.584007 0.314308
v 0.816942 0.584007 0.310834
v 0.803502 0.609574 0.301444
v 0.809533 0.609574 0.297970
v 0.780339 0.609275 0.261229
v 0.786370 0.609275 0.257755
v 0.780339 0.561741 0.261229
v 0.786370 0.561741 0.257755
v 0.818457 0.633954 0.313465
v 0.836341 0.633940 0.344514
v 0.836625 0.633939 0.345008
v 0.836909 0.633940 0.345501
v 0.831060 0.434123 0.597358
v 0.895638 0.519381 0.709480
v 0.811801 0.611971 0.301907
v 0.818794 0.589045 0.314049
v 0.836625 0.555410 0.345008
v 0.836625 0.561741 0.345008
v 0.836625 0.584344 0.345008
v 0.835844 0.589059 0.343651
v 0.782863 0.555410 0.251666
v 0.782863 0.665741 0.251666
v 0.836625 0.659410 0.345008
v 0.836625 0.638655 0.345008
v 0.836625 0.634948 0.345008
v 0.836625 0.665741 0.345008
v 0.836625 0.586283 0.345008
v 0.836625 0.589060 0.345008
v 0.837406 0.589059 0.346363
v 0.895638 0.527600 0.709480
v 0.598174 0.665741 0.317458
v 0.598174 0.555410 0.317458
v 0.511765 0.693808 0.402590
v 0.500001 0.693808 0.403420
v 0.535797 0.693808 0.388748
v 0.548531 0.693808 0.364111
v 0.545923 0.693808 0.336500
v 0.528802 0.693808 0.314682
v 0.564649 0.701523 0.111712
v 0.500000 0.701523 0.113449
v 0.677198 0.701523 0.307121
v 0.615153 0.701523 0.139961
v 0.621803 0.701523 0.120658
v 0.608194 0.701523 0.128483
v 0.628495 0.701523 0.132277
v 0.627968 0.701523 0.163240
v 0.641815 0.701523 0.155265
v 0.635130 0.701523 0.143658
v 0.621728 0.701523 0.151377
v 0.601798 0.701523 0.117378
v 0.615233 0.701523 0.109251
v 0.608833 0.701523 0.098139
v 0.595158 0.701523 0.105848
v 0.569030 0.701523 0.086744
v 0.634504 0.701523 0.174588
v 0.594690 0.701523 0.073584
v 0.570552 0.701523 0.072281
v 0.588420 0.701523 0.094151
v 0.601922 0.701523 0.086140
v 0.641246 0.701523 0.185859
v 0.654991 0.701523 0.177942
v 0.648437 0.701523 0.166563
v 0.647934 0.701523 0.197471
v 0.667739 0.701523 0.231799
v 0.674407 0.701523 0.243377
v 0.687862 0.701523 0.266215
v 0.681283 0.701523 0.254792
v 0.688176 0.701523 0.235447
v 0.694826 0.701523 0.246992
v 0.654609 0.701523 0.208888
v 0.668280 0.701523 0.201014
v 0.661679 0.701523 0.189554
v 0.661104 0.701523 0.220164
v 0.674556 0.701523 0.212416
v 0.681241 0.701523 0.224023
v 0.705553 0.701523 0.265907
v 0.701279 0.701523 0.258487
v 0.549133 0.701523 0.084774
v 0.546892 0.701523 0.084552
v 0.686120 0.701523 0.295748
v 0.450867 0.701523 0.084774
v 0.453108 0.701523 0.084552
v 0.435351 0.701523 0.111712
v 0.452853 0.701523 0.081325
v 0.459035 0.701523 0.070593
v 0.452043 0.701523 0.071061
v 0.481521 0.701523 0.085200
v 0.500000 0.701523 0.084361
v 0.518479 0.701523 0.085200
v 0.540965 0.701523 0.070593
v 0.547147 0.701523 0.081325
v 0.547957 0.701523 0.071061
v 0.519772 0.701523 0.069173
v 0.480228 0.701523 0.069173
v 0.312138 0.701523 0.266215
v 0.298721 0.701523 0.258487
v 0.294447 0.701523 0.265907
v 0.322802 0.701523 0.307121
v 0.430970 0.701523 0.086744
v 0.313880 0.701523 0.295748
v 0.391167 0.701523 0.098139
v 0.384767 0.701523 0.109251
v 0.398202 0.701523 0.117378
v 0.404842 0.701523 0.105848
v 0.411580 0.701523 0.094151
v 0.405310 0.701523 0.073584
v 0.429448 0.701523 0.072281
v 0.398078 0.701523 0.086140
v 0.372032 0.701523 0.163240
v 0.365496 0.701523 0.174588
v 0.391806 0.701523 0.128483
v 0.384847 0.701523 0.139961
v 0.378197 0.701523 0.120658
v 0.371505 0.701523 0.132277
v 0.378272 0.701523 0.151377
v 0.364870 0.701523 0.143658
v 0.358185 0.701523 0.155265
v 0.351563 0.701523 0.166563
v 0.345009 0.701523 0.177942
v 0.358754 0.701523 0.185859
v 0.352066 0.701523 0.197471
v 0.332261 0.701523 0.231799
v 0.325593 0.701523 0.243377
v 0.318717 0.701523 0.254792
v 0.311824 0.701523 0.235447
v 0.305174 0.701523 0.246992
v 0.325444 0.701523 0.212416
v 0.318759 0.701523 0.224023
v 0.338896 0.701523 0.220164
v 0.345391 0.701523 0.208888
v 0.338321 0.701523 0.189554
v 0.331720 0.701523 0.201014
v 0.667739 0.559693 0.231799
v 0.654609 0.559693 0.208888
v 0.661104 0.559693 0.220164
v 0.674556 0.559693 0.212416
v 0.681241 0.559693 0.224023
v 0.661679 0.559693 0.189554
v 0.668280 0.559693 0.201014
v 0.831060 0.365213 0.597358
v 0.895638 0.046465 0.709479
v 0.831060 0.131723 0.597358
v 0.831060 0.200633 0.597358
v 0.728551 0.565675 0.305671
v 0.705553 0.562039 0.265907
v 0.728551 0.692464 0.305671
v 0.519772 0.559693 0.069173
v 0.545824 0.057276 0.824247
v 0.541650 0.138314 0.847917
v 0.535194 0.083660 0.884530
v 0.535138 0.138314 0.884846
v 0.533497 0.319073 0.894153
v 0.535138 0.249921 0.884846
v 0.541650 0.249921 0.847917
v 0.537521 0.341402 0.871332
v 0.537521 0.413922 0.871332
v 0.541277 0.434762 0.850029
v 0.541277 0.536569 0.850029
v 0.545824 0.565079 0.824247
v 0.535218 0.536618 0.884393
v 0.533669 0.565016 0.893177
v 0.535218 0.522538 0.884393
v 0.533669 0.522538 0.893177
v 0.533497 0.000238 0.894153
v 0.535194 0.000162 0.884530
v 0.500000 0.249921 0.884859
v 0.500072 0.249921 0.847894
v 0.458350 0.249921 0.847917
v 0.464862 0.249921 0.884846
v 0.499855 0.249921 0.847894
v 0.895638 0.038247 0.709479
v 0.500000 0.138314 0.847894
v 0.458350 0.138314 0.847917
v 0.687332 0.687013 0.661397
v 0.687332 0.536683 0.661397
v 0.668531 0.536683 0.673480
v 0.693652 0.536683 0.653046
v 0.693652 0.687013 0.653046
v 0.697629 0.687013 0.643585
v 0.697629 0.536683 0.643585
v 0.698715 0.536683 0.621262
v 0.698715 0.687013 0.621262
v 0.687561 0.536683 0.601895
v 0.687561 0.687013 0.601895
v 0.667706 0.536683 0.591633
v 0.667706 0.687013 0.591634
v 0.645456 0.536683 0.593735
v 0.645456 0.687013 0.593735
v 0.627874 0.536683 0.607532
v 0.627874 0.687013 0.607532
v 0.623506 0.687013 0.612914
v 0.623506 0.536683 0.612914
v 0.621277 0.536683 0.618945
v 0.621277 0.687013 0.618945
v 0.618096 0.687013 0.641067
v 0.618096 0.536683 0.641067
v 0.627380 0.687013 0.661397
v 0.627380 0.536683 0.661397
v 0.646182 0.687013 0.673480
v 0.646182 0.536683 0.673480
v 0.668531 0.687013 0.673480
v 0.691816 0.682291 0.664708
v 0.698668 0.687013 0.655946
v 0.703306 0.687013 0.645556
v 0.704557 0.687013 0.619851
v 0.691713 0.687013 0.597550
v 0.668850 0.687013 0.585733
v 0.643228 0.687013 0.588153
v 0.622982 0.687013 0.604041
v 0.618422 0.687013 0.609975
v 0.615810 0.687013 0.616449
v 0.612147 0.687013 0.641922
v 0.622838 0.687013 0.665332
v 0.644489 0.687013 0.679246
v 0.670224 0.687013 0.679246
v 0.691816 0.544003 0.664708
v 0.698668 0.536683 0.655945
v 0.703306 0.536683 0.645556
v 0.704557 0.536683 0.619851
v 0.691713 0.536683 0.597550
v 0.668850 0.536683 0.585733
v 0.643228 0.536683 0.588153
v 0.622982 0.536683 0.604041
v 0.618422 0.536683 0.609975
v 0.615810 0.536683 0.616449
v 0.612147 0.536683 0.641922
v 0.622838 0.536683 0.665332
v 0.644489 0.536683 0.679246
v 0.670224 0.536683 0.679246
v 0.876738 0.365296 0.758975
v 0.870526 0.364507 0.755384
v 0.843281 0.364507 0.800056
v 0.848564 0.365296 0.805176
v 0.875081 0.451278 0.758017
v 0.870526 0.451278 0.755384
v 0.843281 0.451278 0.800056
v 0.845215 0.451278 0.806989
v 0.870526 0.527599 0.755384
v 0.894584 0.565846 0.709480
v 0.870013 0.565846 0.754425
v 0.869491 0.565846 0.755396
v 0.868910 0.565846 0.756332
v 0.842227 0.565846 0.800056
v 0.843281 0.527599 0.800056
v 0.822367 0.341310 0.805176
v 0.817336 0.340750 0.800056
v 0.875081 0.369541 0.758017
v 0.845215 0.369541 0.806989
v 0.843281 0.369541 0.800056
v 0.870526 0.369541 0.755384
v 0.820366 0.282923 0.578791
v 0.819311 0.565846 0.578791
v 0.825594 0.565846 0.589700
v 0.816494 0.344334 0.806989
v 0.814561 0.344334 0.800056
v 0.749340 0.321384 0.806989
v 0.778754 0.342027 0.806989
v 0.776821 0.342027 0.800056
v 0.747407 0.321384 0.800056
v 0.777903 0.406885 0.806989
v 0.775969 0.406885 0.800056
v 0.816494 0.432398 0.806989
v 0.814561 0.432398 0.800056
v 0.713892 0.341483 0.807253
v 0.738608 0.355706 0.807253
v 0.738608 0.355706 0.800056
v 0.713892 0.341483 0.800056
v 0.737959 0.381426 0.807253
v 0.737959 0.381426 0.800056
v 0.768008 0.401755 0.807253
v 0.768008 0.401755 0.800056
v 0.767829 0.345099 0.807253
v 0.767829 0.345099 0.800056
v 0.740390 0.326778 0.807253
v 0.740390 0.326778 0.800056
v 0.818220 0.565846 0.388126
v 0.819274 0.282923 0.388126
v 0.713892 0.434123 0.800056
v 0.843281 0.519381 0.800056
v 0.709584 0.134562 0.800056
v 0.713892 0.131723 0.800056
v 0.713892 0.200633 0.800056
v 0.737959 0.184420 0.800056
v 0.775969 0.158961 0.800056
v 0.768008 0.164091 0.800056
v 0.767829 0.220747 0.800056
v 0.776821 0.223819 0.800056
v 0.740390 0.239068 0.800056
v 0.747407 0.244462 0.800056
v 0.740588 0.282923 0.800056
v 0.747582 0.282923 0.800056
v 0.843281 0.114568 0.800056
v 0.843281 0.046465 0.800056
v 0.814561 0.133448 0.800056
v 0.713892 0.365213 0.800056
v 0.709584 0.431284 0.800056
v 0.713892 0.282923 0.800056
v 0.709584 0.282923 0.800056
v 0.713892 0.224363 0.800056
v 0.738608 0.210140 0.800056
v 0.768278 0.565846 0.426593
v 0.769333 0.282923 0.426593
v 0.836134 0.565846 0.544809
v 0.837189 0.282923 0.544809
v 0.865271 0.527599 0.752347
v 0.839451 0.527599 0.795012
v 0.840710 0.519381 0.794268
v 0.865636 0.519381 0.752558
v 0.870526 0.519381 0.755384
v 0.814033 0.282923 0.800056
v 0.815966 0.282923 0.806989
v 0.816494 0.221512 0.806989
v 0.814561 0.221512 0.800056
v 0.740588 0.282923 0.807253
v 0.740390 0.239068 0.807253
v 0.848564 0.282923 0.805176
v 0.822367 0.282923 0.805176
v 0.822367 0.224536 0.805175
v 0.848564 0.200550 0.805175
v 0.709584 0.431284 0.793722
v 0.709584 0.282923 0.793722
v 0.709584 0.134562 0.793722
v 0.876738 0.200550 0.758975
v 0.843281 0.201339 0.800056
v 0.870526 0.201339 0.755384
v 0.916528 0.559693 0.726318
v 0.928732 0.559693 0.732167
v 0.825611 0.559693 0.856647
v 0.812787 0.559693 0.856647
v 0.812450 0.559693 0.840949
v 0.825755 0.559693 0.840949
v 0.855350 0.559693 0.827843
v 0.680206 0.553740 0.684672
v 0.881918 0.559693 0.784809
v 0.705868 0.553740 0.660229
v 0.892511 0.559693 0.768092
v 0.714241 0.553740 0.625792
v 0.839254 0.559693 0.840949
v 0.853947 0.559693 0.856647
v 0.867123 0.559693 0.836381
v 0.839458 0.559693 0.856647
v 0.868299 0.559693 0.809754
v 0.895160 0.559693 0.793929
v 0.879458 0.559693 0.817410
v 0.667027 0.559693 0.856871
v 0.653704 0.559693 0.856871
v 0.653704 0.559693 0.841242
v 0.667027 0.559693 0.840982
v 0.570237 0.559693 0.711913
v 0.680387 0.559693 0.840982
v 0.746551 0.559693 0.840737
v 0.759647 0.559693 0.840737
v 0.773041 0.559693 0.856716
v 0.759647 0.559693 0.856716
v 0.773041 0.559693 0.841250
v 0.786215 0.559693 0.841250
v 0.799634 0.559693 0.840949
v 0.799623 0.559693 0.856647
v 0.786215 0.559693 0.856647
v 0.640521 0.559693 0.841242
v 0.640521 0.559693 0.856726
v 0.631958 0.559693 0.856726
v 0.649489 0.553740 0.689089
v 0.621261 0.553740 0.676197
v 0.611424 0.553740 0.605118
v 0.619591 0.553740 0.592923
v 0.646482 0.553740 0.577435
v 0.677478 0.553740 0.578944
v 0.702737 0.553740 0.596971
v 0.874922 0.114568 0.758285
v 0.845215 0.114568 0.806989
v 0.870526 0.114568 0.755384
v 0.870526 0.038246 0.755384
v 0.843281 0.038246 0.800056
v 0.817336 0.282923 0.800056
v 0.817336 0.225096 0.800056
v 0.875081 0.196305 0.758017
v 0.870526 0.196305 0.755384
v 0.843281 0.196305 0.800056
v 0.845215 0.196305 0.806989
v 0.749340 0.244462 0.806989
v 0.749515 0.282923 0.806989
v 0.778754 0.223819 0.806989
v 0.777903 0.158961 0.806989
v 0.713892 0.224363 0.807253
v 0.713892 0.282923 0.807253
v 0.738608 0.210140 0.807253
v 0.737959 0.184420 0.807253
v 0.768008 0.164091 0.807253
v 0.767829 0.220747 0.807253
v 0.744227 0.565079 0.398226
v 0.745297 0.565079 0.400088
v 0.743153 0.565079 0.396365
v 0.876738 0.282923 0.758975
v 0.704804 0.282923 0.800056
v 0.705054 0.128346 0.800056
v 0.705054 0.128346 0.793722
v 0.704804 0.282923 0.793722
v 0.705054 0.437500 0.793722
v 0.705054 0.437500 0.800056
v 0.764761 0.138314 0.386399
v 0.765832 0.138314 0.388261
v 0.797864 0.138314 0.369811
v 0.796791 0.138314 0.367950
v 0.795720 0.138314 0.366088
v 0.763688 0.138314 0.384538
v 0.795720 0.249921 0.366088
v 0.796791 0.249921 0.367950
v 0.797864 0.249921 0.369811
v 0.839451 0.038246 0.795012
v 0.840710 0.046465 0.794268
v 0.765832 0.249921 0.388261
v 0.764761 0.249921 0.386399
v 0.763688 0.249921 0.384538
v 0.865271 0.038246 0.752347
v 0.865636 0.046465 0.752558
v 0.692465 0.282923 0.800056
v 0.691411 0.565846 0.800056
v 0.703999 0.565846 0.800056
v 0.795327 0.536618 0.366315
v 0.796398 0.536618 0.368177
v 0.797471 0.536618 0.370038
v 0.870526 0.046465 0.755384
v 0.598687 0.613991 0.923867
v 0.552324 0.614290 0.923867
v 0.552324 0.614290 0.930827
v 0.598687 0.613991 0.930827
v 0.538174 0.638639 0.923867
v 0.538174 0.638639 0.930827
v 0.501830 0.638657 0.923867
v 0.501830 0.638657 0.930827
v 0.501375 0.659410 0.923867
v 0.501375 0.659410 0.930827
v 0.598687 0.659410 0.923867
v 0.598687 0.659410 0.930827
v 0.501679 0.561741 0.923867
v 0.502139 0.584341 0.923867
v 0.502139 0.584341 0.930827
v 0.501679 0.561741 0.930827
v 0.537433 0.584006 0.923867
v 0.537433 0.584006 0.930827
v 0.552278 0.609574 0.923867
v 0.552278 0.609574 0.930827
v 0.598687 0.609275 0.923867
v 0.598687 0.609275 0.930827
v 0.598687 0.561741 0.923867
v 0.598687 0.561741 0.930827
v 0.534397 0.633954 0.923867
v 0.547735 0.611970 0.923867
v 0.547735 0.611970 0.930827
v 0.534397 0.633954 0.930827
v 0.533723 0.589045 0.923867
v 0.533723 0.589045 0.930827
v 0.767665 0.536569 0.387205
v 0.766594 0.536569 0.385343
v 0.765521 0.536569 0.383482
v 0.795446 0.083660 0.366246
v 0.796517 0.083660 0.368108
v 0.795446 0.000162 0.366246
v 0.796517 0.000162 0.368108
v 0.797590 0.000162 0.369969
v 0.797590 0.083660 0.369969
v 0.678762 0.696217 0.681169
v 0.650269 0.696217 0.685266
v 0.624085 0.696217 0.673308
v 0.608522 0.696217 0.649091
v 0.608522 0.696217 0.620305
v 0.570351 0.133448 0.130823
v 0.556017 0.114568 0.105935
v 0.586023 0.565674 0.856809
v 0.631958 0.562038 0.856726
v 0.586023 0.692464 0.856809
v 0.544942 0.692464 0.751002
v 0.746551 0.559693 0.856816
v 0.733420 0.559693 0.856816
v 0.733420 0.559693 0.840953
v 0.720019 0.559693 0.840953
v 0.720019 0.559693 0.856816
v 0.706795 0.559693 0.856816
v 0.706795 0.559693 0.841039
v 0.693781 0.559693 0.841039
v 0.693781 0.559693 0.856563
v 0.680387 0.559693 0.856563
v 0.500000 0.527600 0.109777
v 0.500000 0.527600 0.115848
v 0.451485 0.527600 0.116907
v 0.449026 0.527600 0.111071
v 0.498946 0.565846 0.109777
v 0.447971 0.565846 0.111071
v 0.500000 0.200550 0.102598
v 0.500000 0.201339 0.109777
v 0.449026 0.201339 0.111071
v 0.447239 0.200550 0.103937
v 0.500000 0.114568 0.104513
v 0.500000 0.114568 0.109777
v 0.449026 0.114568 0.111071
v 0.443983 0.114568 0.105935
v 0.500000 0.038247 0.109777
v 0.449026 0.038247 0.111071
v 0.500000 0.589059 0.923867
v 0.500000 0.633940 0.923867
v 0.465603 0.633954 0.923867
v 0.452266 0.611970 0.923867
v 0.466277 0.589045 0.923867
v 0.500000 0.555410 0.737949
v 0.640881 0.555410 0.737949
v 0.605713 0.555410 0.930827
v 0.500000 0.555410 0.930827
v 0.394287 0.555410 0.930827
v 0.359120 0.555410 0.737949
v 0.500000 0.701523 0.711913
v 0.570237 0.701523 0.711913
v 0.498946 0.692464 0.751002
v 0.500000 0.589059 0.930827
v 0.466277 0.589045 0.930827
v 0.231860 0.057276 0.439646
v 0.213623 0.083660 0.424375
v 0.213623 0.057276 0.424375
v 0.213433 0.138314 0.424216
v 0.184927 0.083660 0.400347
v 0.184682 0.138314 0.400141
v 0.177436 0.319073 0.394074
v 0.184682 0.249921 0.400141
v 0.213433 0.249921 0.424216
v 0.195203 0.341402 0.408951
v 0.195203 0.413922 0.408951
v 0.211788 0.434762 0.422838
v 0.211788 0.536569 0.422838
v 0.231860 0.565079 0.439646
v 0.185034 0.536618 0.400437
v 0.178196 0.565016 0.394710
v 0.185034 0.522538 0.400437
v 0.178196 0.522538 0.394710
v 0.177436 0.000238 0.394074
v 0.184927 0.000162 0.400347
v 0.110382 0.341310 0.688791
v 0.097307 0.365296 0.711491
v 0.104362 0.364507 0.709480
v 0.117311 0.340750 0.686997
v 0.097389 0.369541 0.707695
v 0.111724 0.344334 0.682808
v 0.118696 0.344334 0.684592
v 0.104362 0.369541 0.709480
v 0.145240 0.321384 0.624616
v 0.130560 0.342027 0.650104
v 0.137532 0.342027 0.651889
v 0.152213 0.321384 0.626400
v 0.130985 0.406885 0.649366
v 0.137957 0.406885 0.651151
v 0.111724 0.432398 0.682808
v 0.097389 0.451278 0.707695
v 0.104362 0.451278 0.709480
v 0.118696 0.432398 0.684592
v 0.162703 0.341483 0.593766
v 0.150368 0.355706 0.615184
v 0.156604 0.355706 0.618776
v 0.168940 0.341483 0.597358
v 0.150691 0.381426 0.614621
v 0.156928 0.381426 0.618213
v 0.135694 0.401755 0.640660
v 0.141931 0.401755 0.644252
v 0.135783 0.345099 0.640505
v 0.142020 0.345099 0.644097
v 0.149478 0.326778 0.616728
v 0.155715 0.326778 0.620320
v 0.168940 0.434123 0.597358
v 0.104362 0.519381 0.709480
v 0.171090 0.134562 0.593625
v 0.168940 0.131723 0.597358
v 0.168940 0.200633 0.597358
v 0.156928 0.184420 0.618213
v 0.137957 0.158961 0.651151
v 0.141931 0.164091 0.644252
v 0.142020 0.220747 0.644097
v 0.137532 0.223819 0.651889
v 0.155715 0.239068 0.620320
v 0.152213 0.244462 0.626400
v 0.155616 0.282923 0.620491
v 0.152125 0.282923 0.626552
v 0.104362 0.114568 0.709480
v 0.104362 0.046465 0.709480
v 0.118696 0.133448 0.684592
v 0.168940 0.365213 0.597358
v 0.171090 0.431284 0.593625
v 0.168940 0.282923 0.597358
v 0.171090 0.282923 0.593625
v 0.168940 0.224363 0.597358
v 0.156604 0.210140 0.618776
v 0.118960 0.282923 0.684135
v 0.111987 0.282923 0.682350
v 0.111724 0.221512 0.682808
v 0.118696 0.221512 0.684592
v 0.149380 0.282923 0.616899
v 0.149478 0.239068 0.616728
v 0.097307 0.282923 0.711491
v 0.110382 0.282923 0.688791
v 0.110382 0.224536 0.688791
v 0.097307 0.200550 0.711491
v 0.176579 0.431284 0.596786
v 0.176579 0.282923 0.596786
v 0.176579 0.134562 0.596786
v 0.117311 0.282923 0.686997
v 0.117311 0.225096 0.686997
v 0.104362 0.201339 0.709480
v 0.097389 0.196305 0.707695
v 0.104362 0.196305 0.709480
v 0.145240 0.244462 0.624615
v 0.145153 0.282923 0.624767
v 0.130560 0.223819 0.650104
v 0.130985 0.158961 0.649366
v 0.162703 0.224363 0.593766
v 0.162703 0.282923 0.593766
v 0.150368 0.210140 0.615184
v 0.150691 0.184420 0.614621
v 0.135694 0.164091 0.640660
v 0.135783 0.220747 0.640505
v 0.173476 0.282923 0.589483
v 0.173351 0.128346 0.589699
v 0.178839 0.128346 0.592861
v 0.178964 0.282923 0.592644
v 0.178839 0.437500 0.592861
v 0.173351 0.437500 0.589699
v 0.119152 0.613991 0.435734
v 0.142291 0.614290 0.395559
v 0.136260 0.614290 0.392085
v 0.113121 0.613991 0.432260
v 0.149353 0.638639 0.383297
v 0.143322 0.638639 0.379823
v 0.167837 0.638657 0.351205
v 0.161806 0.638657 0.347731
v 0.168064 0.659410 0.350811
v 0.162033 0.659410 0.347337
v 0.119152 0.659410 0.435734
v 0.113121 0.659410 0.432260
v 0.167568 0.561741 0.351672
v 0.167339 0.584342 0.352071
v 0.161308 0.584342 0.348597
v 0.161537 0.561741 0.348198
v 0.149723 0.584006 0.382655
v 0.143692 0.584006 0.379181
v 0.142314 0.609574 0.395518
v 0.136283 0.609574 0.392045
v 0.119152 0.609275 0.435734
v 0.113121 0.609275 0.432260
v 0.119152 0.561741 0.435734
v 0.113121 0.561741 0.432260
v 0.151239 0.633954 0.380024
v 0.144582 0.611970 0.391581
v 0.138551 0.611970 0.388108
v 0.145208 0.633954 0.376550
v 0.151575 0.589045 0.379439
v 0.145544 0.589045 0.375966
v 0.790621 0.282923 0.338379
v 0.789567 0.565846 0.338379
v 0.732287 0.282923 0.362275
v 0.731233 0.565846 0.362275
v 0.259199 0.665741 0.565088
v 0.109614 0.665741 0.438349
v 0.109614 0.555410 0.438349
v 0.259199 0.555410 0.565088
v 0.376373 0.694205 0.596756
v 0.382741 0.694205 0.608985
v 0.352095 0.694205 0.582772
v 0.324110 0.694205 0.584134
v 0.301305 0.694205 0.600410
v 0.290919 0.694205 0.626431
v 0.298557 0.694205 0.657647
v 0.317018 0.701523 0.516867
v 0.375012 0.694205 0.672194
v 0.390160 0.694205 0.648624
v 0.349527 0.694205 0.683833
v 0.321795 0.694205 0.679845
v 0.390160 0.694205 0.620607
v 0.183581 0.565675 0.458228
v 0.295245 0.565675 0.476352
v 0.317018 0.562039 0.516867
v 0.160726 0.562039 0.498075
v 0.183581 0.692464 0.458228
v 0.295245 0.692464 0.476352
v 0.194911 0.565016 0.365650
v 0.255773 0.565079 0.398226
v 0.195984 0.565016 0.363789
v 0.197056 0.565016 0.361927
v 0.279601 0.565079 0.356757
v 0.256847 0.565079 0.396365
v 0.213804 0.565016 0.332886
v 0.254703 0.565079 0.400088
v 0.213804 0.522538 0.332886
v 0.197056 0.522538 0.361927
v 0.195984 0.522538 0.363789
v 0.194911 0.522538 0.365650
v 0.664082 0.282923 0.244260
v 0.663028 0.565846 0.244260
v 0.222189 0.522538 0.335928
v 0.204673 0.522538 0.366315
v 0.203602 0.522538 0.368177
v 0.202529 0.522538 0.370038
v 0.254991 0.434762 0.347828
v 0.234657 0.413922 0.340451
v 0.216001 0.413922 0.372839
v 0.214929 0.413922 0.374701
v 0.234479 0.434762 0.383482
v 0.233406 0.434762 0.385343
v 0.232335 0.434762 0.387205
v 0.213857 0.413922 0.376562
v 0.234657 0.341402 0.340451
v 0.216001 0.341402 0.372839
v 0.214929 0.341402 0.374701
v 0.213857 0.341402 0.376562
v 0.212873 0.319073 0.332548
v 0.212873 0.000238 0.332548
v 0.196209 0.000238 0.361439
v 0.195138 0.000238 0.363302
v 0.196209 0.319073 0.361440
v 0.195138 0.319073 0.363302
v 0.194065 0.319073 0.365163
v 0.194065 0.000238 0.365163
v 0.669488 0.555410 0.441273
v 0.669488 0.665741 0.441273
v 0.257241 0.083660 0.348645
v 0.257241 0.057276 0.348645
v 0.236524 0.057276 0.384660
v 0.235451 0.057276 0.386521
v 0.236524 0.083660 0.384660
v 0.235451 0.083660 0.386521
v 0.234380 0.083660 0.388383
v 0.234380 0.057276 0.388383
v 0.500001 0.693808 0.305649
v 0.330512 0.665741 0.441273
v 0.401826 0.665741 0.317458
v 0.217137 0.665741 0.251666
v 0.163375 0.665741 0.345008
v 0.389128 0.701523 0.391668
v 0.353073 0.701523 0.454267
v 0.705553 0.696100 0.265907
v 0.343158 0.692464 0.393164
v 0.319201 0.692464 0.434758
v 0.343158 0.565675 0.393164
v 0.319201 0.565675 0.434758
v 0.353073 0.562039 0.454267
v 0.389128 0.562039 0.391668
v 0.222058 0.083660 0.335880
v 0.222058 0.000162 0.335880
v 0.222189 0.536618 0.335928
v 0.254991 0.536569 0.347829
v 0.257008 0.249921 0.348560
v 0.221757 0.249921 0.335771
v 0.221757 0.138314 0.335771
v 0.257008 0.138314 0.348560
v 0.279601 0.057276 0.356757
v 0.204280 0.249921 0.366088
v 0.203209 0.249921 0.367950
v 0.204280 0.138314 0.366088
v 0.203209 0.138314 0.367950
v 0.202136 0.138314 0.369811
v 0.202136 0.249921 0.369811
v 0.547957 0.559693 0.071061
v 0.236312 0.138314 0.384538
v 0.235239 0.138314 0.386399
v 0.236312 0.249921 0.384538
v 0.235239 0.249921 0.386399
v 0.234168 0.249921 0.388261
v 0.234168 0.138314 0.388261
v 0.546892 0.559693 0.084552
v 0.204673 0.536618 0.366315
v 0.203602 0.536618 0.368177
v 0.202529 0.536618 0.370038
v 0.234479 0.536569 0.383482
v 0.233406 0.536569 0.385343
v 0.232335 0.536569 0.387205
v 0.500000 0.083660 0.884543
v 0.500145 0.083660 0.884543
v 0.499855 0.083660 0.884543
v 0.464806 0.083660 0.884531
v 0.204554 0.083660 0.366246
v 0.203483 0.083660 0.368108
v 0.204554 0.000162 0.366246
v 0.203483 0.000162 0.368108
v 0.202410 0.000162 0.369969
v 0.202410 0.083660 0.369969
v 0.538049 0.682291 0.345580
v 0.538049 0.544003 0.345580
v 0.537002 0.544003 0.367086
v 0.527302 0.682291 0.326921
v 0.527302 0.544003 0.326921
v 0.508174 0.682291 0.317035
v 0.508174 0.544003 0.317035
v 0.500001 0.544003 0.316689
v 0.500001 0.682291 0.316690
v 0.491827 0.682291 0.317035
v 0.491827 0.544003 0.317035
v 0.472699 0.544003 0.326921
v 0.472699 0.682291 0.326921
v 0.461952 0.544003 0.345580
v 0.461952 0.682291 0.345580
v 0.462999 0.544003 0.367086
v 0.462999 0.682291 0.367087
v 0.475507 0.544003 0.384613
v 0.475507 0.682291 0.384613
v 0.495505 0.544003 0.392595
v 0.495505 0.682291 0.392595
v 0.500001 0.682291 0.392554
v 0.500001 0.544003 0.392554
v 0.504496 0.544003 0.392595
v 0.504496 0.682291 0.392595
v 0.524494 0.682291 0.384613
v 0.524494 0.544003 0.384613
v 0.537002 0.682291 0.367087
v 0.816494 0.133448 0.806989
v 0.543677 0.682291 0.344221
v 0.531302 0.682291 0.322735
v 0.509275 0.682291 0.311351
v 0.500001 0.682291 0.311109
v 0.490726 0.682291 0.311351
v 0.468699 0.682291 0.322735
v 0.456324 0.682291 0.344221
v 0.457530 0.682291 0.368986
v 0.471933 0.682291 0.389168
v 0.494961 0.682291 0.398360
v 0.500001 0.682291 0.398213
v 0.505040 0.682291 0.398360
v 0.528068 0.682291 0.389168
v 0.542472 0.682291 0.368986
v 0.543677 0.544003 0.344221
v 0.531302 0.544003 0.322735
v 0.509275 0.544003 0.311350
v 0.500001 0.544003 0.311109
v 0.490726 0.544003 0.311350
v 0.468699 0.544003 0.322735
v 0.456324 0.544003 0.344221
v 0.457530 0.544003 0.368986
v 0.471933 0.544003 0.389168
v 0.494961 0.544003 0.398360
v 0.500001 0.544003 0.398213
v 0.505040 0.544003 0.398360
v 0.528068 0.544003 0.389168
v 0.542472 0.544003 0.368986
v 0.372699 0.565846 0.241760
v 0.334864 0.565846 0.244260
v 0.266658 0.565846 0.362275
v 0.498946 0.565846 0.539470
v 0.378982 0.565846 0.230851
v 0.185410 0.565846 0.358306
v 0.208324 0.565846 0.338379
v 0.194083 0.565846 0.344402
v 0.834819 0.565846 0.735353
v 0.534054 0.565846 0.831795
v 0.670361 0.565846 0.831594
v 0.513320 0.565846 0.903606
v 0.525646 0.565846 0.894271
v 0.498946 0.565846 0.904200
v 0.484572 0.565846 0.903606
v 0.463837 0.565846 0.831795
v 0.472245 0.565846 0.894271
v 0.177735 0.565846 0.372785
v 0.179672 0.565846 0.388126
v 0.229613 0.565846 0.426593
v 0.127878 0.565846 0.754425
v 0.163072 0.565846 0.735354
v 0.128400 0.565846 0.755396
v 0.128981 0.565846 0.756332
v 0.293892 0.565846 0.800056
v 0.306480 0.565846 0.800056
v 0.327531 0.565846 0.831594
v 0.155664 0.565846 0.800056
v 0.172297 0.565846 0.589700
v 0.103307 0.565846 0.709480
v 0.178580 0.565846 0.578791
v 0.161757 0.565846 0.544809
v 0.434164 0.341310 0.126638
v 0.436076 0.340750 0.133554
v 0.449026 0.364507 0.111071
v 0.447239 0.365296 0.103937
v 0.500000 0.369541 0.104514
v 0.500000 0.369541 0.109777
v 0.449026 0.369541 0.111071
v 0.443983 0.369541 0.105935
v 0.434691 0.344334 0.135958
v 0.429649 0.344334 0.130823
v 0.396132 0.321384 0.189015
v 0.401175 0.321384 0.194150
v 0.415855 0.342027 0.168661
v 0.410813 0.342027 0.163526
v 0.415430 0.406885 0.169399
v 0.410388 0.406885 0.164264
v 0.378211 0.341484 0.219600
v 0.384447 0.341484 0.223192
v 0.396783 0.355707 0.201775
v 0.390547 0.355707 0.198182
v 0.396459 0.381426 0.202337
v 0.390223 0.381426 0.198745
v 0.411457 0.401755 0.176298
v 0.405220 0.401755 0.172706
v 0.411367 0.345099 0.176453
v 0.405131 0.345099 0.172861
v 0.397673 0.326778 0.200230
v 0.391436 0.326778 0.196638
v 0.429649 0.432398 0.130823
v 0.429385 0.282923 0.131280
v 0.443983 0.451278 0.105935
v 0.429649 0.133448 0.130823
v 0.410388 0.158961 0.164264
v 0.410813 0.223819 0.163526
v 0.396132 0.244462 0.189015
v 0.396219 0.282923 0.188863
v 0.429649 0.221512 0.130823
v 0.443983 0.196306 0.105935
v 0.500000 0.519381 0.109777
v 0.449026 0.519381 0.111071
v 0.452758 0.519381 0.116188
v 0.500000 0.519381 0.115426
v 0.434428 0.282923 0.136416
v 0.434691 0.221512 0.135958
v 0.397771 0.282923 0.200059
v 0.397673 0.239068 0.200230
v 0.391436 0.239068 0.196638
v 0.391534 0.282923 0.196467
v 0.447239 0.282923 0.103937
v 0.434164 0.224536 0.126638
v 0.434164 0.282923 0.126638
v 0.382297 0.282923 0.226926
v 0.382297 0.134563 0.226926
v 0.387785 0.134563 0.230087
v 0.387785 0.282923 0.230087
v 0.387785 0.431284 0.230087
v 0.382297 0.431284 0.226926
v 0.436076 0.282923 0.133554
v 0.436076 0.225096 0.133554
v 0.500000 0.196306 0.104513
v 0.449026 0.196306 0.111071
v 0.500000 0.196306 0.109777
v 0.401262 0.282923 0.193998
v 0.401175 0.244462 0.194150
v 0.415855 0.223819 0.168661
v 0.415430 0.158961 0.169399
v 0.434691 0.133448 0.135958
v 0.384447 0.282923 0.223192
v 0.378211 0.282923 0.219600
v 0.378211 0.224363 0.219600
v 0.384447 0.224363 0.223192
v 0.390547 0.210140 0.198182
v 0.396783 0.210140 0.201775
v 0.390223 0.184420 0.198745
v 0.396459 0.184420 0.202337
v 0.405220 0.164092 0.172706
v 0.411457 0.164092 0.176298
v 0.405131 0.220747 0.172861
v 0.411367 0.220747 0.176453
v 0.526701 0.282923 0.894271
v 0.514374 0.282923 0.903606
v 0.500000 0.365296 0.102598
v 0.500000 0.282923 0.102598
v 0.535108 0.282923 0.831795
v 0.379912 0.282923 0.231067
v 0.380036 0.437500 0.230851
v 0.385524 0.437500 0.234012
v 0.385400 0.282923 0.234228
v 0.385524 0.128346 0.234012
v 0.380036 0.128346 0.230851
v 0.452758 0.046465 0.116188
v 0.451485 0.038247 0.116907
v 0.671415 0.282923 0.831594
v 0.500000 0.038247 0.115848
v 0.500000 0.046465 0.115426
v 0.500000 0.046465 0.109777
v 0.449026 0.046465 0.111071
v 0.178789 0.282923 0.372785
v 0.186464 0.282923 0.358306
v 0.195137 0.282923 0.344402
v 0.219661 0.613991 0.261229
v 0.213630 0.613991 0.257755
v 0.190490 0.614290 0.297930
v 0.196521 0.614290 0.301404
v 0.183428 0.638639 0.310192
v 0.189459 0.638639 0.313665
v 0.164944 0.638657 0.342284
v 0.170975 0.638657 0.345757
v 0.164717 0.659410 0.342678
v 0.170748 0.659410 0.346152
v 0.213630 0.659410 0.257755
v 0.219661 0.659410 0.261229
v 0.171244 0.561741 0.345290
v 0.165213 0.561741 0.341817
v 0.165443 0.584342 0.341418
v 0.171473 0.584342 0.344892
v 0.183058 0.584007 0.310834
v 0.189089 0.584007 0.314308
v 0.190467 0.609574 0.297970
v 0.196498 0.609574 0.301444
v 0.213630 0.609275 0.257755
v 0.219661 0.609275 0.261229
v 0.213630 0.561741 0.257755
v 0.219661 0.561741 0.261229
v 0.169122 0.633940 0.348975
v 0.163091 0.633940 0.345501
v 0.163375 0.633939 0.345008
v 0.169406 0.633939 0.348481
v 0.169690 0.633940 0.347988
v 0.163659 0.633940 0.344514
v 0.181543 0.633954 0.313465
v 0.187574 0.633954 0.316938
v 0.188200 0.611971 0.301907
v 0.194230 0.611971 0.305381
v 0.181206 0.589045 0.314049
v 0.187237 0.589045 0.317523
v 0.163375 0.561741 0.345008
v 0.163375 0.584344 0.345008
v 0.164156 0.589059 0.343651
v 0.162594 0.589059 0.346364
v 0.163375 0.586283 0.345008
v 0.163375 0.589060 0.345008
v 0.163375 0.555410 0.345008
v 0.217137 0.555410 0.251666
v 0.163375 0.659410 0.345008
v 0.163375 0.638655 0.345008
v 0.163375 0.634948 0.345008
v 0.631958 0.696100 0.856727
v 0.401826 0.555410 0.317458
v 0.488237 0.693808 0.402590
v 0.464204 0.693808 0.388748
v 0.451470 0.693808 0.364111
v 0.454078 0.693808 0.336500
v 0.471199 0.693808 0.314682
v 0.466503 0.000238 0.894153
v 0.466503 0.319073 0.894153
v 0.464806 0.000162 0.884531
v 0.464782 0.522538 0.884393
v 0.466331 0.522538 0.893177
v 0.466331 0.565016 0.893177
v 0.464782 0.536618 0.884393
v 0.454176 0.565079 0.824247
v 0.458723 0.536569 0.850029
v 0.458723 0.434762 0.850029
v 0.462479 0.413922 0.871332
v 0.462479 0.341402 0.871332
v 0.464862 0.138314 0.884846
v 0.454176 0.057276 0.824247
v 0.500000 0.138314 0.884859
v 0.500000 0.522538 0.884405
v 0.500000 0.536618 0.884405
v 0.500000 0.536569 0.850009
v 0.500000 0.434762 0.850009
v 0.500000 0.341402 0.871333
v 0.500000 0.319073 0.894173
v 0.500000 0.364507 0.109777
v 0.500000 0.000162 0.884543
v 0.500000 0.451278 0.104514
v 0.500000 0.451278 0.109777
v 0.449026 0.451278 0.111071
v 0.313231 0.685336 0.602688
v 0.313231 0.539020 0.602688
v 0.332555 0.539020 0.592700
v 0.302374 0.685336 0.621537
v 0.302374 0.539020 0.621537
v 0.303432 0.685336 0.643264
v 0.303432 0.539020 0.643264
v 0.307261 0.539020 0.652654
v 0.307261 0.685336 0.652654
v 0.313453 0.685336 0.660601
v 0.313453 0.539020 0.660601
v 0.331753 0.539020 0.672361
v 0.331753 0.685336 0.672361
v 0.353505 0.539020 0.672361
v 0.353505 0.685336 0.672361
v 0.371805 0.539020 0.660601
v 0.371805 0.685336 0.660601
v 0.380841 0.539020 0.640814
v 0.380841 0.685336 0.640814
v 0.377745 0.539020 0.619283
v 0.377745 0.685336 0.619283
v 0.374934 0.685336 0.613579
v 0.374934 0.539020 0.613579
v 0.371324 0.539020 0.608174
v 0.371324 0.685336 0.608174
v 0.354211 0.685336 0.594746
v 0.354211 0.539020 0.594745
v 0.332555 0.685336 0.592700
v 0.309190 0.685336 0.598459
v 0.296688 0.685336 0.620164
v 0.297906 0.685336 0.645183
v 0.302380 0.685336 0.655476
v 0.309032 0.685336 0.664431
v 0.330105 0.685336 0.677974
v 0.355153 0.685336 0.677974
v 0.376225 0.685336 0.664431
v 0.386631 0.685336 0.641646
v 0.383066 0.685336 0.616853
v 0.379882 0.685336 0.610719
v 0.376085 0.685336 0.604776
v 0.356380 0.685336 0.589313
v 0.331442 0.685336 0.586958
v 0.309190 0.539020 0.598459
v 0.296688 0.539020 0.620164
v 0.297906 0.539020 0.645183
v 0.302380 0.539020 0.655476
v 0.309032 0.539020 0.664431
v 0.330105 0.539020 0.677974
v 0.355153 0.539020 0.677974
v 0.376225 0.539020 0.664431
v 0.386631 0.539020 0.641646
v 0.383066 0.539020 0.616853
v 0.379882 0.539020 0.610719
v 0.376085 0.539020 0.604776
v 0.356380 0.539020 0.589313
v 0.331442 0.539020 0.586958
v 0.500024 0.565079 0.824196
v 0.500000 0.565016 0.893197
v 0.123947 0.365296 0.760091
v 0.151455 0.365296 0.805165
v 0.156719 0.364507 0.800056
v 0.130035 0.364507 0.756332
v 0.129454 0.364507 0.755396
v 0.123257 0.365296 0.758978
v 0.122637 0.365296 0.757824
v 0.128933 0.364507 0.754425
v 0.500000 0.522538 0.893197
v 0.125554 0.451278 0.759090
v 0.154785 0.451278 0.806989
v 0.156719 0.451278 0.800056
v 0.130035 0.451278 0.756332
v 0.129454 0.451278 0.755396
v 0.124897 0.451278 0.758030
v 0.124307 0.451278 0.756932
v 0.128933 0.451278 0.754425
v 0.130035 0.527599 0.756332
v 0.156719 0.527599 0.800056
v 0.129454 0.527599 0.755396
v 0.128933 0.527599 0.754425
v 0.104362 0.527600 0.709480
v 0.500000 0.413922 0.871333
v 0.177651 0.341310 0.805165
v 0.182664 0.340750 0.800056
v 0.124307 0.369541 0.756932
v 0.128933 0.369541 0.754425
v 0.129454 0.369541 0.755396
v 0.124897 0.369541 0.758030
v 0.125554 0.369541 0.759089
v 0.130035 0.369541 0.756332
v 0.156719 0.369541 0.800056
v 0.154785 0.369541 0.806989
v 0.185439 0.344334 0.800056
v 0.183506 0.344334 0.806989
v 0.250660 0.321384 0.806989
v 0.252593 0.321384 0.800056
v 0.223179 0.342027 0.800056
v 0.221246 0.342027 0.806989
v 0.224031 0.406885 0.800056
v 0.222097 0.406885 0.806989
v 0.286108 0.341483 0.807253
v 0.286108 0.341483 0.800056
v 0.261392 0.355706 0.800056
v 0.261392 0.355706 0.807253
v 0.262041 0.381426 0.800056
v 0.262041 0.381426 0.807253
v 0.231992 0.401755 0.800056
v 0.231992 0.401755 0.807253
v 0.232171 0.345099 0.800056
v 0.232171 0.345099 0.807253
v 0.259610 0.326778 0.800056
v 0.259610 0.326778 0.807253
v 0.183506 0.432398 0.806989
v 0.184034 0.282923 0.806989
v 0.183506 0.133448 0.806989
v 0.222097 0.158961 0.806989
v 0.221246 0.223819 0.806989
v 0.250660 0.244462 0.806989
v 0.250485 0.282923 0.806989
v 0.183506 0.221512 0.806989
v 0.154785 0.196305 0.806989
v 0.154785 0.114568 0.806989
v 0.134271 0.527599 0.751532
v 0.110644 0.527600 0.708678
v 0.110661 0.519381 0.710140
v 0.133901 0.519381 0.751733
v 0.134710 0.527599 0.752358
v 0.134341 0.519381 0.752571
v 0.134848 0.519381 0.753370
v 0.135206 0.527599 0.753150
v 0.159290 0.519381 0.794268
v 0.160549 0.527599 0.795012
v 0.128933 0.519381 0.754425
v 0.129454 0.519381 0.755396
v 0.130035 0.519381 0.756332
v 0.156719 0.519381 0.800056
v 0.185967 0.282923 0.800056
v 0.185439 0.221512 0.800056
v 0.500000 0.000238 0.894173
v 0.259412 0.282923 0.800056
v 0.259610 0.239068 0.800056
v 0.259610 0.239068 0.807253
v 0.259412 0.282923 0.807253
v 0.465603 0.633954 0.930827
v 0.500000 0.633940 0.930827
v 0.500000 0.636568 0.930827
v 0.497806 0.638657 0.930827
v 0.500000 0.638656 0.930827
v 0.500000 0.659410 0.930827
v 0.605713 0.665740 0.930827
v 0.500000 0.665740 0.930827
v 0.394287 0.665740 0.930827
v 0.498261 0.659410 0.930827
v 0.447676 0.614290 0.930827
v 0.447722 0.609574 0.930827
v 0.500000 0.561741 0.930827
v 0.401313 0.561741 0.930827
v 0.498321 0.561741 0.930827
v 0.500000 0.584343 0.930827
v 0.500000 0.588256 0.930827
v 0.497861 0.584341 0.930827
v 0.462567 0.584006 0.930827
v 0.452266 0.611970 0.930827
v 0.461826 0.638639 0.930827
v 0.640881 0.665740 0.737949
v 0.500000 0.665740 0.737949
v 0.359120 0.665740 0.737949
v 0.151455 0.282923 0.805165
v 0.151455 0.200550 0.805165
v 0.177651 0.224536 0.805165
v 0.177651 0.282923 0.805165
v 0.290416 0.282923 0.800056
v 0.290416 0.134562 0.800056
v 0.290416 0.134562 0.793722
v 0.290416 0.282923 0.793722
v 0.290416 0.431284 0.793722
v 0.290416 0.431284 0.800056
v 0.122637 0.200550 0.757824
v 0.128933 0.201339 0.754425
v 0.129454 0.201339 0.755395
v 0.123257 0.200550 0.758978
v 0.123947 0.200550 0.760091
v 0.130035 0.201339 0.756332
v 0.156719 0.201339 0.800056
v 0.124307 0.114568 0.756932
v 0.097389 0.114568 0.707695
v 0.128933 0.114568 0.754425
v 0.129454 0.114568 0.755395
v 0.124897 0.114568 0.758030
v 0.125554 0.114568 0.759089
v 0.130035 0.114568 0.756332
v 0.156719 0.114568 0.800056
v 0.128933 0.038246 0.754425
v 0.104362 0.038247 0.709480
v 0.129454 0.038246 0.755395
v 0.130035 0.038246 0.756332
v 0.156719 0.038246 0.800056
v 0.182664 0.282923 0.800056
v 0.182664 0.225096 0.800056
v 0.125554 0.196305 0.759089
v 0.156719 0.196305 0.800056
v 0.130035 0.196305 0.756332
v 0.129454 0.196305 0.755395
v 0.124897 0.196305 0.758030
v 0.124307 0.196305 0.756932
v 0.128933 0.196305 0.754425
v 0.252418 0.282923 0.800056
v 0.252593 0.244462 0.800056
v 0.223179 0.223819 0.800056
v 0.224031 0.158961 0.800056
v 0.185439 0.133448 0.800056
v 0.286108 0.282923 0.800056
v 0.286108 0.282923 0.807253
v 0.286108 0.224363 0.807253
v 0.286108 0.224363 0.800056
v 0.261392 0.210140 0.807253
v 0.261392 0.210140 0.800056
v 0.262041 0.184420 0.807253
v 0.262041 0.184420 0.800056
v 0.231992 0.164091 0.807253
v 0.231992 0.164091 0.800056
v 0.232171 0.220747 0.807253
v 0.232171 0.220747 0.800056
v 0.123257 0.282923 0.758978
v 0.122637 0.282923 0.757824
v 0.123947 0.282923 0.760091
v 0.111724 0.133448 0.682808
v 0.295196 0.282923 0.800056
v 0.294946 0.437500 0.800056
v 0.294946 0.437500 0.793722
v 0.295196 0.282923 0.793722
v 0.294946 0.128346 0.793722
v 0.294946 0.128346 0.800056
v 0.159290 0.046465 0.794268
v 0.160549 0.038246 0.795012
v 0.135206 0.038246 0.753150
v 0.134848 0.046465 0.753370
v 0.134341 0.046465 0.752570
v 0.134710 0.038246 0.752357
v 0.134271 0.038246 0.751532
v 0.133901 0.046465 0.751732
v 0.110661 0.046465 0.710140
v 0.110644 0.038247 0.708678
v 0.130035 0.046465 0.756332
v 0.156719 0.046465 0.800056
v 0.129454 0.046465 0.755395
v 0.128933 0.046465 0.754425
v 0.500000 0.282923 0.904200
v 0.485626 0.282923 0.903606
v 0.401313 0.613991 0.923867
v 0.447676 0.614290 0.923867
v 0.461826 0.638639 0.923867
v 0.497806 0.638657 0.923867
v 0.498261 0.659410 0.923867
v 0.401313 0.659410 0.923867
v 0.498321 0.561741 0.923867
v 0.497861 0.584341 0.923867
v 0.462567 0.584006 0.923867
v 0.447722 0.609574 0.923867
v 0.401313 0.609275 0.923867
v 0.401313 0.561741 0.923867
v 0.405806 0.655097 0.911523
v 0.411877 0.655097 0.911472
v 0.415216 0.655097 0.876186
v 0.439252 0.655097 0.876186
v 0.429848 0.655097 0.911499
v 0.424104 0.655097 0.911499
v 0.431784 0.655097 0.882657
v 0.419575 0.655097 0.882385
v 0.447183 0.655097 0.911443
v 0.455652 0.655097 0.911552
v 0.451293 0.655097 0.896011
v 0.448678 0.655097 0.896011
v 0.451028 0.655097 0.887186
v 0.453643 0.655097 0.887186
v 0.456515 0.655097 0.876400
v 0.476780 0.655097 0.876400
v 0.475039 0.655097 0.882937
v 0.463599 0.655097 0.882937
v 0.459989 0.655097 0.896495
v 0.462931 0.655097 0.896495
v 0.461016 0.655097 0.903685
v 0.457747 0.655097 0.903685
v 0.492084 0.655097 0.876615
v 0.486532 0.655097 0.876601
v 0.487726 0.655097 0.892980
v 0.499129 0.655097 0.892980
v 0.494280 0.655097 0.911187
v 0.489830 0.655097 0.911187
v 0.493373 0.655097 0.897883
v 0.485440 0.655097 0.897883
v 0.481836 0.655097 0.911415
v 0.477261 0.655097 0.911415
v 0.499522 0.655097 0.876513
v 0.498249 0.655097 0.881367
v 0.503219 0.655097 0.876513
v 0.501927 0.655097 0.881367
v 0.510747 0.655097 0.876319
v 0.508741 0.655097 0.883715
v 0.531085 0.655097 0.876319
v 0.521607 0.655097 0.911911
v 0.514400 0.655097 0.911911
v 0.516739 0.655097 0.903128
v 0.507305 0.655097 0.903128
v 0.509665 0.655097 0.894266
v 0.519372 0.655097 0.894266
v 0.522182 0.655097 0.883715
v 0.562191 0.655097 0.825780
v 0.534211 0.655097 0.826704
v 0.557144 0.655097 0.844731
v 0.551135 0.655097 0.844731
v 0.554213 0.655097 0.833175
v 0.540346 0.655097 0.833175
v 0.534930 0.655097 0.853513
v 0.539090 0.655097 0.853513
v 0.537120 0.655097 0.860909
v 0.525102 0.655097 0.860909
v 0.505799 0.655097 0.825780
v 0.503793 0.655097 0.833175
v 0.526137 0.655097 0.825780
v 0.516659 0.655097 0.861371
v 0.509453 0.655097 0.861371
v 0.511792 0.655097 0.852589
v 0.502358 0.655097 0.852589
v 0.504718 0.655097 0.843727
v 0.514424 0.655097 0.843727
v 0.517234 0.655097 0.833175
v 0.494491 0.655097 0.845681
v 0.470455 0.655097 0.845681
v 0.490305 0.655097 0.861396
v 0.485221 0.655097 0.861396
v 0.487683 0.655097 0.852152
v 0.474740 0.655097 0.852152
v 0.472256 0.655097 0.861480
v 0.466270 0.655097 0.861396
v 0.500310 0.655097 0.825780
v 0.495103 0.655097 0.826242
v 0.498218 0.655097 0.833637
v 0.493133 0.655097 0.833637
v 0.475892 0.655097 0.826242
v 0.473923 0.655097 0.833637
v 0.481100 0.655097 0.825780
v 0.479007 0.655097 0.833637
v 0.449551 0.655097 0.826422
v 0.442582 0.655097 0.826242
v 0.446891 0.655097 0.836411
v 0.457511 0.655097 0.836411
v 0.460219 0.655097 0.826242
v 0.466387 0.655097 0.826242
v 0.458509 0.655097 0.855824
v 0.452804 0.655097 0.855824
v 0.454404 0.655097 0.849815
v 0.442859 0.655097 0.849815
v 0.439787 0.655097 0.861350
v 0.433232 0.655097 0.861350
v 0.867451 0.655097 0.438252
v 0.864370 0.655097 0.432890
v 0.832506 0.655097 0.448200
v 0.820387 0.655097 0.426788
v 0.855404 0.655097 0.416927
v 0.858277 0.655097 0.422025
v 0.829702 0.655097 0.430100
v 0.835615 0.655097 0.441110
v 0.846684 0.655097 0.401570
v 0.842540 0.655097 0.393998
v 0.831360 0.655097 0.405863
v 0.832673 0.655097 0.408187
v 0.823907 0.655097 0.410638
v 0.822591 0.655097 0.408312
v 0.811867 0.655097 0.411300
v 0.801651 0.655097 0.393248
v 0.808166 0.655097 0.391450
v 0.813925 0.655097 0.401634
v 0.827411 0.655097 0.397884
v 0.825935 0.655097 0.395269
v 0.833086 0.655097 0.393278
v 0.834724 0.655097 0.396181
v 0.794120 0.655097 0.379505
v 0.796908 0.655097 0.384459
v 0.810454 0.655097 0.375024
v 0.804726 0.655097 0.364884
v 0.822902 0.655097 0.359902
v 0.825128 0.655097 0.363852
v 0.811856 0.655097 0.367499
v 0.815836 0.655097 0.374550
v 0.829324 0.655097 0.370830
v 0.831613 0.655097 0.374891
v 0.790283 0.655097 0.372932
v 0.795123 0.655097 0.371591
v 0.788419 0.655097 0.369638
v 0.793270 0.655097 0.368316
v 0.784456 0.655097 0.363032
v 0.791873 0.655097 0.361054
v 0.774202 0.655097 0.344915
v 0.809859 0.655097 0.335281
v 0.813464 0.655097 0.341677
v 0.804679 0.655097 0.344066
v 0.809407 0.655097 0.352446
v 0.800548 0.655097 0.354860
v 0.795673 0.655097 0.346230
v 0.785107 0.655097 0.349090
v 0.714442 0.655097 0.342681
v 0.729510 0.655097 0.367270
v 0.733532 0.655097 0.337638
v 0.736583 0.655097 0.343009
v 0.724953 0.655097 0.346092
v 0.732011 0.655097 0.358501
v 0.752443 0.655097 0.353044
v 0.750335 0.655097 0.349329
v 0.757762 0.655097 0.347342
v 0.763842 0.655097 0.358065
v 0.743192 0.655097 0.393182
v 0.750616 0.655097 0.391210
v 0.732823 0.655097 0.374969
v 0.768514 0.655097 0.365364
v 0.772159 0.655097 0.371793
v 0.763367 0.655097 0.374175
v 0.768148 0.655097 0.382600
v 0.759280 0.655097 0.385007
v 0.754351 0.655097 0.376331
v 0.743775 0.655097 0.379182
v 0.766163 0.655097 0.393152
v 0.778363 0.655097 0.414632
v 0.781867 0.655097 0.388864
v 0.784439 0.655097 0.393400
v 0.775208 0.655097 0.395928
v 0.781768 0.655097 0.407487
v 0.791069 0.655097 0.404925
v 0.794025 0.655097 0.410309
v 0.745990 0.655097 0.398098
v 0.749044 0.655097 0.402526
v 0.753854 0.655097 0.395964
v 0.756441 0.655097 0.400513
v 0.758837 0.655097 0.419729
v 0.766218 0.655097 0.417703
v 0.755784 0.655097 0.415302
v 0.763631 0.655097 0.413154
v 0.772420 0.655097 0.443225
v 0.775818 0.655097 0.449558
v 0.782359 0.655097 0.440463
v 0.776957 0.655097 0.430963
v 0.766827 0.655097 0.433764
v 0.763683 0.655097 0.428241
v 0.793156 0.655097 0.420096
v 0.796045 0.655097 0.425189
v 0.790067 0.655097 0.426850
v 0.795921 0.655097 0.437163
v 0.807381 0.655097 0.433960
v 0.810697 0.655097 0.439809
v 0.499303 0.703630 0.117306
v 0.501311 0.703630 0.129300
v 0.506611 0.703630 0.136865
v 0.494569 0.703630 0.124996
v 0.476285 0.703630 0.130718
v 0.473677 0.703630 0.125773
v 0.473153 0.703630 0.139545
v 0.466416 0.703630 0.140091
v 0.485006 0.703630 0.159223
v 0.481839 0.703630 0.163944
v 0.519814 0.703630 0.154570
v 0.523669 0.703630 0.159284
v 0.539695 0.703630 0.134674
v 0.528436 0.703630 0.136249
v 0.524806 0.703630 0.116949
v 0.483446 0.703630 0.170141
v 0.508621 0.703630 0.190001
v 0.521106 0.703630 0.190353
v 0.524001 0.703630 0.165299
v 0.604080 0.703630 0.280298
v 0.559543 0.703630 0.242018
v 0.488187 0.703630 0.190592
v 0.500311 0.703630 0.189803
v 0.546295 0.703630 0.240331
v 0.543665 0.703630 0.248631
v 0.557393 0.703630 0.252602
v 0.571826 0.703630 0.272100
v 0.581058 0.703630 0.275514
v 0.603788 0.703630 0.295574
v 0.599399 0.703630 0.301509
v 0.448541 0.703630 0.294432
v 0.458664 0.703630 0.287153
v 0.451754 0.703630 0.271630
v 0.430726 0.703630 0.259187
v 0.466733 0.703630 0.250028
v 0.464023 0.703630 0.238342
v 0.409180 0.703630 0.274057
v 0.401692 0.703630 0.297099
v 0.422697 0.703630 0.253788
v 0.507023 0.688251 0.293453
v 0.588188 0.688251 0.303777
v 0.588188 0.703630 0.303777
v 0.507023 0.703630 0.293453
v 0.506234 0.688251 0.281818
v 0.506234 0.703630 0.281818
v 0.517304 0.688251 0.274683
v 0.517304 0.703630 0.274683
v 0.574559 0.688251 0.286192
v 0.574559 0.703630 0.286192
v 0.523669 0.688251 0.159284
v 0.539695 0.688251 0.134674
v 0.481839 0.688251 0.163944
v 0.466416 0.688251 0.140091
v 0.473677 0.688251 0.125773
v 0.494569 0.688251 0.124996
v 0.499303 0.688251 0.117306
v 0.524806 0.688251 0.116949
v 0.528436 0.688251 0.136249
v 0.519814 0.688251 0.154570
v 0.506611 0.688251 0.136865
v 0.501311 0.688251 0.129300
v 0.476285 0.688251 0.130718
v 0.473153 0.688251 0.139545
v 0.485006 0.688251 0.159223
v 0.521106 0.688251 0.190353
v 0.559543 0.688251 0.242018
v 0.508621 0.688251 0.190001
v 0.546295 0.688251 0.240331
v 0.604080 0.688251 0.280298
v 0.524001 0.688251 0.165299
v 0.603788 0.688251 0.295574
v 0.599399 0.688251 0.301509
v 0.581058 0.688251 0.275514
v 0.571826 0.688251 0.272100
v 0.557393 0.688251 0.252602
v 0.543665 0.688251 0.248631
v 0.500311 0.688251 0.189803
v 0.488187 0.688251 0.190592
v 0.464023 0.688251 0.238342
v 0.466733 0.688251 0.250028
v 0.451754 0.688251 0.271630
v 0.458664 0.688251 0.287153
v 0.448541 0.688251 0.294432
v 0.401692 0.688251 0.297099
v 0.409180 0.688251 0.274057
v 0.422697 0.688251 0.253788
v 0.430726 0.688251 0.259187
v 0.483446 0.688251 0.170141
v 0.859472 0.703630 0.760462
v 0.848495 0.703630 0.755227
v 0.839258 0.703630 0.755230
v 0.855888 0.703630 0.752174
v 0.861688 0.703630 0.733914
v 0.867234 0.703630 0.734614
v 0.856253 0.703630 0.726286
v 0.859671 0.703630 0.720454
v 0.833335 0.703630 0.724708
v 0.831285 0.703630 0.719406
v 0.817182 0.703630 0.755890
v 0.811109 0.703630 0.756344
v 0.822076 0.703630 0.783587
v 0.827244 0.703630 0.773461
v 0.845136 0.703630 0.781558
v 0.825286 0.703630 0.717168
v 0.794578 0.703630 0.726399
v 0.787129 0.703630 0.736423
v 0.805992 0.703630 0.753166
v 0.665859 0.703630 0.752802
v 0.722761 0.703630 0.738275
v 0.805815 0.703630 0.709321
v 0.799507 0.703630 0.719705
v 0.731742 0.703630 0.728391
v 0.726451 0.703630 0.721476
v 0.715325 0.703630 0.730444
v 0.691074 0.703630 0.731083
v 0.682982 0.703630 0.736687
v 0.653513 0.703630 0.743801
v 0.651168 0.703630 0.736801
v 0.743495 0.703630 0.617285
v 0.743650 0.703630 0.629752
v 0.760330 0.703630 0.632995
v 0.782583 0.703630 0.622907
v 0.769434 0.703630 0.657656
v 0.780560 0.703630 0.662139
v 0.782761 0.703630 0.596729
v 0.768181 0.703630 0.577379
v 0.791611 0.703630 0.619427
v 0.712385 0.688251 0.666905
v 0.655741 0.688251 0.726317
v 0.655741 0.703630 0.726317
v 0.712385 0.703630 0.666905
v 0.722368 0.688251 0.672933
v 0.722368 0.703630 0.672933
v 0.721863 0.688251 0.686094
v 0.721863 0.703630 0.686094
v 0.677963 0.688251 0.725239
v 0.677963 0.703630 0.725239
v 0.811109 0.688251 0.756344
v 0.822076 0.688251 0.783587
v 0.831285 0.688251 0.719406
v 0.859671 0.688251 0.720454
v 0.867234 0.688251 0.734614
v 0.855888 0.688251 0.752174
v 0.859472 0.688251 0.760462
v 0.845136 0.688251 0.781558
v 0.827244 0.688251 0.773461
v 0.817182 0.688251 0.755890
v 0.839258 0.688251 0.755230
v 0.848495 0.688251 0.755227
v 0.861688 0.688251 0.733914
v 0.856253 0.688251 0.726286
v 0.833335 0.688251 0.724708
v 0.787129 0.688251 0.736423
v 0.722761 0.688251 0.738275
v 0.794578 0.688251 0.726399
v 0.731742 0.688251 0.728391
v 0.665859 0.688251 0.752802
v 0.805992 0.688251 0.753166
v 0.653513 0.688251 0.743801
v 0.651168 0.688251 0.736801
v 0.682982 0.688251 0.736687
v 0.691074 0.688251 0.731083
v 0.715325 0.688251 0.730444
v 0.726451 0.688251 0.721476
v 0.799507 0.688251 0.719705
v 0.805815 0.688251 0.709321
v 0.780560 0.688251 0.662139
v 0.769434 0.688251 0.657656
v 0.760330 0.688251 0.632995
v 0.743650 0.688251 0.629752
v 0.743495 0.688251 0.617285
v 0.768181 0.688251 0.577379
v 0.782761 0.688251 0.596729
v 0.791611 0.688251 0.619427
v 0.782583 0.688251 0.622907
v 0.825286 0.688251 0.717168
v 0.138653 0.703630 0.755400
v 0.148036 0.703630 0.747664
v 0.151937 0.703630 0.739292
v 0.147679 0.703630 0.755654
v 0.161777 0.703630 0.768628
v 0.158798 0.703630 0.773359
v 0.170987 0.703630 0.766926
v 0.174828 0.703630 0.772489
v 0.182102 0.703630 0.746822
v 0.187774 0.703630 0.747205
v 0.160668 0.703630 0.719005
v 0.162824 0.703630 0.713309
v 0.133498 0.703630 0.711735
v 0.140491 0.703630 0.720698
v 0.125592 0.703630 0.733492
v 0.192338 0.703630 0.742715
v 0.196949 0.703630 0.710982
v 0.191012 0.703630 0.699995
v 0.167867 0.703630 0.710015
v 0.227419 0.703630 0.583165
v 0.216537 0.703630 0.640875
v 0.207678 0.703630 0.728383
v 0.200932 0.703630 0.718278
v 0.221700 0.703630 0.653191
v 0.230202 0.703630 0.651319
v 0.226777 0.703630 0.637445
v 0.236447 0.703630 0.615196
v 0.234787 0.703630 0.605494
v 0.240794 0.703630 0.575779
v 0.248129 0.703630 0.576613
v 0.317429 0.703630 0.710798
v 0.306064 0.703630 0.705671
v 0.296075 0.703630 0.719417
v 0.295814 0.703630 0.743849
v 0.269878 0.703630 0.717246
v 0.261112 0.703630 0.725435
v 0.319464 0.703630 0.755073
v 0.343163 0.703630 0.750037
v 0.295153 0.703630 0.753501
v 0.286822 0.688251 0.661129
v 0.255698 0.688251 0.585187
v 0.255698 0.703630 0.585187
v 0.286822 0.703630 0.661129
v 0.277141 0.688251 0.667629
v 0.277141 0.703630 0.667629
v 0.265426 0.688251 0.661610
v 0.265426 0.703630 0.661610
v 0.247284 0.688251 0.605783
v 0.247284 0.703630 0.605783
v 0.162824 0.688251 0.713309
v 0.133498 0.688251 0.711735
v 0.187774 0.688251 0.747205
v 0.174828 0.688251 0.772489
v 0.158798 0.688251 0.773359
v 0.147679 0.688251 0.755654
v 0.138653 0.688251 0.755400
v 0.125592 0.688251 0.733492
v 0.140491 0.688251 0.720698
v 0.160668 0.688251 0.719005
v 0.151937 0.688251 0.739292
v 0.148036 0.688251 0.747664
v 0.161777 0.688251 0.768628
v 0.170987 0.688251 0.766926
v 0.182102 0.688251 0.746822
v 0.191012 0.688251 0.699995
v 0.216537 0.688251 0.640875
v 0.196949 0.688251 0.710982
v 0.221700 0.688251 0.653191
v 0.227419 0.688251 0.583165
v 0.167867 0.688251 0.710015
v 0.240794 0.688251 0.575779
v 0.248129 0.688251 0.576613
v 0.234787 0.688251 0.605494
v 0.236447 0.688251 0.615196
v 0.226777 0.688251 0.637445
v 0.230202 0.688251 0.651319
v 0.200932 0.688251 0.718278
v 0.207678 0.688251 0.728383
v 0.261112 0.688251 0.725435
v 0.269878 0.688251 0.717246
v 0.296075 0.688251 0.719417
v 0.306064 0.688251 0.705671
v 0.317429 0.688251 0.710798
v 0.343163 0.688251 0.750037
v 0.319464 0.688251 0.755073
v 0.295153 0.688251 0.753501
v 0.295814 0.688251 0.743849
v 0.192338 0.688251 0.742715
v 0.451533 0.702664 0.545197
v 0.431917 0.702664 0.557457
v 0.469923 0.702664 0.575847
v 0.428239 0.702664 0.568491
v 0.401267 0.702664 0.588107
v 0.411075 0.702664 0.608948
v 0.402493 0.702664 0.606496
v 0.490765 0.702664 0.639598
v 0.501799 0.702664 0.642050
v 0.506703 0.702664 0.628564
v 0.484635 0.702664 0.629790
v 0.484635 0.702664 0.584429
v 0.507929 0.702664 0.593011
v 0.544769 0.702664 0.534038
v 0.471149 0.702664 0.503513
v 0.447067 0.702664 0.520785
v 0.433143 0.702664 0.483897
v 0.414753 0.702664 0.483897
v 0.409849 0.702664 0.492479
v 0.513776 0.702664 0.424986
v 0.503931 0.702664 0.413364
v 0.491991 0.702664 0.421946
v 0.489376 0.702664 0.460687
v 0.513023 0.702664 0.493554
v 0.479568 0.702664 0.468043
v 0.478342 0.702664 0.491337
v 0.534901 0.702664 0.499835
v 0.594811 0.702664 0.498676
v 0.591296 0.702664 0.470411
v 0.601104 0.702664 0.476541
v 0.534901 0.702664 0.575847
v 0.550586 0.702664 0.548197
v 0.586392 0.702664 0.607722
v 0.599878 0.702664 0.604044
v 0.606008 0.702664 0.591785
v 0.411075 0.688517 0.608948
v 0.469923 0.688517 0.575847
v 0.402493 0.688517 0.606496
v 0.401267 0.688517 0.588107
v 0.428239 0.688517 0.568491
v 0.431917 0.688517 0.557457
v 0.451533 0.688517 0.545197
v 0.447067 0.688517 0.520785
v 0.409849 0.688517 0.492479
v 0.414753 0.688517 0.483897
v 0.433143 0.688517 0.483897
v 0.471149 0.688517 0.503513
v 0.478342 0.688517 0.491337
v 0.479568 0.688517 0.468043
v 0.489376 0.688517 0.460687
v 0.491991 0.688517 0.421946
v 0.503931 0.688517 0.413364
v 0.513776 0.688517 0.424986
v 0.513023 0.688517 0.493554
v 0.534901 0.688517 0.499835
v 0.591296 0.688517 0.470411
v 0.601104 0.688517 0.476541
v 0.594811 0.688517 0.498676
v 0.544769 0.688517 0.534038
v 0.550586 0.688517 0.548197
v 0.606008 0.688517 0.591785
v 0.599878 0.688517 0.604044
v 0.586392 0.688517 0.607722
v 0.534901 0.688517 0.575847
v 0.507929 0.688517 0.593011
v 0.506703 0.688517 0.628564
v 0.501799 0.688517 0.642050
v 0.490765 0.688517 0.639598
v 0.484635 0.688517 0.629790
v 0.484635 0.688517 0.584429
v 0.534613 0.707203 0.547413
v 0.473062 0.707203 0.514470
v 0.536298 0.707203 0.533167
v 0.588837 0.707203 0.488877
v 0.587064 0.707203 0.480598
v 0.525077 0.707203 0.513603
v 0.577092 0.707203 0.500599
v 0.552168 0.707203 0.516238
v 0.550439 0.707203 0.524294
v 0.506872 0.707203 0.504067
v 0.485199 0.707203 0.503200
v 0.486953 0.707203 0.479880
v 0.494312 0.707203 0.471246
v 0.496469 0.707203 0.433048
v 0.507292 0.707203 0.427475
v 0.502060 0.707203 0.424681
v 0.440726 0.707203 0.569861
v 0.446759 0.707203 0.558799
v 0.462254 0.707203 0.547861
v 0.460059 0.707203 0.521405
v 0.439866 0.707203 0.506720
v 0.428148 0.707203 0.501521
v 0.428048 0.707203 0.486770
v 0.416794 0.707203 0.493264
v 0.440726 0.693055 0.569861
v 0.446759 0.693055 0.558799
v 0.462254 0.693055 0.547861
v 0.460059 0.693055 0.521405
v 0.439866 0.693055 0.506720
v 0.428148 0.693055 0.501521
v 0.416794 0.693055 0.493264
v 0.428048 0.693055 0.486770
v 0.473062 0.693055 0.514470
v 0.485199 0.693055 0.503200
v 0.486953 0.693055 0.479880
v 0.494312 0.693055 0.471246
v 0.496469 0.693055 0.433048
v 0.502060 0.693055 0.424681
v 0.507292 0.693055 0.427475
v 0.506872 0.693055 0.504067
v 0.525077 0.693055 0.513603
v 0.587064 0.693055 0.480598
v 0.588837 0.693055 0.488877
v 0.577092 0.693055 0.500599
v 0.552168 0.693055 0.516238
v 0.550439 0.693055 0.524294
v 0.536298 0.693055 0.533167
v 0.534613 0.693055 0.547413
v 0.271449 0.565675 0.305671
v 0.294447 0.562039 0.265907
v 0.294447 0.696100 0.265907
v 0.271449 0.692464 0.305671
v 0.230667 0.282923 0.426593
v 0.180726 0.282923 0.388126
v 0.480228 0.559693 0.069173
v 0.162811 0.282923 0.544809
v 0.179634 0.282923 0.578791
v 0.160726 0.696100 0.498075
v 0.453108 0.559693 0.084552
v 0.452043 0.559693 0.071061
v 0.170187 0.589059 0.347125
v 0.169406 0.589060 0.348481
v 0.168625 0.589059 0.349837
v 0.330512 0.555410 0.441273
v 0.434691 0.432398 0.135958
v 0.384447 0.434123 0.223192
v 0.286108 0.131723 0.800056
v 0.286108 0.200633 0.800056
v 0.286108 0.365213 0.800056
v 0.286108 0.434123 0.800056
v 0.185439 0.432398 0.800056
v 0.307535 0.282923 0.800056
v 0.328585 0.282923 0.831594
v 0.464892 0.282923 0.831795
v 0.473299 0.282923 0.894271
v 0.384447 0.365214 0.223192
v 0.384447 0.131723 0.223192
v 0.384447 0.200633 0.223192
v 0.373753 0.282923 0.241759
v 0.209379 0.282923 0.338379
v 0.267713 0.282923 0.362275
v 0.335918 0.282923 0.244260
vt 0.706011 0.506878
vt 0.706011 0.511564
vt 0.706177 0.559804
vt 0.039961 0.465679
vt 0.032456 0.465679
vt 0.032456 0.786834
vt 0.039961 0.786834
vt 0.047679 0.644854
vt 0.040174 0.644854
vt 0.040174 0.786834
vt 0.047679 0.786834
vt 0.258192 0.564404
vt 0.157866 0.677440
vt 0.220933 0.563604
vt 0.195517 0.726326
vt 0.295439 0.563063
vt 0.359798 0.675975
vt 0.322707 0.725404
vt 0.286558 0.693578
vt 0.288193 0.710069
vt 0.280899 0.724861
vt 0.266993 0.733258
vt 0.259595 0.810788
vt 0.259152 0.732956
vt 0.259191 0.739736
vt 0.251315 0.733372
vt 0.237315 0.725177
vt 0.229854 0.710492
vt 0.231300 0.693979
vt 0.241195 0.680881
vt 0.258825 0.675419
vt 0.276515 0.680625
vt 0.342752 0.760572
vt 0.362798 0.795740
vt 0.155110 0.799261
vt 0.175313 0.762794
vt 0.258469 0.811468
vt 0.051224 0.936617
vt 0.144038 0.879849
vt 0.157305 0.892500
vt 0.140393 0.862829
vt 0.146303 0.847398
vt 0.159381 0.837694
vt 0.175475 0.836797
vt 0.189476 0.844992
vt 0.192640 0.851220
vt 0.196378 0.857102
vt 0.094995 0.790921
vt 0.031928 0.904758
vt 0.218395 0.910290
vt 0.196139 0.968371
vt 0.068829 0.969498
vt 0.467862 0.932252
vt 0.374022 0.877523
vt 0.378237 0.859089
vt 0.372152 0.843745
vt 0.358964 0.834232
vt 0.342861 0.833569
vt 0.328955 0.841966
vt 0.325350 0.849011
vt 0.321210 0.855997
vt 0.259179 0.909929
vt 0.196497 0.873679
vt 0.187885 0.887702
vt 0.173274 0.894718
vt 0.422812 0.786529
vt 0.487171 0.899441
vt 0.360788 0.890698
vt 0.299963 0.909568
vt 0.323053 0.967247
vt 0.450363 0.966120
vt 0.321330 0.872574
vt 0.330143 0.886442
vt 0.344853 0.893199
vt 0.357879 0.620939
vt 0.361702 0.627646
vt 0.354112 0.632229
vt 0.350317 0.625505
vt 0.346603 0.618990
vt 0.342787 0.612393
vt 0.350514 0.607727
vt 0.354288 0.614349
vt 0.342942 0.594443
vt 0.346689 0.601018
vt 0.338962 0.605684
vt 0.335109 0.599172
vt 0.297777 0.548488
vt 0.357925 0.638919
vt 0.365616 0.652114
vt 0.361854 0.645513
vt 0.365665 0.634245
vt 0.369467 0.640916
vt 0.373159 0.647559
vt 0.375603 0.651847
vt 0.359767 0.675921
vt 0.295408 0.563009
vt 0.286536 0.547444
vt 0.364756 0.669272
vt 0.258162 0.564351
vt 0.285270 0.547326
vt 0.320296 0.554906
vt 0.323956 0.561327
vt 0.316405 0.566114
vt 0.312608 0.559452
vt 0.308755 0.552693
vt 0.312209 0.540718
vt 0.298576 0.540082
vt 0.316344 0.547973
vt 0.285400 0.545451
vt 0.281865 0.539250
vt 0.285815 0.539487
vt 0.269232 0.547844
vt 0.258065 0.547458
vt 0.246904 0.548007
vt 0.230861 0.547721
vt 0.234174 0.539595
vt 0.230710 0.545848
vt 0.230228 0.539890
vt 0.269895 0.538531
vt 0.246135 0.538704
vt 0.331372 0.592615
vt 0.320063 0.572530
vt 0.324039 0.579161
vt 0.327713 0.567919
vt 0.331540 0.574632
vt 0.327799 0.585758
vt 0.335333 0.581208
vt 0.339156 0.587915
vt 0.157835 0.677386
vt 0.218369 0.549064
vt 0.220903 0.563550
vt 0.229597 0.547856
vt 0.203849 0.541504
vt 0.217474 0.540670
vt 0.207439 0.553428
vt 0.203664 0.560242
vt 0.199797 0.548818
vt 0.199943 0.566958
vt 0.192338 0.562282
vt 0.195925 0.555808
vt 0.185279 0.593675
vt 0.181617 0.600286
vt 0.177442 0.589088
vt 0.181188 0.582326
vt 0.188773 0.586766
vt 0.192458 0.580115
vt 0.196359 0.573428
vt 0.188656 0.568927
vt 0.184907 0.575695
vt 0.177838 0.606852
vt 0.170059 0.602299
vt 0.173731 0.595670
vt 0.174090 0.613617
vt 0.162992 0.633615
vt 0.159256 0.640360
vt 0.151715 0.653665
vt 0.141726 0.653543
vt 0.152770 0.670810
vt 0.144121 0.649220
vt 0.155402 0.647011
vt 0.151463 0.635798
vt 0.147737 0.642524
vt 0.170350 0.620268
vt 0.162612 0.615739
vt 0.166311 0.609063
vt 0.166710 0.626837
vt 0.159097 0.622381
vt 0.155351 0.629143
vt 0.313105 1.394964
vt 0.301169 1.395290
vt 0.291869 1.394443
vt 0.312540 1.401444
vt 0.300701 1.400738
vt 0.275164 1.389920
vt 0.272491 1.385446
vt 0.278146 1.382135
vt 0.280920 1.386779
vt 0.283733 1.391487
vt 0.281075 1.399815
vt 0.291213 1.400293
vt 0.278053 1.394756
vt 0.308707 1.302589
vt 0.320882 1.306241
vt 0.319730 1.395252
vt 0.313105 1.394964
vt 0.308707 1.302589
vt 0.291869 1.394443
vt 0.278146 1.382135
vt 0.280920 1.386779
vt 0.275164 1.389920
vt 0.272491 1.385446
vt 0.281075 1.399815
vt 0.291213 1.400293
vt 0.283733 1.391487
vt 0.278053 1.394756
vt 0.301169 1.395290
vt 0.312540 1.401444
vt 0.300701 1.400738
vt 0.269742 1.380844
vt 0.266949 1.376167
vt 0.272565 1.373034
vt 0.275473 1.377660
vt 0.267208 1.363652
vt 0.264478 1.359082
vt 0.274672 1.271304
vt 0.301327 1.293543
vt 0.300235 1.282065
vt 0.305773 1.271791
vt 0.269816 1.368432
vt 0.264175 1.371579
vt 0.261382 1.366903
vt 0.244932 1.326769
vt 0.242176 1.322156
vt 0.236530 1.325307
vt 0.234746 1.322321
vt 0.242007 1.334594
vt 0.239232 1.329949
vt 0.247800 1.331361
vt 0.250587 1.336026
vt 0.258865 1.349858
vt 0.261658 1.354534
vt 0.258615 1.362353
vt 0.255873 1.357762
vt 0.253079 1.353086
vt 0.250324 1.348473
vt 0.256076 1.345264
vt 0.253359 1.340715
vt 0.247698 1.343874
vt 0.244905 1.339197
vt 0.267208 1.363652
vt 0.269816 1.368432
vt 0.272565 1.373034
vt 0.264175 1.371579
vt 0.261382 1.366903
vt 0.266949 1.376167
vt 0.269742 1.380844
vt 0.275473 1.377660
vt 0.264478 1.359082
vt 0.274672 1.271304
vt 0.301327 1.293543
vt 0.300235 1.282065
vt 0.305773 1.271791
vt 0.322037 1.261499
vt 0.316183 1.265981
vt 0.321700 1.266219
vt 0.322015 1.266217
vt 0.321700 1.266219
vt 0.316183 1.265981
vt 0.259605 1.246082
vt 0.321847 1.211817
vt 0.260023 1.246781
vt 0.322266 1.212050
vt 0.261658 1.354534
vt 0.255873 1.357762
vt 0.258615 1.362353
vt 0.258865 1.349858
vt 0.250587 1.336026
vt 0.247800 1.331361
vt 0.244905 1.339197
vt 0.247698 1.343874
vt 0.253359 1.340715
vt 0.256076 1.345264
vt 0.253079 1.353086
vt 0.250324 1.348473
vt 0.244932 1.326769
vt 0.239232 1.329949
vt 0.242007 1.334594
vt 0.242176 1.322156
vt 0.236530 1.325307
vt 0.234746 1.322321
vt 0.957910 0.248379
vt 0.957865 0.212352
vt 0.879631 0.260771
vt 0.900746 0.279775
vt 0.879631 0.315859
vt 0.879631 0.260771
vt 0.900746 0.279775
vt 0.900746 0.315859
vt 0.722691 0.054597
vt 0.717272 0.062538
vt 0.858999 0.062538
vt 0.717272 0.054597
vt 0.858999 0.054597
vt 0.856655 0.054597
vt 0.853021 0.011924
vt 0.726324 0.011924
vt 0.871671 0.206788
vt 0.976759 0.206788
vt 0.976759 0.145253
vt 0.871671 0.145253
vt 0.860719 0.414355
vt 0.860719 0.397234
vt 0.719175 0.397234
vt 0.719175 0.414355
vt 0.719175 0.397234
vt 0.860719 0.397234
vt 0.948520 0.368239
vt 0.948520 0.274436
vt 0.926403 0.274436
vt 0.720254 0.449859
vt 0.861275 0.449859
vt 0.861275 0.430492
vt 0.720254 0.430492
vt 0.720010 0.429783
vt 0.720010 0.450205
vt 0.861520 0.450205
vt 0.861520 0.429783
vt 0.718056 0.307468
vt 0.718056 0.332191
vt 0.859987 0.332191
vt 0.859987 0.307468
vt 0.715662 0.077547
vt 0.858474 0.077547
vt 0.858474 0.063811
vt 0.715662 0.063811
vt 0.716068 0.283004
vt 0.859792 0.283004
vt 0.859792 0.295950
vt 0.716068 0.295950
vt 0.715422 0.171286
vt 0.715422 0.184180
vt 0.859320 0.184180
vt 0.859320 0.171286
vt 0.716068 0.295950
vt 0.859792 0.295950
vt 0.859792 0.283004
vt 0.716068 0.283004
vt 0.715980 0.156829
vt 0.715980 0.168986
vt 0.858793 0.168986
vt 0.858793 0.156829
vt 0.716068 0.283004
vt 0.859792 0.283004
vt 0.859792 0.295950
vt 0.716068 0.295950
vt 0.715740 0.275230
vt 0.859638 0.275230
vt 0.859638 0.262988
vt 0.715740 0.262988
vt 0.716068 0.295950
vt 0.859792 0.295950
vt 0.859792 0.283004
vt 0.716068 0.283004
vt 0.715662 0.090714
vt 0.858474 0.090714
vt 0.858474 0.078003
vt 0.715662 0.078003
vt 0.716068 0.295702
vt 0.716068 0.283004
vt 0.859792 0.283004
vt 0.859792 0.295702
vt 0.715422 0.236746
vt 0.859320 0.236746
vt 0.859320 0.224161
vt 0.715422 0.224161
vt 0.716068 0.295702
vt 0.859792 0.295702
vt 0.859792 0.282946
vt 0.716068 0.282946
vt 0.715662 0.103869
vt 0.858474 0.103869
vt 0.858474 0.091171
vt 0.715662 0.091171
vt 0.716068 0.282946
vt 0.859792 0.282946
vt 0.859792 0.296125
vt 0.716068 0.296125
vt 0.715422 0.249712
vt 0.859320 0.249712
vt 0.859320 0.237202
vt 0.715422 0.237202
vt 0.716068 0.296125
vt 0.859792 0.296125
vt 0.859792 0.282865
vt 0.716068 0.282865
vt 0.715662 0.156010
vt 0.858474 0.156010
vt 0.858474 0.143561
vt 0.715662 0.143561
vt 0.716068 0.282865
vt 0.859792 0.282865
vt 0.859792 0.295947
vt 0.716068 0.295947
vt 0.715422 0.197437
vt 0.859320 0.197437
vt 0.859320 0.184637
vt 0.715422 0.184637
vt 0.716068 0.295947
vt 0.859792 0.295947
vt 0.859792 0.282865
vt 0.716068 0.282865
vt 0.715662 0.143104
vt 0.858474 0.143104
vt 0.858474 0.130567
vt 0.715662 0.130567
vt 0.716068 0.295876
vt 0.716068 0.282865
vt 0.859792 0.282865
vt 0.859792 0.295876
vt 0.715422 0.262599
vt 0.859320 0.262599
vt 0.859320 0.250168
vt 0.715422 0.250168
vt 0.716068 0.283073
vt 0.716068 0.295876
vt 0.859792 0.295876
vt 0.859792 0.283073
vt 0.715662 0.117023
vt 0.858474 0.117023
vt 0.858474 0.104325
vt 0.715662 0.104325
vt 0.716068 0.283073
vt 0.859792 0.283073
vt 0.859792 0.295923
vt 0.716068 0.295923
vt 0.715422 0.210656
vt 0.859320 0.210656
vt 0.859320 0.197894
vt 0.715422 0.197894
vt 0.716068 0.295923
vt 0.859792 0.295923
vt 0.859792 0.282819
vt 0.716068 0.282819
vt 0.715662 0.130111
vt 0.858474 0.130111
vt 0.858474 0.117480
vt 0.715662 0.117480
vt 0.716068 0.295708
vt 0.716068 0.282819
vt 0.859792 0.282819
vt 0.859792 0.295708
vt 0.715422 0.211113
vt 0.715422 0.223705
vt 0.859320 0.223705
vt 0.859320 0.211113
vt 0.716068 0.295708
vt 0.859792 0.295708
vt 0.859792 0.282938
vt 0.716068 0.282938
vt 0.875654 0.233737
vt 0.867096 0.233737
vt 0.867096 0.442695
vt 0.875654 0.442695
vt 0.825537 0.720856
vt 0.829180 0.734539
vt 0.821655 0.734539
vt 0.815461 0.711278
vt 0.844692 0.720856
vt 0.851036 0.711278
vt 0.857230 0.734539
vt 0.848369 0.734662
vt 0.862795 0.751722
vt 0.865892 0.763353
vt 0.828848 0.762668
vt 0.825933 0.751722
vt 0.866335 0.900277
vt 0.856097 0.900277
vt 0.856097 0.892612
vt 0.866335 0.892612
vt 0.856097 0.918652
vt 0.856097 0.912291
vt 0.864445 0.912291
vt 0.864445 0.918652
vt 0.957829 0.915711
vt 0.957829 0.913722
vt 0.966178 0.913722
vt 0.966178 0.915711
vt 0.888790 0.926701
vt 0.888790 0.922960
vt 0.897139 0.922960
vt 0.897139 0.926701
vt 0.900297 0.894734
vt 0.900297 0.889672
vt 0.908646 0.889672
vt 0.908646 0.894734
vt 0.966708 0.866869
vt 0.966708 0.863093
vt 0.975057 0.863093
vt 0.975057 0.866869
vt 0.911803 0.934437
vt 0.911803 0.932095
vt 0.920152 0.932095
vt 0.920152 0.934437
vt 0.874031 0.908812
vt 0.874031 0.902452
vt 0.882380 0.902452
vt 0.882380 0.908812
vt 0.946323 0.897913
vt 0.946323 0.894920
vt 0.954672 0.894920
vt 0.954672 0.897913
vt 0.925074 0.860390
vt 0.914411 0.860390
vt 0.914411 0.852725
vt 0.925074 0.852725
vt 0.960712 0.876113
vt 0.960712 0.872933
vt 0.969061 0.872933
vt 0.969061 0.876113
vt 0.942283 0.848154
vt 0.931673 0.848154
vt 0.931673 0.840489
vt 0.942283 0.840489
vt 0.703372 0.755689
vt 0.692004 0.713001
vt 0.700507 0.713001
vt 0.714425 0.765267
vt 0.685301 0.756092
vt 0.678850 0.765267
vt 0.673908 0.713041
vt 0.664922 0.712965
vt 0.784822 0.764783
vt 0.779349 0.764783
vt 0.777465 0.757599
vt 0.782909 0.757599
vt 0.767539 0.780844
vt 0.763896 0.767161
vt 0.771421 0.767161
vt 0.777615 0.790422
vt 0.748384 0.780844
vt 0.742040 0.790422
vt 0.735846 0.767161
vt 0.744707 0.767038
vt 0.783132 0.808247
vt 0.786229 0.819877
vt 0.778522 0.819193
vt 0.775607 0.808247
vt 0.754699 0.808247
vt 0.757796 0.819877
vt 0.750088 0.819193
vt 0.747173 0.808247
vt 0.862795 0.751722
vt 0.865892 0.763353
vt 0.828848 0.762668
vt 0.825933 0.751722
vt 0.866335 0.900277
vt 0.856097 0.900277
vt 0.856097 0.892612
vt 0.866335 0.892612
vt 0.856097 0.918652
vt 0.856097 0.912291
vt 0.864445 0.912291
vt 0.864445 0.918652
vt 0.957829 0.915711
vt 0.957829 0.913722
vt 0.966178 0.913722
vt 0.966178 0.915711
vt 0.888790 0.926701
vt 0.888790 0.922960
vt 0.897139 0.922960
vt 0.897139 0.926701
vt 0.900297 0.894734
vt 0.900297 0.889672
vt 0.908646 0.889672
vt 0.908646 0.894734
vt 0.966708 0.866869
vt 0.966708 0.863093
vt 0.975057 0.863093
vt 0.975057 0.866869
vt 0.911803 0.934437
vt 0.911803 0.932095
vt 0.920152 0.932095
vt 0.920152 0.934437
vt 0.874031 0.908812
vt 0.874031 0.902452
vt 0.882380 0.902452
vt 0.882380 0.908812
vt 0.946323 0.897913
vt 0.946323 0.894920
vt 0.954672 0.894920
vt 0.954672 0.897913
vt 0.925074 0.860390
vt 0.914411 0.860390
vt 0.914411 0.852725
vt 0.925074 0.852725
vt 0.960712 0.876113
vt 0.960712 0.872933
vt 0.969061 0.872933
vt 0.969061 0.876113
vt 0.942283 0.848154
vt 0.931673 0.848154
vt 0.931673 0.840489
vt 0.942283 0.840489
vt 0.703372 0.755689
vt 0.692004 0.713001
vt 0.700507 0.713001
vt 0.714425 0.765267
vt 0.685301 0.756092
vt 0.678850 0.765267
vt 0.673908 0.713041
vt 0.664922 0.712965
vt 0.784822 0.764783
vt 0.779349 0.764783
vt 0.777465 0.757599
vt 0.782909 0.757599
vt 0.767539 0.780844
vt 0.763896 0.767161
vt 0.771421 0.767161
vt 0.777615 0.790422
vt 0.748384 0.780844
vt 0.742040 0.790422
vt 0.735846 0.767161
vt 0.744707 0.767038
vt 0.783132 0.808247
vt 0.786229 0.819877
vt 0.778522 0.819193
vt 0.775607 0.808247
vt 0.754699 0.808247
vt 0.757796 0.819877
vt 0.750088 0.819193
vt 0.747173 0.808247
vt 0.946323 0.910201
vt 0.946323 0.907826
vt 0.954672 0.907826
vt 0.954672 0.910201
vt 0.933103 0.834735
vt 0.917525 0.834735
vt 0.917525 0.827070
vt 0.933103 0.827070
vt 0.884270 0.890438
vt 0.874031 0.890438
vt 0.874031 0.882773
vt 0.884270 0.882773
vt 0.871663 0.880598
vt 0.856097 0.880598
vt 0.856097 0.872933
vt 0.871663 0.872933
vt 0.923310 0.927324
vt 0.923310 0.925077
vt 0.931659 0.925077
vt 0.931659 0.927324
vt 0.868811 0.890438
vt 0.856097 0.890438
vt 0.856097 0.882773
vt 0.868811 0.882773
vt 0.911803 0.886063
vt 0.911803 0.881286
vt 0.920152 0.881286
vt 0.920152 0.886063
vt 0.886422 0.880598
vt 0.874031 0.880598
vt 0.874031 0.872933
vt 0.886422 0.872933
vt 0.923310 0.904927
vt 0.923310 0.901615
vt 0.931659 0.901615
vt 0.931659 0.904927
vt 0.888790 0.897800
vt 0.888790 0.891554
vt 0.897139 0.891554
vt 0.897139 0.897800
vt 0.946323 0.934052
vt 0.946323 0.933029
vt 0.954672 0.933029
vt 0.954672 0.934052
vt 0.949206 0.876505
vt 0.949206 0.872933
vt 0.957555 0.872933
vt 0.957555 0.876505
vt 0.957829 0.929874
vt 0.957829 0.928852
vt 0.966178 0.928852
vt 0.966178 0.929874
vt 0.900297 0.901998
vt 0.900297 0.897633
vt 0.908646 0.897633
vt 0.908646 0.901998
vt 0.864729 0.910117
vt 0.856097 0.910117
vt 0.856097 0.902452
vt 0.864729 0.902452
vt 0.911803 0.929196
vt 0.911803 0.926550
vt 0.920152 0.926550
vt 0.920152 0.929196
vt 0.874031 0.924341
vt 0.874031 0.919867
vt 0.882380 0.919867
vt 0.882380 0.924341
vt 0.900297 0.886773
vt 0.900297 0.881286
vt 0.908646 0.881286
vt 0.908646 0.886773
vt 0.957829 0.925314
vt 0.957829 0.924163
vt 0.966178 0.924163
vt 0.966178 0.925314
vt 0.934816 0.910737
vt 0.934816 0.907826
vt 0.943165 0.907826
vt 0.943165 0.910737
vt 0.946323 0.930130
vt 0.946323 0.928852
vt 0.954672 0.928852
vt 0.954672 0.930130
vt 0.934816 0.898103
vt 0.934816 0.894920
vt 0.943165 0.894920
vt 0.943165 0.898103
vt 0.946323 0.915894
vt 0.946323 0.913722
vt 0.954672 0.913722
vt 0.954672 0.915894
vt 0.920682 0.869717
vt 0.920682 0.863093
vt 0.929031 0.863093
vt 0.929031 0.869717
vt 0.888790 0.913119
vt 0.888790 0.908659
vt 0.897139 0.908659
vt 0.897139 0.913119
vt 0.888790 0.888655
vt 0.888790 0.881286
vt 0.897139 0.881286
vt 0.897139 0.888655
vt 0.957829 0.920774
vt 0.957829 0.919033
vt 0.966178 0.919033
vt 0.966178 0.920774
vt 0.950282 0.858109
vt 0.950282 0.852725
vt 0.958631 0.852725
vt 0.958631 0.858109
vt 0.911803 0.917759
vt 0.911803 0.914657
vt 0.920152 0.914657
vt 0.920152 0.917759
vt 0.932189 0.868570
vt 0.932189 0.863093
vt 0.940538 0.863093
vt 0.940538 0.868570
vt 0.946323 0.925953
vt 0.946323 0.924163
vt 0.954672 0.924163
vt 0.954672 0.925953
vt 0.912043 0.860390
vt 0.896696 0.860390
vt 0.896696 0.852725
vt 0.912043 0.852725
vt 0.934816 0.930949
vt 0.934816 0.929051
vt 0.943165 0.929051
vt 0.943165 0.930949
vt 0.923310 0.936556
vt 0.923310 0.935110
vt 0.931659 0.935110
vt 0.931659 0.936556
vt 0.948685 0.891636
vt 0.948685 0.889672
vt 0.957034 0.889672
vt 0.957034 0.891636
vt 0.934816 0.935287
vt 0.934816 0.933848
vt 0.943165 0.933848
vt 0.943165 0.935287
vt 0.934816 0.904612
vt 0.934816 0.901615
vt 0.943165 0.901615
vt 0.943165 0.904612
vt 0.972151 0.834735
vt 0.963487 0.834735
vt 0.963487 0.827070
vt 0.972151 0.827070
vt 0.894328 0.860390
vt 0.878638 0.860390
vt 0.878638 0.852725
vt 0.894328 0.852725
vt 0.957829 0.897738
vt 0.957829 0.894920
vt 0.966178 0.894920
vt 0.966178 0.897738
vt 0.888790 0.933155
vt 0.888790 0.929600
vt 0.897139 0.929600
vt 0.897139 0.933155
vt 0.923310 0.898609
vt 0.923310 0.894920
vt 0.931659 0.894920
vt 0.931659 0.898609
vt 0.900297 0.915179
vt 0.900297 0.911592
vt 0.908646 0.911592
vt 0.908646 0.915179
vt 0.900297 0.908693
vt 0.900297 0.904897
vt 0.908646 0.904897
vt 0.908646 0.908693
vt 0.923310 0.885557
vt 0.923310 0.881286
vt 0.931659 0.881286
vt 0.931659 0.885557
vt 0.856097 0.926807
vt 0.856097 0.921551
vt 0.864445 0.921551
vt 0.864445 0.926807
vt 0.903924 0.870759
vt 0.891999 0.870759
vt 0.891999 0.863093
vt 0.903924 0.863093
vt 0.882386 0.900277
vt 0.874031 0.900277
vt 0.874031 0.892612
vt 0.882386 0.892612
vt 0.957829 0.903965
vt 0.957829 0.901615
vt 0.966178 0.901615
vt 0.966178 0.903965
vt 0.914686 0.877610
vt 0.914686 0.872933
vt 0.923035 0.872933
vt 0.923035 0.877610
vt 0.903180 0.878356
vt 0.903180 0.872933
vt 0.911529 0.872933
vt 0.911529 0.878356
vt 0.936408 0.860390
vt 0.927442 0.860390
vt 0.927442 0.852725
vt 0.936408 0.852725
vt 0.960191 0.891299
vt 0.960191 0.889672
vt 0.968540 0.889672
vt 0.968540 0.891299
vt 0.900297 0.927150
vt 0.900297 0.924157
vt 0.908646 0.924157
vt 0.908646 0.927150
vt 0.943695 0.867794
vt 0.943695 0.863093
vt 0.952044 0.863093
vt 0.952044 0.867794
vt 0.929305 0.848154
vt 0.914227 0.848154
vt 0.914227 0.840489
vt 0.929305 0.840489
vt 0.923310 0.910823
vt 0.923310 0.907826
vt 0.931659 0.907826
vt 0.931659 0.910823
vt 0.953314 0.848154
vt 0.944651 0.848154
vt 0.944651 0.840489
vt 0.953314 0.840489
vt 0.871786 0.870759
vt 0.856097 0.870759
vt 0.856097 0.863093
vt 0.871786 0.863093
vt 0.946323 0.904433
vt 0.946323 0.901615
vt 0.954672 0.901615
vt 0.954672 0.904433
vt 0.911803 0.911758
vt 0.911803 0.908203
vt 0.920152 0.908203
vt 0.920152 0.911758
vt 0.911803 0.905304
vt 0.911803 0.901615
vt 0.920152 0.901615
vt 0.920152 0.905304
vt 0.946323 0.884873
vt 0.946323 0.881286
vt 0.954672 0.881286
vt 0.954672 0.884873
vt 0.911803 0.898716
vt 0.911803 0.894920
vt 0.920152 0.894920
vt 0.920152 0.898716
vt 0.955202 0.867364
vt 0.955202 0.863093
vt 0.963551 0.863093
vt 0.963551 0.867364
vt 0.874031 0.916968
vt 0.874031 0.911711
vt 0.882380 0.911711
vt 0.882380 0.916968
vt 0.961119 0.834735
vt 0.950880 0.834735
vt 0.950880 0.827070
vt 0.961119 0.827070
vt 0.938776 0.859086
vt 0.938776 0.852725
vt 0.947125 0.852725
vt 0.947125 0.859086
vt 0.923310 0.932211
vt 0.923310 0.930223
vt 0.931659 0.930223
vt 0.931659 0.932211
vt 0.937699 0.876674
vt 0.937699 0.872933
vt 0.946048 0.872933
vt 0.946048 0.876674
vt 0.888790 0.905760
vt 0.888790 0.900699
vt 0.897139 0.900699
vt 0.897139 0.905760
vt 0.934816 0.885061
vt 0.934816 0.881286
vt 0.943165 0.881286
vt 0.943165 0.885061
vt 0.925672 0.892014
vt 0.925672 0.889672
vt 0.934021 0.889672
vt 0.934021 0.892014
vt 0.955683 0.846850
vt 0.955683 0.840489
vt 0.964031 0.840489
vt 0.964031 0.846850
vt 0.957829 0.909871
vt 0.957829 0.907826
vt 0.966178 0.907826
vt 0.966178 0.909871
vt 0.900297 0.921258
vt 0.900297 0.918078
vt 0.908646 0.918078
vt 0.908646 0.921258
vt 0.934816 0.926152
vt 0.934816 0.924163
vt 0.943165 0.924163
vt 0.943165 0.926152
vt 0.923310 0.916715
vt 0.923310 0.913722
vt 0.931659 0.913722
vt 0.931659 0.916715
vt 0.911803 0.923652
vt 0.911803 0.920658
vt 0.920152 0.920658
vt 0.920152 0.923652
vt 0.937178 0.891717
vt 0.937178 0.889672
vt 0.945527 0.889672
vt 0.945527 0.891717
vt 0.957829 0.884467
vt 0.957829 0.881286
vt 0.966178 0.881286
vt 0.966178 0.884467
vt 0.946323 0.921022
vt 0.946323 0.919033
vt 0.954672 0.919033
vt 0.954672 0.921022
vt 0.900297 0.932776
vt 0.900297 0.930049
vt 0.908646 0.930049
vt 0.908646 0.932776
vt 0.888790 0.920061
vt 0.888790 0.916018
vt 0.897139 0.916018
vt 0.897139 0.920061
vt 0.926193 0.877087
vt 0.926193 0.872933
vt 0.934542 0.872933
vt 0.934542 0.877087
vt 0.874031 0.931356
vt 0.874031 0.927240
vt 0.882380 0.927240
vt 0.882380 0.931356
vt 0.934816 0.916134
vt 0.934816 0.913722
vt 0.943165 0.913722
vt 0.943165 0.916134
vt 0.948512 0.834735
vt 0.935471 0.834735
vt 0.935471 0.827070
vt 0.948512 0.827070
vt 0.934816 0.921264
vt 0.934816 0.919033
vt 0.943165 0.919033
vt 0.943165 0.921264
vt 0.874031 0.936686
vt 0.874031 0.934254
vt 0.882380 0.934254
vt 0.882380 0.936686
vt 0.856097 0.934222
vt 0.856097 0.929706
vt 0.864445 0.929706
vt 0.864445 0.934222
vt 0.961789 0.857393
vt 0.961789 0.852725
vt 0.970138 0.852725
vt 0.970138 0.857393
vt 0.923310 0.922178
vt 0.923310 0.919614
vt 0.931659 0.919614
vt 0.931659 0.922178
vt 0.889631 0.870759
vt 0.874154 0.870759
vt 0.874154 0.863093
vt 0.889631 0.863093
vt 0.825537 0.720856
vt 0.829180 0.734539
vt 0.821655 0.734539
vt 0.815461 0.711278
vt 0.844692 0.720856
vt 0.851036 0.711278
vt 0.857230 0.734539
vt 0.848369 0.734662
vt 0.862795 0.751722
vt 0.865892 0.763353
vt 0.828848 0.762668
vt 0.825933 0.751722
vt 0.866335 0.900277
vt 0.856097 0.900277
vt 0.856097 0.892612
vt 0.866335 0.892612
vt 0.856097 0.918652
vt 0.856097 0.912291
vt 0.864445 0.912291
vt 0.864445 0.918652
vt 0.957829 0.915711
vt 0.957829 0.913722
vt 0.966178 0.913722
vt 0.966178 0.915711
vt 0.888790 0.926701
vt 0.888790 0.922960
vt 0.897139 0.922960
vt 0.897139 0.926701
vt 0.900297 0.894734
vt 0.900297 0.889672
vt 0.908646 0.889672
vt 0.908646 0.894734
vt 0.966708 0.866869
vt 0.966708 0.863093
vt 0.975057 0.863093
vt 0.975057 0.866869
vt 0.911803 0.934437
vt 0.911803 0.932095
vt 0.920152 0.932095
vt 0.920152 0.934437
vt 0.874031 0.908812
vt 0.874031 0.902452
vt 0.882380 0.902452
vt 0.882380 0.908812
vt 0.946323 0.897913
vt 0.946323 0.894920
vt 0.954672 0.894920
vt 0.954672 0.897913
vt 0.925074 0.860390
vt 0.914411 0.860390
vt 0.914411 0.852725
vt 0.925074 0.852725
vt 0.960712 0.876113
vt 0.960712 0.872933
vt 0.969061 0.872933
vt 0.969061 0.876113
vt 0.942283 0.848154
vt 0.931673 0.848154
vt 0.931673 0.840489
vt 0.942283 0.840489
vt 0.703372 0.755689
vt 0.692004 0.713001
vt 0.700507 0.713001
vt 0.714425 0.765267
vt 0.685301 0.756092
vt 0.678850 0.765267
vt 0.673908 0.713041
vt 0.664922 0.712965
vt 0.784822 0.764783
vt 0.779349 0.764783
vt 0.777465 0.757599
vt 0.782909 0.757599
vt 0.767539 0.780844
vt 0.763896 0.767161
vt 0.771421 0.767161
vt 0.777615 0.790422
vt 0.748384 0.780844
vt 0.742040 0.790422
vt 0.735846 0.767161
vt 0.744707 0.767038
vt 0.783132 0.808247
vt 0.786229 0.819877
vt 0.778522 0.819193
vt 0.775607 0.808247
vt 0.754699 0.808247
vt 0.757796 0.819877
vt 0.750088 0.819193
vt 0.747173 0.808247
vt 0.659889 0.955737
vt 0.654503 0.955737
vt 0.654503 0.945013
vt 0.659889 0.945013
vt 0.672221 0.955737
vt 0.672221 0.945013
vt 0.675223 0.914185
vt 0.675223 0.908796
vt 0.685947 0.908796
vt 0.685947 0.914185
vt 0.538678 0.955737
vt 0.532265 0.955737
vt 0.532265 0.945013
vt 0.538678 0.945013
vt 0.569533 0.955737
vt 0.569533 0.945013
vt 0.580827 0.955737
vt 0.580827 0.945013
vt 0.676306 0.867457
vt 0.676306 0.863453
vt 0.687030 0.863453
vt 0.687030 0.867457
vt 0.676306 0.872601
vt 0.687030 0.872601
vt 0.673141 0.985484
vt 0.660760 0.985484
vt 0.660760 0.974760
vt 0.673141 0.974760
vt 0.688781 0.985484
vt 0.688781 0.974760
vt 0.675223 0.900440
vt 0.675223 0.893600
vt 0.685947 0.893600
vt 0.685947 0.900440
vt 0.640409 0.970611
vt 0.625772 0.970611
vt 0.625772 0.959887
vt 0.640409 0.959887
vt 0.643788 0.970611
vt 0.643788 0.959887
vt 0.659225 0.970611
vt 0.659225 0.959887
vt 0.672156 0.874177
vt 0.658966 0.874177
vt 0.658966 0.863453
vt 0.672156 0.863453
vt 0.621622 0.970611
vt 0.583280 0.970611
vt 0.583280 0.959887
vt 0.621622 0.959887
vt 0.658966 0.927565
vt 0.658966 0.921909
vt 0.669690 0.921909
vt 0.669690 0.927565
vt 0.133252 0.167252
vt 0.129799 0.167267
vt 0.129738 0.159435
vt 0.133192 0.159420
vt 0.129738 0.159435
vt 0.133252 0.167239
vt 0.133192 0.159420
vt 0.121739 0.081672
vt 0.114467 0.019587
vt 0.114467 0.256872
vt 0.121739 0.019530
vt 0.121843 0.408295
vt 0.115204 0.408295
vt 0.115204 0.439908
vt 0.121843 0.418774
vt 0.167295 0.439956
vt 0.147811 0.418738
vt 0.149408 0.205407
vt 0.147811 0.342971
vt 0.131713 0.327461
vt 0.131713 0.273489
vt 0.121500 0.205407
vt 0.121500 0.122346
vt 0.149408 0.122346
vt 0.149593 0.081672
vt 0.167295 0.062036
vt 0.149593 0.062036
vt 0.524711 0.043949
vt 0.522352 0.047527
vt 0.551166 0.047699
vt 0.553525 0.044126
vt 0.601280 0.428478
vt 0.601280 0.424272
vt 0.585518 0.424272
vt 0.585518 0.428478
vt 0.493849 0.378215
vt 0.493001 0.382425
vt 0.511417 0.384304
vt 0.512279 0.380093
vt 0.543555 0.402499
vt 0.543555 0.406710
vt 0.584094 0.406710
vt 0.584094 0.402499
vt 0.504111 0.397844
vt 0.504111 0.393477
vt 0.493001 0.393477
vt 0.493001 0.397844
vt 0.493001 0.388964
vt 0.493001 0.393331
vt 0.509077 0.393331
vt 0.509077 0.388964
vt 0.506505 0.377695
vt 0.506505 0.373327
vt 0.493001 0.373327
vt 0.493001 0.377695
vt 0.544594 0.393331
vt 0.544594 0.388964
vt 0.509185 0.388964
vt 0.509185 0.393331
vt 0.544703 0.388964
vt 0.544703 0.393331
vt 0.557030 0.393331
vt 0.557030 0.388964
vt 0.574852 0.333248
vt 0.574852 0.267575
vt 0.574423 0.221779
vt 0.598156 0.286373
vt 0.598156 0.347328
vt 0.574852 0.110310
vt 0.543538 0.129336
vt 0.544229 0.177703
vt 0.520362 0.193097
vt 0.520504 0.221779
vt 0.520362 0.250461
vt 0.544229 0.265855
vt 0.543538 0.314222
vt 0.574852 0.175982
vt 0.598156 0.157185
vt 0.598156 0.096230
vt 0.375648 0.651925
vt 0.388828 0.674953
vt 0.547140 0.424272
vt 0.508749 0.424272
vt 0.508749 0.428478
vt 0.547140 0.428478
vt 0.348710 0.726120
vt 0.322676 0.725350
vt 0.520420 0.384450
vt 0.493001 0.384450
vt 0.493001 0.388818
vt 0.520420 0.388818
vt 0.547838 0.388818
vt 0.547838 0.384450
vt 0.860570 0.362709
vt 0.718638 0.340985
vt 0.718638 0.362709
vt 0.718638 0.333819
vt 0.860570 0.333819
vt 0.612998 0.221188
vt 0.612998 0.160488
vt 0.579403 0.178163
vt 0.579403 0.221188
vt 0.579403 0.264214
vt 0.612998 0.281889
vt 0.861113 0.449741
vt 0.719603 0.430745
vt 0.861113 0.430745
vt 0.719603 0.445198
vt 0.719603 0.449741
vt 0.465516 0.226109
vt 0.464507 0.163323
vt 0.461256 0.163375
vt 0.462266 0.226161
vt 0.463275 0.288947
vt 0.466526 0.288895
vt 0.859757 0.394477
vt 0.718695 0.392020
vt 0.718695 0.394477
vt 0.718695 0.370200
vt 0.859757 0.370200
vt 0.546840 0.054340
vt 0.601984 0.054340
vt 0.601984 0.051231
vt 0.546840 0.051231
vt 0.491675 0.051231
vt 0.491675 0.054340
vt 0.493470 0.047600
vt 0.522264 0.048354
vt 0.520071 0.044707
vt 0.491278 0.043949
vt 0.493001 0.428478
vt 0.493001 0.424272
vt 0.557688 0.411071
vt 0.581727 0.411071
vt 0.581727 0.406865
vt 0.557688 0.406865
vt 0.533649 0.406865
vt 0.533649 0.411071
vt 0.513125 0.383372
vt 0.531583 0.382467
vt 0.530844 0.378215
vt 0.512387 0.379120
vt 0.533541 0.406865
vt 0.493001 0.406865
vt 0.493001 0.411071
vt 0.533541 0.411071
vt 0.532125 0.364774
vt 0.521026 0.373657
vt 0.523365 0.376685
vt 0.534465 0.367784
vt 0.547038 0.352807
vt 0.549378 0.355818
vt 0.529614 0.402353
vt 0.566213 0.402353
vt 0.566213 0.397990
vt 0.529614 0.397990
vt 0.493001 0.397990
vt 0.493001 0.402353
vt 0.550860 0.393477
vt 0.539750 0.393477
vt 0.539750 0.397840
vt 0.550860 0.397840
vt 0.547767 0.378215
vt 0.531691 0.378215
vt 0.531691 0.382582
vt 0.547767 0.382582
vt 0.506505 0.368814
vt 0.493001 0.368814
vt 0.493001 0.373182
vt 0.506505 0.373182
vt 0.504219 0.397844
vt 0.539641 0.397844
vt 0.539641 0.393477
vt 0.504219 0.393477
vt 0.534739 0.372402
vt 0.547080 0.372402
vt 0.547080 0.368035
vt 0.534739 0.368035
vt 0.588544 0.087319
vt 0.605496 0.061492
vt 0.602111 0.061492
vt 0.586131 0.084821
vt 0.547270 0.087791
vt 0.547270 0.084821
vt 0.508393 0.084821
vt 0.505980 0.087319
vt 0.492413 0.061492
vt 0.489029 0.061492
vt 0.511654 0.276056
vt 0.511127 0.295236
vt 0.535510 0.310396
vt 0.491599 0.221779
vt 0.491599 0.265449
vt 0.513100 0.254483
vt 0.535364 0.268146
vt 0.513260 0.221779
vt 0.513100 0.189074
vt 0.535510 0.133162
vt 0.535364 0.175412
vt 0.511127 0.148321
vt 0.511654 0.167502
vt 0.491599 0.178108
vt 0.717573 0.748986
vt 0.714094 0.735924
vt 0.717964 0.735924
vt 0.721443 0.748986
vt 0.755687 0.764950
vt 0.725694 0.764950
vt 0.711882 0.713083
vt 0.724417 0.712923
vt 0.727517 0.724566
vt 0.730835 0.735209
vt 0.736179 0.755275
vt 0.753110 0.755275
vt 0.732355 0.724566
vt 0.735189 0.735209
vt 0.761891 0.740410
vt 0.768341 0.764632
vt 0.746401 0.713126
vt 0.760123 0.764652
vt 0.753173 0.713126
vt 0.758507 0.733154
vt 0.770248 0.733154
vt 0.778767 0.740410
vt 0.765005 0.713463
vt 0.771591 0.713463
vt 0.455354 0.228904
vt 0.456406 0.294320
vt 0.459653 0.294268
vt 0.458601 0.228851
vt 0.457549 0.163435
vt 0.454302 0.163487
vt 0.442378 0.300572
vt 0.496716 0.342980
vt 0.497228 0.339109
vt 0.444209 0.297647
vt 0.442277 0.227839
vt 0.444209 0.227839
vt 0.444209 0.158031
vt 0.442378 0.155105
vt 0.497228 0.116588
vt 0.496716 0.112725
vt 0.790077 0.738507
vt 0.786584 0.725390
vt 0.800547 0.725390
vt 0.804444 0.738507
vt 0.797086 0.712392
vt 0.807752 0.712392
vt 0.808603 0.754124
vt 0.821780 0.765070
vt 0.791678 0.765070
vt 0.788709 0.754124
vt 0.839667 0.523514
vt 0.834748 0.523514
vt 0.834748 0.556281
vt 0.839667 0.556281
vt 0.712720 0.526282
vt 0.712720 0.531200
vt 0.736651 0.531200
vt 0.736651 0.526282
vt 0.710476 0.532677
vt 0.710476 0.537596
vt 0.736651 0.537596
vt 0.736651 0.532677
vt 0.828353 0.505721
vt 0.833271 0.505721
vt 0.833271 0.485325
vt 0.828353 0.485325
vt 0.860339 0.611655
vt 0.860339 0.606736
vt 0.791076 0.606736
vt 0.791076 0.611655
vt 0.799832 0.520209
vt 0.799832 0.515290
vt 0.755193 0.515290
vt 0.755193 0.520209
vt 0.793030 0.470226
vt 0.793030 0.475145
vt 0.815242 0.475145
vt 0.815242 0.470226
vt 0.725336 0.505721
vt 0.730255 0.505721
vt 0.730255 0.480777
vt 0.725336 0.480777
vt 0.746965 0.476622
vt 0.746965 0.481541
vt 0.772094 0.481541
vt 0.772094 0.476622
vt 0.731732 0.505721
vt 0.736651 0.505721
vt 0.736651 0.472922
vt 0.731732 0.472922
vt 0.837392 0.603359
vt 0.837392 0.598440
vt 0.790675 0.598440
vt 0.790675 0.603359
vt 0.790675 0.589090
vt 0.790675 0.594009
vt 0.859235 0.594009
vt 0.859235 0.589090
vt 0.799832 0.513813
vt 0.799832 0.508895
vt 0.778226 0.508895
vt 0.778226 0.513813
vt 0.755694 0.508895
vt 0.755694 0.513813
vt 0.418413 0.626057
vt 0.443368 0.626069
vt 0.443675 0.640347
vt 0.377637 0.640347
vt 0.377637 0.609100
vt 0.408878 0.609306
vt 0.418912 0.588472
vt 0.408909 0.606062
vt 0.377637 0.605856
vt 0.377637 0.573155
vt 0.443005 0.573155
vt 0.442695 0.588703
vt 0.639912 0.636721
vt 0.639912 0.575390
vt 0.518400 0.575390
vt 0.518400 0.636721
vt 0.714367 0.652312
vt 0.714349 0.650222
vt 0.719272 0.650222
vt 0.719247 0.652312
vt 0.729612 0.650222
vt 0.729562 0.652312
vt 0.740024 0.650222
vt 0.739962 0.652312
vt 0.750590 0.650222
vt 0.750536 0.652312
vt 0.761284 0.650222
vt 0.761256 0.652312
vt 0.772981 0.650222
vt 0.772024 0.652312
vt 0.017011 0.708514
vt 0.024527 0.708514
vt 0.024527 0.619710
vt 0.017011 0.619710
vt 0.039961 0.465679
vt 0.032456 0.465679
vt 0.032456 0.786834
vt 0.039961 0.786834
vt 0.047679 0.644854
vt 0.040174 0.644854
vt 0.040174 0.786834
vt 0.047679 0.786834
vt 0.400011 0.983441
vt 0.392599 0.983632
vt 0.385033 0.983699
vt 0.400078 0.992778
vt 0.392665 0.992844
vt 0.385100 0.992911
vt 0.377634 0.992977
vt 0.377567 0.983815
vt 0.362659 0.983914
vt 0.461381 0.975410
vt 0.407404 0.983375
vt 0.437216 0.983235
vt 0.429981 0.983299
vt 0.422406 0.983541
vt 0.430040 0.992415
vt 0.422470 0.992482
vt 0.355116 0.983981
vt 0.414968 0.983607
vt 0.415033 0.992588
vt 0.407471 0.992655
vt 0.370221 0.983880
vt 0.370286 0.992895
vt 0.362724 0.992962
vt 0.444712 0.992285
vt 0.437472 0.992349
vt 0.444727 0.983168
vt 0.452348 0.983101
vt 0.460709 0.992143
vt 0.468063 0.980309
vt 0.452529 0.992216
vt 0.340153 0.984264
vt 0.347595 0.984199
vt 0.355182 0.993208
vt 0.347661 0.993274
vt 0.340218 0.993256
vt 0.335384 0.993299
vt 0.323022 0.967193
vt 0.450332 0.966066
vt 0.467883 0.965910
vt 0.467831 0.932198
vt 0.468615 0.964841
vt 0.476200 0.950287
vt 0.482110 0.940526
vt 0.326128 0.974952
vt 0.470130 0.965890
vt 0.477122 0.965829
vt 0.474947 0.969230
vt 0.483714 0.955517
vt 0.450925 0.783992
vt 0.453368 0.788280
vt 0.445826 0.792835
vt 0.422781 0.786475
vt 0.500611 0.904343
vt 0.487140 0.899387
vt 0.496012 0.914953
vt 0.495495 0.916148
vt 0.487230 0.930305
vt 0.430854 0.785236
vt 0.497148 0.916945
vt 0.502409 0.919483
vt 0.500683 0.923147
vt 0.495452 0.934253
vt 0.514241 0.895167
vt 0.508130 0.907726
vt 0.502401 0.892428
vt 0.510106 0.887913
vt 0.498549 0.885669
vt 0.494751 0.879007
vt 0.506154 0.880979
vt 0.502494 0.874558
vt 0.479578 0.852631
vt 0.491094 0.872590
vt 0.475840 0.846074
vt 0.487411 0.865783
vt 0.494911 0.861253
vt 0.498737 0.867967
vt 0.483651 0.859186
vt 0.491184 0.854637
vt 0.487362 0.847930
vt 0.472198 0.839435
vt 0.479925 0.834769
vt 0.483673 0.841344
vt 0.468373 0.832725
vt 0.457076 0.812873
vt 0.453263 0.806183
vt 0.449588 0.799435
vt 0.461004 0.801509
vt 0.457201 0.794838
vt 0.464641 0.826078
vt 0.472326 0.821437
vt 0.476101 0.828059
vt 0.460927 0.819562
vt 0.468489 0.814996
vt 0.464666 0.808289
vt 0.256076 1.345264
vt 0.253079 1.353086
vt 0.258865 1.349858
vt 0.250324 1.348473
vt 0.261658 1.354534
vt 0.255873 1.357762
vt 0.258615 1.362353
vt 0.264478 1.359082
vt 0.250587 1.336026
vt 0.253359 1.340715
vt 0.247698 1.343874
vt 0.244905 1.339197
vt 0.274672 1.271304
vt 0.247800 1.331361
vt 0.244932 1.326769
vt 0.242007 1.334594
vt 0.239232 1.329949
vt 0.234746 1.322321
vt 0.236530 1.325307
vt 0.242176 1.322156
vt 0.322037 1.261499
vt 0.259605 1.246082
vt 0.274672 1.271304
vt 0.321428 1.211585
vt 0.242176 1.322156
vt 0.236530 1.325307
vt 0.234746 1.322321
vt 0.316183 1.265981
vt 0.305773 1.271791
vt 0.236530 1.325307
vt 0.242176 1.322156
vt 0.274672 1.271304
vt 0.234746 1.322321
vt 0.258615 1.362353
vt 0.255873 1.357762
vt 0.261658 1.354534
vt 0.264478 1.359082
vt 0.258865 1.349858
vt 0.247800 1.331361
vt 0.308707 1.302589
vt 0.301327 1.293543
vt 0.300235 1.282065
vt 0.305773 1.271791
vt 0.316183 1.265981
vt 0.321262 1.266200
vt 0.316183 1.265981
vt 0.267208 1.363652
vt 0.244932 1.326769
vt 0.242007 1.334594
vt 0.239232 1.329949
vt 0.272565 1.373034
vt 0.269816 1.368432
vt 0.264175 1.371579
vt 0.261382 1.366903
vt 0.269742 1.380844
vt 0.266949 1.376167
vt 0.275473 1.377660
vt 0.278146 1.382135
vt 0.291869 1.394443
vt 0.313105 1.394964
vt 0.320710 1.306291
vt 0.319458 1.395261
vt 0.313105 1.394964
vt 0.308707 1.302589
vt 0.291869 1.394443
vt 0.278146 1.382135
vt 0.280920 1.386779
vt 0.275164 1.389920
vt 0.272491 1.385446
vt 0.281075 1.399815
vt 0.291213 1.400293
vt 0.283733 1.391487
vt 0.278053 1.394756
vt 0.275164 1.389920
vt 0.272491 1.385446
vt 0.280920 1.386779
vt 0.283733 1.391487
vt 0.281075 1.399815
vt 0.291213 1.400293
vt 0.278053 1.394756
vt 0.264478 1.359082
vt 0.267208 1.363652
vt 0.275473 1.377660
vt 0.272565 1.373034
vt 0.269742 1.380844
vt 0.266949 1.376167
vt 0.269816 1.368432
vt 0.264175 1.371579
vt 0.261382 1.366903
vt 0.261658 1.354534
vt 0.255873 1.357762
vt 0.258615 1.362353
vt 0.258865 1.349858
vt 0.247800 1.331361
vt 0.301327 1.293543
vt 0.300235 1.282065
vt 0.305773 1.271791
vt 0.250587 1.336026
vt 0.256076 1.345264
vt 0.250324 1.348473
vt 0.253079 1.353086
vt 0.253359 1.340715
vt 0.247698 1.343874
vt 0.244905 1.339197
vt 0.244932 1.326769
vt 0.242007 1.334594
vt 0.239232 1.329949
vt 0.828571 0.767169
vt 0.831486 0.778115
vt 0.825329 0.778115
vt 0.810783 0.767169
vt 0.833345 0.808217
vt 0.824265 0.817795
vt 0.853869 0.808217
vt 0.865678 0.819163
vt 0.849314 0.791114
vt 0.858208 0.791114
vt 0.957910 0.248379
vt 0.957865 0.212352
vt 0.879631 0.260771
vt 0.900746 0.279775
vt 0.722691 0.054597
vt 0.717272 0.062538
vt 0.858999 0.062538
vt 0.717272 0.054597
vt 0.858999 0.054597
vt 0.856655 0.054597
vt 0.853021 0.011924
vt 0.726324 0.011924
vt 0.871671 0.206788
vt 0.976759 0.206788
vt 0.976759 0.145253
vt 0.871671 0.145253
vt 0.720254 0.449859
vt 0.861275 0.449859
vt 0.861275 0.430492
vt 0.720254 0.430492
vt 0.720010 0.429783
vt 0.720010 0.450205
vt 0.861520 0.450205
vt 0.861520 0.429783
vt 0.718056 0.307468
vt 0.718056 0.332191
vt 0.859987 0.332191
vt 0.859987 0.307468
vt 0.715662 0.077547
vt 0.858474 0.077547
vt 0.858474 0.063811
vt 0.715662 0.063811
vt 0.716068 0.283004
vt 0.859792 0.283004
vt 0.859792 0.295950
vt 0.716068 0.295950
vt 0.715422 0.171286
vt 0.715422 0.184180
vt 0.859320 0.184180
vt 0.859320 0.171286
vt 0.716068 0.295950
vt 0.859792 0.295950
vt 0.859792 0.283004
vt 0.716068 0.283004
vt 0.715980 0.156829
vt 0.715980 0.168986
vt 0.858793 0.168986
vt 0.858793 0.156829
vt 0.716068 0.283004
vt 0.859792 0.283004
vt 0.859792 0.295950
vt 0.716068 0.295950
vt 0.715740 0.275230
vt 0.859638 0.275230
vt 0.859638 0.262988
vt 0.715740 0.262988
vt 0.716068 0.295950
vt 0.859792 0.295950
vt 0.859792 0.283004
vt 0.716068 0.283004
vt 0.715662 0.090714
vt 0.858474 0.090714
vt 0.858474 0.078003
vt 0.715662 0.078003
vt 0.716068 0.295702
vt 0.716068 0.283004
vt 0.859792 0.283004
vt 0.859792 0.295702
vt 0.715422 0.236746
vt 0.859320 0.236746
vt 0.859320 0.224161
vt 0.715422 0.224161
vt 0.716068 0.295702
vt 0.859792 0.295702
vt 0.859792 0.282946
vt 0.716068 0.282946
vt 0.715662 0.103869
vt 0.858474 0.103869
vt 0.858474 0.091171
vt 0.715662 0.091171
vt 0.716068 0.282946
vt 0.859792 0.282946
vt 0.859792 0.296125
vt 0.716068 0.296125
vt 0.715422 0.249712
vt 0.859320 0.249712
vt 0.859320 0.237202
vt 0.715422 0.237202
vt 0.716068 0.296125
vt 0.859792 0.296125
vt 0.859792 0.282865
vt 0.716068 0.282865
vt 0.715662 0.156010
vt 0.858474 0.156010
vt 0.858474 0.143561
vt 0.715662 0.143561
vt 0.716068 0.282865
vt 0.859792 0.282865
vt 0.859792 0.295947
vt 0.716068 0.295947
vt 0.715422 0.197437
vt 0.859320 0.197437
vt 0.859320 0.184637
vt 0.715422 0.184637
vt 0.716068 0.295947
vt 0.859792 0.295947
vt 0.859792 0.282865
vt 0.716068 0.282865
vt 0.715662 0.143104
vt 0.858474 0.143104
vt 0.858474 0.130567
vt 0.715662 0.130567
vt 0.716068 0.295876
vt 0.716068 0.282865
vt 0.859792 0.282865
vt 0.859792 0.295876
vt 0.715422 0.262599
vt 0.859320 0.262599
vt 0.859320 0.250168
vt 0.715422 0.250168
vt 0.716068 0.283073
vt 0.716068 0.295876
vt 0.859792 0.295876
vt 0.859792 0.283073
vt 0.715662 0.117023
vt 0.858474 0.117023
vt 0.858474 0.104325
vt 0.715662 0.104325
vt 0.716068 0.283073
vt 0.859792 0.283073
vt 0.859792 0.295923
vt 0.716068 0.295923
vt 0.715422 0.210656
vt 0.859320 0.210656
vt 0.859320 0.197894
vt 0.715422 0.197894
vt 0.716068 0.295923
vt 0.859792 0.295923
vt 0.859792 0.282819
vt 0.716068 0.282819
vt 0.715662 0.130111
vt 0.858474 0.130111
vt 0.858474 0.117480
vt 0.715662 0.117480
vt 0.716068 0.295708
vt 0.716068 0.282819
vt 0.859792 0.282819
vt 0.859792 0.295708
vt 0.715422 0.211113
vt 0.715422 0.223705
vt 0.859320 0.223705
vt 0.859320 0.211113
vt 0.716068 0.295708
vt 0.859792 0.295708
vt 0.859792 0.282938
vt 0.716068 0.282938
vt 0.875654 0.233737
vt 0.867096 0.233737
vt 0.867096 0.442695
vt 0.875654 0.442695
vt 0.048966 0.409254
vt 0.048966 0.379472
vt 0.029187 0.379437
vt 0.027920 0.379437
vt 0.029187 0.409219
vt 0.027920 0.409219
vt 0.029187 0.409219
vt 0.048966 0.409254
vt 0.029187 0.379437
vt 0.048966 0.379472
vt 0.125338 0.128219
vt 0.124509 0.127937
vt 0.124562 0.134535
vt 0.124565 0.134939
vt 0.125389 0.134532
vt 0.125392 0.134936
vt 0.125389 0.134532
vt 0.125338 0.128219
vt 0.124562 0.134535
vt 0.124509 0.127937
vt 0.053448 0.373256
vt 0.051235 0.331330
vt 0.029184 0.331316
vt 0.027916 0.331316
vt 0.029181 0.373268
vt 0.027913 0.373266
vt 0.029181 0.373268
vt 0.053448 0.373256
vt 0.029184 0.331316
vt 0.051235 0.331330
vt 0.051235 0.280485
vt 0.029184 0.280471
vt 0.027916 0.280470
vt 0.029184 0.280471
vt 0.051235 0.280485
vt 0.048865 0.235568
vt 0.048865 0.012028
vt 0.029187 0.011991
vt 0.027920 0.011992
vt 0.029187 0.235532
vt 0.027920 0.235533
vt 0.029187 0.235532
vt 0.048865 0.235568
vt 0.029187 0.011991
vt 0.048865 0.012028
vt 0.133192 0.159420
vt 0.129738 0.159435
vt 0.129799 0.167254
vt 0.129802 0.167658
vt 0.133252 0.167239
vt 0.133255 0.167643
vt 0.133252 0.167239
vt 0.133192 0.159420
vt 0.129799 0.167254
vt 0.129738 0.159435
vt 0.259148 0.909875
vt 0.299932 0.909514
vt 0.286485 0.932465
vt 0.259387 0.932705
vt 0.232288 0.932945
vt 0.218364 0.910236
vt 0.869306 0.107015
vt 0.869306 0.075737
vt 0.975599 0.075736
vt 0.975599 0.107015
vt 0.975599 0.138294
vt 0.869306 0.138294
vt 4.903222 -0.587754
vt 4.894169 -0.587754
vt 4.894169 -0.587346
vt 4.903222 -0.587346
vt 4.894169 -0.587346
vt 4.894169 -0.587754
vt 0.167295 0.062036
vt 0.149593 0.081672
vt 0.149593 0.062036
vt 0.149408 0.122346
vt 0.121739 0.081672
vt 0.121500 0.122346
vt 0.114467 0.256872
vt 0.121500 0.205407
vt 0.149408 0.205407
vt 0.131713 0.273489
vt 0.131713 0.327461
vt 0.147811 0.342971
vt 0.147811 0.418738
vt 0.167295 0.439956
vt 0.121843 0.418774
vt 0.115204 0.439908
vt 0.121843 0.408295
vt 0.115204 0.408295
vt 0.114467 0.019587
vt 0.121739 0.019530
vt 0.787754 0.793314
vt 0.784261 0.780197
vt 0.798223 0.780197
vt 0.802120 0.793314
vt 0.794762 0.767199
vt 0.805428 0.767199
vt 0.806279 0.808931
vt 0.819456 0.819877
vt 0.789354 0.819877
vt 0.786385 0.808931
vt 0.524711 0.043949
vt 0.553525 0.044126
vt 0.551166 0.047699
vt 0.522352 0.047527
vt 0.601280 0.428478
vt 0.585518 0.428478
vt 0.585518 0.424272
vt 0.601280 0.424272
vt 0.493849 0.378215
vt 0.512279 0.380093
vt 0.511417 0.384304
vt 0.493001 0.382425
vt 0.543555 0.402499
vt 0.584094 0.402499
vt 0.584094 0.406710
vt 0.543555 0.406710
vt 0.509980 0.365550
vt 0.520809 0.375024
vt 0.518387 0.377923
vt 0.507555 0.368431
vt 0.495426 0.352807
vt 0.493001 0.355707
vt 0.504111 0.397844
vt 0.493001 0.397844
vt 0.493001 0.393477
vt 0.504111 0.393477
vt 0.493001 0.388964
vt 0.509077 0.388964
vt 0.509077 0.393331
vt 0.493001 0.393331
vt 0.506505 0.377695
vt 0.493001 0.377695
vt 0.493001 0.373327
vt 0.506505 0.373327
vt 0.544594 0.393331
vt 0.509185 0.393331
vt 0.509185 0.388964
vt 0.544594 0.388964
vt 0.544703 0.388964
vt 0.557030 0.388964
vt 0.557030 0.393331
vt 0.544703 0.393331
vt 0.385386 0.339553
vt 0.431509 0.319315
vt 0.460183 0.338271
vt 0.481522 0.352299
vt 0.481522 0.402900
vt 0.382184 0.116979
vt 0.385386 0.114869
vt 0.385386 0.166069
vt 0.403267 0.154023
vt 0.431509 0.135107
vt 0.425594 0.138919
vt 0.425461 0.181014
vt 0.432142 0.183297
vt 0.405074 0.194627
vt 0.410287 0.198634
vt 0.405221 0.227211
vt 0.410417 0.227211
vt 0.410287 0.255788
vt 0.405074 0.259795
vt 0.432142 0.271126
vt 0.425461 0.273408
vt 0.425594 0.315503
vt 0.403267 0.300399
vt 0.481522 0.102123
vt 0.481522 0.051522
vt 0.460183 0.116151
vt 0.403750 0.281289
vt 0.385386 0.288353
vt 0.385386 0.270722
vt 0.382184 0.337443
vt 0.385386 0.227211
vt 0.382184 0.227211
vt 0.385386 0.183701
vt 0.403750 0.173133
vt 0.695518 0.767230
vt 0.705220 0.767230
vt 0.709766 0.784302
vt 0.719671 0.818927
vt 0.709356 0.819193
vt 0.715734 0.804142
vt 0.731453 0.804142
vt 0.726853 0.784302
vt 0.732929 0.775408
vt 0.724485 0.775408
vt 0.744589 0.819193
vt 0.735461 0.819193
vt 0.717573 0.748986
vt 0.714094 0.735924
vt 0.717964 0.735924
vt 0.721443 0.748986
vt 0.755687 0.764950
vt 0.725694 0.764950
vt 0.711882 0.713083
vt 0.724417 0.712923
vt 0.727517 0.724566
vt 0.730835 0.735209
vt 0.736179 0.755275
vt 0.753110 0.755275
vt 0.732355 0.724566
vt 0.735189 0.735209
vt 0.761891 0.740410
vt 0.768341 0.764632
vt 0.746401 0.713126
vt 0.760123 0.764652
vt 0.753173 0.713126
vt 0.758507 0.733154
vt 0.770248 0.733154
vt 0.778767 0.740410
vt 0.765005 0.713463
vt 0.771591 0.713463
vt 0.547140 0.424272
vt 0.547140 0.428478
vt 0.508749 0.428478
vt 0.508749 0.424272
vt 0.520420 0.384450
vt 0.547838 0.384450
vt 0.547838 0.388818
vt 0.520420 0.388818
vt 0.493001 0.388818
vt 0.493001 0.384450
vt 0.612998 0.221188
vt 0.612998 0.281889
vt 0.579403 0.264214
vt 0.579403 0.221188
vt 0.579403 0.178163
vt 0.612998 0.160488
vt 0.465516 0.226109
vt 0.466526 0.288895
vt 0.463275 0.288947
vt 0.462266 0.226161
vt 0.461256 0.163375
vt 0.464507 0.163323
vt 1.288610 1.267226
vt 1.316530 1.267226
vt 1.321978 1.276152
vt 1.247081 1.319447
vt 1.286067 1.267226
vt 1.254283 1.260815
vt 1.246971 1.246197
vt 1.252585 1.248196
vt 1.250095 1.246311
vt 1.281815 1.260856
vt 1.247191 1.319511
vt 1.254283 1.260815
vt 1.286067 1.267226
vt 1.288610 1.267226
vt 1.316530 1.267226
vt 1.281815 1.260856
vt 1.252585 1.248196
vt 1.250095 1.246311
vt 1.247191 1.246191
vt 1.250095 1.246311
vt 1.286067 1.267226
vt 1.281815 1.260856
vt 1.254283 1.260815
vt 1.288610 1.267226
vt 1.321919 1.276058
vt 1.315033 1.280295
vt 1.322037 1.276247
vt 1.321919 1.276058
vt 1.254283 1.260815
vt 1.252585 1.248196
vt 1.316530 1.267226
vt 1.288610 1.267226
vt 1.316530 1.267226
vt 1.286067 1.267226
vt 1.281815 1.260856
vt 1.246971 1.246197
vt 1.252585 1.248196
vt 1.250095 1.246311
vt 1.250095 1.246311
vt 1.246971 1.319171
vt 1.286067 1.267226
vt 1.281815 1.260856
vt 1.254283 1.260815
vt 1.321895 1.276018
vt 1.254283 1.260815
vt 1.252585 1.248196
vt 1.288610 1.267226
vt 1.316530 1.267226
vt 1.252585 1.248196
vt 1.250095 1.246311
vt 1.288610 1.267226
vt 1.316530 1.267226
vt 1.286067 1.267226
vt 1.281815 1.260856
vt 0.790077 0.738507
vt 0.786584 0.725390
vt 0.800547 0.725390
vt 0.804444 0.738507
vt 0.797086 0.712392
vt 0.807752 0.712392
vt 0.808603 0.754124
vt 0.821780 0.765070
vt 0.791678 0.765070
vt 0.788709 0.754124
vt 0.546840 0.054340
vt 0.491675 0.054340
vt 0.491675 0.051231
vt 0.546840 0.051231
vt 0.601984 0.051231
vt 0.601984 0.054340
vt 0.828571 0.767169
vt 0.831486 0.778115
vt 0.825329 0.778115
vt 0.810783 0.767169
vt 0.833345 0.808217
vt 0.824265 0.817795
vt 0.853869 0.808217
vt 0.865678 0.819163
vt 0.849314 0.791114
vt 0.858208 0.791114
vt 0.493470 0.047600
vt 0.491278 0.043949
vt 0.520071 0.044707
vt 0.522264 0.048354
vt 0.493001 0.428478
vt 0.493001 0.424272
vt 0.557688 0.411071
vt 0.533649 0.411071
vt 0.533649 0.406865
vt 0.557688 0.406865
vt 0.581727 0.406865
vt 0.581727 0.411071
vt 0.787754 0.793314
vt 0.784261 0.780197
vt 0.798223 0.780197
vt 0.802120 0.793314
vt 0.794762 0.767199
vt 0.805428 0.767199
vt 0.806279 0.808931
vt 0.819456 0.819877
vt 0.789354 0.819877
vt 0.786385 0.808931
vt 0.513125 0.383372
vt 0.512387 0.379120
vt 0.530844 0.378215
vt 0.531583 0.382467
vt 0.533541 0.406865
vt 0.533541 0.411071
vt 0.493001 0.411071
vt 0.493001 0.406865
vt 0.529614 0.402353
vt 0.493001 0.402353
vt 0.493001 0.397990
vt 0.529614 0.397990
vt 0.566213 0.397990
vt 0.566213 0.402353
vt 0.695518 0.767230
vt 0.705220 0.767230
vt 0.709766 0.784302
vt 0.719671 0.818927
vt 0.709356 0.819193
vt 0.715734 0.804142
vt 0.731453 0.804142
vt 0.726853 0.784302
vt 0.732929 0.775408
vt 0.724485 0.775408
vt 0.744589 0.819193
vt 0.735461 0.819193
vt 0.717573 0.748986
vt 0.714094 0.735924
vt 0.717964 0.735924
vt 0.721443 0.748986
vt 0.755687 0.764950
vt 0.725694 0.764950
vt 0.711882 0.713083
vt 0.724417 0.712923
vt 0.727517 0.724566
vt 0.730835 0.735209
vt 0.736179 0.755275
vt 0.753110 0.755275
vt 0.732355 0.724566
vt 0.735189 0.735209
vt 0.761891 0.740410
vt 0.768341 0.764632
vt 0.746401 0.713126
vt 0.760123 0.764652
vt 0.753173 0.713126
vt 0.758507 0.733154
vt 0.770248 0.733154
vt 0.778767 0.740410
vt 0.765005 0.713463
vt 0.771591 0.713463
vt 0.550860 0.393477
vt 0.550860 0.397840
vt 0.539750 0.397840
vt 0.539750 0.393477
vt 0.547767 0.378215
vt 0.547767 0.382582
vt 0.531691 0.382582
vt 0.531691 0.378215
vt 0.506505 0.368814
vt 0.506505 0.373182
vt 0.493001 0.373182
vt 0.493001 0.368814
vt 0.504219 0.397844
vt 0.504219 0.393477
vt 0.539641 0.393477
vt 0.539641 0.397844
vt 0.534739 0.372402
vt 0.534739 0.368035
vt 0.547080 0.368035
vt 0.547080 0.372402
vt 0.505980 0.087319
vt 0.489029 0.061492
vt 0.492413 0.061492
vt 0.508393 0.084821
vt 0.547270 0.087791
vt 0.547270 0.084821
vt 0.586131 0.084821
vt 0.588544 0.087319
vt 0.602111 0.061492
vt 0.605496 0.061492
vt 0.790077 0.738507
vt 0.786584 0.725390
vt 0.800547 0.725390
vt 0.804444 0.738507
vt 0.797086 0.712392
vt 0.807752 0.712392
vt 0.808603 0.754124
vt 0.821780 0.765070
vt 0.791678 0.765070
vt 0.788709 0.754124
vt 0.511654 0.276056
vt 0.491599 0.265449
vt 0.491599 0.221779
vt 0.535510 0.310396
vt 0.511127 0.295236
vt 0.513100 0.189074
vt 0.535510 0.133162
vt 0.535364 0.175412
vt 0.513260 0.221779
vt 0.513100 0.254483
vt 0.535364 0.268146
vt 0.491599 0.178108
vt 0.511654 0.167502
vt 0.511127 0.148321
vt 0.828571 0.767169
vt 0.831486 0.778115
vt 0.825329 0.778115
vt 0.810783 0.767169
vt 0.833345 0.808217
vt 0.824265 0.817795
vt 0.853869 0.808217
vt 0.865678 0.819163
vt 0.849314 0.791114
vt 0.858208 0.791114
vt 0.455354 0.228904
vt 0.454302 0.163487
vt 0.457549 0.163435
vt 0.458601 0.228851
vt 0.459653 0.294268
vt 0.456406 0.294320
vt 0.787754 0.793314
vt 0.784261 0.780197
vt 0.798223 0.780197
vt 0.802120 0.793314
vt 0.794762 0.767199
vt 0.805428 0.767199
vt 0.806279 0.808931
vt 0.819456 0.819877
vt 0.789354 0.819877
vt 0.786385 0.808931
vt 0.442378 0.155105
vt 0.496716 0.112725
vt 0.497228 0.116588
vt 0.444209 0.158031
vt 0.442277 0.227839
vt 0.444209 0.227839
vt 0.444209 0.297647
vt 0.442378 0.300572
vt 0.497228 0.339109
vt 0.496716 0.342980
vt 0.695518 0.767230
vt 0.705220 0.767230
vt 0.709766 0.784302
vt 0.719671 0.818927
vt 0.709356 0.819193
vt 0.715734 0.804142
vt 0.731453 0.804142
vt 0.726853 0.784302
vt 0.732929 0.775408
vt 0.724485 0.775408
vt 0.744589 0.819193
vt 0.735461 0.819193
vt 0.445103 0.622824
vt 0.420958 0.622834
vt 0.411971 0.607710
vt 0.421413 0.591939
vt 0.444432 0.591948
vt 0.445486 0.591949
vt 0.445486 0.622824
vt 0.445870 0.622824
vt 0.446541 0.591948
vt 0.479002 0.607710
vt 0.469560 0.591938
vt 0.470015 0.622834
vt 0.378819 0.016999
vt 0.481522 0.016999
vt 0.481522 0.045416
vt 0.378819 0.112360
vt 0.369465 0.016999
vt 0.369465 0.227211
vt 0.378633 0.227211
vt 0.378819 0.342062
vt 0.369465 0.437424
vt 0.378819 0.437424
vt 0.481522 0.409006
vt 0.481522 0.437424
vt 0.495426 0.352807
vt 0.493001 0.355707
vt 0.507555 0.368431
vt 0.509980 0.365550
vt 0.518387 0.377923
vt 0.520809 0.375024
vt 0.095397 0.228944
vt 0.095326 0.440138
vt 0.082642 0.440134
vt 0.082780 0.228939
vt 0.082915 0.017744
vt 0.095490 0.017749
vt 0.070162 0.228935
vt 0.070061 0.440129
vt 0.070240 0.017741
vt 0.839667 0.523514
vt 0.839667 0.556281
vt 0.834748 0.556281
vt 0.834748 0.523514
vt 0.712720 0.526282
vt 0.736651 0.526282
vt 0.736651 0.531200
vt 0.712720 0.531200
vt 0.710476 0.532677
vt 0.736651 0.532677
vt 0.736651 0.537596
vt 0.710476 0.537596
vt 0.828353 0.505721
vt 0.828353 0.485325
vt 0.833271 0.485325
vt 0.833271 0.505721
vt 0.860339 0.611655
vt 0.791076 0.611655
vt 0.791076 0.606736
vt 0.860339 0.606736
vt 0.799832 0.520209
vt 0.755193 0.520209
vt 0.755193 0.515290
vt 0.799832 0.515290
vt 0.793030 0.470226
vt 0.815242 0.470226
vt 0.815242 0.475145
vt 0.793030 0.475145
vt 0.725336 0.505721
vt 0.725336 0.480777
vt 0.730255 0.480777
vt 0.730255 0.505721
vt 0.746965 0.476622
vt 0.772094 0.476622
vt 0.772094 0.481541
vt 0.746965 0.481541
vt 0.731732 0.505721
vt 0.731732 0.472922
vt 0.736651 0.472922
vt 0.736651 0.505721
vt 0.837392 0.603359
vt 0.790675 0.603359
vt 0.790675 0.598440
vt 0.837392 0.598440
vt 0.790675 0.589090
vt 0.859235 0.589090
vt 0.859235 0.594009
vt 0.790675 0.594009
vt 0.746610 0.556281
vt 0.721286 0.556281
vt 0.721286 0.551362
vt 0.746610 0.551362
vt 0.747012 0.551362
vt 0.747012 0.556281
vt 0.746610 0.556281
vt 0.746610 0.551362
vt 0.721286 0.551362
vt 0.721286 0.556281
vt 0.483084 0.162319
vt 0.481361 0.213133
vt 0.483105 0.163949
vt 0.483750 0.212878
vt 0.480493 0.163649
vt 0.799832 0.513813
vt 0.778226 0.513813
vt 0.778226 0.508895
vt 0.799832 0.508895
vt 0.755694 0.513813
vt 0.755694 0.508895
vt 0.849541 0.507818
vt 0.849541 0.512419
vt 0.815533 0.512342
vt 0.815500 0.507741
vt 0.701168 0.457238
vt 0.706084 0.507899
vt 0.706084 0.559919
vt 0.706084 0.463414
vt 0.777005 0.457238
vt 0.774428 0.463414
vt 0.777005 0.463414
vt 0.777005 0.483863
vt 0.779581 0.463414
vt 0.779903 0.483860
vt 0.778100 0.488463
vt 0.804598 0.483533
vt 0.802002 0.488449
vt 0.812322 0.510079
vt 0.805116 0.536835
vt 0.802473 0.532264
vt 0.778725 0.536853
vt 0.776924 0.532250
vt 0.774106 0.483860
vt 0.849541 0.463414
vt 0.854457 0.457238
vt 0.849541 0.559919
vt 0.854457 0.566095
vt 0.778407 0.559919
vt 0.776526 0.559919
vt 0.776526 0.536851
vt 0.776526 0.533234
vt 0.776526 0.532250
vt 0.776127 0.532250
vt 0.774326 0.536853
vt 0.774645 0.559919
vt 0.701168 0.566095
vt 0.776710 0.566095
vt 0.777005 0.485755
vt 0.777005 0.488464
vt 0.775910 0.488463
vt 0.749412 0.483533
vt 0.752008 0.488449
vt 0.739121 0.507903
vt 0.742300 0.510241
vt 0.739089 0.512504
vt 0.748893 0.536835
vt 0.751536 0.532264
vt 0.706084 0.512500
vt 0.472560 0.626057
vt 0.482095 0.609306
vt 0.513336 0.609100
vt 0.513336 0.640347
vt 0.447298 0.640347
vt 0.447605 0.626069
vt 0.473087 0.212351
vt 0.475768 0.213577
vt 0.474922 0.162408
vt 0.472060 0.588472
vt 0.448278 0.588703
vt 0.447968 0.573155
vt 0.513336 0.573155
vt 0.513336 0.605856
vt 0.482063 0.606062
vt 0.472805 0.162843
vt 0.639912 0.636721
vt 0.518400 0.636721
vt 0.518400 0.575390
vt 0.639912 0.575390
vt 0.714879 0.652312
vt 0.719247 0.652312
vt 0.719272 0.650222
vt 0.714885 0.650222
vt 0.729562 0.652312
vt 0.729612 0.650222
vt 0.739962 0.652312
vt 0.740024 0.650222
vt 0.750536 0.652312
vt 0.750590 0.650222
vt 0.761256 0.652312
vt 0.761284 0.650222
vt 0.017011 0.707560
vt 0.017011 0.619710
vt 0.024527 0.619710
vt 0.024527 0.707560
vt 0.039961 0.465679
vt 0.039961 0.786834
vt 0.032456 0.786834
vt 0.032456 0.465679
vt 0.047679 0.644854
vt 0.047679 0.786834
vt 0.040174 0.786834
vt 0.040174 0.644854
vt 0.096973 0.986423
vt 0.089468 0.995431
vt 0.089395 0.986315
vt 0.097037 0.995364
vt 0.111970 0.985992
vt 0.112037 0.995271
vt 0.104475 0.995338
vt 0.104410 0.986357
vt 0.082160 0.986379
vt 0.082036 0.995497
vt 0.074796 0.995560
vt 0.074649 0.986446
vt 0.057886 0.978983
vt 0.119363 0.985926
vt 0.058799 0.995702
vt 0.051275 0.983999
vt 0.067028 0.986513
vt 0.066979 0.995630
vt 0.126778 0.985986
vt 0.126844 0.995197
vt 0.119431 0.995263
vt 0.134343 0.985919
vt 0.156718 0.985738
vt 0.164261 0.985671
vt 0.179226 0.985690
vt 0.171783 0.985756
vt 0.164327 0.994898
vt 0.171849 0.994831
vt 0.141809 0.985903
vt 0.141875 0.995064
vt 0.134409 0.995131
vt 0.149156 0.985838
vt 0.149221 0.994853
vt 0.156783 0.994785
vt 0.184125 0.994638
vt 0.179290 0.994681
vt 0.196108 0.968317
vt 0.068798 0.969444
vt 0.051247 0.969600
vt 0.051193 0.936563
vt 0.050500 0.968543
vt 0.193115 0.976130
vt 0.023202 0.920397
vt 0.023734 0.921584
vt 0.031897 0.904704
vt 0.022090 0.922406
vt 0.018626 0.928658
vt 0.016858 0.925020
vt 0.032159 0.935620
vt 0.037024 0.945120
vt 0.042707 0.954125
vt 0.042009 0.969682
vt 0.049001 0.969620
vt 0.044232 0.973044
vt 0.035269 0.959487
vt 0.023983 0.939687
vt 0.071994 0.797561
vt 0.064400 0.793116
vt 0.066795 0.788793
vt 0.094964 0.790868
vt 0.018484 0.909855
vt 0.086878 0.789746
vt 0.012675 0.886573
vt 0.016261 0.880100
vt 0.024054 0.884436
vt 0.020333 0.891153
vt 0.016558 0.897967
vt 0.004750 0.900878
vt 0.011004 0.913347
vt 0.008802 0.893563
vt 0.038926 0.857842
vt 0.042589 0.851231
vt 0.027638 0.877967
vt 0.031244 0.871106
vt 0.019943 0.873455
vt 0.023692 0.866686
vt 0.034928 0.864456
vt 0.027343 0.860016
vt 0.031089 0.853254
vt 0.034703 0.846615
vt 0.038375 0.839986
vt 0.046155 0.844540
vt 0.049903 0.837775
vt 0.060972 0.817761
vt 0.064709 0.811016
vt 0.068307 0.804215
vt 0.056916 0.806454
vt 0.060643 0.799729
vt 0.049585 0.820049
vt 0.053331 0.813288
vt 0.057198 0.824505
vt 0.053559 0.831074
vt 0.042123 0.833221
vt 0.045822 0.826546
vt 0.250587 1.336026
vt 0.256076 1.345264
vt 0.253359 1.340715
vt 0.247698 1.343874
vt 0.244905 1.339197
vt 0.253079 1.353086
vt 0.250324 1.348473
vt 0.382184 0.337443
vt 0.385386 0.339553
vt 0.385386 0.288353
vt 0.481522 0.102123
vt 0.481522 0.051522
vt 0.385386 0.114869
vt 0.460183 0.116151
vt 0.431509 0.135107
vt 0.403267 0.154023
vt 0.385386 0.166069
vt 0.403750 0.173133
vt 0.385386 0.183701
vt 0.382184 0.116979
vt 0.385386 0.227211
vt 0.382184 0.227211
vt 0.385386 0.270722
vt 0.403750 0.281289
vt 0.403267 0.300399
vt 0.431509 0.319315
vt 0.460183 0.338271
vt 0.481522 0.352299
vt 0.481522 0.402900
vt 0.425594 0.138919
vt 0.425461 0.181014
vt 0.432142 0.183297
vt 0.405074 0.194627
vt 0.410287 0.198634
vt 0.405221 0.227211
vt 0.410417 0.227211
vt 0.410287 0.255788
vt 0.405074 0.259795
vt 0.432142 0.271126
vt 0.425461 0.273408
vt 0.425594 0.315503
vt 0.957910 0.248379
vt 0.900746 0.279775
vt 0.879631 0.260771
vt 0.957865 0.212352
vt 0.879631 0.317431
vt 0.900746 0.317430
vt 0.479738 0.212180
vt 0.476468 0.162503
vt 0.477046 0.210943
vt 0.871671 0.206788
vt 0.871671 0.145253
vt 0.976759 0.145253
vt 0.976759 0.206788
vt 0.720254 0.449859
vt 0.720254 0.430492
vt 0.861275 0.430492
vt 0.861275 0.449859
vt 0.720010 0.429783
vt 0.861520 0.429783
vt 0.861520 0.450205
vt 0.720010 0.450205
vt 0.718056 0.307468
vt 0.859987 0.307468
vt 0.859987 0.332191
vt 0.718056 0.332191
vt 0.715662 0.077547
vt 0.715662 0.063811
vt 0.858474 0.063811
vt 0.858474 0.077547
vt 0.716068 0.283004
vt 0.716068 0.295950
vt 0.859792 0.295950
vt 0.859792 0.283004
vt 0.715422 0.171286
vt 0.859320 0.171286
vt 0.859320 0.184180
vt 0.715422 0.184180
vt 0.716068 0.295950
vt 0.716068 0.283004
vt 0.859792 0.283004
vt 0.859792 0.295950
vt 0.715980 0.156829
vt 0.858793 0.156829
vt 0.858793 0.168986
vt 0.715980 0.168986
vt 0.716068 0.283004
vt 0.716068 0.295950
vt 0.859792 0.295950
vt 0.859792 0.283004
vt 0.715740 0.275230
vt 0.715740 0.262988
vt 0.859638 0.262988
vt 0.859638 0.275230
vt 0.716068 0.295950
vt 0.716068 0.283004
vt 0.859792 0.283004
vt 0.859792 0.295950
vt 0.715662 0.090714
vt 0.715662 0.078003
vt 0.858474 0.078003
vt 0.858474 0.090714
vt 0.716068 0.295702
vt 0.859792 0.295702
vt 0.859792 0.283004
vt 0.716068 0.283004
vt 0.715422 0.236746
vt 0.715422 0.224161
vt 0.859320 0.224161
vt 0.859320 0.236746
vt 0.716068 0.295702
vt 0.716068 0.282946
vt 0.859792 0.282946
vt 0.859792 0.295702
vt 0.715662 0.103869
vt 0.715662 0.091171
vt 0.858474 0.091171
vt 0.858474 0.103869
vt 0.716068 0.282946
vt 0.716068 0.296125
vt 0.859792 0.296125
vt 0.859792 0.282946
vt 0.715422 0.249712
vt 0.715422 0.237202
vt 0.859320 0.237202
vt 0.859320 0.249712
vt 0.716068 0.296125
vt 0.716068 0.282865
vt 0.859792 0.282865
vt 0.859792 0.296125
vt 0.715662 0.156010
vt 0.715662 0.143561
vt 0.858474 0.143561
vt 0.858474 0.156010
vt 0.716068 0.282865
vt 0.716068 0.295947
vt 0.859792 0.295947
vt 0.859792 0.282865
vt 0.715422 0.197437
vt 0.715422 0.184637
vt 0.859320 0.184637
vt 0.859320 0.197437
vt 0.716068 0.295947
vt 0.716068 0.282865
vt 0.859792 0.282865
vt 0.859792 0.295947
vt 0.715662 0.143104
vt 0.715662 0.130567
vt 0.858474 0.130567
vt 0.858474 0.143104
vt 0.716068 0.295876
vt 0.859792 0.295876
vt 0.859792 0.282865
vt 0.716068 0.282865
vt 0.715422 0.262599
vt 0.715422 0.250168
vt 0.859320 0.250168
vt 0.859320 0.262599
vt 0.716068 0.283073
vt 0.859792 0.283073
vt 0.859792 0.295876
vt 0.716068 0.295876
vt 0.715662 0.117023
vt 0.715662 0.104325
vt 0.858474 0.104325
vt 0.858474 0.117023
vt 0.716068 0.283073
vt 0.716068 0.295923
vt 0.859792 0.295923
vt 0.859792 0.283073
vt 0.715422 0.210656
vt 0.715422 0.197894
vt 0.859320 0.197894
vt 0.859320 0.210656
vt 0.716068 0.295923
vt 0.716068 0.282819
vt 0.859792 0.282819
vt 0.859792 0.295923
vt 0.715662 0.130111
vt 0.715662 0.117480
vt 0.858474 0.117480
vt 0.858474 0.130111
vt 0.716068 0.295708
vt 0.859792 0.295708
vt 0.859792 0.282819
vt 0.716068 0.282819
vt 0.715422 0.211113
vt 0.859320 0.211113
vt 0.859320 0.223705
vt 0.715422 0.223705
vt 0.716068 0.295708
vt 0.716068 0.282938
vt 0.859792 0.282938
vt 0.859792 0.295708
vt 0.875654 0.233737
vt 0.875654 0.442695
vt 0.867096 0.442695
vt 0.867096 0.233737
vt 0.167295 0.062036
vt 0.149593 0.081672
vt 0.149593 0.062036
vt 0.149408 0.122346
vt 0.121739 0.081672
vt 0.121500 0.122346
vt 0.114467 0.256872
vt 0.121500 0.205407
vt 0.149408 0.205407
vt 0.131713 0.273489
vt 0.131713 0.327461
vt 0.147811 0.342971
vt 0.147811 0.418738
vt 0.167295 0.439956
vt 0.121843 0.418774
vt 0.115204 0.439908
vt 0.121843 0.408295
vt 0.115204 0.408295
vt 0.114467 0.019587
vt 0.121739 0.019530
vt 0.133009 0.135726
vt 0.129531 0.135742
vt 0.129472 0.127915
vt 0.132957 0.129126
vt 0.129472 0.127915
vt 0.132957 0.129126
vt 0.129530 0.135728
vt 0.129531 0.135755
vt 0.479704 0.210577
vt 0.478908 0.162677
vt 0.468136 0.164132
vt 0.469501 0.214681
vt 0.471583 0.215065
vt 0.520070 0.348730
vt 0.520070 0.318666
vt 0.531270 0.318666
vt 0.531270 0.348730
vt 0.531270 0.318666
vt 0.520090 0.348730
vt 0.531270 0.348730
vt 0.470733 0.162783
vt 0.762860 0.700513
vt 0.762860 0.659372
vt 0.752479 0.659372
vt 0.767755 0.659372
vt 0.767755 0.700513
vt 0.762860 0.700513
vt 0.762860 0.659372
vt 0.752479 0.659372
vt 0.752479 0.700513
vt 0.742189 0.659372
vt 0.742189 0.700513
vt 0.731808 0.659372
vt 0.731808 0.700513
vt 0.721221 0.659372
vt 0.721221 0.700513
vt 0.710462 0.659372
vt 0.710462 0.700513
vt 0.707217 0.700513
vt 0.707217 0.659372
vt 0.710462 0.659372
vt 0.710462 0.700513
vt 0.721221 0.700513
vt 0.721221 0.659372
vt 0.731808 0.700513
vt 0.731808 0.659372
vt 0.742189 0.700513
vt 0.742189 0.659372
vt 0.752479 0.700513
vt 0.823946 0.661556
vt 0.821899 0.663342
vt 0.813424 0.657858
vt 0.826095 0.666293
vt 0.823834 0.667608
vt 0.821899 0.663342
vt 0.823946 0.661556
vt 0.813424 0.657858
vt 0.814187 0.655241
vt 0.803349 0.657858
vt 0.802586 0.655241
vt 0.794874 0.663342
vt 0.792826 0.661556
vt 0.790689 0.672569
vt 0.788007 0.672180
vt 0.792123 0.682608
vt 0.789658 0.683741
vt 0.791812 0.686244
vt 0.794104 0.684910
vt 0.792123 0.682608
vt 0.789658 0.683741
vt 0.788007 0.672180
vt 0.790689 0.672569
vt 0.792826 0.661556
vt 0.794874 0.663342
vt 0.802586 0.655241
vt 0.803349 0.657858
vt 0.814187 0.655241
vt 0.762902 0.659372
vt 0.762902 0.700513
vt 0.752494 0.700513
vt 0.767628 0.700513
vt 0.767628 0.659372
vt 0.762902 0.659372
vt 0.762902 0.700513
vt 0.752494 0.700513
vt 0.752494 0.659372
vt 0.742174 0.700513
vt 0.742174 0.659372
vt 0.731766 0.700513
vt 0.731766 0.659372
vt 0.721164 0.700513
vt 0.721164 0.659372
vt 0.710409 0.700513
vt 0.710409 0.659372
vt 0.707351 0.659372
vt 0.707351 0.700513
vt 0.710409 0.700513
vt 0.710409 0.659372
vt 0.721164 0.659372
vt 0.721164 0.700513
vt 0.731766 0.659372
vt 0.731766 0.700513
vt 0.742174 0.659372
vt 0.742174 0.700513
vt 0.752494 0.659372
vt 0.527574 0.029776
vt 0.491278 0.028959
vt 0.491883 0.033002
vt 0.527402 0.033800
vt 0.491883 0.033002
vt 0.491278 0.028959
vt 0.528832 0.092445
vt 0.487918 0.091305
vt 0.491365 0.095287
vt 0.528692 0.096330
vt 0.491365 0.095287
vt 0.487918 0.091305
vt 0.650178 0.413064
vt 0.688355 0.413064
vt 0.688355 0.441153
vt 0.650982 0.441153
vt 0.650178 0.441153
vt 0.649374 0.441153
vt 0.612001 0.441153
vt 0.612001 0.413064
vt 0.524711 0.043949
vt 0.553525 0.044126
vt 0.551166 0.047699
vt 0.522352 0.047527
vt 0.518497 0.406066
vt 0.493001 0.405657
vt 0.495231 0.402499
vt 0.518505 0.402875
vt 0.495231 0.402499
vt 0.493001 0.405657
vt 0.481522 0.045416
vt 0.481522 0.016999
vt 0.378819 0.016999
vt 0.378819 0.112360
vt 0.369465 0.016999
vt 0.369465 0.227211
vt 0.378633 0.227211
vt 0.378819 0.342062
vt 0.369465 0.437424
vt 0.378819 0.437424
vt 0.481522 0.409006
vt 0.481522 0.437424
vt 0.601280 0.428478
vt 0.585518 0.428478
vt 0.585518 0.424272
vt 0.601280 0.424272
vt 0.493849 0.378215
vt 0.512279 0.380093
vt 0.511417 0.384304
vt 0.493001 0.382425
vt 0.543555 0.402499
vt 0.584094 0.402499
vt 0.584094 0.406710
vt 0.543555 0.406710
vt 0.509980 0.365550
vt 0.520809 0.375024
vt 0.518387 0.377923
vt 0.507555 0.368431
vt 0.495426 0.352807
vt 0.493001 0.355707
vt 0.504111 0.397844
vt 0.493001 0.397844
vt 0.493001 0.393477
vt 0.504111 0.393477
vt 0.493001 0.388964
vt 0.509077 0.388964
vt 0.509077 0.393331
vt 0.493001 0.393331
vt 0.506505 0.377695
vt 0.493001 0.377695
vt 0.493001 0.373327
vt 0.506505 0.373327
vt 0.544594 0.393331
vt 0.509185 0.393331
vt 0.509185 0.388964
vt 0.544594 0.388964
vt 0.544703 0.388964
vt 0.557030 0.388964
vt 0.557030 0.393331
vt 0.544703 0.393331
vt 0.548858 0.075953
vt 0.510008 0.075953
vt 0.510008 0.072895
vt 0.548858 0.072895
vt 0.510008 0.072895
vt 0.510008 0.075953
vt 0.058291 0.440127
vt 0.058331 0.228933
vt 0.058396 0.017739
vt 0.385386 0.339553
vt 0.431509 0.319315
vt 0.460183 0.338271
vt 0.481522 0.352299
vt 0.481522 0.402900
vt 0.382184 0.116979
vt 0.385386 0.114869
vt 0.385386 0.166069
vt 0.403267 0.154023
vt 0.431509 0.135107
vt 0.425594 0.138919
vt 0.425461 0.181014
vt 0.432142 0.183297
vt 0.405074 0.194627
vt 0.410287 0.198634
vt 0.405221 0.227211
vt 0.410417 0.227211
vt 0.410287 0.255788
vt 0.405074 0.259795
vt 0.432142 0.271126
vt 0.425461 0.273408
vt 0.425594 0.315503
vt 0.403267 0.300399
vt 0.481522 0.102123
vt 0.481522 0.051522
vt 0.460183 0.116151
vt 0.403750 0.281289
vt 0.385386 0.288353
vt 0.385386 0.270722
vt 0.382184 0.337443
vt 0.385386 0.227211
vt 0.382184 0.227211
vt 0.385386 0.183701
vt 0.403750 0.173133
vt 0.172641 0.438871
vt 0.219479 0.438871
vt 0.219479 0.228658
vt 0.172641 0.228658
vt 0.172641 0.018446
vt 0.219479 0.018446
vt 0.652140 0.343539
vt 0.613747 0.343539
vt 0.613747 0.287570
vt 0.652140 0.287570
vt 0.690533 0.287570
vt 0.690533 0.343539
vt 0.224045 0.440857
vt 0.325321 0.440857
vt 0.325321 0.230645
vt 0.224045 0.230645
vt 0.224045 0.020432
vt 0.325321 0.020432
vt 0.550684 0.024764
vt 0.490879 0.024764
vt 0.492444 0.017605
vt 0.550691 0.017605
vt 0.492444 0.017605
vt 0.490879 0.024764
vt 0.329768 0.439967
vt 0.357942 0.439967
vt 0.357942 0.229755
vt 0.329769 0.229755
vt 0.329768 0.019542
vt 0.357942 0.019542
vt 0.647412 0.402917
vt 0.610750 0.402917
vt 0.610750 0.355186
vt 0.647412 0.355186
vt 0.684074 0.355186
vt 0.684074 0.402917
vt 0.547140 0.424272
vt 0.547140 0.428478
vt 0.508749 0.428478
vt 0.508749 0.424272
vt 0.520420 0.384450
vt 0.547838 0.384450
vt 0.547838 0.388818
vt 0.520420 0.388818
vt 0.493001 0.388818
vt 0.493001 0.384450
vt 0.612998 0.221188
vt 0.612998 0.281889
vt 0.579403 0.264214
vt 0.579403 0.221188
vt 0.579403 0.178163
vt 0.612998 0.160488
vt 0.465516 0.226109
vt 0.466526 0.288895
vt 0.463275 0.288947
vt 0.462266 0.226161
vt 0.461256 0.163375
vt 0.464507 0.163323
vt 0.527594 0.038817
vt 0.491278 0.038457
vt 0.492092 0.034444
vt 0.527590 0.034794
vt 0.492092 0.034444
vt 0.491278 0.038457
vt 0.291869 1.394443
vt 0.301169 1.395290
vt 0.313105 1.394964
vt 0.312540 1.401444
vt 0.300701 1.400738
vt 0.281075 1.399815
vt 0.291213 1.400293
vt 0.283733 1.391487
vt 0.280920 1.386779
vt 0.278053 1.394756
vt 0.275164 1.389920
vt 0.272491 1.385446
vt 0.278146 1.382135
vt 0.280920 1.386779
vt 0.291869 1.394443
vt 0.308707 1.302589
vt 0.313105 1.394964
vt 0.320882 1.306241
vt 0.319730 1.395252
vt 0.308707 1.302589
vt 0.278146 1.382135
vt 0.275164 1.389920
vt 0.272491 1.385446
vt 0.283733 1.391487
vt 0.281075 1.399815
vt 0.291213 1.400293
vt 0.278053 1.394756
vt 0.301169 1.395290
vt 0.312540 1.401444
vt 0.300701 1.400738
vt 0.242007 1.334594
vt 0.239232 1.329949
vt 0.244932 1.326769
vt 0.247800 1.331361
vt 0.274672 1.271304
vt 0.250587 1.336026
vt 0.264478 1.359082
vt 0.267208 1.363652
vt 0.264175 1.371579
vt 0.261382 1.366903
vt 0.269816 1.368432
vt 0.272565 1.373034
vt 0.275473 1.377660
vt 0.269742 1.380844
vt 0.266949 1.376167
vt 0.242176 1.322156
vt 0.236530 1.325307
vt 0.234746 1.322321
vt 0.301327 1.293543
vt 0.300235 1.282065
vt 0.321857 1.266218
vt 0.316183 1.265981
vt 0.305773 1.271791
vt 0.300235 1.282065
vt 0.301327 1.293543
vt 0.267208 1.363652
vt 0.275473 1.377660
vt 0.272565 1.373034
vt 0.269742 1.380844
vt 0.266949 1.376167
vt 0.269816 1.368432
vt 0.264175 1.371579
vt 0.261382 1.366903
vt 0.528854 0.105050
vt 0.487918 0.104552
vt 0.491519 0.100705
vt 0.528867 0.101163
vt 0.491519 0.100705
vt 0.487918 0.104552
vt 0.948520 0.368239
vt 0.948520 0.274436
vt 0.926403 0.274436
vt 0.654336 0.032757
vt 0.616764 0.032757
vt 0.616764 0.005287
vt 0.654336 0.005287
vt 0.691908 0.005287
vt 0.691908 0.032757
vt 0.335428 0.993377
vt 0.309525 0.993707
vt 0.546840 0.054340
vt 0.491675 0.054340
vt 0.491675 0.051231
vt 0.546840 0.051231
vt 0.601984 0.051231
vt 0.601984 0.054340
vt 0.493470 0.047600
vt 0.491278 0.043949
vt 0.520071 0.044707
vt 0.522264 0.048354
vt 0.530187 0.040327
vt 0.491278 0.039455
vt 0.494535 0.042508
vt 0.530054 0.043306
vt 0.494535 0.042508
vt 0.491278 0.039455
vt 0.493001 0.428478
vt 0.493001 0.424272
vt 0.557688 0.411071
vt 0.533649 0.411071
vt 0.533649 0.406865
vt 0.557688 0.406865
vt 0.581727 0.406865
vt 0.581727 0.411071
vt 0.860570 0.362709
vt 0.718638 0.340985
vt 0.718638 0.362709
vt 0.718638 0.333819
vt 0.860570 0.333819
vt 0.513125 0.383372
vt 0.512387 0.379120
vt 0.530844 0.378215
vt 0.531583 0.382467
vt 0.533541 0.406865
vt 0.533541 0.411071
vt 0.493001 0.411071
vt 0.493001 0.406865
vt 0.529614 0.402353
vt 0.493001 0.402353
vt 0.493001 0.397990
vt 0.529614 0.397990
vt 0.566213 0.397990
vt 0.566213 0.402353
vt 0.861113 0.449741
vt 0.719603 0.430745
vt 0.861113 0.430745
vt 0.719603 0.445198
vt 0.719603 0.449741
vt 0.550860 0.393477
vt 0.550860 0.397840
vt 0.539750 0.397840
vt 0.539750 0.393477
vt 0.547767 0.378215
vt 0.547767 0.382582
vt 0.531691 0.382582
vt 0.531691 0.378215
vt 0.506505 0.368814
vt 0.506505 0.373182
vt 0.493001 0.373182
vt 0.493001 0.368814
vt 0.504219 0.397844
vt 0.504219 0.393477
vt 0.539641 0.393477
vt 0.539641 0.397844
vt 0.534739 0.372402
vt 0.534739 0.368035
vt 0.547080 0.368035
vt 0.547080 0.372402
vt 0.505980 0.087319
vt 0.489029 0.061492
vt 0.492413 0.061492
vt 0.508393 0.084821
vt 0.547270 0.087791
vt 0.547270 0.084821
vt 0.586131 0.084821
vt 0.588544 0.087319
vt 0.602111 0.061492
vt 0.605496 0.061492
vt 0.859757 0.394477
vt 0.718695 0.392020
vt 0.718695 0.394477
vt 0.718695 0.370200
vt 0.859757 0.370200
vt 0.548858 0.076108
vt 0.510008 0.076108
vt 0.510008 0.079166
vt 0.548858 0.079166
vt 0.510008 0.079166
vt 0.510008 0.076108
vt 0.511654 0.276056
vt 0.491599 0.265449
vt 0.491599 0.221779
vt 0.535510 0.310396
vt 0.511127 0.295236
vt 0.513100 0.189074
vt 0.535510 0.133162
vt 0.535364 0.175412
vt 0.513260 0.221779
vt 0.513100 0.254483
vt 0.535364 0.268146
vt 0.491599 0.178108
vt 0.511654 0.167502
vt 0.511127 0.148321
vt 0.145701 0.188164
vt 0.145698 0.187760
vt 0.145627 0.179162
vt 0.139157 0.181476
vt 0.139205 0.187788
vt 0.139208 0.188192
vt 0.139205 0.187788
vt 0.145627 0.179162
vt 0.139157 0.181476
vt 0.145698 0.187760
vt 0.653260 0.160592
vt 0.690744 0.160592
vt 0.690744 0.221288
vt 0.653260 0.221288
vt 0.615775 0.221288
vt 0.615775 0.160592
vt 0.653260 0.281985
vt 0.690744 0.281985
vt 0.615775 0.281985
vt 0.652332 0.096681
vt 0.690858 0.096681
vt 0.690858 0.157021
vt 0.652540 0.157021
vt 0.614222 0.157021
vt 0.614222 0.096681
vt 0.455354 0.228904
vt 0.454302 0.163487
vt 0.457549 0.163435
vt 0.458601 0.228851
vt 0.459653 0.294268
vt 0.456406 0.294320
vt 0.138921 0.172972
vt 0.138918 0.172568
vt 0.138856 0.164756
vt 0.135390 0.165996
vt 0.135439 0.172583
vt 0.135442 0.172987
vt 0.135439 0.172583
vt 0.138856 0.164756
vt 0.138918 0.172568
vt 0.135390 0.165996
vt 0.139044 0.179059
vt 0.138819 0.149853
vt 0.142338 0.179045
vt 0.142540 0.179044
vt 0.142113 0.149839
vt 0.142315 0.149838
vt 0.142113 0.149839
vt 0.138819 0.149853
vt 0.142338 0.179045
vt 0.139044 0.179059
vt 0.442378 0.155105
vt 0.496716 0.112725
vt 0.497228 0.116588
vt 0.444209 0.158031
vt 0.442277 0.227839
vt 0.444209 0.227839
vt 0.444209 0.297647
vt 0.442378 0.300572
vt 0.497228 0.339109
vt 0.496716 0.342980
vt 0.133012 0.136117
vt 0.133009 0.135713
vt 0.132957 0.129126
vt 0.129472 0.127915
vt 0.129530 0.135728
vt 0.129534 0.136132
vt 0.129530 0.135728
vt 0.132957 0.129126
vt 0.133009 0.135713
vt 0.129472 0.127915
vt 0.531270 0.318666
vt 0.531270 0.348730
vt 0.520090 0.318666
vt 0.519511 0.318666
vt 0.520090 0.348730
vt 0.519511 0.348730
vt 0.520090 0.348730
vt 0.531270 0.348730
vt 0.520090 0.318666
vt 0.531270 0.318666
vt 0.552327 0.004866
vt 0.492522 0.004866
vt 0.494087 0.012026
vt 0.552334 0.012026
vt 0.494087 0.012026
vt 0.492522 0.004866
vt 0.378819 0.016999
vt 0.481522 0.016999
vt 0.481522 0.045416
vt 0.378819 0.112360
vt 0.369465 0.016999
vt 0.369465 0.227211
vt 0.378633 0.227211
vt 0.378819 0.342062
vt 0.369465 0.437424
vt 0.378819 0.437424
vt 0.481522 0.409006
vt 0.481522 0.437424
vt 0.129640 0.158436
vt 0.127797 0.158444
vt 0.129589 0.151838
vt 0.129586 0.151433
vt 0.127746 0.151846
vt 0.127743 0.151441
vt 0.127746 0.151846
vt 0.127797 0.158444
vt 0.129589 0.151838
vt 0.129640 0.158436
vt 0.654238 0.039946
vt 0.692458 0.039946
vt 0.692458 0.088132
vt 0.654238 0.088132
vt 0.616017 0.088132
vt 0.616017 0.039946
vt 0.839667 0.523514
vt 0.839667 0.556281
vt 0.834748 0.556281
vt 0.834748 0.523514
vt 0.712720 0.526282
vt 0.736651 0.526282
vt 0.736651 0.531200
vt 0.712720 0.531200
vt 0.710476 0.532677
vt 0.736651 0.532677
vt 0.736651 0.537596
vt 0.710476 0.537596
vt 0.828353 0.505721
vt 0.828353 0.485325
vt 0.833271 0.485325
vt 0.833271 0.505721
vt 0.860339 0.611655
vt 0.791076 0.611655
vt 0.791076 0.606736
vt 0.860339 0.606736
vt 0.799832 0.520209
vt 0.755193 0.520209
vt 0.755193 0.515290
vt 0.799832 0.515290
vt 0.793030 0.470226
vt 0.815242 0.470226
vt 0.815242 0.475145
vt 0.793030 0.475145
vt 0.725336 0.505721
vt 0.725336 0.480777
vt 0.730255 0.480777
vt 0.730255 0.505721
vt 0.746965 0.476622
vt 0.772094 0.476622
vt 0.772094 0.481541
vt 0.746965 0.481541
vt 0.731732 0.505721
vt 0.731732 0.472922
vt 0.736651 0.472922
vt 0.736651 0.505721
vt 0.837392 0.603359
vt 0.790675 0.603359
vt 0.790675 0.598440
vt 0.837392 0.598440
vt 0.790675 0.589090
vt 0.859235 0.589090
vt 0.859235 0.594009
vt 0.790675 0.594009
vt 0.799832 0.513813
vt 0.778226 0.513813
vt 0.778226 0.508895
vt 0.799832 0.508895
vt 0.755694 0.513813
vt 0.755694 0.508895
vt 0.472607 0.626147
vt 0.482128 0.609509
vt 0.513325 0.609304
vt 0.513325 0.640340
vt 0.447381 0.640340
vt 0.447687 0.626159
vt 0.133376 0.183337
vt 0.133373 0.182933
vt 0.133321 0.176334
vt 0.130078 0.175203
vt 0.130136 0.182947
vt 0.130139 0.183351
vt 0.130136 0.182947
vt 0.133321 0.176334
vt 0.133373 0.182933
vt 0.130078 0.175203
vt 0.053448 0.444634
vt 0.029181 0.444646
vt 0.027913 0.444644
vt 0.029181 0.444646
vt 0.053448 0.444634
vt 0.472117 0.588409
vt 0.448374 0.588638
vt 0.448064 0.573190
vt 0.513325 0.573190
vt 0.513325 0.605681
vt 0.482104 0.605886
vt 0.138808 0.149721
vt 0.138639 0.127876
vt 0.142106 0.149707
vt 0.142308 0.149706
vt 0.141937 0.127861
vt 0.142140 0.127860
vt 0.141937 0.127861
vt 0.138639 0.127876
vt 0.142106 0.149707
vt 0.138808 0.149721
vt 0.739962 0.579856
vt 0.750536 0.579856
vt 0.761256 0.579856
vt 0.772795 0.579856
vt 0.761284 0.650222
vt 0.772800 0.650222
vt 0.761256 0.579856
vt 0.750590 0.650222
vt 0.750536 0.579856
vt 0.739962 0.579856
vt 0.740024 0.650222
vt 0.729562 0.579856
vt 0.729612 0.650222
vt 0.719272 0.650222
vt 0.719247 0.579856
vt 0.714367 0.579856
vt 0.719247 0.579856
vt 0.729562 0.579856
vt 0.133133 0.151874
vt 0.133130 0.151470
vt 0.133078 0.144877
vt 0.129600 0.143667
vt 0.129658 0.151485
vt 0.129661 0.151889
vt 0.129658 0.151485
vt 0.133078 0.144877
vt 0.133130 0.151470
vt 0.129600 0.143667
vt 0.574423 0.221779
vt 0.574852 0.267575
vt 0.574852 0.333248
vt 0.598156 0.286373
vt 0.598156 0.347328
vt 0.543538 0.314222
vt 0.544229 0.265855
vt 0.520362 0.250461
vt 0.520504 0.221779
vt 0.520362 0.193097
vt 0.544229 0.177703
vt 0.574852 0.110310
vt 0.543538 0.129336
vt 0.574852 0.175982
vt 0.598156 0.157185
vt 0.598156 0.096230
vt 0.957910 0.248379
vt 0.957865 0.212352
vt 0.871671 0.206788
vt 0.871671 0.145253
vt 0.976759 0.145253
vt 0.976759 0.206788
vt 0.860719 0.414355
vt 0.860719 0.397234
vt 0.719175 0.397234
vt 0.719175 0.414355
vt 0.719175 0.397234
vt 0.860719 0.397234
vt 0.720254 0.449859
vt 0.720254 0.430492
vt 0.861275 0.430492
vt 0.861275 0.449859
vt 0.720010 0.429783
vt 0.861520 0.429783
vt 0.861520 0.450205
vt 0.720010 0.450205
vt 0.718056 0.307468
vt 0.859987 0.307468
vt 0.859987 0.332191
vt 0.718056 0.332191
vt 0.715662 0.077547
vt 0.715662 0.063811
vt 0.858474 0.063811
vt 0.858474 0.077547
vt 0.716068 0.283004
vt 0.716068 0.295950
vt 0.859792 0.295950
vt 0.859792 0.283004
vt 0.715422 0.171286
vt 0.859320 0.171286
vt 0.859320 0.184180
vt 0.715422 0.184180
vt 0.716068 0.295950
vt 0.716068 0.283004
vt 0.859792 0.283004
vt 0.859792 0.295950
vt 0.715980 0.156829
vt 0.858793 0.156829
vt 0.858793 0.168986
vt 0.715980 0.168986
vt 0.716068 0.283004
vt 0.716068 0.295950
vt 0.859792 0.295950
vt 0.859792 0.283004
vt 0.715740 0.275230
vt 0.715740 0.262988
vt 0.859638 0.262988
vt 0.859638 0.275230
vt 0.716068 0.295950
vt 0.716068 0.283004
vt 0.859792 0.283004
vt 0.859792 0.295950
vt 0.715662 0.090714
vt 0.715662 0.078003
vt 0.858474 0.078003
vt 0.858474 0.090714
vt 0.716068 0.295702
vt 0.859792 0.295702
vt 0.859792 0.283004
vt 0.716068 0.283004
vt 0.715422 0.236746
vt 0.715422 0.224161
vt 0.859320 0.224161
vt 0.859320 0.236746
vt 0.716068 0.295702
vt 0.716068 0.282946
vt 0.859792 0.282946
vt 0.859792 0.295702
vt 0.715662 0.103869
vt 0.715662 0.091171
vt 0.858474 0.091171
vt 0.858474 0.103869
vt 0.716068 0.282946
vt 0.716068 0.296125
vt 0.859792 0.296125
vt 0.859792 0.282946
vt 0.715422 0.249712
vt 0.715422 0.237202
vt 0.859320 0.237202
vt 0.859320 0.249712
vt 0.716068 0.296125
vt 0.716068 0.282865
vt 0.859792 0.282865
vt 0.859792 0.296125
vt 0.715662 0.156010
vt 0.715662 0.143561
vt 0.858474 0.143561
vt 0.858474 0.156010
vt 0.716068 0.282865
vt 0.716068 0.295947
vt 0.859792 0.295947
vt 0.859792 0.282865
vt 0.715422 0.197437
vt 0.715422 0.184637
vt 0.859320 0.184637
vt 0.859320 0.197437
vt 0.716068 0.295947
vt 0.716068 0.282865
vt 0.859792 0.282865
vt 0.859792 0.295947
vt 0.715662 0.143104
vt 0.715662 0.130567
vt 0.858474 0.130567
vt 0.858474 0.143104
vt 0.716068 0.295876
vt 0.859792 0.295876
vt 0.859792 0.282865
vt 0.716068 0.282865
vt 0.715422 0.262599
vt 0.715422 0.250168
vt 0.859320 0.250168
vt 0.859320 0.262599
vt 0.716068 0.283073
vt 0.859792 0.283073
vt 0.859792 0.295876
vt 0.716068 0.295876
vt 0.715662 0.117023
vt 0.715662 0.104325
vt 0.858474 0.104325
vt 0.858474 0.117023
vt 0.716068 0.283073
vt 0.716068 0.295923
vt 0.859792 0.295923
vt 0.859792 0.283073
vt 0.715422 0.210656
vt 0.715422 0.197894
vt 0.859320 0.197894
vt 0.859320 0.210656
vt 0.716068 0.295923
vt 0.716068 0.282819
vt 0.859792 0.282819
vt 0.859792 0.295923
vt 0.715662 0.130111
vt 0.715662 0.117480
vt 0.858474 0.117480
vt 0.858474 0.130111
vt 0.716068 0.295708
vt 0.859792 0.295708
vt 0.859792 0.282819
vt 0.716068 0.282819
vt 0.715422 0.211113
vt 0.859320 0.211113
vt 0.859320 0.223705
vt 0.715422 0.223705
vt 0.716068 0.295708
vt 0.716068 0.282938
vt 0.859792 0.282938
vt 0.859792 0.295708
vt 0.875654 0.233737
vt 0.875654 0.442695
vt 0.867096 0.442695
vt 0.867096 0.233737
vt 0.547944 0.432410
vt 0.495584 0.431841
vt 0.497903 0.439350
vt 0.547731 0.440110
vt 0.497903 0.439350
vt 0.495584 0.431841
vt 0.650178 0.441153
vt 0.612001 0.441153
vt 0.612001 0.412329
vt 0.650178 0.412329
vt 0.688355 0.412329
vt 0.688355 0.441153
vt 0.527132 0.038809
vt 0.491278 0.038457
vt 0.492092 0.034444
vt 0.527053 0.034787
vt 0.492092 0.034444
vt 0.491278 0.038457
vt 0.528347 0.105041
vt 0.487918 0.104552
vt 0.491519 0.100705
vt 0.528302 0.101153
vt 0.491519 0.100705
vt 0.487918 0.104552
vt 0.654336 0.032757
vt 0.616764 0.032757
vt 0.616764 0.004567
vt 0.654336 0.004567
vt 0.691908 0.004567
vt 0.691908 0.032757
vt 0.445476 0.591972
vt 0.469187 0.591962
vt 0.479040 0.607724
vt 0.469662 0.622839
vt 0.445476 0.622829
vt 0.421289 0.622839
vt 0.411911 0.607724
vt 0.421764 0.591962
vt 0.432879 0.449518
vt 0.520518 0.449518
vt 0.498641 0.569503
vt 0.432879 0.569503
vt 0.498641 0.569503
vt 0.520518 0.449518
vt 0.012979 0.652535
vt 0.012979 0.752565
vt 0.005474 0.752565
vt 0.005474 0.652535
vt 0.005474 0.752565
vt 0.012979 0.752565
vt 0.975599 0.107009
vt 0.975599 0.138281
vt 0.869933 0.138281
vt 0.869933 0.107009
vt 0.869933 0.075737
vt 0.975599 0.075736
vt 4.902971 -0.587346
vt 4.894169 -0.587346
vt 4.894169 -0.587754
vt 4.902970 -0.587754
vt 4.894169 -0.587754
vt 4.894169 -0.587346
vt 0.746071 0.549885
vt 0.722237 0.549885
vt 0.722237 0.544967
vt 0.746071 0.544967
vt 0.722237 0.544967
vt 0.722237 0.549885
vt 0.167295 0.062036
vt 0.149593 0.081672
vt 0.149593 0.062036
vt 0.149408 0.122346
vt 0.121739 0.081672
vt 0.121500 0.122346
vt 0.114467 0.256872
vt 0.121500 0.205407
vt 0.149408 0.205407
vt 0.131713 0.273489
vt 0.131713 0.327461
vt 0.147811 0.342971
vt 0.147811 0.418738
vt 0.167295 0.439956
vt 0.121843 0.418774
vt 0.115204 0.439908
vt 0.121843 0.408295
vt 0.115204 0.408295
vt 0.114467 0.019587
vt 0.121739 0.019530
vt 0.524711 0.043949
vt 0.553525 0.044126
vt 0.551166 0.047699
vt 0.522352 0.047527
vt 0.601280 0.428478
vt 0.585518 0.428478
vt 0.585518 0.424272
vt 0.601280 0.424272
vt 0.493849 0.378215
vt 0.512279 0.380093
vt 0.511417 0.384304
vt 0.493001 0.382425
vt 0.543555 0.402499
vt 0.584094 0.402499
vt 0.584094 0.406710
vt 0.543555 0.406710
vt 0.509980 0.365550
vt 0.520809 0.375024
vt 0.518387 0.377923
vt 0.507555 0.368431
vt 0.495426 0.352807
vt 0.493001 0.355707
vt 0.504111 0.397844
vt 0.493001 0.397844
vt 0.493001 0.393477
vt 0.504111 0.393477
vt 0.493001 0.388964
vt 0.509077 0.388964
vt 0.509077 0.393331
vt 0.493001 0.393331
vt 0.506505 0.377695
vt 0.493001 0.377695
vt 0.493001 0.373327
vt 0.506505 0.373327
vt 0.544594 0.393331
vt 0.509185 0.393331
vt 0.509185 0.388964
vt 0.544594 0.388964
vt 0.544703 0.388964
vt 0.557030 0.388964
vt 0.557030 0.393331
vt 0.544703 0.393331
vt 0.385386 0.339553
vt 0.431509 0.319315
vt 0.460183 0.338271
vt 0.481522 0.352299
vt 0.481522 0.402900
vt 0.382184 0.116979
vt 0.385386 0.114869
vt 0.385386 0.166069
vt 0.403267 0.154023
vt 0.431509 0.135107
vt 0.425594 0.138919
vt 0.425461 0.181014
vt 0.432142 0.183297
vt 0.405074 0.194627
vt 0.410287 0.198634
vt 0.405221 0.227211
vt 0.410417 0.227211
vt 0.410287 0.255788
vt 0.405074 0.259795
vt 0.432142 0.271126
vt 0.425461 0.273408
vt 0.425594 0.315503
vt 0.403267 0.300399
vt 0.481522 0.102123
vt 0.481522 0.051522
vt 0.460183 0.116151
vt 0.403750 0.281289
vt 0.385386 0.288353
vt 0.385386 0.270722
vt 0.382184 0.337443
vt 0.385386 0.227211
vt 0.382184 0.227211
vt 0.385386 0.183701
vt 0.403750 0.173133
vt 0.483084 0.162319
vt 0.481361 0.213133
vt 0.480493 0.163649
vt 0.547140 0.424272
vt 0.547140 0.428478
vt 0.508749 0.428478
vt 0.508749 0.424272
vt 0.520420 0.384450
vt 0.547838 0.384450
vt 0.547838 0.388818
vt 0.520420 0.388818
vt 0.493001 0.388818
vt 0.493001 0.384450
vt 0.612998 0.221188
vt 0.612998 0.281889
vt 0.579403 0.264214
vt 0.579403 0.221188
vt 0.579403 0.178163
vt 0.612998 0.160488
vt 0.465516 0.226109
vt 0.466526 0.288895
vt 0.463275 0.288947
vt 0.462266 0.226161
vt 0.461256 0.163375
vt 0.464507 0.163323
vt 0.546840 0.054340
vt 0.491675 0.054340
vt 0.491675 0.051231
vt 0.546840 0.051231
vt 0.601984 0.051231
vt 0.601984 0.054340
vt 0.483105 0.163949
vt 0.483750 0.212878
vt 0.473087 0.212351
vt 0.472805 0.162843
vt 0.474922 0.162408
vt 0.493470 0.047600
vt 0.491278 0.043949
vt 0.520071 0.044707
vt 0.522264 0.048354
vt 0.493001 0.428478
vt 0.493001 0.424272
vt 0.557688 0.411071
vt 0.533649 0.411071
vt 0.533649 0.406865
vt 0.557688 0.406865
vt 0.581727 0.406865
vt 0.581727 0.411071
vt 0.475768 0.213577
vt 0.513125 0.383372
vt 0.512387 0.379120
vt 0.530844 0.378215
vt 0.531583 0.382467
vt 0.533541 0.406865
vt 0.533541 0.411071
vt 0.493001 0.411071
vt 0.493001 0.406865
vt 0.529614 0.402353
vt 0.493001 0.402353
vt 0.493001 0.397990
vt 0.529614 0.397990
vt 0.566213 0.397990
vt 0.566213 0.402353
vt 0.547038 0.352807
vt 0.549378 0.355818
vt 0.534465 0.367784
vt 0.532125 0.364774
vt 0.523365 0.376685
vt 0.521026 0.373657
vt 0.550860 0.393477
vt 0.550860 0.397840
vt 0.539750 0.397840
vt 0.539750 0.393477
vt 0.547767 0.378215
vt 0.547767 0.382582
vt 0.531691 0.382582
vt 0.531691 0.378215
vt 0.506505 0.368814
vt 0.506505 0.373182
vt 0.493001 0.373182
vt 0.493001 0.368814
vt 0.504219 0.397844
vt 0.504219 0.393477
vt 0.539641 0.393477
vt 0.539641 0.397844
vt 0.534739 0.372402
vt 0.534739 0.368035
vt 0.547080 0.368035
vt 0.547080 0.372402
vt 0.505980 0.087319
vt 0.489029 0.061492
vt 0.492413 0.061492
vt 0.508393 0.084821
vt 0.547270 0.087791
vt 0.547270 0.084821
vt 0.586131 0.084821
vt 0.588544 0.087319
vt 0.602111 0.061492
vt 0.605496 0.061492
vt 0.479738 0.212180
vt 0.476468 0.162503
vt 0.479704 0.210577
vt 0.478908 0.162677
vt 0.477046 0.210943
vt 0.511654 0.276056
vt 0.491599 0.265449
vt 0.491599 0.221779
vt 0.535510 0.310396
vt 0.511127 0.295236
vt 0.513100 0.189074
vt 0.535510 0.133162
vt 0.535364 0.175412
vt 0.513260 0.221779
vt 0.513100 0.254483
vt 0.535364 0.268146
vt 0.491599 0.178108
vt 0.511654 0.167502
vt 0.511127 0.148321
vt 0.468136 0.164132
vt 0.470733 0.162783
vt 0.471583 0.215065
vt 0.455354 0.228904
vt 0.454302 0.163487
vt 0.457549 0.163435
vt 0.458601 0.228851
vt 0.459653 0.294268
vt 0.456406 0.294320
vt 0.469501 0.214681
vt 0.839667 0.523514
vt 0.839667 0.556281
vt 0.834748 0.556281
vt 0.834748 0.523514
vt 0.712720 0.526282
vt 0.736651 0.526282
vt 0.736651 0.531200
vt 0.712720 0.531200
vt 0.710476 0.532677
vt 0.736651 0.532677
vt 0.736651 0.537596
vt 0.710476 0.537596
vt 0.828353 0.505721
vt 0.828353 0.485325
vt 0.833271 0.485325
vt 0.833271 0.505721
vt 0.860339 0.611655
vt 0.791076 0.611655
vt 0.791076 0.606736
vt 0.860339 0.606736
vt 0.799832 0.520209
vt 0.755193 0.520209
vt 0.755193 0.515290
vt 0.799832 0.515290
vt 0.793030 0.470226
vt 0.815242 0.470226
vt 0.815242 0.475145
vt 0.793030 0.475145
vt 0.725336 0.505721
vt 0.725336 0.480777
vt 0.730255 0.480777
vt 0.730255 0.505721
vt 0.746965 0.476622
vt 0.772094 0.476622
vt 0.772094 0.481541
vt 0.746965 0.481541
vt 0.731732 0.505721
vt 0.731732 0.472922
vt 0.736651 0.472922
vt 0.736651 0.505721
vt 0.837392 0.603359
vt 0.790675 0.603359
vt 0.790675 0.598440
vt 0.837392 0.598440
vt 0.790675 0.589090
vt 0.859235 0.589090
vt 0.859235 0.594009
vt 0.790675 0.594009
vt 0.799832 0.513813
vt 0.778226 0.513813
vt 0.778226 0.508895
vt 0.799832 0.508895
vt 0.755694 0.513813
vt 0.755694 0.508895
vt 0.472704 0.625931
vt 0.482229 0.609212
vt 0.513436 0.609006
vt 0.513436 0.640194
vt 0.447469 0.640194
vt 0.447776 0.625944
vt 0.107263 0.017751
vt 0.107227 0.228945
vt 0.107167 0.440140
vt 0.472205 0.588417
vt 0.448448 0.588647
vt 0.448139 0.573128
vt 0.513436 0.573128
vt 0.513436 0.605768
vt 0.482197 0.605974
vt 0.172641 0.018446
vt 0.219479 0.018446
vt 0.219479 0.228658
vt 0.172641 0.228658
vt 0.172641 0.438871
vt 0.219479 0.438871
vt 0.639912 0.636721
vt 0.518400 0.636721
vt 0.518400 0.575390
vt 0.639912 0.575390
vt 0.714367 0.652312
vt 0.719247 0.652312
vt 0.719272 0.650222
vt 0.714349 0.650222
vt 0.729562 0.652312
vt 0.729612 0.650222
vt 0.739962 0.652312
vt 0.740024 0.650222
vt 0.750536 0.652312
vt 0.750590 0.650222
vt 0.761256 0.652312
vt 0.761284 0.650222
vt 0.772024 0.652312
vt 0.772800 0.650222
vt 0.017011 0.708514
vt 0.017011 0.619710
vt 0.024527 0.619710
vt 0.024527 0.708514
vt 0.039961 0.465679
vt 0.039961 0.786834
vt 0.032456 0.786834
vt 0.032456 0.465679
vt 0.047679 0.644854
vt 0.047679 0.786834
vt 0.040174 0.786834
vt 0.040174 0.644854
vt 0.740024 0.650222
vt 0.729612 0.650222
vt 0.729562 0.579856
vt 0.739962 0.579856
vt 0.750590 0.650222
vt 0.750536 0.579856
vt 0.761256 0.579856
vt 0.761284 0.650222
vt 0.772796 0.579856
vt 0.772981 0.650222
vt 0.761256 0.579856
vt 0.750536 0.579856
vt 0.739962 0.579856
vt 0.729562 0.579856
vt 0.719247 0.579856
vt 0.714503 0.579856
vt 0.714230 0.579856
vt 0.714503 0.579856
vt 0.719247 0.579856
vt 0.719272 0.650222
vt 0.957910 0.248379
vt 0.900746 0.279775
vt 0.879631 0.260771
vt 0.957865 0.212352
vt 0.871671 0.206788
vt 0.871671 0.145253
vt 0.976759 0.145253
vt 0.976759 0.206788
vt 0.720254 0.449859
vt 0.720254 0.430492
vt 0.861275 0.430492
vt 0.861275 0.449859
vt 0.720010 0.429783
vt 0.861520 0.429783
vt 0.861520 0.450205
vt 0.720010 0.450205
vt 0.718056 0.307468
vt 0.859987 0.307468
vt 0.859987 0.332191
vt 0.718056 0.332191
vt 0.715662 0.077547
vt 0.715662 0.063811
vt 0.858474 0.063811
vt 0.858474 0.077547
vt 0.716068 0.283004
vt 0.716068 0.295950
vt 0.859792 0.295950
vt 0.859792 0.283004
vt 0.715422 0.171286
vt 0.859320 0.171286
vt 0.859320 0.184180
vt 0.715422 0.184180
vt 0.716068 0.295950
vt 0.716068 0.283004
vt 0.859792 0.283004
vt 0.859792 0.295950
vt 0.715980 0.156829
vt 0.858793 0.156829
vt 0.858793 0.168986
vt 0.715980 0.168986
vt 0.716068 0.283004
vt 0.716068 0.295950
vt 0.859792 0.295950
vt 0.859792 0.283004
vt 0.715740 0.275230
vt 0.715740 0.262988
vt 0.859638 0.262988
vt 0.859638 0.275230
vt 0.716068 0.295950
vt 0.716068 0.283004
vt 0.859792 0.283004
vt 0.859792 0.295950
vt 0.715662 0.090714
vt 0.715662 0.078003
vt 0.858474 0.078003
vt 0.858474 0.090714
vt 0.716068 0.295702
vt 0.859792 0.295702
vt 0.859792 0.283004
vt 0.716068 0.283004
vt 0.715422 0.236746
vt 0.715422 0.224161
vt 0.859320 0.224161
vt 0.859320 0.236746
vt 0.716068 0.295702
vt 0.716068 0.282946
vt 0.859792 0.282946
vt 0.859792 0.295702
vt 0.715662 0.103869
vt 0.715662 0.091171
vt 0.858474 0.091171
vt 0.858474 0.103869
vt 0.716068 0.282946
vt 0.716068 0.296125
vt 0.859792 0.296125
vt 0.859792 0.282946
vt 0.715422 0.249712
vt 0.715422 0.237202
vt 0.859320 0.237202
vt 0.859320 0.249712
vt 0.716068 0.296125
vt 0.716068 0.282865
vt 0.859792 0.282865
vt 0.859792 0.296125
vt 0.715662 0.156010
vt 0.715662 0.143561
vt 0.858474 0.143561
vt 0.858474 0.156010
vt 0.716068 0.282865
vt 0.716068 0.295947
vt 0.859792 0.295947
vt 0.859792 0.282865
vt 0.715422 0.197437
vt 0.715422 0.184637
vt 0.859320 0.184637
vt 0.859320 0.197437
vt 0.716068 0.295947
vt 0.716068 0.282865
vt 0.859792 0.282865
vt 0.859792 0.295947
vt 0.715662 0.143104
vt 0.715662 0.130567
vt 0.858474 0.130567
vt 0.858474 0.143104
vt 0.716068 0.295876
vt 0.859792 0.295876
vt 0.859792 0.282865
vt 0.716068 0.282865
vt 0.715422 0.262599
vt 0.715422 0.250168
vt 0.859320 0.250168
vt 0.859320 0.262599
vt 0.716068 0.283073
vt 0.859792 0.283073
vt 0.859792 0.295876
vt 0.716068 0.295876
vt 0.715662 0.117023
vt 0.715662 0.104325
vt 0.858474 0.104325
vt 0.858474 0.117023
vt 0.716068 0.283073
vt 0.716068 0.295923
vt 0.859792 0.295923
vt 0.859792 0.283073
vt 0.715422 0.210656
vt 0.715422 0.197894
vt 0.859320 0.197894
vt 0.859320 0.210656
vt 0.716068 0.295923
vt 0.716068 0.282819
vt 0.859792 0.282819
vt 0.859792 0.295923
vt 0.715662 0.130111
vt 0.715662 0.117480
vt 0.858474 0.117480
vt 0.858474 0.130111
vt 0.716068 0.295708
vt 0.859792 0.295708
vt 0.859792 0.282819
vt 0.716068 0.282819
vt 0.715422 0.211113
vt 0.859320 0.211113
vt 0.859320 0.223705
vt 0.715422 0.223705
vt 0.716068 0.295708
vt 0.716068 0.282938
vt 0.859792 0.282938
vt 0.859792 0.295708
vt 0.875654 0.233737
vt 0.875654 0.442695
vt 0.867096 0.442695
vt 0.867096 0.233737
vt 0.139205 0.187788
vt 0.139157 0.181476
vt 0.145627 0.179162
vt 0.145701 0.188164
vt 0.139208 0.188192
vt 0.139205 0.187788
vt 0.145627 0.179162
vt 0.145698 0.187760
vt 0.139157 0.181476
vt 0.145698 0.187760
vt 0.048966 0.409254
vt 0.048966 0.379472
vt 0.029187 0.379437
vt 0.027920 0.379437
vt 0.029187 0.409219
vt 0.027920 0.409219
vt 0.029187 0.409219
vt 0.048966 0.409254
vt 0.029187 0.379437
vt 0.048966 0.379472
vt 0.224045 0.020432
vt 0.325321 0.020432
vt 0.325321 0.230645
vt 0.224045 0.230645
vt 0.224045 0.440857
vt 0.325321 0.440857
vt 0.125338 0.128219
vt 0.124509 0.127937
vt 0.124562 0.134535
vt 0.124565 0.134939
vt 0.125389 0.134532
vt 0.125392 0.134936
vt 0.125389 0.134532
vt 0.125338 0.128219
vt 0.124562 0.134535
vt 0.124509 0.127937
vt 0.329768 0.019542
vt 0.357942 0.019542
vt 0.357942 0.229755
vt 0.329769 0.229755
vt 0.329768 0.439967
vt 0.357942 0.439967
vt 0.053448 0.373256
vt 0.051235 0.331330
vt 0.029184 0.331316
vt 0.027916 0.331316
vt 0.029181 0.373268
vt 0.027913 0.373266
vt 0.029181 0.373268
vt 0.053448 0.373256
vt 0.029184 0.331316
vt 0.051235 0.331330
vt 0.722237 0.544967
vt 0.722237 0.549885
vt 0.746381 0.549885
vt 0.746381 0.544967
vt 0.747487 0.544967
vt 0.747487 0.549885
vt 0.746381 0.549885
vt 0.746381 0.544967
vt 0.722237 0.544967
vt 0.722237 0.549885
vt 0.051235 0.280485
vt 0.029184 0.280471
vt 0.027916 0.280470
vt 0.029184 0.280471
vt 0.051235 0.280485
vt 0.048865 0.235568
vt 0.048865 0.012028
vt 0.029187 0.011991
vt 0.027920 0.011992
vt 0.029187 0.235532
vt 0.027920 0.235533
vt 0.029187 0.235532
vt 0.048865 0.235568
vt 0.029187 0.011991
vt 0.048865 0.012028
vt 5.803212 -0.707197
vt 5.803212 -0.649748
vt 5.750910 -0.649748
vt 5.750910 -0.707197
vt 5.803212 -0.707197
vt 5.803212 -0.649748
vt 0.133192 0.159420
vt 0.129738 0.159435
vt 0.129799 0.167254
vt 0.129802 0.167658
vt 0.133252 0.167239
vt 0.133255 0.167643
vt 0.133252 0.167239
vt 0.133192 0.159420
vt 0.129799 0.167254
vt 0.129738 0.159435
vt 0.772024 0.652312
vt 0.772627 0.650222
vt 0.601724 0.571224
vt 0.515110 0.571132
vt 0.536549 0.451105
vt 0.601845 0.451174
vt 0.667141 0.451244
vt 0.688338 0.571317
vt 0.005474 0.649682
vt 0.005474 0.752565
vt 0.012979 0.752565
vt 0.012979 0.649682
vt 0.012979 0.752565
vt 0.005474 0.752565
vt 0.948520 0.368239
vt 0.926403 0.274436
vt 0.948520 0.274436
vt 0.175282 0.762740
vt 0.155079 0.799207
vt 0.142763 0.775880
vt 0.156187 0.751649
vt 0.169611 0.727419
vt 0.195486 0.726272
vt 0.184170 0.994717
vt 0.210133 0.994588
vt 0.869306 0.107015
vt 0.869306 0.075737
vt 0.975599 0.075736
vt 0.975599 0.107015
vt 0.975599 0.138294
vt 0.869306 0.138294
vt 4.903222 -0.587754
vt 4.894169 -0.587754
vt 4.894169 -0.587346
vt 4.903222 -0.587346
vt 4.894169 -0.587346
vt 4.894169 -0.587754
vt 0.722691 0.054597
vt 0.726324 0.011924
vt 0.853021 0.011924
vt 0.717272 0.062538
vt 0.717272 0.054597
vt 0.858999 0.062538
vt 0.856655 0.054597
vt 0.858999 0.054597
vt 0.121739 0.081672
vt 0.114467 0.019587
vt 0.114467 0.256872
vt 0.121739 0.019530
vt 0.121843 0.408295
vt 0.115204 0.408295
vt 0.115204 0.439908
vt 0.121843 0.418774
vt 0.167295 0.439956
vt 0.147811 0.418738
vt 0.149408 0.205407
vt 0.147811 0.342971
vt 0.131713 0.327461
vt 0.131713 0.273489
vt 0.121500 0.205407
vt 0.121500 0.122346
vt 0.149408 0.122346
vt 0.149593 0.081672
vt 0.167295 0.062036
vt 0.149593 0.062036
vt 0.139044 0.179059
vt 0.142338 0.179045
vt 0.138819 0.149853
vt 0.142540 0.179044
vt 0.142113 0.149839
vt 0.142315 0.149838
vt 0.142113 0.149839
vt 0.138819 0.149853
vt 0.142338 0.179045
vt 0.139044 0.179059
vt 0.860570 0.362709
vt 0.718638 0.333819
vt 0.860570 0.333819
vt 0.718638 0.340985
vt 0.718638 0.362709
vt 0.531270 0.318666
vt 0.520090 0.318666
vt 0.531270 0.348730
vt 0.519511 0.318666
vt 0.520090 0.348730
vt 0.519511 0.348730
vt 0.520090 0.348730
vt 0.531270 0.348730
vt 0.520090 0.318666
vt 0.531270 0.318666
vt 0.861113 0.449741
vt 0.719603 0.445198
vt 0.719603 0.449741
vt 0.719603 0.430745
vt 0.861113 0.430745
vt 0.129640 0.158436
vt 0.129589 0.151838
vt 0.127797 0.158444
vt 0.129586 0.151433
vt 0.127746 0.151846
vt 0.127743 0.151441
vt 0.127746 0.151846
vt 0.127797 0.158444
vt 0.129589 0.151838
vt 0.129640 0.158436
vt 0.859757 0.394477
vt 0.718695 0.370200
vt 0.859757 0.370200
vt 0.718695 0.392020
vt 0.718695 0.394477
vt 0.053448 0.444634
vt 0.029181 0.444646
vt 0.027913 0.444644
vt 0.029181 0.444646
vt 0.053448 0.444634
vt 0.129600 0.143667
vt 0.133131 0.151497
vt 0.129658 0.151499
vt 0.133130 0.151470
vt 0.133078 0.144877
vt 0.129600 0.143667
vt 0.133130 0.151470
vt 0.133078 0.144877
vt 0.129658 0.151485
vt 0.138808 0.149721
vt 0.142106 0.149707
vt 0.138639 0.127876
vt 0.142308 0.149706
vt 0.141937 0.127861
vt 0.142140 0.127860
vt 0.141937 0.127861
vt 0.138639 0.127876
vt 0.142106 0.149707
vt 0.138808 0.149721
vt 0.497903 0.439350
vt 0.495584 0.431841
vt 0.548748 0.432413
vt 0.548631 0.440115
vt 0.497903 0.439350
vt 0.495584 0.431841
vt 0.742189 0.700513
vt 0.742189 0.659372
vt 0.731808 0.659372
vt 0.752479 0.700513
vt 0.752479 0.659372
vt 0.762860 0.700513
vt 0.762860 0.659372
vt 0.766896 0.659372
vt 0.766896 0.700513
vt 0.762860 0.700513
vt 0.762860 0.659372
vt 0.752479 0.659372
vt 0.752479 0.700513
vt 0.742189 0.659372
vt 0.742189 0.700513
vt 0.731808 0.659372
vt 0.731808 0.700513
vt 0.721221 0.659372
vt 0.721221 0.700513
vt 0.710462 0.659372
vt 0.710462 0.700513
vt 0.708164 0.700513
vt 0.708164 0.659372
vt 0.710462 0.659372
vt 0.710462 0.700513
vt 0.721221 0.700513
vt 0.721221 0.659372
vt 0.731808 0.700513
vt 0.574423 0.221779
vt 0.574852 0.267575
vt 0.574852 0.333248
vt 0.598156 0.286373
vt 0.598156 0.347328
vt 0.543538 0.314222
vt 0.544229 0.265855
vt 0.520362 0.250461
vt 0.520504 0.221779
vt 0.520362 0.193097
vt 0.544229 0.177703
vt 0.574852 0.110310
vt 0.543538 0.129336
vt 0.574852 0.175982
vt 0.598156 0.157185
vt 0.598156 0.096230
vt 0.802586 0.655241
vt 0.803349 0.657858
vt 0.794874 0.663342
vt 0.814187 0.655241
vt 0.813424 0.657858
vt 0.823946 0.661556
vt 0.821899 0.663342
vt 0.825757 0.665548
vt 0.823495 0.666860
vt 0.821899 0.663342
vt 0.823946 0.661556
vt 0.813424 0.657858
vt 0.814187 0.655241
vt 0.803349 0.657858
vt 0.802586 0.655241
vt 0.794874 0.663342
vt 0.792826 0.661556
vt 0.790689 0.672569
vt 0.788007 0.672180
vt 0.792123 0.682608
vt 0.789658 0.683741
vt 0.791231 0.685569
vt 0.793525 0.684238
vt 0.792123 0.682608
vt 0.789658 0.683741
vt 0.788007 0.672180
vt 0.790689 0.672569
vt 0.792826 0.661556
vt 0.742174 0.659372
vt 0.742174 0.700513
vt 0.731766 0.700513
vt 0.752494 0.659372
vt 0.752494 0.700513
vt 0.762902 0.659372
vt 0.762902 0.700513
vt 0.766885 0.700513
vt 0.766885 0.659372
vt 0.762902 0.659372
vt 0.762902 0.700513
vt 0.752494 0.700513
vt 0.752494 0.659372
vt 0.742174 0.700513
vt 0.742174 0.659372
vt 0.731766 0.700513
vt 0.731766 0.659372
vt 0.721164 0.700513
vt 0.721164 0.659372
vt 0.710409 0.700513
vt 0.710409 0.659372
vt 0.708176 0.659372
vt 0.708176 0.700513
vt 0.710409 0.700513
vt 0.710409 0.659372
vt 0.721164 0.659372
vt 0.721164 0.700513
vt 0.731766 0.659372
vt 0.499234 0.438493
vt 0.495584 0.431841
vt 0.548748 0.432413
vt 0.548639 0.439579
vt 0.499234 0.438493
vt 0.495584 0.431841
vt 0.813275 0.667957
vt 0.812733 0.667246
vt 0.809225 0.667242
vt 0.808293 0.673754
vt 0.813598 0.667957
vt 0.817156 0.667957
vt 0.817840 0.668938
vt 0.817156 0.667957
vt 0.813598 0.667957
vt 0.813275 0.667957
vt 0.809225 0.667242
vt 0.812733 0.667246
vt 0.808293 0.665611
vt 0.809008 0.665834
vt 0.808691 0.665623
vt 0.808293 0.665611
vt 0.809008 0.665834
vt 0.808691 0.665623
vt 0.817843 0.668943
vt 0.816965 0.669416
vt 0.817858 0.668964
vt 0.817843 0.668943
vt 0.809225 0.667242
vt 0.809008 0.665834
vt 0.808691 0.665623
vt 0.813275 0.667957
vt 0.812733 0.667246
vt 0.813598 0.667957
vt 0.817156 0.667957
vt 0.813598 0.667957
vt 0.817156 0.667957
vt 0.813275 0.667957
vt 0.809225 0.667242
vt 0.812733 0.667246
vt 0.808691 0.665623
vt 0.809008 0.665834
vt 0.808321 0.665610
vt 0.808691 0.665623
vt 0.809225 0.667242
vt 0.809008 0.665834
vt 0.808691 0.665623
vt 0.809008 0.665834
vt 0.809225 0.667242
vt 0.817843 0.668943
vt 0.816965 0.669416
vt 0.817858 0.668964
vt 0.817843 0.668943
vt 0.813598 0.667957
vt 0.813275 0.667957
vt 0.812733 0.667246
vt 0.817156 0.667957
vt 0.813598 0.667957
vt 0.817156 0.667957
vt 0.813275 0.667957
vt 0.812733 0.667246
vt 0.483084 0.162319
vt 0.481361 0.213133
vt 0.480493 0.163649
vt 0.524711 0.043949
vt 0.522352 0.047527
vt 0.551166 0.047699
vt 0.553525 0.044126
vt 0.518181 0.406058
vt 0.493001 0.405657
vt 0.495231 0.402499
vt 0.518153 0.402867
vt 0.495231 0.402499
vt 0.493001 0.405657
vt 0.601280 0.428478
vt 0.601280 0.424272
vt 0.585518 0.424272
vt 0.585518 0.428478
vt 0.493849 0.378215
vt 0.493001 0.382425
vt 0.511417 0.384304
vt 0.512279 0.380093
vt 0.543555 0.402499
vt 0.543555 0.406710
vt 0.584094 0.406710
vt 0.584094 0.402499
vt 0.504111 0.397844
vt 0.504111 0.393477
vt 0.493001 0.393477
vt 0.493001 0.397844
vt 0.493001 0.388964
vt 0.493001 0.393331
vt 0.509077 0.393331
vt 0.509077 0.388964
vt 0.506505 0.377695
vt 0.506505 0.373327
vt 0.493001 0.373327
vt 0.493001 0.377695
vt 0.544594 0.393331
vt 0.544594 0.388964
vt 0.509185 0.388964
vt 0.509185 0.393331
vt 0.544703 0.388964
vt 0.544703 0.393331
vt 0.557030 0.393331
vt 0.557030 0.388964
vt 0.574852 0.333248
vt 0.574852 0.267575
vt 0.574423 0.221779
vt 0.598156 0.286373
vt 0.598156 0.347328
vt 0.574852 0.110310
vt 0.543538 0.129336
vt 0.544229 0.177703
vt 0.520362 0.193097
vt 0.520504 0.221779
vt 0.520362 0.250461
vt 0.544229 0.265855
vt 0.543538 0.314222
vt 0.574852 0.175982
vt 0.598156 0.157185
vt 0.598156 0.096230
vt 0.483105 0.163949
vt 0.483750 0.212878
vt 0.473087 0.212351
vt 0.472805 0.162843
vt 0.474922 0.162408
vt 0.547944 0.432410
vt 0.495584 0.431841
vt 0.499234 0.438493
vt 0.547746 0.439574
vt 0.499234 0.438493
vt 0.495584 0.431841
vt 0.475768 0.213577
vt 0.547140 0.424272
vt 0.508749 0.424272
vt 0.508749 0.428478
vt 0.547140 0.428478
vt 0.497903 0.439350
vt 0.495584 0.431841
vt 0.548748 0.432413
vt 0.548631 0.440115
vt 0.497903 0.439350
vt 0.495584 0.431841
vt 0.520420 0.384450
vt 0.493001 0.384450
vt 0.493001 0.388818
vt 0.520420 0.388818
vt 0.547838 0.388818
vt 0.547838 0.384450
vt 0.547038 0.352807
vt 0.549378 0.355818
vt 0.534465 0.367784
vt 0.532125 0.364774
vt 0.523365 0.376685
vt 0.521026 0.373657
vt 0.612998 0.221188
vt 0.612998 0.160488
vt 0.579403 0.178163
vt 0.579403 0.221188
vt 0.579403 0.264214
vt 0.612998 0.281889
vt 0.499234 0.438493
vt 0.495584 0.431841
vt 0.548748 0.432413
vt 0.548639 0.439579
vt 0.499234 0.438493
vt 0.495584 0.431841
vt 0.465516 0.226109
vt 0.464507 0.163323
vt 0.461256 0.163375
vt 0.462266 0.226161
vt 0.463275 0.288947
vt 0.466526 0.288895
vt 0.479738 0.212180
vt 0.476468 0.162503
vt 0.479704 0.210577
vt 0.478908 0.162677
vt 0.477046 0.210943
vt 0.546840 0.054340
vt 0.601984 0.054340
vt 0.601984 0.051231
vt 0.546840 0.051231
vt 0.491675 0.051231
vt 0.491675 0.054340
vt 0.493470 0.047600
vt 0.522264 0.048354
vt 0.520071 0.044707
vt 0.491278 0.043949
vt 0.529705 0.040319
vt 0.491278 0.039455
vt 0.494535 0.042508
vt 0.529517 0.043296
vt 0.494535 0.042508
vt 0.491278 0.039455
vt 0.468136 0.164132
vt 0.470733 0.162783
vt 0.471583 0.215065
vt 0.493001 0.428478
vt 0.493001 0.424272
vt 0.557688 0.411071
vt 0.581727 0.411071
vt 0.581727 0.406865
vt 0.557688 0.406865
vt 0.533649 0.406865
vt 0.533649 0.411071
vt 0.513125 0.383372
vt 0.531583 0.382467
vt 0.530844 0.378215
vt 0.512387 0.379120
vt 0.533541 0.406865
vt 0.493001 0.406865
vt 0.493001 0.411071
vt 0.533541 0.411071
vt 0.532125 0.364774
vt 0.521026 0.373657
vt 0.523365 0.376685
vt 0.534465 0.367784
vt 0.547038 0.352807
vt 0.549378 0.355818
vt 0.529614 0.402353
vt 0.566213 0.402353
vt 0.566213 0.397990
vt 0.529614 0.397990
vt 0.493001 0.397990
vt 0.493001 0.402353
vt 0.550860 0.393477
vt 0.539750 0.393477
vt 0.539750 0.397840
vt 0.550860 0.397840
vt 0.547767 0.378215
vt 0.531691 0.378215
vt 0.531691 0.382582
vt 0.547767 0.382582
vt 0.506505 0.368814
vt 0.493001 0.368814
vt 0.493001 0.373182
vt 0.506505 0.373182
vt 0.504219 0.397844
vt 0.539641 0.397844
vt 0.539641 0.393477
vt 0.504219 0.393477
vt 0.534739 0.372402
vt 0.547080 0.372402
vt 0.547080 0.368035
vt 0.534739 0.368035
vt 0.588544 0.087319
vt 0.605496 0.061492
vt 0.602111 0.061492
vt 0.586131 0.084821
vt 0.547270 0.087791
vt 0.547270 0.084821
vt 0.508393 0.084821
vt 0.505980 0.087319
vt 0.492413 0.061492
vt 0.489029 0.061492
vt 0.548272 0.076108
vt 0.510008 0.076108
vt 0.510008 0.079166
vt 0.548272 0.079166
vt 0.510008 0.079166
vt 0.510008 0.076108
vt 0.469501 0.214681
vt 0.511654 0.276056
vt 0.511127 0.295236
vt 0.535510 0.310396
vt 0.491599 0.221779
vt 0.491599 0.265449
vt 0.513100 0.254483
vt 0.535364 0.268146
vt 0.513260 0.221779
vt 0.513100 0.189074
vt 0.535510 0.133162
vt 0.535364 0.175412
vt 0.511127 0.148321
vt 0.511654 0.167502
vt 0.491599 0.178108
vt 0.095995 0.017629
vt 0.107252 0.017629
vt 0.107252 0.228840
vt 0.095995 0.228840
vt 0.095995 0.440050
vt 0.107252 0.440050
vt 0.688890 0.221288
vt 0.688890 0.281985
vt 0.652333 0.281985
vt 0.652333 0.221288
vt 0.652333 0.160592
vt 0.688890 0.160592
vt 0.615775 0.221288
vt 0.615775 0.281985
vt 0.615775 0.160592
vt 0.652298 0.096313
vt 0.690453 0.096313
vt 0.690453 0.156628
vt 0.652298 0.156628
vt 0.614142 0.156628
vt 0.614142 0.096313
vt 0.172641 0.018446
vt 0.219479 0.018446
vt 0.219479 0.228658
vt 0.172641 0.228658
vt 0.172641 0.438871
vt 0.219479 0.438871
vt 0.455354 0.228904
vt 0.456406 0.294320
vt 0.459653 0.294268
vt 0.458601 0.228851
vt 0.457549 0.163435
vt 0.454302 0.163487
vt 0.442378 0.300572
vt 0.496716 0.342980
vt 0.497228 0.339109
vt 0.444209 0.297647
vt 0.442277 0.227839
vt 0.444209 0.227839
vt 0.444209 0.158031
vt 0.442378 0.155105
vt 0.497228 0.116588
vt 0.496716 0.112725
vt 0.224045 0.020432
vt 0.325321 0.020432
vt 0.325321 0.230645
vt 0.224045 0.230645
vt 0.224045 0.440857
vt 0.325321 0.440857
vt 0.551266 0.004866
vt 0.492522 0.004866
vt 0.494087 0.012026
vt 0.551281 0.012026
vt 0.494087 0.012026
vt 0.492522 0.004866
vt 0.329768 0.019542
vt 0.357942 0.019542
vt 0.357942 0.229755
vt 0.329769 0.229755
vt 0.329768 0.439967
vt 0.357942 0.439967
vt 0.654238 0.038683
vt 0.692458 0.038683
vt 0.692458 0.088132
vt 0.654238 0.088132
vt 0.616017 0.088132
vt 0.616017 0.038683
vt 0.849447 0.559804
vt 0.849447 0.511483
vt 0.849447 0.506797
vt 0.096899 0.228669
vt 0.083001 0.228669
vt 0.083001 0.017554
vt 0.096899 0.017554
vt 0.096899 0.439783
vt 0.083001 0.439784
vt 0.069103 0.228669
vt 0.069103 0.017554
vt 0.069103 0.439783
vt 0.839667 0.523514
vt 0.834748 0.523514
vt 0.834748 0.556281
vt 0.839667 0.556281
vt 0.712720 0.526282
vt 0.712720 0.531200
vt 0.736651 0.531200
vt 0.736651 0.526282
vt 0.710476 0.532677
vt 0.710476 0.537596
vt 0.736651 0.537596
vt 0.736651 0.532677
vt 0.828353 0.505721
vt 0.833271 0.505721
vt 0.833271 0.485325
vt 0.828353 0.485325
vt 0.860339 0.611655
vt 0.860339 0.606736
vt 0.791076 0.606736
vt 0.791076 0.611655
vt 0.799832 0.520209
vt 0.799832 0.515290
vt 0.755193 0.515290
vt 0.755193 0.520209
vt 0.793030 0.470226
vt 0.793030 0.475145
vt 0.815242 0.475145
vt 0.815242 0.470226
vt 0.725336 0.505721
vt 0.730255 0.505721
vt 0.730255 0.480777
vt 0.725336 0.480777
vt 0.746965 0.476622
vt 0.746965 0.481541
vt 0.772094 0.481541
vt 0.772094 0.476622
vt 0.731732 0.505721
vt 0.736651 0.505721
vt 0.736651 0.472922
vt 0.731732 0.472922
vt 0.837392 0.603359
vt 0.837392 0.598440
vt 0.790675 0.598440
vt 0.790675 0.603359
vt 0.790675 0.589090
vt 0.790675 0.594009
vt 0.859235 0.594009
vt 0.859235 0.589090
vt 0.746610 0.556281
vt 0.721286 0.556281
vt 0.721286 0.551362
vt 0.746610 0.551362
vt 0.747012 0.551362
vt 0.747012 0.556281
vt 0.746610 0.556281
vt 0.746610 0.551362
vt 0.721286 0.551362
vt 0.721286 0.556281
vt 0.799832 0.513813
vt 0.799832 0.508895
vt 0.778226 0.508895
vt 0.778226 0.513813
vt 0.755694 0.508895
vt 0.755694 0.513813
vt 0.418616 0.625931
vt 0.443544 0.625944
vt 0.443850 0.640194
vt 0.377884 0.640194
vt 0.377884 0.609006
vt 0.409091 0.609212
vt 0.419115 0.588417
vt 0.409122 0.605974
vt 0.377884 0.605768
vt 0.377884 0.573128
vt 0.443181 0.573128
vt 0.442872 0.588647
vt 0.739088 0.512504
vt 0.706084 0.512500
vt 0.706084 0.507899
vt 0.739121 0.507903
vt 0.742300 0.510241
vt 0.748893 0.536835
vt 0.751536 0.532264
vt 0.774326 0.536853
vt 0.776127 0.532250
vt 0.774428 0.463414
vt 0.777005 0.463414
vt 0.777005 0.483863
vt 0.774106 0.483860
vt 0.775910 0.488463
vt 0.749412 0.483533
vt 0.752008 0.488449
vt 0.778100 0.488463
vt 0.777005 0.485755
vt 0.777005 0.488464
vt 0.805116 0.536835
vt 0.802473 0.532264
vt 0.812321 0.510079
vt 0.815533 0.512342
vt 0.815500 0.507741
vt 0.802002 0.488449
vt 0.804598 0.483533
vt 0.779903 0.483860
vt 0.779581 0.463414
vt 0.777005 0.457238
vt 0.706084 0.463414
vt 0.701168 0.457238
vt 0.706084 0.559919
vt 0.701168 0.566095
vt 0.774645 0.559919
vt 0.778725 0.536853
vt 0.776924 0.532250
vt 0.849540 0.507818
vt 0.849540 0.512419
vt 0.776526 0.559919
vt 0.776526 0.536851
vt 0.776526 0.533234
vt 0.776526 0.532250
vt 0.778407 0.559919
vt 0.854457 0.566095
vt 0.849540 0.559919
vt 0.854457 0.457238
vt 0.849540 0.463414
vt 0.776710 0.566095
vt 0.258865 1.349858
vt 0.253079 1.353086
vt 0.256076 1.345264
vt 0.250324 1.348473
vt 0.247698 1.343874
vt 0.244905 1.339197
vt 0.253359 1.340715
vt 0.261658 1.354534
vt 0.258615 1.362353
vt 0.255873 1.357762
vt 0.948520 0.368239
vt 0.926403 0.274436
vt 0.948520 0.274436
vt 0.639912 0.636721
vt 0.639912 0.575390
vt 0.518400 0.575390
vt 0.518400 0.636721
vt 0.719272 0.650222
vt 0.719247 0.652312
vt 0.729612 0.650222
vt 0.729562 0.652312
vt 0.740024 0.650222
vt 0.739962 0.652312
vt 0.750590 0.650222
vt 0.750536 0.652312
vt 0.761284 0.650222
vt 0.761256 0.652312
vt 0.024527 0.619710
vt 0.017011 0.619710
vt 0.039961 0.465679
vt 0.032456 0.465679
vt 0.032456 0.786834
vt 0.039961 0.786834
vt 0.047679 0.644854
vt 0.040174 0.644854
vt 0.040174 0.786834
vt 0.047679 0.786834
vt 0.301169 1.395290
vt 0.312540 1.401444
vt 0.300701 1.400738
vt 0.450969 0.784071
vt 0.437930 0.761098
vt 0.121739 0.081672
vt 0.114467 0.019587
vt 0.114467 0.256872
vt 0.121739 0.019530
vt 0.121843 0.408295
vt 0.115204 0.408295
vt 0.115204 0.439908
vt 0.121843 0.418774
vt 0.167295 0.439956
vt 0.147811 0.418738
vt 0.149408 0.205407
vt 0.147811 0.342971
vt 0.131713 0.327461
vt 0.131713 0.273489
vt 0.121500 0.205407
vt 0.121500 0.122346
vt 0.149408 0.122346
vt 0.149593 0.081672
vt 0.167295 0.062036
vt 0.149593 0.062036
vt 0.138918 0.172582
vt 0.138856 0.164756
vt 0.135390 0.165996
vt 0.135439 0.172597
vt 0.135390 0.165996
vt 0.138856 0.164756
vt 0.374965 0.772181
vt 0.362767 0.795686
vt 0.142119 0.149839
vt 0.138819 0.149853
vt 0.139044 0.179059
vt 0.142345 0.179045
vt 0.139044 0.179059
vt 0.138819 0.149853
vt 0.722691 0.054597
vt 0.726324 0.011924
vt 0.853021 0.011924
vt 0.717272 0.062538
vt 0.717272 0.054597
vt 0.858999 0.062538
vt 0.856655 0.054597
vt 0.858999 0.054597
vt 0.127746 0.151832
vt 0.127797 0.158444
vt 0.129640 0.158436
vt 0.129589 0.151824
vt 0.129640 0.158436
vt 0.127797 0.158444
vt 0.860570 0.362709
vt 0.718638 0.333819
vt 0.860570 0.333819
vt 0.718638 0.340985
vt 0.718638 0.362709
vt 0.133373 0.182946
vt 0.133321 0.176334
vt 0.130078 0.175203
vt 0.130136 0.182960
vt 0.130078 0.175203
vt 0.133321 0.176334
vt 0.861113 0.449741
vt 0.719603 0.445198
vt 0.719603 0.449741
vt 0.719603 0.430745
vt 0.861113 0.430745
vt 0.029138 0.444646
vt 0.053448 0.444634
vt 0.053448 0.373256
vt 0.029138 0.373268
vt 0.053448 0.373256
vt 0.053448 0.444634
vt 0.859757 0.394477
vt 0.718695 0.370200
vt 0.859757 0.370200
vt 0.718695 0.392020
vt 0.718695 0.394477
vt 0.029141 0.280471
vt 0.051235 0.280485
vt 0.048865 0.235568
vt 0.029145 0.235532
vt 0.048865 0.235568
vt 0.051235 0.280485
vt 0.491883 0.033002
vt 0.491278 0.028959
vt 0.527111 0.029768
vt 0.526865 0.033791
vt 0.491883 0.033002
vt 0.491278 0.028959
vt 0.138808 0.149721
vt 0.141944 0.127861
vt 0.138639 0.127876
vt 0.142106 0.149707
vt 0.142120 0.149707
vt 0.142106 0.149707
vt 0.138808 0.149721
vt 0.138639 0.127876
vt 0.491365 0.095287
vt 0.487918 0.091305
vt 0.528325 0.092434
vt 0.528127 0.096317
vt 0.491365 0.095287
vt 0.487918 0.091305
vt 0.742189 0.700513
vt 0.742189 0.659372
vt 0.731808 0.659372
vt 0.752479 0.700513
vt 0.752479 0.659372
vt 0.762860 0.700513
vt 0.762860 0.659372
vt 0.767755 0.659372
vt 0.767755 0.700513
vt 0.762860 0.700513
vt 0.762860 0.659372
vt 0.752479 0.659372
vt 0.752479 0.700513
vt 0.742189 0.659372
vt 0.742189 0.700513
vt 0.731808 0.659372
vt 0.731808 0.700513
vt 0.721221 0.659372
vt 0.721221 0.700513
vt 0.710462 0.659372
vt 0.710462 0.700513
vt 0.707217 0.700513
vt 0.707217 0.659372
vt 0.710462 0.659372
vt 0.710462 0.700513
vt 0.721221 0.700513
vt 0.721221 0.659372
vt 0.731808 0.700513
vt 0.497903 0.439350
vt 0.495584 0.431841
vt 0.547944 0.432410
vt 0.547731 0.440110
vt 0.497903 0.439350
vt 0.495584 0.431841
vt 0.802586 0.655241
vt 0.803349 0.657858
vt 0.794874 0.663342
vt 0.814187 0.655241
vt 0.813424 0.657858
vt 0.823946 0.661556
vt 0.821899 0.663342
vt 0.826095 0.666293
vt 0.823834 0.667608
vt 0.821899 0.663342
vt 0.823946 0.661556
vt 0.813424 0.657858
vt 0.814187 0.655241
vt 0.803349 0.657858
vt 0.802586 0.655241
vt 0.794874 0.663342
vt 0.792826 0.661556
vt 0.790689 0.672569
vt 0.788007 0.672180
vt 0.792123 0.682608
vt 0.789658 0.683741
vt 0.791812 0.686244
vt 0.794104 0.684910
vt 0.792123 0.682608
vt 0.789658 0.683741
vt 0.788007 0.672180
vt 0.790689 0.672569
vt 0.792826 0.661556
vt 0.742174 0.659372
vt 0.742174 0.700513
vt 0.731766 0.700513
vt 0.752494 0.659372
vt 0.752494 0.700513
vt 0.762902 0.659372
vt 0.762902 0.700513
vt 0.767628 0.700513
vt 0.767628 0.659372
vt 0.762902 0.659372
vt 0.762902 0.700513
vt 0.752494 0.700513
vt 0.752494 0.659372
vt 0.742174 0.700513
vt 0.742174 0.659372
vt 0.731766 0.700513
vt 0.731766 0.659372
vt 0.721164 0.700513
vt 0.721164 0.659372
vt 0.710409 0.700513
vt 0.710409 0.659372
vt 0.707351 0.659372
vt 0.707351 0.700513
vt 0.710409 0.700513
vt 0.710409 0.659372
vt 0.721164 0.659372
vt 0.721164 0.700513
vt 0.731766 0.659372
vt 0.139157 0.181476
vt 0.145627 0.179162
vt 0.145698 0.187773
vt 0.139205 0.187801
vt 0.139157 0.181476
vt 0.145627 0.179162
vt 0.527129 0.029769
vt 0.491278 0.028959
vt 0.491883 0.033002
vt 0.527024 0.033794
vt 0.527780 0.033807
vt 0.528019 0.029783
vt 0.527129 0.029769
vt 0.527024 0.033794
vt 0.491883 0.033002
vt 0.491278 0.028959
vt 0.048966 0.379472
vt 0.048966 0.409254
vt 0.029145 0.409219
vt 0.029145 0.379437
vt 0.048966 0.379472
vt 0.048966 0.409254
vt 0.528382 0.092435
vt 0.487918 0.091305
vt 0.491365 0.095287
vt 0.528294 0.096322
vt 0.529089 0.096338
vt 0.529281 0.092454
vt 0.528382 0.092435
vt 0.528294 0.096322
vt 0.491365 0.095287
vt 0.487918 0.091305
vt 0.124509 0.127937
vt 0.125338 0.128219
vt 0.125389 0.134545
vt 0.124562 0.134549
vt 0.124509 0.127937
vt 0.125338 0.128219
vt 0.650982 0.413064
vt 0.688355 0.413064
vt 0.688355 0.441153
vt 0.650982 0.441153
vt 0.650178 0.441153
vt 0.650178 0.413064
vt 0.649374 0.413064
vt 0.649374 0.441153
vt 0.612001 0.441153
vt 0.612001 0.413064
vt 0.051235 0.331330
vt 0.029141 0.331316
vt 0.051235 0.331330
vt 0.524711 0.043949
vt 0.522352 0.047527
vt 0.551166 0.047699
vt 0.553525 0.044126
vt 0.518217 0.406059
vt 0.493001 0.405657
vt 0.495231 0.402499
vt 0.518258 0.402869
vt 0.518753 0.402881
vt 0.518777 0.406074
vt 0.518217 0.406059
vt 0.518258 0.402869
vt 0.495231 0.402499
vt 0.493001 0.405657
vt 0.601280 0.428478
vt 0.601280 0.424272
vt 0.585518 0.424272
vt 0.585518 0.428478
vt 0.493849 0.378215
vt 0.493001 0.382425
vt 0.511417 0.384304
vt 0.512279 0.380093
vt 0.543555 0.402499
vt 0.543555 0.406710
vt 0.584094 0.406710
vt 0.584094 0.402499
vt 0.504111 0.397844
vt 0.504111 0.393477
vt 0.493001 0.393477
vt 0.493001 0.397844
vt 0.493001 0.388964
vt 0.493001 0.393331
vt 0.509077 0.393331
vt 0.509077 0.388964
vt 0.506505 0.377695
vt 0.506505 0.373327
vt 0.493001 0.373327
vt 0.493001 0.377695
vt 0.544594 0.393331
vt 0.544594 0.388964
vt 0.509185 0.388964
vt 0.509185 0.393331
vt 0.544703 0.388964
vt 0.544703 0.393331
vt 0.557030 0.393331
vt 0.557030 0.388964
vt 0.548446 0.075953
vt 0.510008 0.075953
vt 0.510008 0.072895
vt 0.548446 0.072895
vt 0.549269 0.075953
vt 0.549269 0.072895
vt 0.548446 0.072895
vt 0.548446 0.075953
vt 0.510008 0.072895
vt 0.510008 0.075953
vt 0.574852 0.333248
vt 0.574852 0.267575
vt 0.574423 0.221779
vt 0.598156 0.286373
vt 0.598156 0.347328
vt 0.574852 0.110310
vt 0.543538 0.129336
vt 0.544229 0.177703
vt 0.520362 0.193097
vt 0.520504 0.221779
vt 0.520362 0.250461
vt 0.544229 0.265855
vt 0.543538 0.314222
vt 0.574852 0.175982
vt 0.598156 0.157185
vt 0.598156 0.096230
vt 0.651305 0.343539
vt 0.613747 0.343539
vt 0.613747 0.287570
vt 0.651305 0.287570
vt 0.652140 0.343539
vt 0.652140 0.287570
vt 0.652974 0.287570
vt 0.652974 0.343539
vt 0.690533 0.287570
vt 0.690533 0.343539
vt 0.550118 0.024764
vt 0.490879 0.024764
vt 0.492444 0.017605
vt 0.550118 0.017605
vt 0.551250 0.024764
vt 0.551264 0.017605
vt 0.550118 0.017605
vt 0.550118 0.024764
vt 0.492444 0.017605
vt 0.490879 0.024764
vt 0.646640 0.402917
vt 0.610750 0.402917
vt 0.610750 0.355186
vt 0.646640 0.355186
vt 0.647412 0.402917
vt 0.647412 0.355186
vt 0.648184 0.355186
vt 0.648184 0.402917
vt 0.684074 0.355186
vt 0.684074 0.402917
vt 0.547140 0.424272
vt 0.508749 0.424272
vt 0.508749 0.428478
vt 0.547140 0.428478
vt 0.048865 0.012028
vt 0.029145 0.011991
vt 0.048865 0.012028
vt 0.520420 0.384450
vt 0.493001 0.384450
vt 0.493001 0.388818
vt 0.520420 0.388818
vt 0.547838 0.388818
vt 0.547838 0.384450
vt 0.778530 0.482389
vt 0.803692 0.482056
vt 0.801047 0.487062
vt 0.814792 0.506726
vt 0.811553 0.509107
vt 0.752482 0.531690
vt 0.776526 0.531676
vt 0.776526 0.534287
vt 0.801528 0.531690
vt 0.777831 0.536363
vt 0.804221 0.536345
vt 0.814825 0.511412
vt 0.774961 0.536363
vt 0.776526 0.536362
vt 0.777506 0.559804
vt 0.776526 0.559804
vt 0.854457 0.566095
vt 0.776710 0.566095
vt 0.701168 0.566095
vt 0.775286 0.559804
vt 0.701168 0.455243
vt 0.739631 0.511574
vt 0.739664 0.506888
vt 0.777005 0.461534
vt 0.777005 0.455243
vt 0.854457 0.455243
vt 0.778202 0.461534
vt 0.849447 0.461534
vt 0.706177 0.461534
vt 0.775808 0.461534
vt 0.777005 0.482390
vt 0.777005 0.486279
vt 0.777005 0.487076
vt 0.752963 0.487062
vt 0.775480 0.482389
vt 0.750317 0.482056
vt 0.743069 0.509269
vt 0.749789 0.536345
vt 0.666942 0.451450
vt 0.688622 0.571821
vt 0.601771 0.571821
vt 0.601771 0.451450
vt 0.536600 0.451450
vt 0.514920 0.571821
vt 0.612998 0.221188
vt 0.612998 0.160488
vt 0.579403 0.178163
vt 0.579403 0.221188
vt 0.579403 0.264214
vt 0.612998 0.281889
vt 0.342721 0.760518
vt 0.361837 0.749151
vt 0.465516 0.226109
vt 0.464507 0.163323
vt 0.461256 0.163375
vt 0.462266 0.226161
vt 0.463275 0.288947
vt 0.466526 0.288895
vt 0.138856 0.164756
vt 0.138918 0.172568
vt 0.138921 0.172972
vt 0.135390 0.165996
vt 0.135439 0.172583
vt 0.138856 0.164756
vt 0.135442 0.172987
vt 0.135439 0.172583
vt 0.135390 0.165996
vt 0.138918 0.172568
vt 0.527149 0.038810
vt 0.491278 0.038457
vt 0.492092 0.034444
vt 0.527212 0.034788
vt 0.527968 0.034800
vt 0.528039 0.038824
vt 0.527149 0.038810
vt 0.527212 0.034788
vt 0.492092 0.034444
vt 0.491278 0.038457
vt 0.528404 0.105041
vt 0.487918 0.104552
vt 0.491519 0.100705
vt 0.528470 0.101155
vt 0.529264 0.101171
vt 0.529303 0.105059
vt 0.528404 0.105041
vt 0.528470 0.101155
vt 0.491519 0.100705
vt 0.487918 0.104552
vt 0.653545 0.032757
vt 0.616764 0.032757
vt 0.616764 0.005287
vt 0.653545 0.005287
vt 0.654336 0.005287
vt 0.654336 0.032757
vt 0.655127 0.032757
vt 0.655127 0.005287
vt 0.691908 0.005287
vt 0.691908 0.032757
vt 0.546840 0.054340
vt 0.601984 0.054340
vt 0.601984 0.051231
vt 0.546840 0.051231
vt 0.491675 0.051231
vt 0.491675 0.054340
vt 0.493470 0.047600
vt 0.522264 0.048354
vt 0.520071 0.044707
vt 0.491278 0.043949
vt 0.529759 0.040320
vt 0.491278 0.039455
vt 0.494535 0.042508
vt 0.529676 0.043300
vt 0.530432 0.043312
vt 0.530614 0.040334
vt 0.529759 0.040320
vt 0.529676 0.043300
vt 0.494535 0.042508
vt 0.491278 0.039455
vt 0.132957 0.129126
vt 0.133009 0.135713
vt 0.133012 0.136117
vt 0.129472 0.127915
vt 0.129530 0.135728
vt 0.132957 0.129126
vt 0.129534 0.136132
vt 0.129530 0.135728
vt 0.129472 0.127915
vt 0.133009 0.135713
vt 0.493001 0.428478
vt 0.493001 0.424272
vt 0.557688 0.411071
vt 0.581727 0.411071
vt 0.581727 0.406865
vt 0.557688 0.406865
vt 0.533649 0.406865
vt 0.533649 0.411071
vt 0.513125 0.383372
vt 0.531583 0.382467
vt 0.530844 0.378215
vt 0.512387 0.379120
vt 0.533541 0.406865
vt 0.493001 0.406865
vt 0.493001 0.411071
vt 0.533541 0.411071
vt 0.532125 0.364774
vt 0.521026 0.373657
vt 0.523365 0.376685
vt 0.534465 0.367784
vt 0.547038 0.352807
vt 0.549378 0.355818
vt 0.529614 0.402353
vt 0.566213 0.402353
vt 0.566213 0.397990
vt 0.529614 0.397990
vt 0.493001 0.397990
vt 0.493001 0.402353
vt 0.550860 0.393477
vt 0.539750 0.393477
vt 0.539750 0.397840
vt 0.550860 0.397840
vt 0.547767 0.378215
vt 0.531691 0.378215
vt 0.531691 0.382582
vt 0.547767 0.382582
vt 0.506505 0.368814
vt 0.493001 0.368814
vt 0.493001 0.373182
vt 0.506505 0.373182
vt 0.504219 0.397844
vt 0.539641 0.397844
vt 0.539641 0.393477
vt 0.504219 0.393477
vt 0.534739 0.372402
vt 0.547080 0.372402
vt 0.547080 0.368035
vt 0.534739 0.368035
vt 0.588544 0.087319
vt 0.605496 0.061492
vt 0.602111 0.061492
vt 0.586131 0.084821
vt 0.547270 0.087791
vt 0.547270 0.084821
vt 0.508393 0.084821
vt 0.505980 0.087319
vt 0.492413 0.061492
vt 0.489029 0.061492
vt 0.548446 0.076108
vt 0.510008 0.076108
vt 0.510008 0.079166
vt 0.548446 0.079166
vt 0.549269 0.079166
vt 0.549269 0.076108
vt 0.548446 0.076108
vt 0.548446 0.079166
vt 0.510008 0.079166
vt 0.510008 0.076108
vt 0.133321 0.176334
vt 0.133373 0.182933
vt 0.133376 0.183337
vt 0.130078 0.175203
vt 0.130136 0.182947
vt 0.133321 0.176334
vt 0.130139 0.183351
vt 0.130136 0.182947
vt 0.130078 0.175203
vt 0.133373 0.182933
vt 0.511654 0.276056
vt 0.511127 0.295236
vt 0.535510 0.310396
vt 0.491599 0.221779
vt 0.491599 0.265449
vt 0.513100 0.254483
vt 0.535364 0.268146
vt 0.513260 0.221779
vt 0.513100 0.189074
vt 0.535510 0.133162
vt 0.535364 0.175412
vt 0.511127 0.148321
vt 0.511654 0.167502
vt 0.491599 0.178108
vt 0.133078 0.144877
vt 0.133130 0.151470
vt 0.133133 0.151874
vt 0.129600 0.143667
vt 0.129658 0.151485
vt 0.133078 0.144877
vt 0.129661 0.151889
vt 0.129658 0.151485
vt 0.129600 0.143667
vt 0.133130 0.151470
vt 0.653260 0.221288
vt 0.653260 0.160592
vt 0.654167 0.160592
vt 0.652352 0.160592
vt 0.652352 0.221288
vt 0.615775 0.221288
vt 0.615775 0.160592
vt 0.652352 0.281985
vt 0.615775 0.281985
vt 0.653260 0.281985
vt 0.654167 0.221288
vt 0.690744 0.221288
vt 0.690744 0.160592
vt 0.654167 0.281985
vt 0.690744 0.281985
vt 0.653407 0.095402
vt 0.690867 0.095402
vt 0.690867 0.157272
vt 0.653407 0.157272
vt 0.652575 0.157272
vt 0.652575 0.095402
vt 0.651743 0.095402
vt 0.651743 0.157272
vt 0.614282 0.157272
vt 0.614282 0.095402
vt 0.574423 0.221779
vt 0.574852 0.267575
vt 0.574852 0.333248
vt 0.598156 0.286373
vt 0.598156 0.347328
vt 0.543538 0.314222
vt 0.544229 0.265855
vt 0.520362 0.250461
vt 0.520504 0.221779
vt 0.520362 0.193097
vt 0.544229 0.177703
vt 0.574852 0.110310
vt 0.543538 0.129336
vt 0.574852 0.175982
vt 0.598156 0.157185
vt 0.598156 0.096230
vt 0.455354 0.228904
vt 0.456406 0.294320
vt 0.459653 0.294268
vt 0.458601 0.228851
vt 0.457549 0.163435
vt 0.454302 0.163487
vt 0.442378 0.300572
vt 0.496716 0.342980
vt 0.497228 0.339109
vt 0.444209 0.297647
vt 0.442277 0.227839
vt 0.444209 0.227839
vt 0.444209 0.158031
vt 0.442378 0.155105
vt 0.497228 0.116588
vt 0.496716 0.112725
vt 0.483084 0.162319
vt 0.481361 0.213133
vt 0.480493 0.163649
vt 0.551761 0.004866
vt 0.492522 0.004866
vt 0.494087 0.012026
vt 0.551761 0.012026
vt 0.552907 0.012026
vt 0.552893 0.004866
vt 0.551761 0.004866
vt 0.551761 0.012026
vt 0.494087 0.012026
vt 0.492522 0.004866
vt 0.483105 0.163949
vt 0.483750 0.212878
vt 0.473087 0.212351
vt 0.472805 0.162843
vt 0.474922 0.162408
vt 0.655042 0.039946
vt 0.692458 0.039946
vt 0.692458 0.088132
vt 0.655042 0.088132
vt 0.654238 0.088132
vt 0.654238 0.039946
vt 0.653433 0.039946
vt 0.653433 0.088132
vt 0.616017 0.088132
vt 0.616017 0.039946
vt 0.475768 0.213577
vt 0.082868 0.017629
vt 0.082868 0.228840
vt 0.069741 0.228840
vt 0.069741 0.017629
vt 0.082868 0.440050
vt 0.069741 0.440050
vt 0.839667 0.523514
vt 0.834748 0.523514
vt 0.834748 0.556281
vt 0.839667 0.556281
vt 0.712720 0.526282
vt 0.712720 0.531200
vt 0.736651 0.531200
vt 0.736651 0.526282
vt 0.710476 0.532677
vt 0.710476 0.537596
vt 0.736651 0.537596
vt 0.736651 0.532677
vt 0.828353 0.505721
vt 0.833271 0.505721
vt 0.833271 0.485325
vt 0.828353 0.485325
vt 0.860339 0.611655
vt 0.860339 0.606736
vt 0.791076 0.606736
vt 0.791076 0.611655
vt 0.799832 0.520209
vt 0.799832 0.515290
vt 0.755193 0.515290
vt 0.755193 0.520209
vt 0.793030 0.470226
vt 0.793030 0.475145
vt 0.815242 0.475145
vt 0.815242 0.470226
vt 0.725336 0.505721
vt 0.730255 0.505721
vt 0.730255 0.480777
vt 0.725336 0.480777
vt 0.746965 0.476622
vt 0.746965 0.481541
vt 0.772094 0.481541
vt 0.772094 0.476622
vt 0.731732 0.505721
vt 0.736651 0.505721
vt 0.736651 0.472922
vt 0.731732 0.472922
vt 0.837392 0.603359
vt 0.837392 0.598440
vt 0.790675 0.598440
vt 0.790675 0.603359
vt 0.790675 0.589090
vt 0.790675 0.594009
vt 0.859235 0.594009
vt 0.859235 0.589090
vt 0.745596 0.551362
vt 0.721286 0.551362
vt 0.721286 0.556281
vt 0.745596 0.556281
vt 0.721286 0.556281
vt 0.721286 0.551362
vt 0.547038 0.352807
vt 0.549378 0.355818
vt 0.534465 0.367784
vt 0.532125 0.364774
vt 0.523365 0.376685
vt 0.521026 0.373657
vt 0.799832 0.513813
vt 0.799832 0.508895
vt 0.778226 0.508895
vt 0.778226 0.513813
vt 0.755694 0.508895
vt 0.755694 0.513813
vt 0.418344 0.626060
vt 0.443264 0.626072
vt 0.443570 0.640340
vt 0.377626 0.640340
vt 0.377626 0.609113
vt 0.408823 0.609319
vt 0.418876 0.588383
vt 0.408879 0.605828
vt 0.377626 0.605624
vt 0.377626 0.573190
vt 0.442954 0.573190
vt 0.442644 0.588611
vt 0.946323 0.910201
vt 0.946323 0.907826
vt 0.954672 0.907826
vt 0.954672 0.910201
vt 0.933103 0.834735
vt 0.917525 0.834735
vt 0.917525 0.827070
vt 0.933103 0.827070
vt 0.884270 0.890438
vt 0.874031 0.890438
vt 0.874031 0.882773
vt 0.884270 0.882773
vt 0.871663 0.880598
vt 0.856097 0.880598
vt 0.856097 0.872933
vt 0.871663 0.872933
vt 0.923310 0.927324
vt 0.923310 0.925077
vt 0.931659 0.925077
vt 0.931659 0.927324
vt 0.868811 0.890438
vt 0.856097 0.890438
vt 0.856097 0.882773
vt 0.868811 0.882773
vt 0.911803 0.886063
vt 0.911803 0.881286
vt 0.920152 0.881286
vt 0.920152 0.886063
vt 0.886422 0.880598
vt 0.874031 0.880598
vt 0.874031 0.872933
vt 0.886422 0.872933
vt 0.923310 0.904927
vt 0.923310 0.901615
vt 0.931659 0.901615
vt 0.931659 0.904927
vt 0.888790 0.897800
vt 0.888790 0.891554
vt 0.897139 0.891554
vt 0.897139 0.897800
vt 0.946323 0.934052
vt 0.946323 0.933029
vt 0.954672 0.933029
vt 0.954672 0.934052
vt 0.949206 0.876505
vt 0.949206 0.872933
vt 0.957555 0.872933
vt 0.957555 0.876505
vt 0.957829 0.929874
vt 0.957829 0.928852
vt 0.966178 0.928852
vt 0.966178 0.929874
vt 0.900297 0.901998
vt 0.900297 0.897633
vt 0.908646 0.897633
vt 0.908646 0.901998
vt 0.864729 0.910117
vt 0.856097 0.910117
vt 0.856097 0.902452
vt 0.864729 0.902452
vt 0.911803 0.929196
vt 0.911803 0.926550
vt 0.920152 0.926550
vt 0.920152 0.929196
vt 0.874031 0.924341
vt 0.874031 0.919867
vt 0.882380 0.919867
vt 0.882380 0.924341
vt 0.900297 0.886773
vt 0.900297 0.881286
vt 0.908646 0.881286
vt 0.908646 0.886773
vt 0.957829 0.925314
vt 0.957829 0.924163
vt 0.966178 0.924163
vt 0.966178 0.925314
vt 0.934816 0.910737
vt 0.934816 0.907826
vt 0.943165 0.907826
vt 0.943165 0.910737
vt 0.946323 0.930130
vt 0.946323 0.928852
vt 0.954672 0.928852
vt 0.954672 0.930130
vt 0.934816 0.898103
vt 0.934816 0.894920
vt 0.943165 0.894920
vt 0.943165 0.898103
vt 0.946323 0.915894
vt 0.946323 0.913722
vt 0.954672 0.913722
vt 0.954672 0.915894
vt 0.920682 0.869717
vt 0.920682 0.863093
vt 0.929031 0.863093
vt 0.929031 0.869717
vt 0.888790 0.913119
vt 0.888790 0.908659
vt 0.897139 0.908659
vt 0.897139 0.913119
vt 0.888790 0.888655
vt 0.888790 0.881286
vt 0.897139 0.881286
vt 0.897139 0.888655
vt 0.957829 0.920774
vt 0.957829 0.919033
vt 0.966178 0.919033
vt 0.966178 0.920774
vt 0.950282 0.858109
vt 0.950282 0.852725
vt 0.958631 0.852725
vt 0.958631 0.858109
vt 0.911803 0.917759
vt 0.911803 0.914657
vt 0.920152 0.914657
vt 0.920152 0.917759
vt 0.932189 0.868570
vt 0.932189 0.863093
vt 0.940538 0.863093
vt 0.940538 0.868570
vt 0.946323 0.925953
vt 0.946323 0.924163
vt 0.954672 0.924163
vt 0.954672 0.925953
vt 0.912043 0.860390
vt 0.896696 0.860390
vt 0.896696 0.852725
vt 0.912043 0.852725
vt 0.934816 0.930949
vt 0.934816 0.929051
vt 0.943165 0.929051
vt 0.943165 0.930949
vt 0.923310 0.936556
vt 0.923310 0.935110
vt 0.931659 0.935110
vt 0.931659 0.936556
vt 0.948685 0.891636
vt 0.948685 0.889672
vt 0.957034 0.889672
vt 0.957034 0.891636
vt 0.934816 0.935287
vt 0.934816 0.933848
vt 0.943165 0.933848
vt 0.943165 0.935287
vt 0.934816 0.904612
vt 0.934816 0.901615
vt 0.943165 0.901615
vt 0.943165 0.904612
vt 0.972151 0.834735
vt 0.963487 0.834735
vt 0.963487 0.827070
vt 0.972151 0.827070
vt 0.894328 0.860390
vt 0.878638 0.860390
vt 0.878638 0.852725
vt 0.894328 0.852725
vt 0.957829 0.897738
vt 0.957829 0.894920
vt 0.966178 0.894920
vt 0.966178 0.897738
vt 0.888790 0.933155
vt 0.888790 0.929600
vt 0.897139 0.929600
vt 0.897139 0.933155
vt 0.923310 0.898609
vt 0.923310 0.894920
vt 0.931659 0.894920
vt 0.931659 0.898609
vt 0.900297 0.915179
vt 0.900297 0.911592
vt 0.908646 0.911592
vt 0.908646 0.915179
vt 0.900297 0.908693
vt 0.900297 0.904897
vt 0.908646 0.904897
vt 0.908646 0.908693
vt 0.923310 0.885557
vt 0.923310 0.881286
vt 0.931659 0.881286
vt 0.931659 0.885557
vt 0.856097 0.926807
vt 0.856097 0.921551
vt 0.864445 0.921551
vt 0.864445 0.926807
vt 0.903924 0.870759
vt 0.891999 0.870759
vt 0.891999 0.863093
vt 0.903924 0.863093
vt 0.882386 0.900277
vt 0.874031 0.900277
vt 0.874031 0.892612
vt 0.882386 0.892612
vt 0.957829 0.903965
vt 0.957829 0.901615
vt 0.966178 0.901615
vt 0.966178 0.903965
vt 0.914686 0.877610
vt 0.914686 0.872933
vt 0.923035 0.872933
vt 0.923035 0.877610
vt 0.903180 0.878356
vt 0.903180 0.872933
vt 0.911529 0.872933
vt 0.911529 0.878356
vt 0.936408 0.860390
vt 0.927442 0.860390
vt 0.927442 0.852725
vt 0.936408 0.852725
vt 0.960191 0.891299
vt 0.960191 0.889672
vt 0.968540 0.889672
vt 0.968540 0.891299
vt 0.900297 0.927150
vt 0.900297 0.924157
vt 0.908646 0.924157
vt 0.908646 0.927150
vt 0.943695 0.867794
vt 0.943695 0.863093
vt 0.952044 0.863093
vt 0.952044 0.867794
vt 0.929305 0.848154
vt 0.914227 0.848154
vt 0.914227 0.840489
vt 0.929305 0.840489
vt 0.923310 0.910823
vt 0.923310 0.907826
vt 0.931659 0.907826
vt 0.931659 0.910823
vt 0.953314 0.848154
vt 0.944651 0.848154
vt 0.944651 0.840489
vt 0.953314 0.840489
vt 0.871786 0.870759
vt 0.856097 0.870759
vt 0.856097 0.863093
vt 0.871786 0.863093
vt 0.946323 0.904433
vt 0.946323 0.901615
vt 0.954672 0.901615
vt 0.954672 0.904433
vt 0.911803 0.911758
vt 0.911803 0.908203
vt 0.920152 0.908203
vt 0.920152 0.911758
vt 0.911803 0.905304
vt 0.911803 0.901615
vt 0.920152 0.901615
vt 0.920152 0.905304
vt 0.946323 0.884873
vt 0.946323 0.881286
vt 0.954672 0.881286
vt 0.954672 0.884873
vt 0.911803 0.898716
vt 0.911803 0.894920
vt 0.920152 0.894920
vt 0.920152 0.898716
vt 0.955202 0.867364
vt 0.955202 0.863093
vt 0.963551 0.863093
vt 0.963551 0.867364
vt 0.874031 0.916968
vt 0.874031 0.911711
vt 0.882380 0.911711
vt 0.882380 0.916968
vt 0.961119 0.834735
vt 0.950880 0.834735
vt 0.950880 0.827070
vt 0.961119 0.827070
vt 0.938776 0.859086
vt 0.938776 0.852725
vt 0.947125 0.852725
vt 0.947125 0.859086
vt 0.923310 0.932211
vt 0.923310 0.930223
vt 0.931659 0.930223
vt 0.931659 0.932211
vt 0.937699 0.876674
vt 0.937699 0.872933
vt 0.946048 0.872933
vt 0.946048 0.876674
vt 0.888790 0.905760
vt 0.888790 0.900699
vt 0.897139 0.900699
vt 0.897139 0.905760
vt 0.934816 0.885061
vt 0.934816 0.881286
vt 0.943165 0.881286
vt 0.943165 0.885061
vt 0.925672 0.892014
vt 0.925672 0.889672
vt 0.934021 0.889672
vt 0.934021 0.892014
vt 0.955683 0.846850
vt 0.955683 0.840489
vt 0.964031 0.840489
vt 0.964031 0.846850
vt 0.957829 0.909871
vt 0.957829 0.907826
vt 0.966178 0.907826
vt 0.966178 0.909871
vt 0.900297 0.921258
vt 0.900297 0.918078
vt 0.908646 0.918078
vt 0.908646 0.921258
vt 0.934816 0.926152
vt 0.934816 0.924163
vt 0.943165 0.924163
vt 0.943165 0.926152
vt 0.923310 0.916715
vt 0.923310 0.913722
vt 0.931659 0.913722
vt 0.931659 0.916715
vt 0.911803 0.923652
vt 0.911803 0.920658
vt 0.920152 0.920658
vt 0.920152 0.923652
vt 0.937178 0.891717
vt 0.937178 0.889672
vt 0.945527 0.889672
vt 0.945527 0.891717
vt 0.957829 0.884467
vt 0.957829 0.881286
vt 0.966178 0.881286
vt 0.966178 0.884467
vt 0.946323 0.921022
vt 0.946323 0.919033
vt 0.954672 0.919033
vt 0.954672 0.921022
vt 0.900297 0.932776
vt 0.900297 0.930049
vt 0.908646 0.930049
vt 0.908646 0.932776
vt 0.888790 0.920061
vt 0.888790 0.916018
vt 0.897139 0.916018
vt 0.897139 0.920061
vt 0.926193 0.877087
vt 0.926193 0.872933
vt 0.934542 0.872933
vt 0.934542 0.877087
vt 0.874031 0.931356
vt 0.874031 0.927240
vt 0.882380 0.927240
vt 0.882380 0.931356
vt 0.934816 0.916134
vt 0.934816 0.913722
vt 0.943165 0.913722
vt 0.943165 0.916134
vt 0.948512 0.834735
vt 0.935471 0.834735
vt 0.935471 0.827070
vt 0.948512 0.827070
vt 0.934816 0.921264
vt 0.934816 0.919033
vt 0.943165 0.919033
vt 0.943165 0.921264
vt 0.874031 0.936686
vt 0.874031 0.934254
vt 0.882380 0.934254
vt 0.882380 0.936686
vt 0.856097 0.934222
vt 0.856097 0.929706
vt 0.864445 0.929706
vt 0.864445 0.934222
vt 0.961789 0.857393
vt 0.961789 0.852725
vt 0.970138 0.852725
vt 0.970138 0.857393
vt 0.923310 0.922178
vt 0.923310 0.919614
vt 0.931659 0.919614
vt 0.931659 0.922178
vt 0.889631 0.870759
vt 0.874154 0.870759
vt 0.874154 0.863093
vt 0.889631 0.863093
vt 0.946323 0.910201
vt 0.946323 0.907826
vt 0.954672 0.907826
vt 0.954672 0.910201
vt 0.933103 0.834735
vt 0.917525 0.834735
vt 0.917525 0.827070
vt 0.933103 0.827070
vt 0.884270 0.890438
vt 0.874031 0.890438
vt 0.874031 0.882773
vt 0.884270 0.882773
vt 0.871663 0.880598
vt 0.856097 0.880598
vt 0.856097 0.872933
vt 0.871663 0.872933
vt 0.923310 0.927324
vt 0.923310 0.925077
vt 0.931659 0.925077
vt 0.931659 0.927324
vt 0.868811 0.890438
vt 0.856097 0.890438
vt 0.856097 0.882773
vt 0.868811 0.882773
vt 0.911803 0.886063
vt 0.911803 0.881286
vt 0.920152 0.881286
vt 0.920152 0.886063
vt 0.886422 0.880598
vt 0.874031 0.880598
vt 0.874031 0.872933
vt 0.886422 0.872933
vt 0.923310 0.904927
vt 0.923310 0.901615
vt 0.931659 0.901615
vt 0.931659 0.904927
vt 0.888790 0.897800
vt 0.888790 0.891554
vt 0.897139 0.891554
vt 0.897139 0.897800
vt 0.946323 0.934052
vt 0.946323 0.933029
vt 0.954672 0.933029
vt 0.954672 0.934052
vt 0.949206 0.876505
vt 0.949206 0.872933
vt 0.957555 0.872933
vt 0.957555 0.876505
vt 0.957829 0.929874
vt 0.957829 0.928852
vt 0.966178 0.928852
vt 0.966178 0.929874
vt 0.900297 0.901998
vt 0.900297 0.897633
vt 0.908646 0.897633
vt 0.908646 0.901998
vt 0.864729 0.910117
vt 0.856097 0.910117
vt 0.856097 0.902452
vt 0.864729 0.902452
vt 0.911803 0.929196
vt 0.911803 0.926550
vt 0.920152 0.926550
vt 0.920152 0.929196
vt 0.874031 0.924341
vt 0.874031 0.919867
vt 0.882380 0.919867
vt 0.882380 0.924341
vt 0.900297 0.886773
vt 0.900297 0.881286
vt 0.908646 0.881286
vt 0.908646 0.886773
vt 0.957829 0.925314
vt 0.957829 0.924163
vt 0.966178 0.924163
vt 0.966178 0.925314
vt 0.934816 0.910737
vt 0.934816 0.907826
vt 0.943165 0.907826
vt 0.943165 0.910737
vt 0.946323 0.930130
vt 0.946323 0.928852
vt 0.954672 0.928852
vt 0.954672 0.930130
vt 0.934816 0.898103
vt 0.934816 0.894920
vt 0.943165 0.894920
vt 0.943165 0.898103
vt 0.946323 0.915894
vt 0.946323 0.913722
vt 0.954672 0.913722
vt 0.954672 0.915894
vt 0.920682 0.869717
vt 0.920682 0.863093
vt 0.929031 0.863093
vt 0.929031 0.869717
vt 0.888790 0.913119
vt 0.888790 0.908659
vt 0.897139 0.908659
vt 0.897139 0.913119
vt 0.888790 0.888655
vt 0.888790 0.881286
vt 0.897139 0.881286
vt 0.897139 0.888655
vt 0.957829 0.920774
vt 0.957829 0.919033
vt 0.966178 0.919033
vt 0.966178 0.920774
vt 0.950282 0.858109
vt 0.950282 0.852725
vt 0.958631 0.852725
vt 0.958631 0.858109
vt 0.911803 0.917759
vt 0.911803 0.914657
vt 0.920152 0.914657
vt 0.920152 0.917759
vt 0.932189 0.868570
vt 0.932189 0.863093
vt 0.940538 0.863093
vt 0.940538 0.868570
vt 0.946323 0.925953
vt 0.946323 0.924163
vt 0.954672 0.924163
vt 0.954672 0.925953
vt 0.912043 0.860390
vt 0.896696 0.860390
vt 0.896696 0.852725
vt 0.912043 0.852725
vt 0.934816 0.930949
vt 0.934816 0.929051
vt 0.943165 0.929051
vt 0.943165 0.930949
vt 0.923310 0.936556
vt 0.923310 0.935110
vt 0.931659 0.935110
vt 0.931659 0.936556
vt 0.948685 0.891636
vt 0.948685 0.889672
vt 0.957034 0.889672
vt 0.957034 0.891636
vt 0.934816 0.935287
vt 0.934816 0.933848
vt 0.943165 0.933848
vt 0.943165 0.935287
vt 0.934816 0.904612
vt 0.934816 0.901615
vt 0.943165 0.901615
vt 0.943165 0.904612
vt 0.972151 0.834735
vt 0.963487 0.834735
vt 0.963487 0.827070
vt 0.972151 0.827070
vt 0.894328 0.860390
vt 0.878638 0.860390
vt 0.878638 0.852725
vt 0.894328 0.852725
vt 0.957829 0.897738
vt 0.957829 0.894920
vt 0.966178 0.894920
vt 0.966178 0.897738
vt 0.888790 0.933155
vt 0.888790 0.929600
vt 0.897139 0.929600
vt 0.897139 0.933155
vt 0.923310 0.898609
vt 0.923310 0.894920
vt 0.931659 0.894920
vt 0.931659 0.898609
vt 0.900297 0.915179
vt 0.900297 0.911592
vt 0.908646 0.911592
vt 0.908646 0.915179
vt 0.900297 0.908693
vt 0.900297 0.904897
vt 0.908646 0.904897
vt 0.908646 0.908693
vt 0.923310 0.885557
vt 0.923310 0.881286
vt 0.931659 0.881286
vt 0.931659 0.885557
vt 0.856097 0.926807
vt 0.856097 0.921551
vt 0.864445 0.921551
vt 0.864445 0.926807
vt 0.903924 0.870759
vt 0.891999 0.870759
vt 0.891999 0.863093
vt 0.903924 0.863093
vt 0.882386 0.900277
vt 0.874031 0.900277
vt 0.874031 0.892612
vt 0.882386 0.892612
vt 0.957829 0.903965
vt 0.957829 0.901615
vt 0.966178 0.901615
vt 0.966178 0.903965
vt 0.914686 0.877610
vt 0.914686 0.872933
vt 0.923035 0.872933
vt 0.923035 0.877610
vt 0.903180 0.878356
vt 0.903180 0.872933
vt 0.911529 0.872933
vt 0.911529 0.878356
vt 0.936408 0.860390
vt 0.927442 0.860390
vt 0.927442 0.852725
vt 0.936408 0.852725
vt 0.960191 0.891299
vt 0.960191 0.889672
vt 0.968540 0.889672
vt 0.968540 0.891299
vt 0.900297 0.927150
vt 0.900297 0.924157
vt 0.908646 0.924157
vt 0.908646 0.927150
vt 0.943695 0.867794
vt 0.943695 0.863093
vt 0.952044 0.863093
vt 0.952044 0.867794
vt 0.929305 0.848154
vt 0.914227 0.848154
vt 0.914227 0.840489
vt 0.929305 0.840489
vt 0.923310 0.910823
vt 0.923310 0.907826
vt 0.931659 0.907826
vt 0.931659 0.910823
vt 0.953314 0.848154
vt 0.944651 0.848154
vt 0.944651 0.840489
vt 0.953314 0.840489
vt 0.871786 0.870759
vt 0.856097 0.870759
vt 0.856097 0.863093
vt 0.871786 0.863093
vt 0.946323 0.904433
vt 0.946323 0.901615
vt 0.954672 0.901615
vt 0.954672 0.904433
vt 0.911803 0.911758
vt 0.911803 0.908203
vt 0.920152 0.908203
vt 0.920152 0.911758
vt 0.911803 0.905304
vt 0.911803 0.901615
vt 0.920152 0.901615
vt 0.920152 0.905304
vt 0.946323 0.884873
vt 0.946323 0.881286
vt 0.954672 0.881286
vt 0.954672 0.884873
vt 0.911803 0.898716
vt 0.911803 0.894920
vt 0.920152 0.894920
vt 0.920152 0.898716
vt 0.955202 0.867364
vt 0.955202 0.863093
vt 0.963551 0.863093
vt 0.963551 0.867364
vt 0.874031 0.916968
vt 0.874031 0.911711
vt 0.882380 0.911711
vt 0.882380 0.916968
vt 0.961119 0.834735
vt 0.950880 0.834735
vt 0.950880 0.827070
vt 0.961119 0.827070
vt 0.938776 0.859086
vt 0.938776 0.852725
vt 0.947125 0.852725
vt 0.947125 0.859086
vt 0.923310 0.932211
vt 0.923310 0.930223
vt 0.931659 0.930223
vt 0.931659 0.932211
vt 0.937699 0.876674
vt 0.937699 0.872933
vt 0.946048 0.872933
vt 0.946048 0.876674
vt 0.888790 0.905760
vt 0.888790 0.900699
vt 0.897139 0.900699
vt 0.897139 0.905760
vt 0.934816 0.885061
vt 0.934816 0.881286
vt 0.943165 0.881286
vt 0.943165 0.885061
vt 0.925672 0.892014
vt 0.925672 0.889672
vt 0.934021 0.889672
vt 0.934021 0.892014
vt 0.955683 0.846850
vt 0.955683 0.840489
vt 0.964031 0.840489
vt 0.964031 0.846850
vt 0.957829 0.909871
vt 0.957829 0.907826
vt 0.966178 0.907826
vt 0.966178 0.909871
vt 0.900297 0.921258
vt 0.900297 0.918078
vt 0.908646 0.918078
vt 0.908646 0.921258
vt 0.934816 0.926152
vt 0.934816 0.924163
vt 0.943165 0.924163
vt 0.943165 0.926152
vt 0.923310 0.916715
vt 0.923310 0.913722
vt 0.931659 0.913722
vt 0.931659 0.916715
vt 0.911803 0.923652
vt 0.911803 0.920658
vt 0.920152 0.920658
vt 0.920152 0.923652
vt 0.937178 0.891717
vt 0.937178 0.889672
vt 0.945527 0.889672
vt 0.945527 0.891717
vt 0.957829 0.884467
vt 0.957829 0.881286
vt 0.966178 0.881286
vt 0.966178 0.884467
vt 0.946323 0.921022
vt 0.946323 0.919033
vt 0.954672 0.919033
vt 0.954672 0.921022
vt 0.900297 0.932776
vt 0.900297 0.930049
vt 0.908646 0.930049
vt 0.908646 0.932776
vt 0.888790 0.920061
vt 0.888790 0.916018
vt 0.897139 0.916018
vt 0.897139 0.920061
vt 0.926193 0.877087
vt 0.926193 0.872933
vt 0.934542 0.872933
vt 0.934542 0.877087
vt 0.874031 0.931356
vt 0.874031 0.927240
vt 0.882380 0.927240
vt 0.882380 0.931356
vt 0.934816 0.916134
vt 0.934816 0.913722
vt 0.943165 0.913722
vt 0.943165 0.916134
vt 0.948512 0.834735
vt 0.935471 0.834735
vt 0.935471 0.827070
vt 0.948512 0.827070
vt 0.934816 0.921264
vt 0.934816 0.919033
vt 0.943165 0.919033
vt 0.943165 0.921264
vt 0.874031 0.936686
vt 0.874031 0.934254
vt 0.882380 0.934254
vt 0.882380 0.936686
vt 0.856097 0.934222
vt 0.856097 0.929706
vt 0.864445 0.929706
vt 0.864445 0.934222
vt 0.961789 0.857393
vt 0.961789 0.852725
vt 0.970138 0.852725
vt 0.970138 0.857393
vt 0.923310 0.922178
vt 0.923310 0.919614
vt 0.931659 0.919614
vt 0.931659 0.922178
vt 0.889631 0.870759
vt 0.874154 0.870759
vt 0.874154 0.863093
vt 0.889631 0.863093
vt 0.493297 0.746774
vt 0.496240 0.752947
vt 0.496239 0.758141
vt 0.497957 0.748789
vt 0.508226 0.745527
vt 0.507833 0.742408
vt 0.512516 0.748584
vt 0.515796 0.746662
vt 0.513403 0.761472
vt 0.516385 0.762625
vt 0.495868 0.770556
vt 0.495612 0.773971
vt 0.480291 0.767804
vt 0.485986 0.764898
vt 0.481432 0.754836
vt 0.498375 0.644542
vt 0.493184 0.661811
vt 0.487546 0.666000
vt 0.478130 0.655392
vt 0.478335 0.734200
vt 0.486504 0.702199
vt 0.502788 0.655492
vt 0.496948 0.659039
vt 0.492063 0.697149
vt 0.495952 0.700124
vt 0.490909 0.706382
vt 0.490549 0.720019
vt 0.487397 0.724570
vt 0.483397 0.741143
vt 0.487333 0.742461
vt 0.554547 0.690539
vt 0.547535 0.690452
vt 0.545711 0.681072
vt 0.551385 0.668557
vt 0.531843 0.675952
vt 0.529321 0.669694
vt 0.566107 0.668457
vt 0.576989 0.676657
vt 0.553342 0.663480
vt 0.479738 0.212180
vt 0.476468 0.162503
vt 0.479704 0.210577
vt 0.478908 0.162677
vt 0.477046 0.210943
vt 0.568284 0.787054
vt 0.522094 0.787054
vt 0.522094 0.775027
vt 0.568284 0.775027
vt 0.622851 0.723868
vt 0.622851 0.717310
vt 0.634878 0.717310
vt 0.634878 0.723868
vt 0.617408 0.770745
vt 0.610006 0.770745
vt 0.610006 0.758717
vt 0.617408 0.758717
vt 0.640930 0.770745
vt 0.640930 0.758717
vt 0.647535 0.683986
vt 0.635023 0.683986
vt 0.635023 0.671959
vt 0.647535 0.671959
vt 0.576761 0.730786
vt 0.560245 0.730786
vt 0.560245 0.718758
vt 0.576761 0.718758
vt 0.503961 0.808017
vt 0.480291 0.808017
vt 0.480291 0.795989
vt 0.503961 0.795989
vt 0.600833 0.700296
vt 0.584858 0.700296
vt 0.584858 0.688268
vt 0.600833 0.688268
vt 0.635002 0.800364
vt 0.635002 0.791336
vt 0.647030 0.791336
vt 0.647030 0.800364
vt 0.584858 0.732644
vt 0.584858 0.720886
vt 0.596886 0.720886
vt 0.596886 0.732644
vt 0.640587 0.722388
vt 0.640587 0.717310
vt 0.652615 0.717310
vt 0.652615 0.722388
vt 0.614160 0.803363
vt 0.599816 0.803363
vt 0.599816 0.791336
vt 0.614160 0.791336
vt 0.597877 0.716605
vt 0.584858 0.716605
vt 0.584858 0.704577
vt 0.597877 0.704577
vt 0.605114 0.715964
vt 0.605114 0.704577
vt 0.617142 0.704577
vt 0.617142 0.715964
vt 0.630721 0.803363
vt 0.618442 0.803363
vt 0.618442 0.791336
vt 0.630721 0.791336
vt 0.622851 0.734771
vt 0.622851 0.729577
vt 0.634878 0.729577
vt 0.634878 0.734771
vt 0.644427 0.787054
vt 0.630331 0.787054
vt 0.630331 0.775027
vt 0.644427 0.775027
vt 0.640587 0.709845
vt 0.640587 0.704577
vt 0.652615 0.704577
vt 0.652615 0.709845
vt 0.618033 0.700296
vt 0.605114 0.700296
vt 0.605114 0.688268
vt 0.618033 0.688268
vt 0.626049 0.787054
vt 0.606300 0.787054
vt 0.606300 0.775027
vt 0.626049 0.775027
vt 0.516505 0.791708
vt 0.480291 0.791708
vt 0.480291 0.779680
vt 0.516505 0.779680
vt 0.622851 0.711601
vt 0.622851 0.704577
vt 0.634878 0.704577
vt 0.634878 0.711601
vt 0.647482 0.754436
vt 0.612126 0.754436
vt 0.612126 0.742408
vt 0.647482 0.742408
vt 0.605114 0.729184
vt 0.605114 0.721673
vt 0.617142 0.721673
vt 0.617142 0.729184
vt 0.600902 0.754436
vt 0.522094 0.754436
vt 0.522094 0.742408
vt 0.600902 0.742408
vt 0.607845 0.754436
vt 0.607845 0.742408
vt 0.522094 0.811796
vt 0.522094 0.807645
vt 0.534122 0.807645
vt 0.534122 0.811796
vt 0.539982 0.770745
vt 0.522094 0.770745
vt 0.522094 0.758717
vt 0.539982 0.758717
vt 0.544608 0.770745
vt 0.544608 0.758717
vt 0.558250 0.770745
vt 0.558250 0.758717
vt 0.564628 0.770745
vt 0.564628 0.758717
vt 0.605725 0.770745
vt 0.605725 0.758717
vt 0.640051 0.695101
vt 0.640051 0.688268
vt 0.652079 0.688268
vt 0.652079 0.695101
vt 0.545185 0.803363
vt 0.522094 0.803363
vt 0.522094 0.791336
vt 0.545185 0.791336
vt 0.551931 0.803363
vt 0.551931 0.791336
vt 0.630741 0.683986
vt 0.615958 0.683986
vt 0.615958 0.671959
vt 0.630741 0.671959
vt 0.622315 0.697824
vt 0.622315 0.688268
vt 0.634343 0.688268
vt 0.634343 0.697824
vt 0.579576 0.787054
vt 0.572565 0.787054
vt 0.572565 0.775027
vt 0.579576 0.775027
vt 0.602019 0.787054
vt 0.602019 0.775027
vt 0.597975 0.683986
vt 0.584858 0.683986
vt 0.584858 0.671959
vt 0.597975 0.671959
vt 0.611676 0.683986
vt 0.611676 0.671959
vt 0.635002 0.811514
vt 0.635002 0.806073
vt 0.647030 0.806073
vt 0.647030 0.811514
vt 0.565340 0.714477
vt 0.507144 0.714477
vt 0.507144 0.702449
vt 0.565340 0.702449
vt 0.595534 0.803363
vt 0.572565 0.803363
vt 0.572565 0.791336
vt 0.595534 0.791336
vt 0.493297 0.746774
vt 0.496240 0.752947
vt 0.496239 0.758141
vt 0.497957 0.748789
vt 0.508226 0.745527
vt 0.507833 0.742408
vt 0.512516 0.748584
vt 0.515796 0.746662
vt 0.513403 0.761472
vt 0.516385 0.762625
vt 0.495868 0.770556
vt 0.495612 0.773971
vt 0.480291 0.767804
vt 0.485986 0.764898
vt 0.481432 0.754836
vt 0.498375 0.644542
vt 0.493184 0.661811
vt 0.487546 0.666000
vt 0.478130 0.655392
vt 0.478335 0.734200
vt 0.486504 0.702199
vt 0.502788 0.655492
vt 0.496948 0.659039
vt 0.492063 0.697149
vt 0.495952 0.700124
vt 0.490909 0.706382
vt 0.490549 0.720019
vt 0.487397 0.724570
vt 0.483397 0.741143
vt 0.487333 0.742461
vt 0.554547 0.690539
vt 0.547535 0.690452
vt 0.545711 0.681072
vt 0.551385 0.668557
vt 0.531843 0.675952
vt 0.529321 0.669694
vt 0.566107 0.668457
vt 0.576989 0.676657
vt 0.553342 0.663480
vt 0.468136 0.164132
vt 0.470733 0.162783
vt 0.471583 0.215065
vt 0.568284 0.787054
vt 0.522094 0.787054
vt 0.522094 0.775027
vt 0.568284 0.775027
vt 0.622851 0.723868
vt 0.622851 0.717310
vt 0.634878 0.717310
vt 0.634878 0.723868
vt 0.617408 0.770745
vt 0.610006 0.770745
vt 0.610006 0.758717
vt 0.617408 0.758717
vt 0.640930 0.770745
vt 0.640930 0.758717
vt 0.647535 0.683986
vt 0.635023 0.683986
vt 0.635023 0.671959
vt 0.647535 0.671959
vt 0.576761 0.730786
vt 0.560245 0.730786
vt 0.560245 0.718758
vt 0.576761 0.718758
vt 0.503961 0.808017
vt 0.480291 0.808017
vt 0.480291 0.795989
vt 0.503961 0.795989
vt 0.600833 0.700296
vt 0.584858 0.700296
vt 0.584858 0.688268
vt 0.600833 0.688268
vt 0.635002 0.800364
vt 0.635002 0.791336
vt 0.647030 0.791336
vt 0.647030 0.800364
vt 0.584858 0.732644
vt 0.584858 0.720886
vt 0.596886 0.720886
vt 0.596886 0.732644
vt 0.640587 0.722388
vt 0.640587 0.717310
vt 0.652615 0.717310
vt 0.652615 0.722388
vt 0.614160 0.803363
vt 0.599816 0.803363
vt 0.599816 0.791336
vt 0.614160 0.791336
vt 0.597877 0.716605
vt 0.584858 0.716605
vt 0.584858 0.704577
vt 0.597877 0.704577
vt 0.605114 0.715964
vt 0.605114 0.704577
vt 0.617142 0.704577
vt 0.617142 0.715964
vt 0.630721 0.803363
vt 0.618442 0.803363
vt 0.618442 0.791336
vt 0.630721 0.791336
vt 0.622851 0.734771
vt 0.622851 0.729577
vt 0.634878 0.729577
vt 0.634878 0.734771
vt 0.644427 0.787054
vt 0.630331 0.787054
vt 0.630331 0.775027
vt 0.644427 0.775027
vt 0.640587 0.709845
vt 0.640587 0.704577
vt 0.652615 0.704577
vt 0.652615 0.709845
vt 0.618033 0.700296
vt 0.605114 0.700296
vt 0.605114 0.688268
vt 0.618033 0.688268
vt 0.626049 0.787054
vt 0.606300 0.787054
vt 0.606300 0.775027
vt 0.626049 0.775027
vt 0.516505 0.791708
vt 0.480291 0.791708
vt 0.480291 0.779680
vt 0.516505 0.779680
vt 0.622851 0.711601
vt 0.622851 0.704577
vt 0.634878 0.704577
vt 0.634878 0.711601
vt 0.647482 0.754436
vt 0.612126 0.754436
vt 0.612126 0.742408
vt 0.647482 0.742408
vt 0.605114 0.729184
vt 0.605114 0.721673
vt 0.617142 0.721673
vt 0.617142 0.729184
vt 0.600902 0.754436
vt 0.522094 0.754436
vt 0.522094 0.742408
vt 0.600902 0.742408
vt 0.607845 0.754436
vt 0.607845 0.742408
vt 0.522094 0.811796
vt 0.522094 0.807645
vt 0.534122 0.807645
vt 0.534122 0.811796
vt 0.539982 0.770745
vt 0.522094 0.770745
vt 0.522094 0.758717
vt 0.539982 0.758717
vt 0.544608 0.770745
vt 0.544608 0.758717
vt 0.558250 0.770745
vt 0.558250 0.758717
vt 0.564628 0.770745
vt 0.564628 0.758717
vt 0.605725 0.770745
vt 0.605725 0.758717
vt 0.640051 0.695101
vt 0.640051 0.688268
vt 0.652079 0.688268
vt 0.652079 0.695101
vt 0.545185 0.803363
vt 0.522094 0.803363
vt 0.522094 0.791336
vt 0.545185 0.791336
vt 0.551931 0.803363
vt 0.551931 0.791336
vt 0.630741 0.683986
vt 0.615958 0.683986
vt 0.615958 0.671959
vt 0.630741 0.671959
vt 0.622315 0.697824
vt 0.622315 0.688268
vt 0.634343 0.688268
vt 0.634343 0.697824
vt 0.579576 0.787054
vt 0.572565 0.787054
vt 0.572565 0.775027
vt 0.579576 0.775027
vt 0.602019 0.787054
vt 0.602019 0.775027
vt 0.597975 0.683986
vt 0.584858 0.683986
vt 0.584858 0.671959
vt 0.597975 0.671959
vt 0.611676 0.683986
vt 0.611676 0.671959
vt 0.635002 0.811514
vt 0.635002 0.806073
vt 0.647030 0.806073
vt 0.647030 0.811514
vt 0.565340 0.714477
vt 0.507144 0.714477
vt 0.507144 0.702449
vt 0.565340 0.702449
vt 0.595534 0.803363
vt 0.572565 0.803363
vt 0.572565 0.791336
vt 0.595534 0.791336
vt 0.493297 0.746774
vt 0.496240 0.752947
vt 0.496239 0.758141
vt 0.497957 0.748789
vt 0.508226 0.745527
vt 0.507833 0.742408
vt 0.512516 0.748584
vt 0.515796 0.746662
vt 0.513403 0.761472
vt 0.516385 0.762625
vt 0.495868 0.770556
vt 0.495612 0.773971
vt 0.480291 0.767804
vt 0.485986 0.764898
vt 0.481432 0.754836
vt 0.498375 0.644542
vt 0.493184 0.661811
vt 0.487546 0.666000
vt 0.478130 0.655392
vt 0.478335 0.734200
vt 0.486504 0.702199
vt 0.502788 0.655492
vt 0.496948 0.659039
vt 0.492063 0.697149
vt 0.495952 0.700124
vt 0.490909 0.706382
vt 0.490549 0.720019
vt 0.487397 0.724570
vt 0.483397 0.741143
vt 0.487333 0.742461
vt 0.554547 0.690539
vt 0.547535 0.690452
vt 0.545711 0.681072
vt 0.551385 0.668557
vt 0.531843 0.675952
vt 0.529321 0.669694
vt 0.566107 0.668457
vt 0.576989 0.676657
vt 0.553342 0.663480
vt 0.469501 0.214681
vt 0.568284 0.787054
vt 0.522094 0.787054
vt 0.522094 0.775027
vt 0.568284 0.775027
vt 0.622851 0.723868
vt 0.622851 0.717310
vt 0.634878 0.717310
vt 0.634878 0.723868
vt 0.617408 0.770745
vt 0.610006 0.770745
vt 0.610006 0.758717
vt 0.617408 0.758717
vt 0.640930 0.770745
vt 0.640930 0.758717
vt 0.647535 0.683986
vt 0.635023 0.683986
vt 0.635023 0.671959
vt 0.647535 0.671959
vt 0.576761 0.730786
vt 0.560245 0.730786
vt 0.560245 0.718758
vt 0.576761 0.718758
vt 0.503961 0.808017
vt 0.480291 0.808017
vt 0.480291 0.795989
vt 0.503961 0.795989
vt 0.600833 0.700296
vt 0.584858 0.700296
vt 0.584858 0.688268
vt 0.600833 0.688268
vt 0.635002 0.800364
vt 0.635002 0.791336
vt 0.647030 0.791336
vt 0.647030 0.800364
vt 0.584858 0.732644
vt 0.584858 0.720886
vt 0.596886 0.720886
vt 0.596886 0.732644
vt 0.640587 0.722388
vt 0.640587 0.717310
vt 0.652615 0.717310
vt 0.652615 0.722388
vt 0.614160 0.803363
vt 0.599816 0.803363
vt 0.599816 0.791336
vt 0.614160 0.791336
vt 0.597877 0.716605
vt 0.584858 0.716605
vt 0.584858 0.704577
vt 0.597877 0.704577
vt 0.605114 0.715964
vt 0.605114 0.704577
vt 0.617142 0.704577
vt 0.617142 0.715964
vt 0.630721 0.803363
vt 0.618442 0.803363
vt 0.618442 0.791336
vt 0.630721 0.791336
vt 0.622851 0.734771
vt 0.622851 0.729577
vt 0.634878 0.729577
vt 0.634878 0.734771
vt 0.644427 0.787054
vt 0.630331 0.787054
vt 0.630331 0.775027
vt 0.644427 0.775027
vt 0.640587 0.709845
vt 0.640587 0.704577
vt 0.652615 0.704577
vt 0.652615 0.709845
vt 0.618033 0.700296
vt 0.605114 0.700296
vt 0.605114 0.688268
vt 0.618033 0.688268
vt 0.626049 0.787054
vt 0.606300 0.787054
vt 0.606300 0.775027
vt 0.626049 0.775027
vt 0.516505 0.791708
vt 0.480291 0.791708
vt 0.480291 0.779680
vt 0.516505 0.779680
vt 0.622851 0.711601
vt 0.622851 0.704577
vt 0.634878 0.704577
vt 0.634878 0.711601
vt 0.647482 0.754436
vt 0.612126 0.754436
vt 0.612126 0.742408
vt 0.647482 0.742408
vt 0.605114 0.729184
vt 0.605114 0.721673
vt 0.617142 0.721673
vt 0.617142 0.729184
vt 0.600902 0.754436
vt 0.522094 0.754436
vt 0.522094 0.742408
vt 0.600902 0.742408
vt 0.607845 0.754436
vt 0.607845 0.742408
vt 0.522094 0.811796
vt 0.522094 0.807645
vt 0.534122 0.807645
vt 0.534122 0.811796
vt 0.539982 0.770745
vt 0.522094 0.770745
vt 0.522094 0.758717
vt 0.539982 0.758717
vt 0.544608 0.770745
vt 0.544608 0.758717
vt 0.558250 0.770745
vt 0.558250 0.758717
vt 0.564628 0.770745
vt 0.564628 0.758717
vt 0.605725 0.770745
vt 0.605725 0.758717
vt 0.640051 0.695101
vt 0.640051 0.688268
vt 0.652079 0.688268
vt 0.652079 0.695101
vt 0.545185 0.803363
vt 0.522094 0.803363
vt 0.522094 0.791336
vt 0.545185 0.791336
vt 0.551931 0.803363
vt 0.551931 0.791336
vt 0.630741 0.683986
vt 0.615958 0.683986
vt 0.615958 0.671959
vt 0.630741 0.671959
vt 0.622315 0.697824
vt 0.622315 0.688268
vt 0.634343 0.688268
vt 0.634343 0.697824
vt 0.579576 0.787054
vt 0.572565 0.787054
vt 0.572565 0.775027
vt 0.579576 0.775027
vt 0.602019 0.787054
vt 0.602019 0.775027
vt 0.597975 0.683986
vt 0.584858 0.683986
vt 0.584858 0.671959
vt 0.597975 0.671959
vt 0.611676 0.683986
vt 0.611676 0.671959
vt 0.635002 0.811514
vt 0.635002 0.806073
vt 0.647030 0.806073
vt 0.647030 0.811514
vt 0.565340 0.714477
vt 0.507144 0.714477
vt 0.507144 0.702449
vt 0.565340 0.702449
vt 0.595534 0.803363
vt 0.572565 0.803363
vt 0.572565 0.791336
vt 0.595534 0.791336
vt 0.746346 0.910638
vt 0.740237 0.921276
vt 0.729739 0.901499
vt 0.734463 0.923444
vt 0.724601 0.938127
vt 0.713362 0.933342
vt 0.714831 0.937841
vt 0.695540 0.891717
vt 0.694022 0.885918
vt 0.701072 0.883052
vt 0.700859 0.894771
vt 0.724899 0.893872
vt 0.719889 0.881698
vt 0.750413 0.861005
vt 0.768048 0.899416
vt 0.759372 0.912521
vt 0.779197 0.919169
vt 0.779561 0.928915
vt 0.775110 0.931684
vt 0.809774 0.875234
vt 0.816128 0.880221
vt 0.811817 0.886719
vt 0.790383 0.888908
vt 0.772496 0.877027
vt 0.786679 0.894252
vt 0.774358 0.895363
vt 0.768734 0.865558
vt 0.768162 0.833785
vt 0.783210 0.835087
vt 0.779767 0.830011
vt 0.728451 0.867064
vt 0.742794 0.858203
vt 0.710538 0.840407
vt 0.712220 0.833187
vt 0.718596 0.829695
vt 0.851306 0.953710
vt 0.815499 0.953710
vt 0.815499 0.943962
vt 0.851306 0.943962
vt 0.821538 0.912475
vt 0.821538 0.907741
vt 0.831285 0.907741
vt 0.831285 0.912475
vt 0.831312 0.853247
vt 0.821538 0.853247
vt 0.821538 0.843500
vt 0.831312 0.843500
vt 0.785627 0.981318
vt 0.767984 0.981318
vt 0.767984 0.971571
vt 0.785627 0.971571
vt 0.790383 0.981318
vt 0.790383 0.971571
vt 0.802650 0.981318
vt 0.802650 0.971571
vt 0.820758 0.967514
vt 0.811036 0.967514
vt 0.811036 0.957767
vt 0.820758 0.957767
vt 0.845556 0.967514
vt 0.845556 0.957767
vt 0.836694 0.889811
vt 0.836694 0.884569
vt 0.846442 0.884569
vt 0.846442 0.889811
vt 0.856963 0.981318
vt 0.847210 0.981318
vt 0.847210 0.971571
vt 0.856963 0.971571
vt 0.877118 0.981318
vt 0.877118 0.971571
vt 0.856262 0.967514
vt 0.849613 0.967514
vt 0.849613 0.957767
vt 0.856262 0.957767
vt 0.868632 0.967514
vt 0.868632 0.957767
vt 0.821538 0.891071
vt 0.821538 0.884569
vt 0.831285 0.884569
vt 0.831285 0.891071
vt 0.876908 0.953710
vt 0.855363 0.953710
vt 0.855363 0.943962
vt 0.876908 0.943962
vt 0.835369 0.851298
vt 0.835369 0.843500
vt 0.845116 0.843500
vt 0.845116 0.851298
vt 0.726608 0.967514
vt 0.720445 0.967514
vt 0.720445 0.957767
vt 0.726608 0.957767
vt 0.763927 0.967514
vt 0.763927 0.957767
vt 0.777707 0.953710
vt 0.768962 0.953710
vt 0.768962 0.943962
vt 0.777707 0.943962
vt 0.811442 0.953710
vt 0.811442 0.943962
vt 0.836694 0.877880
vt 0.836694 0.871746
vt 0.846442 0.871746
vt 0.846442 0.877880
vt 0.729945 0.981318
vt 0.720445 0.981318
vt 0.720445 0.971571
vt 0.729945 0.971571
vt 0.762441 0.981318
vt 0.762441 0.971571
vt 0.727512 0.953710
vt 0.720445 0.953710
vt 0.720445 0.943962
vt 0.727512 0.943962
vt 0.764904 0.953710
vt 0.764904 0.943962
vt 0.836694 0.864573
vt 0.836694 0.857304
vt 0.846442 0.857304
vt 0.846442 0.864573
vt 0.821538 0.879159
vt 0.821538 0.871746
vt 0.831285 0.871746
vt 0.831285 0.879159
vt 0.843153 0.981318
vt 0.811036 0.981318
vt 0.811036 0.971571
vt 0.843153 0.971571
vt 0.781427 0.967514
vt 0.767984 0.967514
vt 0.767984 0.957767
vt 0.781427 0.957767
vt 0.799369 0.967514
vt 0.799369 0.957767
vt 0.806979 0.967514
vt 0.806979 0.957767
vt 0.821538 0.902332
vt 0.821538 0.896480
vt 0.831285 0.896480
vt 0.831285 0.902332
vt 0.826739 0.839442
vt 0.821538 0.839442
vt 0.821538 0.829695
vt 0.826739 0.829695
vt 0.850796 0.839442
vt 0.850796 0.829695
vt 0.821538 0.866336
vt 0.821538 0.857304
vt 0.831285 0.857304
vt 0.831285 0.866336
vt 0.547905 0.842089
vt 0.547379 0.835698
vt 0.552387 0.833706
vt 0.562775 0.845277
vt 0.564374 0.850556
vt 0.571448 0.871229
vt 0.580914 0.868980
vt 0.568347 0.882794
vt 0.602827 0.903318
vt 0.589127 0.867364
vt 0.612548 0.834821
vt 0.617444 0.835483
vt 0.601009 0.873019
vt 0.606252 0.842178
vt 0.598267 0.857376
vt 0.593658 0.858741
vt 0.607370 0.883184
vt 0.608841 0.895754
vt 0.622330 0.893693
vt 0.627024 0.889026
vt 0.650199 0.885986
vt 0.652957 0.879440
vt 0.654817 0.882360
vt 0.563094 0.940864
vt 0.557468 0.940281
vt 0.574622 0.905989
vt 0.572046 0.924603
vt 0.578212 0.920599
vt 0.583883 0.911097
vt 0.599373 0.911193
vt 0.608817 0.922285
vt 0.612365 0.928870
vt 0.620951 0.928269
vt 0.617675 0.935106
vt 0.566710 0.895436
vt 0.562845 0.884095
vt 0.560135 0.888467
vt 0.551275 0.895639
vt 0.547786 0.889348
vt 0.547929 0.898228
vt 0.533291 0.898263
vt 0.532265 0.891501
vt 0.601830 0.985484
vt 0.583280 0.985484
vt 0.583280 0.974760
vt 0.601830 0.974760
vt 0.608429 0.985484
vt 0.608429 0.974760
vt 0.619495 0.985484
vt 0.619495 0.974760
vt 0.678864 0.970611
vt 0.663374 0.970611
vt 0.663374 0.959887
vt 0.678864 0.959887
vt 0.673534 0.844430
vt 0.658966 0.844430
vt 0.658966 0.833706
vt 0.673534 0.833706
vt 0.680848 0.844430
vt 0.680848 0.833706
vt 0.689039 0.844430
vt 0.689039 0.833706
vt 0.658966 0.916377
vt 0.658966 0.908796
vt 0.669690 0.908796
vt 0.669690 0.916377
vt 0.656611 0.985484
vt 0.625772 0.985484
vt 0.625772 0.974760
vt 0.656611 0.974760
vt 0.658966 0.903263
vt 0.658966 0.893600
vt 0.669690 0.893600
vt 0.669690 0.903263
vt 0.545872 0.970611
vt 0.532265 0.970611
vt 0.532265 0.959887
vt 0.545872 0.959887
vt 0.550910 0.970611
vt 0.550910 0.959887
vt 0.574249 0.970611
vt 0.574249 0.959887
vt 0.579130 0.970611
vt 0.579130 0.959887
vt 0.675223 0.935710
vt 0.675223 0.932249
vt 0.685947 0.932249
vt 0.685947 0.935710
vt 0.630718 0.955737
vt 0.584977 0.955737
vt 0.584977 0.945013
vt 0.630718 0.945013
vt 0.688362 0.955737
vt 0.676371 0.955737
vt 0.676371 0.945013
vt 0.688362 0.945013
vt 0.573241 0.985484
vt 0.532265 0.985484
vt 0.532265 0.974760
vt 0.573241 0.974760
vt 0.658966 0.938038
vt 0.658966 0.933097
vt 0.669690 0.933097
vt 0.669690 0.938038
vt 0.668406 0.859303
vt 0.658966 0.859303
vt 0.658966 0.848579
vt 0.668406 0.848579
vt 0.685574 0.859303
vt 0.685574 0.848579
vt 0.675223 0.926717
vt 0.675223 0.921909
vt 0.685947 0.921909
vt 0.685947 0.926717
vt 0.658966 0.888067
vt 0.658966 0.878326
vt 0.669690 0.878326
vt 0.669690 0.888067
vt 0.675223 0.886696
vt 0.675223 0.878326
vt 0.685947 0.878326
vt 0.685947 0.886696
vt 0.634868 0.945013
vt 0.634868 0.955737
vt 0.639912 0.636721
vt 0.518400 0.636721
vt 0.518400 0.575390
vt 0.639912 0.575390
vt 0.719247 0.652312
vt 0.729562 0.652312
vt 0.739962 0.652312
vt 0.750536 0.652312
vt 0.761256 0.652312
vt 0.017011 0.619710
vt 0.024527 0.619710
vt 0.039961 0.465679
vt 0.039961 0.786834
vt 0.032456 0.786834
vt 0.032456 0.465679
vt 0.047679 0.644854
vt 0.047679 0.786834
vt 0.040174 0.786834
vt 0.040174 0.644854
vt 0.957910 0.248379
vt 0.957865 0.212352
vt 0.879631 0.260771
vt 0.900746 0.279775
vt 0.879631 0.317431
vt 0.900746 0.317430
vt 0.722691 0.054597
vt 0.717272 0.062538
vt 0.858999 0.062538
vt 0.717272 0.054597
vt 0.858999 0.054597
vt 0.856655 0.054597
vt 0.853021 0.011924
vt 0.726324 0.011924
vt 0.871671 0.206788
vt 0.976759 0.206788
vt 0.976759 0.145253
vt 0.871671 0.145253
vt 0.860719 0.413656
vt 0.860719 0.397234
vt 0.719175 0.397234
vt 0.719175 0.413656
vt 0.719175 0.397234
vt 0.860719 0.397234
vt 0.172641 0.018446
vt 0.219479 0.018446
vt 0.219479 0.228658
vt 0.172641 0.228658
vt 0.172641 0.438871
vt 0.219479 0.438871
vt 0.720254 0.449859
vt 0.861275 0.449859
vt 0.861275 0.430492
vt 0.720254 0.430492
vt 0.720010 0.429783
vt 0.720010 0.450205
vt 0.861520 0.450205
vt 0.861520 0.429783
vt 0.718056 0.307468
vt 0.718056 0.332191
vt 0.859987 0.332191
vt 0.859987 0.307468
vt 0.715662 0.077547
vt 0.858474 0.077547
vt 0.858474 0.063811
vt 0.715662 0.063811
vt 0.716068 0.283004
vt 0.859792 0.283004
vt 0.859792 0.295950
vt 0.716068 0.295950
vt 0.715422 0.171286
vt 0.715422 0.184180
vt 0.859320 0.184180
vt 0.859320 0.171286
vt 0.716068 0.295950
vt 0.859792 0.295950
vt 0.859792 0.283004
vt 0.716068 0.283004
vt 0.715980 0.156829
vt 0.715980 0.168986
vt 0.858793 0.168986
vt 0.858793 0.156829
vt 0.716068 0.283004
vt 0.859792 0.283004
vt 0.859792 0.295950
vt 0.716068 0.295950
vt 0.715740 0.275230
vt 0.859638 0.275230
vt 0.859638 0.262988
vt 0.715740 0.262988
vt 0.716068 0.295950
vt 0.859792 0.295950
vt 0.859792 0.283004
vt 0.716068 0.283004
vt 0.715662 0.090714
vt 0.858474 0.090714
vt 0.858474 0.078003
vt 0.715662 0.078003
vt 0.716068 0.295702
vt 0.716068 0.283004
vt 0.859792 0.283004
vt 0.859792 0.295702
vt 0.715422 0.236746
vt 0.859320 0.236746
vt 0.859320 0.224161
vt 0.715422 0.224161
vt 0.716068 0.295702
vt 0.859792 0.295702
vt 0.859792 0.282946
vt 0.716068 0.282946
vt 0.715662 0.103869
vt 0.858474 0.103869
vt 0.858474 0.091171
vt 0.715662 0.091171
vt 0.716068 0.282946
vt 0.859792 0.282946
vt 0.859792 0.296125
vt 0.716068 0.296125
vt 0.715422 0.249712
vt 0.859320 0.249712
vt 0.859320 0.237202
vt 0.715422 0.237202
vt 0.716068 0.296125
vt 0.859792 0.296125
vt 0.859792 0.282865
vt 0.716068 0.282865
vt 0.715662 0.156010
vt 0.858474 0.156010
vt 0.858474 0.143561
vt 0.715662 0.143561
vt 0.716068 0.282865
vt 0.859792 0.282865
vt 0.859792 0.295947
vt 0.716068 0.295947
vt 0.715422 0.197437
vt 0.859320 0.197437
vt 0.859320 0.184637
vt 0.715422 0.184637
vt 0.716068 0.295947
vt 0.859792 0.295947
vt 0.859792 0.282865
vt 0.716068 0.282865
vt 0.715662 0.143104
vt 0.858474 0.143104
vt 0.858474 0.130567
vt 0.715662 0.130567
vt 0.716068 0.295876
vt 0.716068 0.282865
vt 0.859792 0.282865
vt 0.859792 0.295876
vt 0.715422 0.262599
vt 0.859320 0.262599
vt 0.859320 0.250168
vt 0.715422 0.250168
vt 0.716068 0.283073
vt 0.716068 0.295876
vt 0.859792 0.295876
vt 0.859792 0.283073
vt 0.715662 0.117023
vt 0.858474 0.117023
vt 0.858474 0.104325
vt 0.715662 0.104325
vt 0.716068 0.283073
vt 0.859792 0.283073
vt 0.859792 0.295923
vt 0.716068 0.295923
vt 0.715422 0.210656
vt 0.859320 0.210656
vt 0.859320 0.197894
vt 0.715422 0.197894
vt 0.716068 0.295923
vt 0.859792 0.295923
vt 0.859792 0.282819
vt 0.716068 0.282819
vt 0.715662 0.130111
vt 0.858474 0.130111
vt 0.858474 0.117480
vt 0.715662 0.117480
vt 0.716068 0.295708
vt 0.716068 0.282819
vt 0.859792 0.282819
vt 0.859792 0.295708
vt 0.715422 0.211113
vt 0.715422 0.223705
vt 0.859320 0.223705
vt 0.859320 0.211113
vt 0.716068 0.295708
vt 0.859792 0.295708
vt 0.859792 0.282938
vt 0.716068 0.282938
vt 0.875654 0.233737
vt 0.867096 0.233737
vt 0.867096 0.442695
vt 0.875654 0.442695
vt 5.751643 -0.649748
vt 5.803212 -0.649748
vt 5.803212 -0.707197
vt 5.751643 -0.707197
vt 5.803212 -0.707197
vt 5.803212 -0.649748
vt 0.224045 0.020432
vt 0.325321 0.020432
vt 0.325321 0.230645
vt 0.224045 0.230645
vt 0.224045 0.440857
vt 0.325321 0.440857
vt 0.639912 0.636721
vt 0.639912 0.575390
vt 0.518400 0.575390
vt 0.518400 0.636721
vt 0.719247 0.652312
vt 0.729562 0.652312
vt 0.739962 0.652312
vt 0.750536 0.652312
vt 0.761256 0.652312
vt 0.024527 0.619710
vt 0.017011 0.619710
vt 0.601856 0.571409
vt 0.515376 0.571501
vt 0.536539 0.451219
vt 0.601735 0.451149
vt 0.666931 0.451079
vt 0.688337 0.571316
vt 0.442378 0.155105
vt 0.496716 0.112725
vt 0.497228 0.116588
vt 0.444209 0.158031
vt 0.442277 0.227839
vt 0.444209 0.227839
vt 0.444209 0.297647
vt 0.442378 0.300572
vt 0.497228 0.339109
vt 0.496716 0.342980
vt 0.329768 0.019542
vt 0.357942 0.019542
vt 0.357942 0.229755
vt 0.329769 0.229755
vt 0.329768 0.439967
vt 0.357942 0.439967
vt 0.378819 0.016999
vt 0.481522 0.016999
vt 0.481522 0.045416
vt 0.378819 0.112360
vt 0.369465 0.016999
vt 0.369465 0.227211
vt 0.378633 0.227211
vt 0.378819 0.342062
vt 0.369465 0.437424
vt 0.378819 0.437424
vt 0.481522 0.409006
vt 0.481522 0.437424
vt 0.107359 0.228669
vt 0.107359 0.439783
vt 0.107359 0.017554
vt 0.948520 0.368239
vt 0.926403 0.274436
vt 0.948520 0.274436
vt 0.825537 0.720856
vt 0.829180 0.734539
vt 0.821655 0.734539
vt 0.815461 0.711278
vt 0.844692 0.720856
vt 0.851036 0.711278
vt 0.857230 0.734539
vt 0.848369 0.734662
vt 0.141771 0.653621
vt 0.128914 0.676839
vt 0.739962 0.579856
vt 0.750536 0.579856
vt 0.761256 0.579856
vt 0.772635 0.579856
vt 0.772704 0.650222
vt 0.761256 0.579856
vt 0.750536 0.579856
vt 0.739962 0.579856
vt 0.729562 0.579856
vt 0.719247 0.579856
vt 0.714879 0.579856
vt 0.719247 0.579856
vt 0.729562 0.579856
vt 0.492444 0.017605
vt 0.490879 0.024764
vt 0.549623 0.024764
vt 0.549638 0.017605
vt 0.492444 0.017605
vt 0.490879 0.024764
vt 0.722691 0.054597
vt 0.726324 0.011924
vt 0.853021 0.011924
vt 0.717272 0.062538
vt 0.717272 0.054597
vt 0.858999 0.062538
vt 0.856655 0.054597
vt 0.858999 0.054597
vt 0.012979 0.752565
vt 0.005474 0.752565
vt 0.005474 0.649682
vt 0.012979 0.649682
vt 0.012979 0.752565
vt 0.005474 0.752565
vt 0.860570 0.362709
vt 0.718638 0.333819
vt 0.860570 0.333819
vt 0.718638 0.340985
vt 0.718638 0.362709
vt 0.498641 0.569503
vt 0.520518 0.449518
vt 0.431633 0.449518
vt 0.431633 0.569503
vt 0.498641 0.569503
vt 0.520518 0.449518
vt 0.861113 0.449741
vt 0.719603 0.445198
vt 0.719603 0.449741
vt 0.719603 0.430745
vt 0.861113 0.430745
vt 0.859757 0.394477
vt 0.718695 0.392020
vt 0.718695 0.394477
vt 0.718695 0.370200
vt 0.859757 0.370200
vt 0.859757 0.394477
vt 0.718695 0.370200
vt 0.859757 0.370200
vt 0.718695 0.392020
vt 0.718695 0.394477
vt 0.861113 0.449741
vt 0.719603 0.430745
vt 0.861113 0.430745
vt 0.719603 0.445198
vt 0.719603 0.449741
vt 0.445277 0.622704
vt 0.421158 0.622714
vt 0.412181 0.607619
vt 0.421612 0.591877
vt 0.444606 0.591886
vt 0.445660 0.591887
vt 0.445660 0.622704
vt 0.446043 0.622704
vt 0.446713 0.591886
vt 0.479139 0.607619
vt 0.469707 0.591877
vt 0.470161 0.622714
vt 0.860570 0.362709
vt 0.718638 0.340985
vt 0.718638 0.362709
vt 0.718638 0.333819
vt 0.860570 0.333819
vt 0.498641 0.569503
vt 0.520518 0.449518
vt 0.431633 0.449518
vt 0.431633 0.569503
vt 0.498641 0.569503
vt 0.520518 0.449518
vt 0.079677 0.765712
vt 0.495426 0.352807
vt 0.493001 0.355707
vt 0.507555 0.368431
vt 0.509980 0.365550
vt 0.518387 0.377923
vt 0.520809 0.375024
vt 0.508352 0.718758
vt 0.512856 0.729920
vt 0.507144 0.725204
vt 0.545765 0.728365
vt 0.554537 0.719443
vt 0.510008 0.072895
vt 0.510008 0.075953
vt 0.548272 0.075953
vt 0.548272 0.072895
vt 0.510008 0.072895
vt 0.510008 0.075953
vt 0.508352 0.718758
vt 0.512856 0.729920
vt 0.507144 0.725204
vt 0.545765 0.728365
vt 0.554537 0.719443
vt 0.690533 0.286244
vt 0.690533 0.343539
vt 0.652140 0.343539
vt 0.652140 0.286244
vt 0.613747 0.286244
vt 0.613747 0.343539
vt 0.508352 0.718758
vt 0.512856 0.729920
vt 0.507144 0.725204
vt 0.545765 0.728365
vt 0.554537 0.719443
vt 0.483084 0.162319
vt 0.481361 0.213133
vt 0.483105 0.163949
vt 0.483750 0.212878
vt 0.480493 0.163649
vt 0.481522 0.102123
vt 0.481522 0.051522
vt 0.385386 0.114869
vt 0.460183 0.116151
vt 0.431509 0.135107
vt 0.403267 0.154023
vt 0.385386 0.166069
vt 0.403750 0.173133
vt 0.385386 0.183701
vt 0.382184 0.116979
vt 0.385386 0.227211
vt 0.382184 0.227211
vt 0.382184 0.337443
vt 0.385386 0.270722
vt 0.385386 0.288353
vt 0.403750 0.281289
vt 0.403267 0.300399
vt 0.385386 0.339553
vt 0.431509 0.319315
vt 0.460183 0.338271
vt 0.481522 0.352299
vt 0.481522 0.402900
vt 0.425594 0.138919
vt 0.425461 0.181014
vt 0.432142 0.183297
vt 0.405074 0.194627
vt 0.410287 0.198634
vt 0.405221 0.227211
vt 0.410417 0.227211
vt 0.410287 0.255788
vt 0.405074 0.259795
vt 0.432142 0.271126
vt 0.425461 0.273408
vt 0.425594 0.315503
vt 0.473087 0.212351
vt 0.475768 0.213577
vt 0.474922 0.162408
vt 0.329768 0.439967
vt 0.357942 0.439967
vt 0.357942 0.229755
vt 0.329769 0.229755
vt 0.329768 0.019542
vt 0.357942 0.019542
vt 0.472805 0.162843
vt 0.224045 0.440857
vt 0.325321 0.440857
vt 0.325321 0.230645
vt 0.224045 0.230645
vt 0.224045 0.020432
vt 0.325321 0.020432
vt 0.684074 0.353936
vt 0.684074 0.402917
vt 0.647412 0.402917
vt 0.647412 0.353936
vt 0.610750 0.353936
vt 0.610750 0.402917
vt 0.172641 0.438871
vt 0.219479 0.438871
vt 0.219479 0.228658
vt 0.172641 0.228658
vt 0.172641 0.018446
vt 0.219479 0.018446
vt 0.382184 0.337443
vt 0.385386 0.339553
vt 0.385386 0.288353
vt 0.481522 0.102123
vt 0.481522 0.051522
vt 0.385386 0.114869
vt 0.460183 0.116151
vt 0.431509 0.135107
vt 0.403267 0.154023
vt 0.385386 0.166069
vt 0.403750 0.173133
vt 0.385386 0.183701
vt 0.382184 0.116979
vt 0.385386 0.227211
vt 0.382184 0.227211
vt 0.385386 0.270722
vt 0.403750 0.281289
vt 0.403267 0.300399
vt 0.431509 0.319315
vt 0.460183 0.338271
vt 0.481522 0.352299
vt 0.481522 0.402900
vt 0.425594 0.138919
vt 0.425461 0.181014
vt 0.432142 0.183297
vt 0.405074 0.194627
vt 0.410287 0.198634
vt 0.405221 0.227211
vt 0.410417 0.227211
vt 0.410287 0.255788
vt 0.405074 0.259795
vt 0.432142 0.271126
vt 0.425461 0.273408
vt 0.425594 0.315503
vt 0.058484 0.440050
vt 0.058484 0.228840
vt 0.058484 0.017629
vt 0.499234 0.438493
vt 0.495584 0.431841
vt 0.547944 0.432410
vt 0.547746 0.439574
vt 0.499234 0.438493
vt 0.495584 0.431841
vt 0.481522 0.045416
vt 0.481522 0.016999
vt 0.378819 0.016999
vt 0.378819 0.112360
vt 0.369465 0.016999
vt 0.369465 0.227211
vt 0.378633 0.227211
vt 0.378819 0.342062
vt 0.369465 0.437424
vt 0.378819 0.437424
vt 0.481522 0.409006
vt 0.481522 0.437424
vt 0.479738 0.212180
vt 0.476468 0.162503
vt 0.477046 0.210943
vt 0.471583 0.215065
vt 0.470733 0.162783
vt 0.468136 0.164132
vt 0.479704 0.210577
vt 0.478908 0.162677
vt 0.468136 0.164132
vt 0.469501 0.214681
vt 0.471583 0.215065
vt 0.469501 0.214681
vt 0.470733 0.162783
vt 0.479738 0.212180
vt 0.479704 0.210577
vt 0.476468 0.162503
vt 0.478908 0.162677
vt 0.477046 0.210943
vt 0.481522 0.045416
vt 0.481522 0.016999
vt 0.378819 0.016999
vt 0.378819 0.112360
vt 0.369465 0.016999
vt 0.369465 0.227211
vt 0.378633 0.227211
vt 0.378819 0.342062
vt 0.369465 0.437424
vt 0.378819 0.437424
vt 0.481522 0.409006
vt 0.481522 0.437424
vt 0.499234 0.438493
vt 0.495584 0.431841
vt 0.548183 0.432412
vt 0.548153 0.439583
vt 0.549125 0.439574
vt 0.549314 0.432414
vt 0.548183 0.432412
vt 0.548153 0.439583
vt 0.499234 0.438493
vt 0.495584 0.431841
vt 0.058642 0.439783
vt 0.058642 0.228669
vt 0.058642 0.017554
vt 0.497903 0.439350
vt 0.495584 0.431841
vt 0.548183 0.432412
vt 0.548151 0.440116
vt 0.549111 0.440114
vt 0.549314 0.432414
vt 0.548183 0.432412
vt 0.548151 0.440116
vt 0.497903 0.439350
vt 0.495584 0.431841
vt 0.172641 0.438871
vt 0.219479 0.438871
vt 0.219479 0.228658
vt 0.172641 0.228658
vt 0.172641 0.018446
vt 0.219479 0.018446
vt 0.474922 0.162408
vt 0.472805 0.162843
vt 0.473087 0.212351
vt 0.224045 0.440857
vt 0.325321 0.440857
vt 0.325321 0.230645
vt 0.224045 0.230645
vt 0.224045 0.020432
vt 0.325321 0.020432
vt 0.475768 0.213577
vt 0.329768 0.439967
vt 0.357942 0.439967
vt 0.357942 0.229755
vt 0.329769 0.229755
vt 0.329768 0.019542
vt 0.357942 0.019542
vt 0.483084 0.162319
vt 0.480493 0.163649
vt 0.481361 0.213133
vt 0.722237 0.544967
vt 0.722237 0.549885
vt 0.746381 0.549885
vt 0.746381 0.544967
vt 0.747487 0.544967
vt 0.747487 0.549885
vt 0.746381 0.549885
vt 0.746381 0.544967
vt 0.722237 0.544967
vt 0.722237 0.549885
vt 0.483105 0.163949
vt 0.483750 0.212878
vt 0.499234 0.438493
vt 0.495584 0.431841
vt 0.548183 0.432412
vt 0.548153 0.439583
vt 0.549125 0.439574
vt 0.549314 0.432414
vt 0.548183 0.432412
vt 0.548153 0.439583
vt 0.499234 0.438493
vt 0.495584 0.431841
vt 0.495426 0.352807
vt 0.493001 0.355707
vt 0.507555 0.368431
vt 0.509980 0.365550
vt 0.518387 0.377923
vt 0.520809 0.375024
vt 5.803212 -0.707197
vt 5.803212 -0.649748
vt 5.750910 -0.649748
vt 5.750910 -0.707197
vt 5.803212 -0.707197
vt 5.803212 -0.649748
vt 0.497903 0.439350
vt 0.495584 0.431841
vt 0.548183 0.432412
vt 0.548151 0.440116
vt 0.549111 0.440114
vt 0.549314 0.432414
vt 0.548183 0.432412
vt 0.548151 0.440116
vt 0.497903 0.439350
vt 0.495584 0.431841
vt 0.066840 0.788872
vt 0.948520 0.368239
vt 0.948520 0.274436
vt 0.926403 0.274436
vt 0.301169 1.395290
vt 0.312540 1.401444
vt 0.300701 1.400738
vn 0.0000 -0.0000 -1.0000
vn 0.6024 0.0000 -0.7982
vn 1.0000 -0.0000 0.0000
vn -0.9275 0.0000 -0.3737
vn 0.0000 1.0000 0.0000
vn 0.0004 1.0000 0.0005
vn 0.0009 1.0000 0.0013
vn -0.5005 -0.0078 -0.8657
vn 0.0015 1.0000 -0.0026
vn -0.0004 -1.0000 -0.0015
vn 0.0000 1.0000 0.0003
vn 0.0000 1.0000 -0.0002
vn 0.0757 0.9967 0.0305
vn 0.1297 0.9870 0.0945
vn -0.0000 1.0000 -0.0003
vn 0.0111 0.9968 -0.0788
vn -0.0001 1.0000 0.0000
vn 0.0001 1.0000 0.0000
vn -0.0178 0.9873 -0.1579
vn 0.0000 1.0000 0.0001
vn 0.0000 1.0000 -0.0001
vn -0.0102 -0.9999 0.0044
vn 0.0000 -1.0000 -0.0000
vn -0.0053 -1.0000 0.0005
vn -0.0072 -1.0000 -0.0030
vn -0.0575 -0.9980 -0.0248
vn -0.0159 -0.9998 0.0092
vn -0.0162 -0.9998 0.0094
vn -0.0089 -0.9999 0.0067
vn -0.0073 -0.9980 0.0622
vn -0.0031 -1.0000 0.0043
vn -0.0010 -1.0000 0.0078
vn 0.0000 -1.0000 0.0002
vn -0.0064 -1.0000 -0.0037
vn -0.0069 -0.9999 -0.0092
vn -0.0123 -0.9992 -0.0384
vn -0.1634 -0.9827 -0.0868
vn -0.0229 -0.9978 -0.0618
vn 0.0990 -0.9875 -0.1226
vn 0.0000 -1.0000 -0.0001
vn 0.0000 -1.0000 0.0001
vn 0.0000 -1.0000 -0.0002
vn 0.0000 -1.0000 0.0074
vn 0.0046 -0.9999 0.0105
vn 0.0272 -0.9992 0.0298
vn -0.0063 -0.9827 0.1849
vn 0.0421 -0.9978 0.0508
vn 0.1556 -0.9875 -0.0246
vn 0.0765 -0.9961 -0.0442
vn 1.0000 0.0048 0.0000
vn 0.3420 -0.9136 -0.2198
vn -0.4912 -0.1910 -0.8498
vn 0.4912 -0.1911 0.8498
vn 0.3612 -0.9136 -0.1867
vn 0.4991 0.0048 -0.8665
vn -0.0000 -1.0000 0.0003
vn 0.0875 -0.9956 0.0345
vn 0.0788 -0.9963 0.0336
vn 0.0584 -0.9968 0.0539
vn 0.0321 -0.9968 0.0737
vn 0.0000 -0.9957 0.0926
vn -0.0561 -0.9970 0.0537
vn -0.0298 -0.9969 0.0734
vn -0.0006 -0.0000 1.0000
vn 0.0000 -0.0000 1.0000
vn -0.0018 -0.0000 1.0000
vn 0.9384 -0.0000 0.3456
vn -0.8658 -0.0000 0.5005
vn -0.8447 -0.0000 0.5352
vn -0.8854 -0.0000 0.4648
vn 0.8911 0.0000 0.4538
vn -0.5672 0.0000 -0.8236
vn -0.5871 0.0000 -0.8095
vn -0.8384 -0.0000 0.5451
vn 0.9999 -0.0000 0.0130
vn -1.0000 0.0000 0.0092
vn 0.9998 0.0000 0.0215
vn -1.0000 -0.0000 0.0007
vn -1.0000 0.0000 0.0000
vn 0.9199 0.0000 0.3921
vn -0.9663 0.0000 -0.2573
vn 0.9663 0.0000 0.2573
vn 0.0139 0.0000 -0.9999
vn -0.0185 0.0000 -0.9998
vn -0.8608 0.0000 -0.5090
vn 0.7060 0.0000 -0.7082
vn 0.8612 -0.0000 0.5083
vn -0.7066 -0.0000 0.7076
vn 0.8609 -0.0000 0.5087
vn 0.7076 0.0000 -0.7066
vn 0.8541 0.0000 0.5201
vn -0.7080 0.0000 0.7062
vn 0.7070 0.0000 -0.7072
vn 0.8708 0.0000 0.4917
vn 0.8707 0.0000 0.4917
vn -0.7090 0.0000 0.7052
vn -0.8615 0.0000 -0.5078
vn -0.8650 0.0000 -0.5017
vn 0.6960 0.0000 -0.7180
vn 0.8617 0.0000 0.5074
vn -0.6981 -0.0000 0.7160
vn -0.8608 0.0000 -0.5089
vn 0.6974 0.0000 -0.7167
vn -0.8503 0.0000 -0.5263
vn -0.6952 -0.0000 0.7188
vn -0.8544 0.0000 -0.5197
vn 0.6991 0.0000 -0.7151
vn -0.8612 -0.0000 -0.5083
vn 0.6994 0.0000 -0.7147
vn 0.8614 -0.0000 0.5079
vn 0.7000 0.0000 -0.7141
vn -0.7018 -0.0000 0.7124
vn -0.8615 0.0000 -0.5077
vn -0.7004 -0.0000 0.7137
vn -0.7002 -0.0000 0.7139
vn -0.8610 0.0000 -0.5086
vn -0.6996 -0.0000 0.7145
vn 0.8605 -0.0000 0.5095
vn -0.7029 -0.0000 0.7113
vn 0.8613 -0.0000 0.5081
vn -0.7030 -0.0000 0.7112
vn -0.7030 -0.0000 0.7111
vn 0.7026 0.0000 -0.7116
vn -0.7019 -0.0000 0.7123
vn 0.7020 0.0000 -0.7122
vn 0.7010 0.0000 -0.7131
vn -0.7040 -0.0000 0.7102
vn -0.8616 0.0000 -0.5076
vn 0.7079 0.0000 -0.7063
vn -0.7056 -0.0000 0.7086
vn 0.7045 0.0000 -0.7097
vn 0.7041 0.0000 -0.7101
vn 0.8612 -0.0000 0.5082
vn 0.7053 0.0000 -0.7089
vn 0.8788 0.0000 0.4772
vn -0.7096 0.0000 0.7046
vn -0.8625 0.0000 -0.5061
vn 0.7090 0.0000 -0.7052
vn -0.8628 0.0000 -0.5056
vn -0.7077 0.0000 0.7065
vn 0.8623 0.0000 0.5064
vn -0.7074 0.0000 0.7068
vn -0.8621 0.0000 -0.5067
vn 0.7086 0.0000 -0.7056
vn 0.8630 0.0000 0.5053
vn -0.7063 0.0000 0.7079
vn -0.8621 0.0000 -0.5068
vn 0.7052 0.0000 -0.7090
vn -0.8623 0.0000 -0.5064
vn 0.7048 0.0000 -0.7094
vn 0.8625 0.0000 0.5060
vn 0.8625 -0.0000 0.5061
vn -0.7037 -0.0000 0.7104
vn -0.7037 0.0000 0.7105
vn 0.7032 0.0000 -0.7110
vn -0.7021 -0.0000 0.7121
vn -0.8551 0.0000 -0.5185
vn 0.7018 0.0000 -0.7124
vn 0.9033 0.0000 0.4289
vn -0.7048 0.0000 0.7094
vn 0.7044 0.0000 -0.7098
vn 0.7028 0.0000 -0.7114
vn 0.9033 -0.0000 0.4290
vn -0.7033 0.0000 0.7109
vn 0.8500 -0.0000 0.5267
vn -0.7006 -0.0000 0.7136
vn 0.8627 -0.0000 0.5057
vn 0.7015 0.0000 -0.7127
vn -0.7016 -0.0000 0.7126
vn -0.8622 0.0000 -0.5065
vn 0.7006 0.0000 -0.7136
vn -0.8624 0.0000 -0.5063
vn -0.6995 -0.0000 0.7147
vn 0.8712 0.0000 -0.4910
vn 0.2603 -0.0000 0.9655
vn -0.8708 -0.0000 0.4917
vn -0.2596 0.0000 -0.9657
vn -0.8710 -0.0000 0.4913
vn 0.2581 -0.0000 0.9661
vn -0.8775 -0.0000 0.4796
vn -0.2576 0.0000 -0.9662
vn 0.2590 -0.0000 0.9659
vn 0.2589 -0.0000 0.9659
vn -0.8612 0.0000 0.5082
vn -0.2562 0.0000 -0.9666
vn 0.8705 0.0000 -0.4922
vn 0.2159 0.0000 -0.9764
vn 0.6092 0.0000 -0.7931
vn 0.9547 0.0000 0.2975
vn -0.0055 0.0000 1.0000
vn -0.5671 0.0000 0.8236
vn 0.3321 0.0000 0.9432
vn 0.9879 0.0000 0.1550
vn 0.5903 0.0000 0.8072
vn 0.9999 0.0000 0.0168
vn 1.0000 0.0000 -0.0054
vn 0.9992 0.0000 0.0390
vn 0.9981 0.0000 0.0612
vn -0.0740 0.0000 0.9973
vn -0.0739 0.0000 0.9973
vn -0.9972 0.0000 0.0741
vn -0.8353 0.0000 -0.5498
vn -0.9980 0.0000 0.0634
vn -0.5369 0.0000 0.8437
vn 0.5145 0.0000 0.8575
vn -0.9839 0.0000 0.1789
vn -0.0000 0.0002 1.0000
vn -0.0005 0.0000 1.0000
vn -0.0000 0.0003 1.0000
vn 0.0003 0.0004 1.0000
vn 0.0001 0.0007 1.0000
vn 0.0006 0.0000 1.0000
vn 0.6420 0.0000 0.7667
vn 0.1453 0.6371 -0.7569
vn 0.1670 -0.7392 0.6525
vn -0.1460 0.8082 -0.5705
vn -0.2480 -0.0126 -0.9687
vn -0.2480 -0.0127 -0.9687
vn -0.2489 0.8667 -0.4322
vn -0.4989 -0.0252 -0.8663
vn -0.2797 0.8283 -0.4856
vn 0.4991 -0.0032 0.8665
vn 0.2772 -0.8317 0.4812
vn 0.2772 -0.8316 0.4812
vn 0.8665 0.0000 -0.4991
vn 0.0768 0.9756 0.2058
vn 0.1454 0.9790 0.1427
vn 0.2480 -0.0000 0.9688
vn 0.2480 0.0083 0.9687
vn 0.2480 -0.0083 0.9687
vn 0.1339 0.9805 0.1435
vn 0.1138 0.9806 0.1597
vn 0.4991 -0.0000 0.8665
vn 0.4991 -0.0045 0.8665
vn 0.4991 0.0045 0.8665
vn -0.8313 -0.0000 0.5559
vn -0.8312 -0.0000 0.5559
vn 0.5657 -0.0000 0.8246
vn -0.4991 0.0000 -0.8665
vn -0.8131 -0.0000 0.5821
vn -0.8132 0.0000 0.5821
vn -0.8132 0.0000 0.5820
vn 0.2514 0.0000 -0.9679
vn 0.1453 -0.6371 -0.7569
vn 0.1670 0.7392 0.6525
vn -0.2480 0.0000 -0.9688
vn -0.2480 -0.0044 -0.9688
vn -0.2480 0.0044 -0.9688
vn -0.1460 -0.8082 -0.5705
vn -0.2480 0.0126 -0.9687
vn -0.1400 -0.8253 -0.5470
vn -0.1398 -0.8260 -0.5461
vn -0.1401 -0.8251 -0.5473
vn -0.1403 -0.8245 -0.5482
vn -0.2489 -0.8667 -0.4322
vn -0.4989 0.0252 -0.8663
vn -0.2797 -0.8283 -0.4856
vn 0.4991 0.0032 0.8665
vn 0.2772 0.8316 0.4812
vn 0.2771 0.8316 0.4812
vn 0.8666 -0.0000 -0.4991
vn 0.4991 -0.0016 0.8665
vn 0.4991 0.0016 0.8665
vn 0.8733 -0.0284 -0.4863
vn 0.8856 -0.0830 -0.4569
vn 0.8764 -0.0426 -0.4797
vn 0.8660 -0.0008 -0.5000
vn 0.8660 0.0008 -0.5000
vn 0.8733 0.0284 -0.4863
vn 0.8764 0.0426 -0.4797
vn 0.8856 0.0830 -0.4569
vn 0.0032 1.0000 0.0056
vn 0.4315 0.5024 0.7492
vn 0.0002 1.0000 0.0004
vn 0.4990 0.0219 0.8663
vn 0.4990 -0.0204 0.8664
vn -0.0047 -1.0000 -0.0082
vn 0.4316 -0.5021 0.7494
vn -0.0032 -1.0000 -0.0056
vn -0.4267 -0.5187 -0.7409
vn -0.4259 0.5215 -0.7394
vn 0.6464 -0.0000 0.7630
vn 0.3426 0.9181 0.1990
vn 0.3464 0.9162 0.2013
vn 0.2875 0.9202 0.2656
vn 0.2438 0.9200 0.3070
vn 0.1283 0.9192 0.3724
vn 0.0541 0.9179 0.3932
vn -0.0961 0.9150 0.3918
vn -0.1720 0.9131 0.3696
vn -0.3013 0.9097 0.2859
vn -0.3545 0.9077 0.2243
vn -0.4193 0.9049 0.0727
vn -0.4285 0.9034 -0.0170
vn -0.3750 0.9013 -0.2168
vn -0.3727 0.9026 -0.2155
vn -0.8658 0.0000 -0.5004
vn -0.8514 0.0000 -0.5244
vn -0.8665 0.0000 0.4991
vn 0.1391 -0.0000 0.9903
vn 0.0000 1.0000 0.0002
vn -0.0111 0.9968 -0.0788
vn 0.0178 0.9873 -0.1579
vn -0.0720 0.9970 0.0290
vn -0.1261 0.9875 0.0941
vn 0.0000 1.0000 -0.0005
vn 0.0101 -0.9999 -0.0136
vn 0.0040 -1.0000 -0.0089
vn -0.9718 0.2360 0.0000
vn -0.0130 -0.9957 -0.0914
vn -0.0102 -0.9963 -0.0850
vn 0.0181 -0.9969 -0.0765
vn 0.0483 -0.9968 -0.0635
vn 0.8668 0.0000 -0.4986
vn 0.8674 0.0000 -0.4975
vn -0.1602 0.0000 -0.9871
vn -0.4306 -0.0000 0.9026
vn -0.4306 -0.0000 0.9025
vn -0.4085 -0.0000 0.9128
vn 0.8908 0.0000 0.4544
vn -0.4878 0.0000 -0.8729
vn 0.5070 -0.0000 0.8619
vn -0.4804 0.0000 -0.8771
vn 0.4998 -0.0000 0.8662
vn -0.1194 0.0000 -0.9928
vn 0.8667 0.0002 -0.4989
vn 0.8664 0.0006 -0.4993
vn 0.8665 0.0005 -0.4991
vn 0.8665 0.0003 -0.4993
vn 0.8667 0.0007 -0.4989
vn 0.8663 0.0000 -0.4996
vn 0.6058 0.7150 -0.3491
vn 0.6060 0.7148 -0.3490
vn 0.6058 0.7151 -0.3489
vn 0.6057 0.7152 -0.3489
vn 0.6057 0.7152 -0.3488
vn 0.6059 0.7150 -0.3488
vn 0.6060 0.7149 -0.3490
vn 0.8667 0.0000 -0.4989
vn 0.8665 0.0001 -0.4991
vn 0.8666 0.0001 -0.4991
vn 0.8662 0.0000 -0.4996
vn 0.8665 -0.0006 -0.4993
vn 0.8665 -0.0008 -0.4991
vn 0.8665 -0.0005 -0.4991
vn 0.8666 -0.0008 -0.4991
vn 0.1956 0.9742 -0.1127
vn 0.0820 0.9811 -0.1753
vn 0.0583 0.9810 -0.1851
vn 0.1894 0.9810 0.0424
vn 0.1928 0.9811 0.0170
vn -0.3410 0.0000 -0.9400
vn 0.6060 0.7149 -0.3488
vn 0.6059 0.7150 -0.3489
vn 0.6058 0.7150 -0.3489
vn 0.6058 0.7150 -0.3490
vn 0.6058 0.7149 -0.3491
vn 0.6060 0.7148 -0.3491
vn -0.0001 1.0000 -0.0007
vn 0.0002 1.0000 -0.0006
vn 0.7286 0.6365 0.2530
vn -0.4806 -0.7392 -0.4719
vn 0.4202 0.8082 0.4126
vn 0.7135 -0.0126 0.7006
vn 0.7135 -0.0127 0.7006
vn 0.4029 0.8253 0.3956
vn 0.4022 0.8260 0.3950
vn 0.4031 0.8251 0.3958
vn 0.4038 0.8245 0.3965
vn 0.2489 0.8667 0.4322
vn 0.4989 -0.0252 0.8663
vn 0.2797 0.8283 0.4856
vn -0.4991 -0.0032 -0.8665
vn -0.2772 -0.8316 -0.4812
vn -0.2771 -0.8316 -0.4812
vn -0.8664 -0.0003 0.4993
vn -0.8666 0.0000 0.4991
vn -0.7135 0.0000 -0.7006
vn -0.7135 -0.0083 -0.7006
vn -0.7135 0.0083 -0.7006
vn -0.4991 0.0045 -0.8665
vn -0.4991 -0.0045 -0.8665
vn 0.9638 -0.0000 0.2665
vn 0.7286 -0.6365 0.2530
vn 0.7286 -0.6365 0.2529
vn -0.4806 0.7392 -0.4719
vn -0.4805 0.7392 -0.4719
vn 0.7135 -0.0000 0.7006
vn 0.7135 0.0044 0.7006
vn 0.7135 -0.0044 0.7006
vn 0.4202 -0.8082 0.4126
vn 0.7135 0.0126 0.7006
vn 0.7135 0.0127 0.7006
vn 0.2489 -0.8667 0.4322
vn 0.4989 0.0252 0.8663
vn 0.2797 -0.8283 0.4856
vn -0.4991 0.0032 -0.8665
vn -0.2772 0.8316 -0.4812
vn -0.2771 0.8316 -0.4812
vn -0.4991 0.0000 -0.8666
vn -0.4991 0.0016 -0.8665
vn -0.4991 -0.0016 -0.8665
vn 0.8589 0.0284 -0.5114
vn 0.8396 0.0830 -0.5368
vn 0.8547 0.0426 -0.5173
vn 0.8671 0.0008 -0.4982
vn 0.8671 -0.0008 -0.4982
vn 0.8589 -0.0284 -0.5114
vn 0.8547 -0.0426 -0.5173
vn 0.8396 -0.0830 -0.5368
vn 0.8666 0.0000 -0.4990
vn 0.8716 0.0008 -0.4903
vn 0.8721 0.0044 -0.4893
vn 0.8765 0.0052 -0.4814
vn 0.8672 0.0127 -0.4977
vn 0.8676 0.0155 -0.4970
vn 0.8663 0.0239 -0.4990
vn -0.1403 0.8245 -0.5482
vn -0.1401 0.8251 -0.5473
vn -0.1400 0.8253 -0.5470
vn -0.1398 0.8260 -0.5461
vn 0.8485 0.0016 -0.5293
vn 0.8485 0.0032 -0.5293
vn 0.8665 0.0032 -0.4991
vn 0.8666 0.0016 -0.4991
vn 0.8485 0.0000 -0.5293
vn 0.8836 0.0016 -0.4683
vn 0.8836 0.0033 -0.4683
vn 0.8836 0.0000 -0.4683
vn -0.0032 1.0000 -0.0056
vn -0.4315 0.5025 -0.7492
vn -0.4315 0.5024 -0.7492
vn -0.0002 1.0000 -0.0004
vn -0.4990 0.0219 -0.8663
vn -0.4990 -0.0203 -0.8664
vn 0.0047 -1.0000 0.0082
vn -0.4316 -0.5021 -0.7494
vn 0.0032 -1.0000 0.0056
vn -0.0002 -1.0000 -0.0004
vn 0.0002 -1.0000 0.0004
vn -0.1709 0.8265 -0.5363
vn -0.1343 0.8227 -0.5524
vn -0.0606 0.8114 -0.5814
vn -0.0610 0.8111 -0.5817
vn -0.2783 0.8301 -0.4833
vn 0.4267 -0.5187 0.7409
vn 0.4259 0.5215 0.7394
vn 0.8665 0.0000 -0.4992
vn 0.2725 -0.8377 0.4732
vn -0.0818 -0.7627 0.6415
vn -0.3356 0.0000 -0.9420
vn -0.0000 0.6885 -0.7253
vn -0.2619 0.6930 -0.6717
vn -0.1558 0.6937 -0.7032
vn 0.0000 0.6839 -0.7296
vn -0.3657 0.6805 -0.6350
vn -0.6585 0.6713 -0.3403
vn -0.7495 0.6582 0.0708
vn -0.6010 0.6453 0.4716
vn 0.0268 0.0000 0.9996
vn -0.7868 -0.0000 -0.6172
vn -0.0000 1.0000 0.0009
vn 0.0626 0.9968 0.0491
vn 0.1455 0.9873 0.0638
vn -0.0626 0.9968 0.0491
vn -0.1455 0.9873 0.0638
vn 0.0000 1.0000 0.0007
vn -0.8664 0.0006 0.4994
vn -0.8665 0.0000 0.4992
vn 0.0726 -0.9957 0.0572
vn 0.0792 -0.9968 -0.0099
vn 0.0752 -0.9969 0.0227
vn 0.0684 -0.9963 0.0515
vn 0.0803 -0.9957 -0.0462
vn -0.1709 -0.8265 -0.5363
vn -0.1343 -0.8227 -0.5524
vn -0.2783 -0.8301 -0.4832
vn 0.7734 -0.0000 0.6339
vn -0.9968 0.0000 -0.0804
vn -0.9945 0.0000 -0.1047
vn 0.0539 0.0000 -0.9985
vn 0.5103 -0.0000 0.8600
vn -0.4911 0.0000 -0.8711
vn 0.5176 -0.0000 0.8556
vn -0.4985 0.0000 -0.8669
vn 0.7989 0.0000 0.6015
vn 0.9848 -0.0000 0.1736
vn 0.9848 -0.0000 0.1737
vn -0.0610 -0.8110 -0.5818
vn -0.0610 -0.8111 -0.5817
vn -0.0818 0.7627 0.6415
vn -0.0002 0.0001 1.0000
vn 0.0005 0.0000 1.0000
vn 0.0002 0.0001 1.0000
vn 0.2725 0.8377 0.4732
vn -0.6795 0.0000 -0.7337
vn -0.5406 0.0000 -0.8413
vn -0.8664 0.0000 -0.4994
vn -0.9752 -0.0000 -0.2214
vn -0.9988 -0.0000 -0.0486
vn -0.4591 -0.0000 0.8884
vn 0.0940 -0.0000 0.9956
vn 0.7013 -0.0000 0.7129
vn 0.6173 -0.0000 0.7867
vn 0.8689 -0.0000 0.4951
vn 0.9693 -0.0000 0.2458
vn 0.9898 -0.0000 0.1423
vn 0.9096 0.0000 -0.4154
vn 0.5406 0.0000 -0.8413
vn 0.3318 0.7322 0.5948
vn 0.3631 0.7409 0.5650
vn 0.2999 0.7220 0.6236
vn 0.0600 0.9980 -0.0176
vn 0.0901 0.9956 -0.0264
vn 0.1794 0.9824 -0.0527
vn 0.6815 -0.0000 0.7318
vn 0.6816 -0.0000 0.7318
vn 0.5585 -0.0000 0.8295
vn 0.8568 -0.0000 0.5157
vn 0.9727 -0.0000 0.2321
vn 0.9988 -0.0000 0.0486
vn 0.4591 0.0000 -0.8884
vn -0.0940 0.0000 -0.9956
vn -0.7107 0.0000 -0.7035
vn -0.6173 0.0000 -0.7867
vn -0.8681 0.0000 -0.4963
vn -0.9656 0.0000 -0.2601
vn -0.9898 0.0000 -0.1423
vn -0.9096 -0.0000 0.4154
vn -0.5406 -0.0000 0.8413
vn -0.0947 0.9940 -0.0547
vn -0.0959 0.9940 -0.0525
vn -0.0934 0.9940 -0.0569
vn 0.8656 0.0236 0.5001
vn 0.8770 0.0242 0.4798
vn 0.8771 0.0240 0.4797
vn 0.8789 0.0237 0.4764
vn 0.8654 0.0233 0.5006
vn 0.8515 0.0230 0.5239
vn 0.8535 0.0234 0.5206
vn 0.8535 0.0235 0.5205
vn -0.5834 0.6371 0.5037
vn 0.8617 0.0008 -0.5075
vn 0.8611 0.0043 -0.5085
vn 0.8567 0.0051 -0.5158
vn 0.8657 0.0127 -0.5004
vn 0.8653 0.0155 -0.5011
vn 0.6487 -0.7392 -0.1809
vn -0.5672 0.8082 0.1582
vn -0.9632 -0.0126 0.2686
vn -0.5439 0.8253 0.1517
vn -0.5430 0.8260 0.1514
vn -0.5442 0.8251 0.1517
vn -0.5451 0.8245 0.1520
vn -0.4988 0.8667 0.0000
vn -0.9997 -0.0252 0.0000
vn -0.5603 0.8283 0.0000
vn 1.0000 -0.0032 0.0000
vn 0.5553 -0.8316 -0.0000
vn 0.5553 -0.8317 -0.0000
vn 0.8658 0.0000 0.5004
vn 0.8537 0.0000 0.5207
vn 0.8773 0.0000 0.4799
vn 0.9921 0.0037 0.1253
vn 0.9921 0.0018 0.1253
vn 0.9921 0.0000 0.1253
vn -0.0001 0.0000 -1.0000
vn 0.6102 0.0023 0.7922
vn 0.6102 0.0011 0.7922
vn 0.6102 -0.0000 0.7922
vn 0.8538 -0.0000 0.5207
vn 0.8673 0.0032 -0.4978
vn 0.8673 0.0016 -0.4978
vn 0.8673 0.0000 -0.4978
vn 0.8638 0.0676 0.4993
vn 0.8525 0.0839 0.5159
vn 0.8550 0.0676 0.5142
vn 0.8646 0.0513 0.4998
vn 0.8723 0.0676 0.4843
vn 0.8726 0.0839 0.4812
vn 0.8962 0.0033 0.4437
vn 0.8962 0.0017 0.4437
vn 0.8962 -0.0000 0.4437
vn 0.6317 -0.3016 -0.7142
vn 0.3009 0.8040 0.5129
vn 0.6333 -0.3014 -0.7128
vn 0.9633 0.0000 -0.2686
vn 0.9632 -0.0083 -0.2686
vn 0.9632 0.0083 -0.2686
vn 1.0000 0.0045 0.0000
vn 1.0000 -0.0045 0.0000
vn -0.0947 -0.9940 -0.0547
vn -0.0934 -0.9940 -0.0569
vn -0.0959 -0.9940 -0.0525
vn 0.0078 -1.0000 0.0008
vn 0.0150 -0.9999 0.0064
vn 0.0015 -0.9999 0.0114
vn 0.0045 -1.0000 0.0063
vn 0.0018 -0.9995 0.0327
vn 0.0131 -0.9999 0.0098
vn 0.0234 -0.9996 0.0135
vn 0.0239 -0.9996 0.0138
vn 0.0292 -0.9995 -0.0148
vn 0.0107 -0.9999 -0.0044
vn -0.0058 -1.0000 0.0079
vn -0.0067 -0.9999 0.0156
vn -0.0000 -0.9999 0.0109
vn 0.0663 -0.8850 0.4609
vn -0.0458 -0.9939 0.1003
vn -0.1736 -0.9848 0.0088
vn -0.0630 -0.9951 0.0759
vn -0.2370 -0.9708 -0.0378
vn -0.3861 -0.9138 -0.1259
vn -0.6041 -0.7156 -0.3508
vn -0.6041 -0.7155 -0.3508
vn -0.6245 -0.7165 -0.3109
vn -0.5824 -0.7132 -0.3901
vn -0.4854 0.2328 -0.8427
vn -0.1510 -0.9708 -0.1864
vn -0.3016 -0.9139 -0.2716
vn -0.0790 -0.9848 -0.1548
vn 0.0343 -0.9951 -0.0924
vn 0.0640 -0.9939 -0.0896
vn 0.4315 -0.8855 -0.1722
vn 0.0095 -0.9999 -0.0055
vn -0.0516 0.0000 -0.9987
vn 0.1400 0.9756 -0.1693
vn 0.0522 0.9790 -0.1969
vn -0.7132 -0.0000 0.7009
vn -0.5834 -0.6371 0.5037
vn 0.6487 0.7392 -0.1809
vn 0.6488 0.7392 -0.1809
vn -0.9632 -0.0000 0.2686
vn -0.9632 0.0044 0.2686
vn -0.9632 -0.0044 0.2686
vn 0.8966 -0.0000 0.4429
vn -0.5672 -0.8082 0.1582
vn -0.9632 0.0126 0.2686
vn 0.4322 0.0000 -0.9018
vn -0.4988 -0.8667 0.0000
vn -0.9997 0.0252 0.0000
vn -0.5603 -0.8283 0.0000
vn 1.0000 0.0032 0.0000
vn 0.5553 0.8316 0.0000
vn 0.9102 0.0000 0.4141
vn 0.0003 1.0000 -0.0002
vn 0.0005 1.0000 -0.0003
vn 0.0008 1.0000 -0.0005
vn 0.0008 1.0000 -0.0004
vn -0.0006 1.0000 0.0041
vn 0.8773 -0.0000 0.4800
vn 0.8657 -0.0000 0.5006
vn 0.8772 -0.0000 0.4801
vn 0.8773 -0.0001 0.4800
vn 1.0000 0.0016 0.0000
vn 1.0000 -0.0016 0.0000
vn 0.0003 1.0000 -0.0090
vn -0.0003 1.0000 -0.0000
vn -0.8664 0.0000 0.4994
vn -0.8666 0.0001 0.4991
vn -0.8665 -0.0004 0.4991
vn -0.8667 -0.0000 0.4988
vn -0.8665 0.0001 0.4992
vn 0.0145 0.0284 0.9995
vn 0.0461 0.0830 0.9955
vn 0.0217 0.0426 0.9989
vn -0.0011 0.0008 1.0000
vn -0.0011 -0.0008 1.0000
vn 0.0145 -0.0284 0.9995
vn 0.0217 -0.0426 0.9989
vn 0.0461 -0.0830 0.9955
vn 0.0002 -1.0000 -0.0040
vn -0.0003 -1.0000 0.0075
vn 0.8666 -0.0002 -0.4990
vn 0.8665 -0.0002 -0.4992
vn 0.8665 -0.0003 -0.4991
vn 0.8666 -0.0003 -0.4990
vn 0.8638 -0.0676 0.4993
vn 0.8726 -0.0839 0.4812
vn 0.8723 -0.0676 0.4843
vn 0.8646 -0.0513 0.4998
vn 0.8550 -0.0676 0.5142
vn 0.8525 -0.0839 0.5159
vn -0.8665 0.0004 0.4992
vn -0.8665 0.0009 0.4991
vn -0.8665 0.0003 0.4991
vn -0.8665 -0.0001 0.4991
vn -0.8666 -0.0001 0.4991
vn -0.8666 0.0004 0.4990
vn -0.8665 0.0010 0.4991
vn 0.0065 1.0000 0.0000
vn 0.8646 0.5024 0.0000
vn 0.0005 1.0000 0.0000
vn 0.9998 0.0219 0.0000
vn 0.9998 -0.0203 0.0000
vn -0.0095 -1.0000 0.0000
vn 0.8648 -0.5021 0.0000
vn -0.0065 -1.0000 0.0000
vn -0.8550 -0.5187 0.0000
vn -0.8533 0.5215 0.0000
vn 0.0006 -1.0000 -0.0003
vn 0.0012 -1.0000 -0.0007
vn 0.0001 -1.0000 -0.0001
vn 0.0060 -1.0000 -0.0074
vn 0.8668 0.0000 -0.4987
vn 0.8663 0.0000 -0.4995
vn -0.8666 0.0002 0.4990
vn -0.8666 0.0002 0.4989
vn -0.8665 0.0002 0.4992
vn -0.8664 0.0003 0.4994
vn -0.5807 -0.0267 0.8137
vn -0.9284 -0.0258 0.3706
vn -0.9712 -0.0250 -0.2369
vn -0.9714 -0.0248 -0.2362
vn -0.9712 -0.0249 -0.2368
vn -0.9710 -0.0251 -0.2376
vn -0.6900 -0.0250 -0.7233
vn -0.6905 -0.0251 -0.7229
vn -0.6900 -0.0249 -0.7234
vn -0.6895 -0.0248 -0.7239
vn -0.1423 -0.0258 -0.9895
vn 0.4153 -0.0267 -0.9093
vn 0.8409 -0.0276 -0.5404
vn 0.9996 -0.0283 0.0000
vn 0.8643 -0.0293 0.5022
vn 0.8981 -0.0293 0.4389
vn 0.8965 -0.0289 0.4422
vn 0.8645 -0.0286 0.5019
vn 0.8283 -0.0289 0.5595
vn 0.8260 -0.0293 0.5629
vn 0.4989 -0.0283 0.8662
vn -0.0486 -0.0276 0.9984
vn -0.0010 -1.0000 -0.0004
vn -0.0841 -0.9959 0.0342
vn -0.0788 -0.9963 0.0336
vn -0.9322 -0.0000 0.3619
vn 0.8658 -0.0000 0.5005
vn 0.8854 -0.0000 0.4648
vn 0.8447 -0.0000 0.5352
vn 0.5672 0.0000 -0.8236
vn 0.5871 0.0000 -0.8095
vn 0.8384 -0.0000 0.5451
vn -0.9999 -0.0000 0.0130
vn 1.0000 0.0000 0.0092
vn -0.9998 -0.0000 0.0215
vn 1.0000 0.0000 0.0007
vn -0.9199 0.0000 0.3921
vn 0.0254 0.0007 -0.9997
vn -0.0254 -0.0007 -0.9997
vn 0.0000 -0.9940 0.1093
vn -0.0028 -0.9940 0.1093
vn 0.0028 -0.9940 0.1093
vn 0.0254 0.0000 -0.9997
vn -0.0254 0.0000 -0.9997
vn 0.0004 1.0000 0.0000
vn -0.0004 1.0000 0.0000
vn -0.6420 -0.0000 0.7667
vn -0.6421 -0.0000 0.7666
vn -0.1445 0.6375 -0.7568
vn -0.1670 -0.7392 0.6525
vn 0.1460 0.8082 -0.5705
vn 0.2480 -0.0126 -0.9687
vn 0.1400 0.8253 -0.5470
vn 0.1398 0.8260 -0.5461
vn 0.1401 0.8251 -0.5473
vn 0.1403 0.8245 -0.5482
vn 0.2489 0.8667 -0.4322
vn 0.4989 -0.0252 -0.8663
vn 0.2797 0.8283 -0.4856
vn -0.4991 -0.0032 0.8665
vn -0.2772 -0.8316 0.4812
vn -0.2771 -0.8316 0.4812
vn -0.8665 0.0000 -0.4991
vn 0.8665 0.0002 0.4992
vn 0.8665 -0.0002 0.4992
vn 0.3781 0.8265 0.4170
vn 0.4104 0.8227 0.3934
vn 0.2783 0.8301 0.4832
vn -0.2480 -0.0000 0.9688
vn -0.2480 -0.0083 0.9687
vn -0.2480 0.0083 0.9687
vn -0.4991 -0.0000 0.8665
vn -0.4991 0.0045 0.8665
vn -0.4991 -0.0045 0.8665
vn 0.4991 0.0000 -0.8665
vn -0.2507 0.0000 -0.9681
vn 0.4723 0.8112 0.3448
vn 0.4725 0.8111 0.3446
vn -0.5960 -0.7627 -0.2511
vn -0.1445 -0.6375 -0.7568
vn -0.1670 0.7392 0.6525
vn 0.2480 0.0000 -0.9688
vn 0.2480 0.0044 -0.9688
vn 0.2480 -0.0044 -0.9688
vn -0.2725 -0.8377 -0.4732
vn 0.1460 -0.8082 -0.5705
vn 0.2480 0.0126 -0.9687
vn 0.2480 0.0127 -0.9687
vn 0.4038 -0.8245 0.3965
vn 0.4031 -0.8251 0.3958
vn 0.4029 -0.8253 0.3956
vn 0.4022 -0.8260 0.3949
vn 0.2489 -0.8667 -0.4322
vn 0.4989 0.0252 -0.8663
vn 0.2797 -0.8283 -0.4856
vn -0.4991 0.0032 0.8665
vn -0.2772 0.8316 0.4812
vn -0.8666 0.0000 -0.4991
vn 0.3781 -0.8265 0.4170
vn 0.4104 -0.8227 0.3934
vn 0.4724 -0.8112 0.3447
vn 0.4725 -0.8111 0.3446
vn 0.2783 -0.8301 0.4832
vn -0.2725 0.8377 -0.4732
vn -0.4991 0.0016 0.8665
vn -0.4991 -0.0016 0.8665
vn -0.5960 0.7627 -0.2511
vn -0.0032 1.0000 0.0056
vn -0.4315 0.5025 0.7492
vn -0.4315 0.5024 0.7492
vn -0.0002 1.0000 0.0004
vn -0.4990 0.0219 0.8663
vn -0.4990 -0.0204 0.8664
vn 0.0047 -1.0000 -0.0082
vn -0.4316 -0.5021 0.7494
vn 0.0032 -1.0000 -0.0056
vn 0.4267 -0.5187 -0.7409
vn 0.4259 0.5215 -0.7394
vn 0.3895 0.0000 -0.9210
vn 0.3895 0.0007 -0.9210
vn 0.3895 0.0015 -0.9210
vn -0.3791 0.0000 -0.9254
vn -0.3791 -0.0007 -0.9254
vn -0.3791 -0.0014 -0.9254
vn -0.6464 -0.0000 0.7630
vn -0.5994 0.7216 0.3465
vn -0.4432 0.7331 0.5159
vn -0.5344 0.7332 0.4205
vn -0.6005 0.7204 0.3471
vn -0.3465 0.7197 0.6017
vn 0.0342 0.7108 0.7025
vn 0.4158 0.6984 0.5826
vn 0.6758 0.6860 0.2697
vn 0.7176 0.6741 -0.1750
vn 0.7154 0.6767 -0.1739
vn 0.7198 0.6715 -0.1761
vn 0.8658 0.0000 -0.5004
vn 0.8514 0.0000 -0.5244
vn 0.8658 0.0000 -0.5005
vn 0.8665 0.0000 0.4991
vn -0.1391 0.0000 0.9903
vn -0.8409 -0.0276 -0.5404
vn -0.4153 -0.0267 -0.9093
vn 0.1423 -0.0258 -0.9895
vn 0.6900 -0.0250 -0.7233
vn 0.6895 -0.0248 -0.7239
vn 0.6899 -0.0249 -0.7235
vn 0.6905 -0.0252 -0.7229
vn 0.9712 -0.0250 -0.2369
vn 0.9710 -0.0252 -0.2376
vn 0.9712 -0.0250 -0.2368
vn 0.9714 -0.0248 -0.2362
vn 0.9284 -0.0258 0.3706
vn 0.5807 -0.0267 0.8137
vn 0.0486 -0.0276 0.9984
vn -0.4989 -0.0283 0.8662
vn -0.8873 -0.0284 0.4603
vn -0.8866 -0.0286 0.4617
vn -0.8880 -0.0283 0.4590
vn -0.7381 -0.0032 -0.6747
vn 0.2164 -0.0032 0.9763
vn -0.8418 -0.0284 0.5391
vn -0.8409 -0.0283 0.5404
vn -0.8417 -0.0284 0.5392
vn -0.8426 -0.0286 0.5379
vn -0.9996 -0.0283 -0.0000
vn 0.0130 -0.9957 -0.0914
vn -0.0483 -0.9968 -0.0635
vn -0.0181 -0.9969 -0.0765
vn 0.0102 -0.9963 -0.0850
vn 0.1602 0.0000 -0.9871
vn 0.4306 -0.0000 0.9025
vn 0.4306 -0.0000 0.9026
vn 0.4085 -0.0000 0.9128
vn -0.8908 -0.0000 0.4544
vn 0.4878 0.0000 -0.8729
vn 0.4878 0.0000 -0.8730
vn -0.5070 -0.0000 0.8619
vn 0.4804 0.0000 -0.8771
vn -0.4997 -0.0000 0.8662
vn 0.1194 -0.0000 -0.9928
vn -0.0008 1.0000 -0.0004
vn -0.0008 1.0000 -0.0005
vn -0.0005 1.0000 -0.0003
vn -0.0003 1.0000 -0.0002
vn 0.0006 1.0000 0.0000
vn -0.0002 1.0000 -0.0002
vn -0.8663 -0.0000 -0.4996
vn -0.8667 0.0006 -0.4989
vn -0.8665 0.0005 -0.4991
vn -0.8668 -0.0000 -0.4986
vn -0.8664 0.0006 -0.4993
vn 0.8658 0.0016 -0.5004
vn 0.8658 0.0032 -0.5004
vn 0.0659 0.0000 -0.9978
vn 0.0659 0.0001 -0.9978
vn 0.0659 0.0002 -0.9978
vn -0.6059 0.7150 -0.3488
vn -0.6060 0.7148 -0.3490
vn -0.6060 0.7149 -0.3490
vn -0.6058 0.7151 -0.3489
vn -0.6057 0.7152 -0.3488
vn -0.6057 0.7151 -0.3489
vn -0.6057 0.7152 -0.3489
vn -0.6058 0.7150 -0.3491
vn -0.6059 0.7149 -0.3490
vn -0.1902 -0.3015 -0.9343
vn 0.2907 0.8081 0.5123
vn -0.1879 -0.3016 -0.9347
vn -0.8662 -0.0000 -0.4996
vn -0.8666 0.0001 -0.4991
vn -0.8665 0.0001 -0.4991
vn -0.8667 0.0000 -0.4989
vn -0.8667 -0.0004 -0.4989
vn -0.8665 -0.0009 -0.4991
vn -0.8665 -0.0005 -0.4991
vn -0.8664 -0.0004 -0.4993
vn -0.8666 -0.0009 -0.4991
vn -0.2323 0.6123 0.7558
vn -0.2327 0.5911 0.7723
vn -0.2323 0.6122 0.7558
vn -0.2317 0.6330 0.7387
vn 0.8380 0.0000 0.5457
vn -0.1956 0.9742 -0.1127
vn -0.1928 0.9811 0.0170
vn -0.1894 0.9810 0.0424
vn -0.0583 0.9810 -0.1851
vn -0.0820 0.9811 -0.1753
vn 0.2167 0.9756 -0.0361
vn 0.1965 0.9790 0.0537
vn 0.8661 0.0000 -0.4999
vn 0.8656 0.0000 -0.5007
vn 0.3410 0.0000 -0.9400
vn 0.3411 0.0000 -0.9400
vn 0.8664 0.0000 0.4994
vn 0.8666 0.0001 0.4990
vn 0.8665 0.0001 0.4991
vn 0.8665 0.0002 0.4991
vn 0.8666 -0.0000 0.4991
vn 0.8667 -0.0000 0.4988
vn 0.8665 0.0001 0.4992
vn 0.0668 0.0000 -0.9978
vn -0.8666 -0.0001 -0.4989
vn -0.8665 -0.0003 -0.4991
vn -0.8666 -0.0002 -0.4990
vn 0.9969 -0.0000 0.0787
vn 0.8666 0.0011 0.4990
vn 0.8665 0.0004 0.4992
vn 0.8665 0.0003 0.4991
vn 0.8665 -0.0001 0.4991
vn 0.8666 -0.0001 0.4991
vn 0.8665 0.0010 0.4991
vn 0.0985 0.0000 -0.9951
vn 0.0986 0.0000 -0.9951
vn -0.8668 0.0000 -0.4987
vn -0.8665 -0.0003 -0.4992
vn -0.8665 0.0002 -0.4991
vn -0.8665 -0.0001 -0.4992
vn -0.8663 0.0000 -0.4995
vn 0.8666 0.0002 0.4990
vn 0.8664 0.0002 0.4993
vn -0.0422 -0.0000 0.9991
vn 0.0422 -0.0000 0.9991
vn 0.4591 -0.0000 0.8884
vn 0.9988 0.0000 -0.0486
vn 0.8140 0.0000 -0.5809
vn 0.1843 0.0000 -0.9829
vn 0.3707 0.0000 -0.9288
vn -0.1843 0.0000 -0.9829
vn -0.3707 0.0000 -0.9288
vn -0.8140 0.0000 -0.5809
vn 0.0001 0.0000 1.0000
vn 0.4592 0.0000 -0.8884
vn 0.0260 0.0000 -0.9997
vn -0.0260 0.0000 -0.9997
vn -0.4591 0.0000 -0.8884
vn -0.4592 0.0000 -0.8884
vn -0.9988 -0.0000 0.0486
vn -0.8140 -0.0000 0.5809
vn -0.3707 -0.0000 0.9288
vn 0.0290 -0.0000 0.9996
vn 0.0291 -0.0000 0.9996
vn -0.0290 -0.0000 0.9996
vn -0.0291 -0.0000 0.9996
vn 0.3707 -0.0000 0.9288
vn 0.8140 -0.0000 0.5809
vn -0.5500 0.8265 0.1195
vn -0.5457 0.8227 0.1593
vn -0.5577 0.8301 0.0000
vn -0.7286 0.6365 0.2530
vn 0.4806 -0.7392 -0.4719
vn -0.4202 0.8082 0.4126
vn -0.7135 -0.0126 0.7006
vn -0.7135 -0.0127 0.7006
vn -0.2489 0.8667 0.4322
vn -0.4989 -0.0252 0.8663
vn -0.2797 0.8283 0.4856
vn 0.4991 -0.0032 -0.8665
vn 0.2772 -0.8316 -0.4812
vn 0.2771 -0.8316 -0.4812
vn -0.8666 0.0000 -0.4990
vn -0.8666 0.0000 -0.4989
vn -0.5345 0.8112 0.2373
vn -0.5345 0.8111 0.2375
vn 0.5151 -0.7627 -0.3911
vn 0.5461 -0.8377 0.0000
vn 0.7135 0.0000 -0.7006
vn 0.7135 0.0083 -0.7006
vn 0.7135 -0.0083 -0.7006
vn 0.4991 -0.0045 -0.8665
vn 0.4991 0.0045 -0.8665
vn -0.5451 -0.8245 0.1520
vn -0.5442 -0.8251 0.1517
vn -0.5439 -0.8253 0.1517
vn -0.5430 -0.8260 0.1514
vn -0.5500 -0.8265 0.1195
vn -0.5457 -0.8227 0.1593
vn -0.5344 -0.8112 0.2374
vn -0.5345 -0.8111 0.2375
vn -0.5577 -0.8301 0.0000
vn -0.9638 -0.0000 0.2665
vn -0.7286 -0.6365 0.2530
vn -0.7286 -0.6365 0.2529
vn 0.5461 0.8377 0.0000
vn 0.4806 0.7392 -0.4719
vn 0.4805 0.7392 -0.4719
vn -0.7135 -0.0000 0.7006
vn -0.7135 -0.0044 0.7006
vn -0.7135 0.0044 0.7006
vn -0.4202 -0.8082 0.4126
vn -0.7135 0.0126 0.7006
vn -0.7135 0.0127 0.7006
vn -0.4029 -0.8253 0.3956
vn -0.4022 -0.8260 0.3949
vn -0.4031 -0.8251 0.3958
vn -0.4038 -0.8245 0.3965
vn -0.2489 -0.8667 0.4322
vn -0.4989 0.0252 0.8663
vn -0.2797 -0.8283 0.4856
vn 0.4991 0.0032 -0.8665
vn 0.2772 0.8316 -0.4812
vn 0.2771 0.8316 -0.4812
vn 0.5151 0.7627 -0.3911
vn 0.6037 -0.0000 0.7972
vn 0.6037 0.0011 0.7972
vn 0.6037 0.0022 0.7972
vn 0.9911 -0.0000 0.1334
vn 0.9911 0.0018 0.1334
vn 0.9911 0.0037 0.1334
vn 0.4991 -0.0016 -0.8665
vn 0.4991 0.0016 -0.8665
vn -0.8589 -0.0284 -0.5114
vn -0.8396 -0.0830 -0.5368
vn -0.8547 -0.0426 -0.5173
vn -0.8671 -0.0008 -0.4982
vn -0.8671 0.0008 -0.4982
vn -0.8589 0.0284 -0.5114
vn -0.8547 0.0426 -0.5173
vn -0.8396 0.0830 -0.5368
vn 0.0015 -0.0000 1.0000
vn -0.0000 -0.0676 -0.9977
vn -0.0217 -0.0838 -0.9962
vn -0.0189 -0.0676 -0.9975
vn 0.0000 -0.0513 -0.9987
vn 0.0189 -0.0676 -0.9975
vn 0.0217 -0.0838 -0.9962
vn 0.8317 -0.0000 0.5552
vn 0.8317 0.0015 0.5552
vn 0.8317 0.0016 0.5552
vn 0.8317 0.0031 0.5552
vn -0.3015 -0.3015 0.9045
vn -0.2994 0.3013 0.9053
vn -0.3036 -0.3017 0.9038
vn -0.8836 -0.0016 -0.4683
vn -0.8665 -0.0016 -0.4991
vn -0.8836 -0.0000 -0.4683
vn -0.8836 -0.0033 -0.4683
vn -0.8666 -0.0032 -0.4991
vn -0.8485 -0.0016 -0.5293
vn -0.8485 0.0000 -0.5293
vn -0.8485 -0.0032 -0.5293
vn 0.0032 1.0000 -0.0056
vn 0.4315 0.5024 -0.7492
vn 0.0002 1.0000 -0.0004
vn 0.4990 0.0219 -0.8663
vn 0.4990 -0.0203 -0.8664
vn -0.0047 -1.0000 0.0082
vn 0.4316 -0.5021 -0.7494
vn -0.0032 -1.0000 0.0056
vn -0.0002 -1.0000 0.0004
vn 0.0002 -1.0000 -0.0004
vn -0.4267 -0.5187 0.7409
vn -0.4259 0.5215 0.7394
vn -0.8665 -0.0000 -0.4992
vn -0.8665 -0.0002 -0.4992
vn -0.8911 0.0000 0.4538
vn 0.3356 0.0000 -0.9420
vn 0.1558 0.6937 -0.7032
vn 0.2619 0.6930 -0.6717
vn 0.3657 0.6805 -0.6350
vn 0.6585 0.6713 -0.3403
vn 0.7495 0.6582 0.0708
vn 0.6010 0.6453 0.4716
vn -0.0268 0.0000 0.9996
vn 0.7868 0.0000 -0.6172
vn -0.0768 0.9756 0.2058
vn -0.1438 0.9790 0.1442
vn -0.9848 -0.0000 0.1736
vn -0.9848 0.0000 0.1737
vn -0.1288 0.9814 0.1423
vn -0.1082 0.9816 0.1574
vn 0.0004 0.0000 -1.0000
vn -0.0004 0.0000 -1.0000
vn 0.0018 -0.0000 1.0000
vn 0.0003 0.0000 -1.0000
vn 0.8313 -0.0000 0.5559
vn 0.0000 -1.0000 0.0014
vn -0.5657 -0.0000 0.8246
vn 0.8131 -0.0000 0.5821
vn 0.0000 0.7149 0.6992
vn -0.0000 0.7148 0.6994
vn -0.0002 0.7149 0.6992
vn 0.0000 0.7151 0.6991
vn 0.0002 0.7149 0.6992
vn -0.0028 0.9940 0.1093
vn 0.0000 0.9940 0.1093
vn 0.0028 0.9940 0.1093
vn 0.9764 -0.0000 -0.2162
vn 0.9763 0.0000 -0.2162
vn 0.8655 0.0000 -0.5008
vn 0.6743 0.0000 -0.7384
vn -0.9096 0.0000 -0.4154
vn -0.9552 -0.0000 0.2959
vn -0.9898 -0.0000 0.1423
vn -0.8661 -0.0000 0.4998
vn -0.7336 -0.0000 0.6795
vn -0.6173 -0.0000 0.7867
vn -0.0940 -0.0000 0.9956
vn -0.9738 0.0000 0.2273
vn -0.8656 -0.0000 0.5007
vn -0.6828 -0.0000 0.7306
vn 0.5406 -0.0000 0.8413
vn 0.9096 -0.0000 0.4154
vn 0.9521 0.0000 -0.3058
vn 0.9898 0.0000 -0.1423
vn 0.8660 0.0000 -0.5001
vn 0.7405 -0.0000 -0.6720
vn 0.6173 0.0000 -0.7867
vn 0.7405 -0.0000 -0.6721
vn 0.0940 0.0000 -0.9956
vn 0.0934 0.9940 -0.0575
vn 0.0936 0.9940 -0.0571
vn 0.0949 0.9940 -0.0549
vn 0.0964 0.9940 -0.0522
vn 0.0962 0.9940 -0.0526
vn -0.8514 -0.0235 0.5239
vn -0.8534 -0.0235 0.5208
vn -0.8514 -0.0235 0.5240
vn -0.8654 -0.0239 0.5005
vn -0.8654 -0.0239 0.5006
vn -0.8790 -0.0242 0.4763
vn -0.8789 -0.0242 0.4763
vn -0.8772 -0.0242 0.4795
vn -0.0002 0.7150 0.6991
vn -0.0003 0.7149 0.6993
vn 0.0000 0.7150 0.6991
vn -0.0000 0.7152 0.6990
vn 0.0002 0.7150 0.6991
vn 0.0003 0.7149 0.6993
vn 0.5837 0.6375 0.5029
vn -0.6487 -0.7392 -0.1809
vn -0.6488 -0.7392 -0.1809
vn 0.5672 0.8082 0.1582
vn 0.9632 -0.0126 0.2686
vn 0.9632 -0.0127 0.2686
vn 0.4988 0.8667 0.0000
vn 0.9997 -0.0252 -0.0000
vn 0.5603 0.8283 0.0000
vn -1.0000 -0.0032 0.0000
vn -0.5553 -0.8316 -0.0000
vn -0.5553 -0.8317 -0.0000
vn -0.8787 -0.0000 0.4775
vn -0.8774 0.0000 0.4797
vn -0.8798 -0.0000 0.4754
vn -0.8657 0.0000 0.5005
vn -0.8511 -0.0000 0.5250
vn -0.8523 0.0000 0.5231
vn -0.8536 0.0000 0.5209
vn -0.0002 0.0000 1.0000
vn -0.8786 -0.0000 0.4775
vn -0.8797 -0.0000 0.4755
vn -0.8523 -0.0000 0.5230
vn -0.8755 0.0620 0.4793
vn -0.8726 0.0838 0.4811
vn -0.8724 0.0674 0.4842
vn -0.8792 0.0513 0.4738
vn -0.8646 0.0511 0.4998
vn -0.8646 0.0517 0.4998
vn -0.8493 0.0513 0.5254
vn -0.8523 0.0620 0.5194
vn -0.8550 0.0675 0.5143
vn -0.8524 0.0838 0.5161
vn -0.8512 0.0000 0.5249
vn -0.9632 -0.0000 -0.2686
vn -0.9632 0.0083 -0.2686
vn -0.9632 -0.0083 -0.2686
vn -1.0000 -0.0045 0.0000
vn -1.0000 0.0045 0.0000
vn 0.0000 0.0004 1.0000
vn 0.0000 0.9742 0.2258
vn 0.0003 1.0000 0.0000
vn 0.0964 -0.9940 -0.0522
vn 0.0962 -0.9940 -0.0526
vn 0.0949 -0.9940 -0.0548
vn 0.0934 -0.9940 -0.0575
vn 0.0936 -0.9940 -0.0571
vn -0.8792 0.0000 0.4765
vn -0.8517 0.0000 0.5241
vn 0.7138 -0.0000 0.7004
vn 0.5837 -0.6375 0.5029
vn -0.0002 -1.0000 -0.0009
vn 0.0003 -1.0000 -0.0042
vn -0.6487 0.7392 -0.1809
vn 0.9632 -0.0000 0.2686
vn 0.9632 -0.0044 0.2686
vn 0.9632 0.0044 0.2686
vn 0.5672 -0.8082 0.1582
vn 0.9632 0.0126 0.2686
vn 0.9632 0.0127 0.2686
vn 0.5439 -0.8253 0.1517
vn 0.5430 -0.8260 0.1514
vn 0.5442 -0.8251 0.1518
vn 0.5451 -0.8245 0.1520
vn 0.4988 -0.8667 0.0000
vn 0.9997 0.0252 0.0000
vn 0.5603 -0.8283 0.0000
vn -1.0000 0.0032 0.0000
vn -0.5553 0.8316 0.0000
vn -0.0009 -1.0000 -0.0005
vn 0.0000 -1.0000 -0.0005
vn -0.0006 -1.0000 -0.0003
vn -0.0012 -1.0000 -0.0007
vn -0.0001 -1.0000 -0.0001
vn -0.0061 -1.0000 0.0012
vn 0.0001 1.0000 0.0005
vn -0.6060 0.7149 -0.3488
vn -0.6059 0.7150 -0.3489
vn -0.6058 0.7150 -0.3489
vn -0.6058 0.7150 -0.3490
vn -0.6058 0.7149 -0.3491
vn -0.0002 1.0000 -0.0020
vn -0.6060 0.7148 -0.3491
vn 0.0000 -1.0000 -0.0021
vn 0.0003 -1.0000 0.0002
vn 0.0010 -0.9999 -0.0169
vn -0.8658 -0.0000 0.5004
vn -0.8795 0.0000 0.4760
vn -0.8514 -0.0000 0.5245
vn -1.0000 -0.0016 0.0000
vn -1.0000 0.0016 0.0000
vn -0.0145 -0.0284 0.9995
vn -0.0461 -0.0830 0.9955
vn -0.0217 -0.0426 0.9989
vn 0.0011 -0.0008 1.0000
vn 0.0011 0.0008 1.0000
vn -0.0145 0.0284 0.9995
vn -0.0217 0.0426 0.9989
vn -0.0461 0.0830 0.9955
vn 0.1710 0.8265 -0.5363
vn 0.1344 0.8227 -0.5524
vn 0.2783 0.8301 -0.4833
vn -0.8502 -0.0594 0.5232
vn -0.8524 -0.0838 0.5161
vn -0.8550 -0.0675 0.5143
vn -0.8505 -0.0510 0.5234
vn -0.8646 -0.0511 0.4998
vn -0.8646 -0.0517 0.4998
vn -0.8777 -0.0594 0.4756
vn -0.8781 -0.0510 0.4758
vn -0.8724 -0.0675 0.4842
vn -0.8726 -0.0838 0.4811
vn 0.0611 0.8112 -0.5816
vn 0.0610 0.8111 -0.5817
vn 0.0818 -0.7627 0.6415
vn -0.8516 -0.0000 0.5241
vn -0.8792 -0.0000 0.4764
vn -0.2725 -0.8377 0.4732
vn 0.0413 -0.0000 0.9991
vn 0.0413 0.0001 0.9991
vn -0.0413 -0.0001 0.9991
vn -0.0413 -0.0000 0.9991
vn -0.0001 -0.0000 1.0000
vn 0.0413 0.0002 0.9991
vn -0.0413 -0.0002 0.9991
vn -0.0065 1.0000 0.0000
vn -0.8646 0.5024 0.0000
vn -0.0005 1.0000 0.0000
vn -0.9998 0.0219 0.0000
vn -0.9998 -0.0203 0.0000
vn 0.0095 -1.0000 0.0000
vn -0.8648 -0.5021 0.0000
vn 0.0065 -1.0000 0.0000
vn -0.0004 -1.0000 0.0000
vn 0.0004 -1.0000 0.0000
vn 0.1403 -0.8245 -0.5482
vn 0.1401 -0.8251 -0.5473
vn 0.1400 -0.8253 -0.5470
vn 0.1398 -0.8260 -0.5461
vn 0.8550 -0.5187 0.0000
vn 0.8533 0.5215 0.0000
vn 0.0085 0.0000 1.0000
vn -0.0223 0.0000 0.9998
vn 0.9667 0.0000 0.2558
vn -0.0128 0.0000 0.9999
vn 0.0025 0.0000 -1.0000
vn -0.9673 0.0000 -0.2537
vn -0.9651 0.0000 -0.2618
vn -0.0330 0.0000 -0.9995
vn -0.0139 0.0000 0.9999
vn -0.0884 0.0000 -0.9961
vn 0.0258 0.0000 -0.9997
vn 0.8670 0.0000 -0.4983
vn 0.2738 0.0000 0.9618
vn -0.8703 0.0000 0.4926
vn -0.2711 0.0000 -0.9626
vn 0.8711 0.0000 -0.4910
vn 0.2719 0.0000 0.9623
vn 0.8810 0.0000 -0.4732
vn -0.2748 0.0000 -0.9615
vn 0.8772 0.0000 -0.4800
vn 0.2697 0.0000 0.9629
vn 0.8708 0.0000 -0.4917
vn 0.2693 0.0000 0.9631
vn -0.8706 0.0000 0.4921
vn 0.2684 -0.0000 0.9633
vn -0.2660 0.0000 -0.9640
vn 0.8704 0.0000 -0.4923
vn -0.2679 0.0000 -0.9634
vn -0.2682 0.0000 -0.9634
vn 0.8710 0.0000 -0.4914
vn -0.2690 0.0000 -0.9631
vn -0.8715 -0.0000 0.4904
vn -0.2646 0.0000 -0.9644
vn -0.8707 -0.0000 0.4918
vn -0.2644 0.0000 -0.9644
vn 0.2650 -0.0000 0.9643
vn 0.2650 -0.0000 0.9642
vn 0.8708 0.0000 -0.4916
vn -0.2659 0.0000 -0.9640
vn 0.2658 -0.0000 0.9640
vn 0.2671 -0.0000 0.9637
vn -0.8703 0.0000 0.4925
vn -0.2630 0.0000 -0.9648
vn 0.2577 -0.0000 0.9662
vn -0.2608 0.0000 -0.9654
vn 0.2624 -0.0000 0.9650
vn 0.8709 0.0000 -0.4914
vn 0.2629 -0.0000 0.9648
vn 0.2613 -0.0000 0.9653
vn -0.8526 -0.0000 0.5225
vn -0.2554 0.0000 -0.9668
vn 0.8695 0.0000 -0.4939
vn 0.2563 -0.0000 0.9666
vn 0.8692 0.0000 -0.4944
vn -0.2580 0.0000 -0.9661
vn -0.8697 -0.0000 0.4935
vn -0.2584 0.0000 -0.9660
vn 0.8699 0.0000 -0.4932
vn 0.2567 0.0000 0.9665
vn -0.8690 -0.0000 0.4947
vn -0.2599 0.0000 -0.9656
vn 0.2615 -0.0000 0.9652
vn 0.8697 0.0000 -0.4936
vn 0.2620 -0.0000 0.9651
vn -0.8695 -0.0000 0.4940
vn -0.8695 0.0000 0.4939
vn -0.2634 0.0000 -0.9647
vn 0.2641 0.0000 0.9645
vn -0.2656 0.0000 -0.9641
vn 0.8765 0.0000 -0.4813
vn 0.8766 0.0000 -0.4813
vn 0.2661 -0.0000 0.9640
vn 0.2661 -0.0000 0.9639
vn -0.8231 -0.0000 0.5678
vn -0.8231 -0.0000 0.5679
vn -0.2619 0.0000 -0.9651
vn 0.2625 0.0000 0.9649
vn 0.2647 0.0000 0.9643
vn -0.8232 0.0000 0.5678
vn -0.2640 0.0000 -0.9645
vn -0.2641 0.0000 -0.9645
vn -0.8812 0.0000 0.4728
vn -0.2677 0.0000 -0.9635
vn -0.8693 0.0000 0.4943
vn 0.2665 0.0000 0.9638
vn -0.8691 0.0000 0.4947
vn -0.2664 0.0000 -0.9639
vn 0.8698 0.0000 -0.4934
vn 0.2677 0.0000 0.9635
vn 0.8696 0.0000 -0.4937
vn -0.2692 0.0000 -0.9631
vn 0.2692 0.0000 0.9631
vn 0.1710 -0.8265 -0.5363
vn 0.1343 -0.8227 -0.5524
vn 0.0612 -0.8111 -0.5817
vn 0.0610 -0.8111 -0.5817
vn 0.2783 -0.8301 -0.4833
vn -0.1262 0.0000 0.9920
vn -0.9977 0.0000 0.0676
vn -0.5417 0.0000 -0.8405
vn 0.1971 0.0000 -0.9804
vn 0.7904 0.0000 -0.6126
vn 0.1107 0.0000 0.9939
vn -0.8398 0.0000 0.5430
vn -0.8919 0.0000 -0.4523
vn -0.0372 0.0000 -0.9993
vn -0.8516 0.0000 -0.5242
vn -0.0140 0.0000 -0.9999
vn 0.7657 0.0000 -0.6432
vn -0.9048 0.0000 -0.4258
vn -0.9048 0.0000 -0.4259
vn 0.0282 0.0000 0.9996
vn -0.8190 0.0000 0.5738
vn 0.0565 0.0000 0.9984
vn 0.9424 0.0000 0.3344
vn 0.8566 0.0000 -0.5160
vn -0.1325 0.0000 -0.9912
vn -0.8023 0.0000 0.5969
vn -0.0282 0.0000 0.9996
vn 0.8006 0.0000 -0.5992
vn 0.1263 0.0000 -0.9920
vn 0.8206 0.0000 -0.5714
vn 0.8206 0.0000 -0.5715
vn 0.9998 0.0000 0.0191
vn 0.8041 0.0000 0.5946
vn -0.8171 0.0000 0.5765
vn -0.3468 0.0000 0.9379
vn -0.8038 0.0000 0.5950
vn -0.2779 0.0000 0.9606
vn -0.8050 0.0000 0.5933
vn 0.0650 0.0000 0.9979
vn 0.8923 0.0000 0.4515
vn 0.9742 0.0000 -0.2258
vn 0.8218 0.0000 0.5698
vn 0.9136 0.0000 -0.4067
vn 0.5838 0.0000 0.8119
vn 0.0569 0.0000 0.9984
vn -0.9190 0.0000 -0.3943
vn -0.9510 0.0000 -0.3090
vn -0.8790 0.0000 -0.4769
vn -0.8320 0.0000 -0.5548
vn 0.5580 0.0000 -0.8298
vn -0.8605 0.0000 -0.5095
vn -0.1186 0.0000 -0.9929
vn -0.2725 0.8377 0.4732
vn -0.7238 0.0000 -0.6900
vn 0.5168 0.0000 -0.8561
vn 0.9993 0.0000 0.0383
vn 0.6655 0.0000 0.7464
vn 0.0485 0.0000 0.9988
vn -0.9277 0.0000 0.3734
vn -0.8776 0.0000 -0.4794
vn 0.0369 0.0000 -0.9993
vn 0.8821 0.0000 -0.4711
vn 0.8399 0.0000 0.5427
vn 0.9179 0.0000 -0.3969
vn 0.8271 0.0000 0.5621
vn 0.0877 0.0000 0.9962
vn 0.0877 0.0000 0.9961
vn 0.8678 0.0000 -0.4969
vn -0.8350 0.0000 -0.5503
vn -0.0003 0.0000 -1.0000
vn -0.8145 0.0000 0.5802
vn -0.0687 0.0000 0.9976
vn 0.8879 0.0000 0.4600
vn -0.0288 0.0000 -0.9996
vn -0.8027 0.0000 -0.5964
vn 0.0317 0.0000 0.9995
vn 0.7401 0.0000 0.6725
vn -0.0026 0.0000 1.0000
vn -0.5891 0.0000 0.8080
vn -0.9482 0.0000 0.3176
vn -0.0036 0.0000 -1.0000
vn -0.5694 0.0000 -0.8221
vn -0.0263 0.0000 -0.9997
vn -0.6275 0.0000 -0.7786
vn -0.0242 0.0000 -0.9997
vn -0.8547 0.0000 -0.5191
vn -0.8816 0.0000 0.4719
vn -0.3738 0.0000 0.9275
vn -0.9381 0.0000 0.3463
vn -0.1909 0.0000 0.9816
vn -0.9999 0.0000 0.0125
vn -0.8504 0.0000 -0.5261
vn 0.8501 0.0000 -0.5267
vn 0.7987 0.0000 -0.6018
vn 0.8948 0.0000 -0.4465
vn 0.9317 0.0000 -0.3633
vn 0.3597 0.0000 0.9331
vn 0.9109 0.0000 -0.4127
vn 0.8814 0.0000 0.4724
vn 0.0818 0.7627 0.6415
vn 0.9253 0.0000 -0.3792
vn 0.5574 0.0000 0.8302
vn -0.4571 0.0000 0.8894
vn -0.9510 0.0000 0.3091
vn -0.9257 0.0000 -0.3782
vn 0.0536 0.0000 -0.9986
vn 0.8053 0.0000 -0.5928
vn 0.8901 0.0000 0.4558
vn 0.0542 0.0000 0.9985
vn -0.8468 0.0000 0.5319
vn -0.8589 0.0000 0.5121
vn -0.9399 0.0000 -0.3415
vn 0.0836 0.0000 0.9965
vn 0.8516 0.0000 -0.5242
vn 0.9064 0.0000 0.4223
vn 0.8364 0.0000 -0.5482
vn -0.1817 0.0000 -0.9834
vn -0.8751 0.0000 -0.4839
vn -0.7921 0.0000 0.6104
vn 0.9181 0.0000 0.3964
vn 0.8798 0.0000 -0.4754
vn -0.9192 0.0000 -0.3937
vn -0.9222 0.0000 0.3866
vn -0.9052 0.0000 -0.4250
vn -0.4834 0.0000 -0.8754
vn 0.1129 0.0000 -0.9936
vn 0.9078 0.0000 0.4194
vn 0.9857 0.0000 -0.1686
vn 0.9171 0.0000 0.3986
vn 0.9709 0.0000 -0.2397
vn 0.9163 0.0000 0.4005
vn 0.8317 0.0000 -0.5552
vn -0.0551 0.0000 -0.9985
vn -0.6827 0.0000 -0.7307
vn 0.0826 0.0000 -0.9966
vn -0.8090 0.0000 -0.5878
vn 0.4113 0.0000 -0.9115
vn 0.8362 0.0000 -0.5484
vn 0.1181 0.0000 0.9930
vn 0.2079 0.0000 0.9782
vn 0.0265 0.0000 0.9996
vn -0.0645 0.0000 0.9979
vn -0.9977 0.0000 -0.0683
vn -0.0110 0.0000 0.9999
vn -0.8006 0.0000 0.5992
vn 0.4903 0.0000 0.8716
vn -0.2747 0.0000 0.9615
vn -0.9978 0.0000 0.0665
vn -0.5882 0.0000 -0.8087
vn -0.9487 0.0000 -0.3162
vn -0.5300 0.0000 -0.8480
vn -0.9837 -0.0000 0.1799
vn -0.6054 0.0000 0.7960
vn -0.8682 0.0000 -0.4961
vn 0.4586 0.0000 -0.8886
vn -0.8610 -0.0000 -0.5087
vn -0.9986 0.0000 -0.0526
vn -0.6000 0.0000 -0.8000
vn -0.9977 0.0000 -0.0673
vn -0.5836 0.0000 -0.8120
vn 0.7630 0.0000 -0.6464
vn 0.9999 0.0000 0.0110
vn 0.2759 0.0000 -0.9612
vn -0.4626 0.0000 -0.8866
vn 0.5300 0.0000 -0.8480
vn 0.9619 0.0000 0.2735
vn 0.5771 -0.0000 0.8167
vn 0.9250 0.0000 -0.3800
vn 0.6182 0.0000 -0.7860
vn 0.8944 0.0000 0.4472
vn 0.2631 0.0000 0.9648
vn -0.5264 0.0000 0.8503
vn 0.5369 0.0000 0.8437
vn 0.9904 0.0000 0.1384
vn 0.9994 0.0000 0.0345
vn 0.9703 0.0000 0.2420
vn 0.9398 0.0000 0.3417
vn -0.2169 0.0000 0.9762
vn -0.8480 0.0000 0.5300
vn -0.5039 0.0000 0.8638
vn -0.5479 0.0000 -0.8366
vn -0.8779 0.0000 -0.4788
vn -0.5767 0.0000 -0.8170
vn -0.9966 -0.0000 0.0827
vn -0.5299 -0.0000 0.8481
vn -0.5882 -0.0000 0.8087
vn -0.4687 0.0000 0.8833
vn -0.5299 -0.0000 0.8480
vn -0.4998 0.0000 -0.8662
vn 0.5241 0.0000 -0.8517
vn -0.6805 0.0000 -0.7328
vn -0.9972 -0.0000 -0.0750
vn -0.7610 0.0000 -0.6487
vn -0.9984 -0.0000 -0.0564
vn -0.8314 0.0000 -0.5556
vn 0.4710 0.0000 -0.8821
vn 1.0000 0.0000 0.0055
vn 0.4640 0.0000 -0.8858
vn -0.4700 0.0000 -0.8827
vn 0.9778 -0.0000 -0.2094
vn 0.6517 -0.0000 0.7585
vn 0.7064 -0.0000 0.7078
vn 0.5931 -0.0000 0.8051
vn 0.5315 -0.0000 0.8471
vn 0.9777 -0.0000 0.2098
vn 0.9931 -0.0000 0.1175
vn 0.9838 -0.0000 0.1794
vn 0.3875 0.9200 0.0585
vn 0.3732 0.9203 0.1175
vn 0.3677 0.9179 -0.1494
vn 0.3867 0.9192 -0.0747
vn 0.2344 0.9131 -0.3335
vn 0.2916 0.9150 -0.2788
vn 0.0175 0.9077 -0.4192
vn 0.0974 0.9097 -0.4037
vn -0.2286 0.9034 -0.3628
vn -0.1463 0.9049 -0.3996
vn -0.8794 0.0000 -0.4761
vn 0.9275 0.0000 -0.3737
vn -0.0725 -0.9957 0.0571
vn -0.0684 -0.9963 0.0515
vn -0.0752 -0.9969 0.0227
vn -0.0792 -0.9968 -0.0099
vn -0.0803 -0.9957 -0.0462
vn -0.8656 0.0000 -0.5007
vn -0.7734 -0.0000 0.6339
vn -0.0454 0.0000 -0.9990
vn 0.0454 0.0000 -0.9990
vn -0.6102 -0.0000 0.7922
vn -0.6102 -0.0011 0.7922
vn -0.6102 -0.0023 0.7922
vn 0.9968 0.0000 -0.0804
vn 0.9945 0.0000 -0.1047
vn -0.0539 0.0000 -0.9985
vn -0.5103 -0.0000 0.8600
vn 0.4911 0.0000 -0.8711
vn -0.5176 -0.0000 0.8556
vn 0.4985 0.0000 -0.8669
vn -0.7989 0.0000 0.6015
vn -0.8673 0.0000 -0.4978
vn -0.8673 -0.0016 -0.4978
vn -0.8673 -0.0032 -0.4978
vn -0.9838 -0.0000 0.1794
vn -0.6311 0.7332 0.2532
vn -0.6682 0.7331 0.1266
vn -0.6943 0.7196 0.0000
vn -0.5917 0.7108 -0.3803
vn -0.2973 0.6984 -0.6511
vn 0.1036 0.6860 -0.7202
vn 0.5098 0.6741 -0.5345
vn 0.5119 0.6715 -0.5358
vn 0.5078 0.6767 -0.5331
vn 0.8794 0.0000 -0.4761
vn -0.8733 0.0284 -0.4863
vn -0.8856 0.0830 -0.4569
vn -0.8764 0.0426 -0.4797
vn -0.8661 0.0006 -0.4998
vn -0.8660 -0.0008 -0.5000
vn -0.8733 -0.0284 -0.4863
vn -0.8764 -0.0426 -0.4797
vn -0.8856 -0.0830 -0.4569
vn -0.8962 -0.0000 0.4437
vn -0.8962 -0.0017 0.4437
vn -0.8962 -0.0033 0.4437
vn -0.8715 -0.0008 -0.4903
vn -0.8721 -0.0044 -0.4893
vn -0.8765 -0.0052 -0.4814
vn -0.8672 -0.0127 -0.4977
vn -0.8676 -0.0156 -0.4970
vn -0.8663 -0.0239 -0.4990
vn -0.6333 -0.3015 -0.7127
vn -0.8147 0.3432 -0.4674
vn -0.6316 -0.3017 -0.7142
vn -0.9921 -0.0018 0.1253
vn -0.9921 -0.0037 0.1253
vn -0.9921 0.0000 0.1253
vn 0.0516 0.0000 -0.9987
vn -0.1400 0.9756 -0.1693
vn -0.0522 0.9790 -0.1969
vn 0.9952 -0.0273 0.0940
vn 0.7864 -0.0264 0.6171
vn 0.2992 -0.0256 0.9538
vn 0.2993 -0.0255 0.9538
vn 0.2992 -0.0256 0.9539
vn -0.2992 -0.0256 0.9538
vn -0.2992 -0.0256 0.9539
vn -0.2993 -0.0255 0.9538
vn -0.7864 -0.0264 0.6171
vn -0.9952 -0.0273 0.0940
vn -0.8880 -0.0283 -0.4590
vn -0.4989 -0.0290 -0.8662
vn 0.0000 -0.0297 -0.9996
vn -0.0703 -0.0300 -0.9971
vn -0.0661 -0.0296 -0.9974
vn 0.0000 -0.0293 -0.9996
vn 0.0662 -0.0296 -0.9974
vn 0.0703 -0.0300 -0.9971
vn 0.4989 -0.0290 -0.8662
vn 0.8880 -0.0283 -0.4590
vn -0.0189 0.0676 -0.9975
vn -0.0217 0.0838 -0.9962
vn 0.0000 0.0676 -0.9977
vn 0.0000 0.0513 -0.9987
vn 0.0189 0.0676 -0.9975
vn 0.0217 0.0838 -0.9962
vn -0.8670 0.0000 -0.4983
vn -0.8674 0.0000 -0.4975
vn -0.8966 -0.0000 0.4429
vn -0.4322 0.0000 -0.9018
vn -0.0985 0.0000 -0.9951
vn -0.0986 0.0000 -0.9951
vn -0.9102 -0.0000 0.4141
vn -0.9969 -0.0000 0.0787
vn -0.0668 0.0000 -0.9978
vn -0.1965 0.9790 0.0537
vn -0.4038 0.8245 0.3965
vn -0.4031 0.8251 0.3958
vn -0.4029 0.8253 0.3956
vn -0.4022 0.8260 0.3950
vn -0.3781 0.8265 0.4170
vn -0.4104 0.8227 0.3934
vn -0.4724 0.8112 0.3448
vn -0.4725 0.8111 0.3446
vn -0.2783 0.8301 0.4833
vn 0.0001 0.0000 -1.0000
vn 0.2725 -0.8377 -0.4732
vn -0.8317 -0.0031 0.5552
vn -0.8317 -0.0016 0.5552
vn -0.8317 -0.0015 0.5552
vn -0.8317 -0.0000 0.5552
vn 0.5960 -0.7627 -0.2511
vn -0.0015 -0.0000 1.0000
vn -0.9911 -0.0037 0.1334
vn -0.9911 -0.0018 0.1334
vn -0.9911 -0.0000 0.1334
vn 0.8664 -0.0003 0.4993
vn -0.6037 -0.0023 0.7972
vn -0.6037 -0.0011 0.7972
vn -0.6037 -0.0000 0.7972
vn -0.3781 -0.8265 0.4170
vn -0.4104 -0.8227 0.3934
vn -0.2783 -0.8301 0.4833
vn -0.5461 0.8377 0.0000
vn -0.4724 -0.8112 0.3446
vn -0.4725 -0.8111 0.3446
vn 0.5960 0.7627 -0.2511
vn -0.5151 0.7627 -0.3911
vn 0.2725 0.8377 -0.4732
vn 0.5500 -0.8265 0.1195
vn 0.5344 -0.8111 0.2377
vn 0.5457 -0.8227 0.1593
vn 0.5345 -0.8111 0.2375
vn 0.5577 -0.8301 0.0000
vn -0.8617 -0.0008 -0.5075
vn -0.8611 -0.0043 -0.5085
vn -0.8567 -0.0051 -0.5158
vn -0.8657 -0.0127 -0.5004
vn -0.8653 -0.0155 -0.5010
vn -0.3895 -0.0015 -0.9210
vn -0.3895 -0.0007 -0.9210
vn -0.3895 0.0000 -0.9210
vn 0.3791 0.0014 -0.9254
vn 0.3791 0.0007 -0.9254
vn 0.3791 0.0000 -0.9254
vn -0.5151 -0.7627 -0.3911
vn -0.8658 -0.0032 -0.5004
vn -0.8658 -0.0016 -0.5004
vn -0.5461 -0.8377 0.0000
vn -0.0659 -0.0002 -0.9978
vn -0.0659 -0.0001 -0.9978
vn -0.0659 0.0000 -0.9978
vn 0.5500 0.8265 0.1196
vn 0.5577 0.8301 0.0000
vn 0.5457 0.8227 0.1593
vn 0.5345 0.8111 0.2374
vn 0.5345 0.8111 0.2375
vn -0.9347 -0.3017 -0.1880
vn -0.4704 0.3443 0.8125
vn -0.9343 -0.3015 -0.1903
vn 0.5451 0.8245 0.1520
vn 0.5446 0.8249 0.1519
vn 0.5439 0.8253 0.1517
vn 0.5430 0.8260 0.1514
vn 0.2311 0.6485 0.7253
vn 0.2317 0.6330 0.7387
vn -0.2167 0.9756 -0.0361
vn 0.2305 0.6637 0.7116
vn -0.8380 0.0000 0.5457
usemtl Material.001
s 1
f 1/1/1 2/2/2 3/3/3
f 4/4/1 5/5/1 6/6/1
f 6/6/1 7/7/1 4/4/1
f 7/8/4 6/9/4 8/10/4
f 8/10/4 9/11/4 7/8/4
f 10/12/5 11/13/5 12/14/5
f 10/12/5 13/15/5 11/13/5
f 10/12/5 4/16/5 7/17/5
f 10/12/5 7/17/5 9/18/5
f 10/12/5 9/18/5 14/19/5
f 9/18/5 15/20/5 14/19/5
f 9/18/5 16/21/5 15/20/5
f 9/18/5 17/22/6 16/21/5
f 9/18/5 18/23/5 17/22/6
f 18/23/5 19/24/7 17/22/6
f 18/23/8 20/25/8 19/24/8
f 21/26/9 19/24/9 20/25/9
f 22/27/10 21/26/10 20/25/10
f 22/27/5 20/25/5 13/15/5
f 23/28/5 22/27/5 13/15/5
f 24/29/5 23/28/5 13/15/5
f 25/30/5 24/29/5 13/15/5
f 10/12/5 25/30/5 13/15/5
f 10/12/5 26/31/5 25/30/5
f 10/12/5 27/32/5 26/31/5
f 10/12/5 14/19/5 27/32/5
f 18/23/5 28/33/5 29/34/5
f 9/18/5 28/33/5 18/23/5
f 30/35/5 31/36/5 32/37/5
f 32/37/5 31/36/5 13/15/5
f 20/25/5 32/37/5 13/15/5
f 20/25/5 18/23/5 32/37/5
f 33/38/5 34/39/5 35/40/5
f 33/38/5 36/41/5 34/39/5
f 33/38/5 37/42/5 36/41/5
f 33/38/5 30/35/5 37/42/5
f 30/35/5 38/43/5 37/42/5
f 30/35/5 39/44/5 38/43/5
f 30/35/5 40/45/5 39/44/5
f 30/35/5 32/37/5 40/45/5
f 32/37/5 41/46/5 40/45/5
f 42/47/5 41/46/5 32/37/5
f 33/38/5 43/48/5 30/35/5
f 33/38/5 44/49/5 43/48/5
f 33/38/5 45/50/5 46/51/5
f 33/38/5 46/51/5 47/52/5
f 48/53/5 49/54/5 50/55/5
f 48/53/5 50/55/5 51/56/5
f 48/53/5 51/56/5 29/34/5
f 51/56/5 52/57/5 29/34/5
f 52/57/5 53/58/5 29/34/5
f 53/58/5 54/59/5 29/34/5
f 54/59/5 18/23/5 29/34/5
f 54/59/5 55/60/5 18/23/5
f 18/23/5 55/60/5 56/61/5
f 32/37/5 18/23/5 56/61/5
f 57/62/5 32/37/5 56/61/5
f 32/37/5 57/62/5 45/50/5
f 42/47/5 32/37/5 45/50/5
f 58/63/5 42/47/5 45/50/5
f 59/64/5 58/63/5 45/50/5
f 60/65/5 59/64/5 45/50/5
f 33/38/5 60/65/5 45/50/5
f 33/38/5 35/40/5 60/65/5
f 48/53/5 61/66/5 62/67/5
f 48/53/5 29/34/5 61/66/5
f 48/53/5 63/68/5 49/54/5
f 48/53/5 64/69/5 63/68/5
f 48/53/5 65/70/5 64/69/5
f 48/53/5 66/71/5 65/70/5
f 56/61/5 64/69/5 57/62/5
f 56/61/5 67/72/5 64/69/5
f 67/72/5 68/73/5 64/69/5
f 64/69/5 68/73/5 69/74/5
f 64/69/5 69/74/5 63/68/5
f 70/75/5 71/76/5 72/77/5
f 73/78/5 70/75/5 72/77/5
f 74/79/11 73/78/5 72/77/5
f 75/80/5 74/79/11 72/77/5
f 75/80/5 76/81/5 74/79/11
f 76/81/5 77/82/5 74/79/11
f 78/83/5 79/84/5 80/85/5
f 81/86/5 78/83/5 80/85/5
f 81/86/5 80/85/5 75/80/5
f 81/86/5 75/80/5 72/77/5
f 82/87/5 81/86/5 72/77/5
f 82/87/5 72/77/5 83/88/5
f 82/87/5 83/88/5 84/89/5
f 83/88/5 85/90/12 84/89/5
f 83/88/5 86/91/5 85/90/12
f 86/91/5 87/92/5 85/90/12
f 84/89/5 88/93/5 89/94/5
f 6/95/13 84/89/5 89/94/5
f 6/95/13 82/87/5 84/89/5
f 6/95/13 5/96/5 82/87/5
f 5/96/5 90/97/5 82/87/5
f 6/95/13 89/94/5 91/98/14
f 90/97/5 92/99/5 93/100/5
f 90/97/5 5/96/5 92/99/5
f 94/101/5 95/102/5 96/103/5
f 97/104/5 94/101/5 96/103/5
f 82/87/5 97/104/5 96/103/5
f 82/87/5 98/105/5 97/104/5
f 82/87/5 99/106/5 98/105/5
f 82/87/5 100/107/5 99/106/5
f 99/106/5 101/108/5 98/105/5
f 102/109/5 103/110/5 104/111/5
f 103/110/5 102/109/5 93/100/5
f 105/112/5 103/110/5 93/100/5
f 92/99/5 105/112/5 93/100/5
f 92/99/5 106/113/5 105/112/5
f 107/114/5 106/113/5 92/99/5
f 108/115/5 107/114/5 92/99/5
f 108/115/5 109/116/5 107/114/5
f 108/115/5 110/117/5 109/116/5
f 110/117/5 111/118/5 109/116/5
f 105/112/5 112/119/5 103/110/5
f 109/116/5 113/120/5 107/114/5
f 82/87/5 114/121/5 81/86/5
f 82/87/5 96/103/5 114/121/5
f 96/103/5 115/122/15 114/121/5
f 115/122/15 116/123/5 114/121/5
f 115/122/15 117/124/5 116/123/5
f 117/124/5 118/125/5 116/123/5
f 116/123/5 119/126/5 114/121/5
f 119/126/5 120/127/5 114/121/5
f 120/127/5 121/128/5 114/121/5
f 122/129/16 123/130/5 124/131/5
f 123/130/5 125/132/5 124/131/5
f 125/132/5 92/99/5 124/131/5
f 125/132/5 108/115/5 92/99/5
f 126/133/5 127/134/5 123/130/5
f 128/135/5 126/133/5 123/130/5
f 129/136/5 128/135/5 123/130/5
f 128/135/5 130/137/5 126/133/5
f 131/138/5 132/139/5 133/140/5
f 131/138/5 133/140/5 129/136/5
f 131/138/5 129/136/5 123/130/5
f 134/141/5 131/138/5 123/130/5
f 135/142/5 134/141/5 123/130/5
f 134/141/5 136/143/5 137/144/5
f 134/141/5 137/144/5 138/145/5
f 134/141/5 138/145/5 139/146/5
f 134/141/5 139/146/5 140/147/5
f 134/141/5 140/147/5 131/138/5
f 139/146/5 141/148/5 140/147/5
f 139/146/5 142/149/5 141/148/5
f 143/150/17 144/151/5 145/152/5
f 143/150/17 145/152/5 135/142/5
f 146/153/18 143/150/17 135/142/5
f 147/154/5 146/153/18 135/142/5
f 147/154/5 135/142/5 123/130/5
f 148/155/5 147/154/5 123/130/5
f 149/156/5 148/155/5 123/130/5
f 122/129/16 149/156/5 123/130/5
f 122/129/16 150/157/5 149/156/5
f 122/129/16 151/158/19 150/157/5
f 150/157/5 152/159/5 149/156/5
f 149/156/5 153/160/20 148/155/5
f 153/160/20 154/161/5 148/155/5
f 153/160/20 155/162/5 154/161/5
f 156/163/5 157/164/5 158/165/5
f 156/163/5 158/165/5 146/153/18
f 147/154/5 156/163/5 146/153/18
f 147/154/5 159/166/21 156/163/5
f 147/154/5 160/167/5 159/166/21
f 147/154/5 161/168/5 160/167/5
f 162/169/22 163/170/23 164/171/24
f 162/169/22 165/172/23 163/170/23
f 165/172/23 166/173/23 163/170/23
f 167/174/23 168/175/23 169/176/25
f 170/177/23 167/174/23 169/176/25
f 164/171/24 170/177/23 169/176/25
f 164/171/24 171/178/23 170/177/23
f 164/171/24 172/179/23 171/178/23
f 164/171/24 173/180/23 172/179/23
f 172/179/23 174/181/23 171/178/23
f 175/182/26 164/171/24 169/176/25
f 175/182/26 162/169/22 164/171/24
f 175/182/26 176/183/27 162/169/22
f 176/183/27 177/184/28 162/169/22
f 178/185/29 177/184/28 176/183/27
f 178/185/29 176/183/27 179/186/30
f 180/187/31 178/185/29 179/186/30
f 181/188/32 180/187/31 179/186/30
f 181/188/32 182/189/23 180/187/31
f 181/188/32 183/190/23 182/189/23
f 181/188/32 184/191/23 183/190/23
f 185/192/23 186/193/23 180/187/31
f 187/194/23 185/192/23 180/187/31
f 182/189/23 187/194/23 180/187/31
f 187/194/23 188/195/23 185/192/23
f 180/187/31 189/196/23 178/185/29
f 189/196/23 190/197/23 178/185/29
f 189/196/23 191/198/23 190/197/23
f 192/199/23 193/200/23 194/201/23
f 195/202/33 192/199/23 194/201/23
f 195/202/33 194/201/23 196/203/34
f 169/176/25 195/202/33 196/203/34
f 175/182/26 169/176/25 196/203/34
f 175/182/26 196/203/34 197/204/35
f 175/182/26 197/204/35 198/205/36
f 199/206/37 175/182/26 198/205/36
f 199/206/37 198/205/36 200/207/38
f 198/205/36 201/208/39 200/207/38
f 194/201/23 202/209/23 196/203/34
f 202/209/23 203/210/23 196/203/34
f 203/210/23 204/211/23 196/203/34
f 205/212/23 206/213/23 198/205/36
f 206/213/23 207/214/23 198/205/36
f 207/214/23 208/215/23 198/205/36
f 209/216/23 210/217/23 205/212/23
f 211/218/23 209/216/23 205/212/23
f 211/218/23 205/212/23 198/205/36
f 212/219/23 211/218/23 198/205/36
f 197/204/35 212/219/23 198/205/36
f 197/204/35 213/220/40 212/219/23
f 197/204/35 214/221/23 213/220/40
f 197/204/35 215/222/23 214/221/23
f 215/222/23 216/223/23 214/221/23
f 217/224/23 218/225/23 219/226/41
f 213/220/40 217/224/23 219/226/41
f 213/220/40 219/226/41 212/219/23
f 219/226/41 220/227/42 212/219/23
f 220/227/42 221/228/23 212/219/23
f 221/228/23 222/229/23 212/219/23
f 223/230/43 224/231/23 225/232/23
f 223/230/43 226/233/23 224/231/23
f 223/230/43 227/234/23 226/233/23
f 225/232/23 228/235/23 229/236/23
f 225/232/23 229/236/23 230/237/23
f 223/230/43 225/232/23 230/237/23
f 223/230/43 230/237/23 181/188/32
f 223/230/43 181/188/32 179/186/30
f 231/238/44 223/230/43 179/186/30
f 232/239/45 231/238/44 179/186/30
f 233/240/46 232/239/45 179/186/30
f 233/240/46 234/241/47 232/239/45
f 234/241/47 235/242/48 232/239/45
f 235/242/48 236/243/49 232/239/45
f 235/242/50 237/244/50 236/243/50
f 237/244/51 238/245/51 236/243/51
f 236/243/52 238/245/52 239/246/52
f 236/243/53 239/246/53 240/247/53
f 236/243/54 240/247/54 241/248/54
f 236/243/55 241/248/55 201/208/55
f 198/205/36 236/243/49 201/208/39
f 198/205/36 242/249/23 236/243/49
f 242/249/23 243/250/23 236/243/49
f 236/243/49 244/251/23 232/239/45
f 236/243/49 243/252/23 244/251/23
f 245/253/40 246/254/23 247/255/23
f 245/253/40 247/255/23 231/238/44
f 248/256/23 245/253/40 231/238/44
f 249/257/23 248/256/23 231/238/44
f 232/239/45 249/257/23 231/238/44
f 232/239/45 250/258/23 249/257/23
f 249/257/23 251/259/23 252/260/23
f 249/257/23 252/260/23 253/261/56
f 249/257/23 253/261/56 254/262/33
f 249/257/23 254/262/33 248/256/23
f 254/262/33 255/263/23 248/256/23
f 254/262/33 256/264/23 255/263/23
f 257/265/23 258/266/23 259/267/23
f 257/265/23 259/267/23 250/258/23
f 232/239/45 257/265/23 250/258/23
f 232/239/45 260/268/23 257/265/23
f 232/239/45 261/269/23 260/268/23
f 232/239/45 262/270/23 261/269/23
f 263/271/57 264/272/58 265/273/59
f 265/273/59 266/274/60 263/271/57
f 267/275/61 268/276/62 269/277/63
f 269/277/63 270/278/61 267/275/61
f 267/275/61 270/278/61 266/274/60
f 266/274/60 265/273/59 267/275/61
f 271/279/64 88/280/65 261/281/65
f 271/279/64 89/282/65 88/280/65
f 261/281/65 262/283/65 264/284/64
f 271/279/64 261/281/65 264/284/64
f 271/279/64 264/284/64 263/285/66
f 263/285/66 272/286/66 271/279/64
f 272/287/67 263/288/67 266/289/67
f 266/289/67 273/290/67 272/287/67
f 177/291/68 178/292/69 105/293/69
f 105/293/69 106/294/68 177/291/68
f 177/291/68 106/294/68 107/295/70
f 107/295/70 162/296/70 177/291/68
f 91/297/71 89/298/71 271/299/71
f 105/300/72 178/301/72 190/302/72
f 190/302/72 112/303/72 105/300/72
f 100/304/73 82/305/73 180/306/73
f 180/306/73 186/307/73 100/304/73
f 99/308/74 100/309/74 186/310/74
f 186/310/74 185/311/74 99/308/74
f 99/312/65 185/313/65 188/314/65
f 188/314/65 101/315/65 99/312/65
f 101/316/75 188/317/75 187/318/75
f 187/318/75 98/319/75 101/316/75
f 97/320/65 98/321/65 187/322/65
f 187/322/65 182/323/65 97/320/65
f 97/324/76 182/325/76 183/326/76
f 183/326/76 94/327/76 97/324/76
f 95/328/65 94/329/65 183/330/65
f 183/330/65 184/331/65 95/328/65
f 95/332/77 184/333/77 181/334/77
f 181/334/77 96/335/77 95/332/77
f 96/336/65 181/337/65 230/338/65
f 230/338/65 115/339/65 96/336/65
f 115/340/78 230/341/78 229/342/78
f 229/342/78 117/343/78 115/340/78
f 117/344/65 229/345/65 228/346/65
f 228/346/65 118/347/65 117/344/65
f 116/348/3 118/349/3 228/350/3
f 228/350/3 225/351/3 116/348/3
f 116/352/65 225/353/65 224/354/65
f 224/354/65 119/355/65 116/352/65
f 119/356/79 224/357/79 226/358/79
f 226/358/79 120/359/79 119/356/79
f 120/360/65 226/361/65 227/362/65
f 227/362/65 121/363/65 120/360/65
f 121/364/3 227/365/3 223/366/3
f 223/366/3 114/367/3 121/364/3
f 114/368/65 223/369/65 231/370/65
f 231/370/65 81/371/65 114/368/65
f 81/372/79 231/373/79 247/374/79
f 247/374/79 78/375/79 81/372/79
f 78/376/65 247/377/65 246/378/65
f 246/378/65 79/379/65 78/376/65
f 79/380/3 246/381/3 245/382/3
f 245/382/3 80/383/3 79/380/3
f 80/384/65 245/385/65 248/386/65
f 248/386/65 75/387/65 80/384/65
f 75/388/79 248/389/79 255/390/79
f 255/390/79 76/391/79 75/388/79
f 76/392/65 255/393/65 256/394/65
f 256/394/65 77/395/65 76/392/65
f 74/396/3 77/397/3 256/398/3
f 256/398/3 254/399/3 74/396/3
f 74/400/65 254/401/65 253/402/65
f 253/402/65 73/403/65 74/400/65
f 70/404/79 73/405/79 253/406/79
f 253/406/79 252/407/79 70/404/79
f 70/408/65 252/409/65 251/410/65
f 251/410/65 71/411/65 70/408/65
f 71/412/3 251/413/3 249/414/3
f 249/414/3 72/415/3 71/412/3
f 72/416/65 249/417/65 250/418/65
f 250/418/65 83/419/65 72/416/65
f 83/420/79 250/421/79 259/422/79
f 259/422/79 86/423/79 83/420/79
f 86/424/65 259/425/65 258/426/65
f 258/426/65 87/427/65 86/424/65
f 85/428/3 87/429/3 258/430/3
f 258/430/3 257/431/3 85/428/3
f 84/432/65 85/433/65 257/434/65
f 257/434/65 260/435/65 84/432/65
f 84/436/79 260/437/79 261/438/79
f 261/438/79 88/439/79 84/436/79
f 264/440/80 262/441/80 232/442/80
f 232/442/80 265/443/80 264/440/80
f 274/444/5 275/445/5 276/446/5
f 274/444/5 276/446/5 277/447/5
f 278/448/5 274/444/5 277/447/5
f 278/448/5 277/447/5 279/449/5
f 280/450/5 278/448/5 279/449/5
f 280/450/5 281/451/5 278/448/5
f 282/452/5 283/453/5 284/454/5
f 284/454/5 285/455/5 282/452/5
f 286/456/65 287/457/65 279/458/65
f 279/458/65 277/459/65 286/456/65
f 288/460/81 286/461/81 277/462/81
f 277/462/81 276/463/81 288/460/81
f 289/464/1 288/465/1 276/466/1
f 276/466/1 275/467/1 289/464/1
f 290/468/82 289/469/82 275/470/82
f 275/470/82 274/471/82 290/468/82
f 291/472/1 290/473/1 274/474/1
f 274/474/1 278/475/1 291/472/1
f 292/476/81 291/477/81 278/478/81
f 278/478/81 281/479/81 292/476/81
f 293/480/83 292/481/83 281/482/83
f 281/482/83 280/483/83 293/480/83
f 287/484/82 293/485/82 280/486/82
f 280/486/82 279/487/82 287/484/82
f 294/488/81 295/489/81 285/490/81
f 285/490/81 284/491/81 294/488/81
f 296/492/84 294/493/84 284/494/84
f 284/494/84 283/495/84 296/492/84
f 297/496/82 296/497/82 283/498/82
f 283/498/82 282/499/82 297/496/82
f 295/500/65 297/501/65 282/502/65
f 282/502/65 285/503/65 295/500/65
f 298/504/5 299/505/5 300/506/5
f 298/504/5 300/506/5 301/507/5
f 302/508/5 298/504/5 301/507/5
f 303/509/5 302/508/5 301/507/5
f 303/509/5 304/510/5 302/508/5
f 303/509/5 305/511/5 304/510/5
f 306/512/5 307/513/5 308/514/5
f 308/514/5 309/515/5 306/512/5
f 310/516/5 311/517/5 312/518/5
f 310/516/5 312/518/5 313/519/5
f 314/520/5 310/516/5 313/519/5
f 314/520/5 313/519/5 315/521/5
f 316/522/5 314/520/5 315/521/5
f 316/522/5 317/523/5 314/520/5
f 318/524/5 319/525/5 320/526/5
f 320/526/5 321/527/5 318/524/5
f 322/528/5 323/529/5 324/530/5
f 324/530/5 325/531/5 322/528/5
f 326/532/5 327/533/5 328/534/5
f 328/534/5 329/535/5 326/532/5
f 330/536/85 331/537/85 332/538/85
f 332/538/85 333/539/85 330/536/85
f 334/540/86 330/541/86 333/542/86
f 333/542/86 335/543/86 334/540/86
f 336/544/87 334/545/87 335/546/87
f 335/546/87 337/547/87 336/544/87
f 338/548/88 336/549/88 337/550/88
f 337/550/88 339/551/88 338/548/88
f 340/552/89 338/553/89 339/554/89
f 339/554/89 341/555/89 340/552/89
f 342/556/90 340/557/90 341/558/90
f 341/558/90 343/559/90 342/556/90
f 344/560/91 342/561/91 343/562/91
f 343/562/91 345/563/91 344/560/91
f 331/564/92 344/565/92 345/566/92
f 345/566/92 332/567/92 331/564/92
f 346/568/93 347/569/93 329/570/93
f 329/570/93 328/571/93 346/568/93
f 348/572/94 346/573/94 328/574/94
f 328/574/94 327/575/95 348/572/94
f 349/576/96 348/577/96 327/578/96
f 327/578/96 326/579/96 349/576/96
f 347/580/97 349/581/97 326/582/97
f 326/582/97 329/583/97 347/580/97
f 350/584/5 351/585/5 352/586/5
f 350/584/5 352/586/5 353/587/5
f 354/588/5 350/584/5 353/587/5
f 355/589/5 354/588/5 353/587/5
f 355/589/5 356/590/5 354/588/5
f 355/589/5 357/591/5 356/590/5
f 358/592/5 359/593/5 360/594/5
f 360/594/5 361/595/5 358/592/5
f 362/596/5 363/597/5 364/598/5
f 362/596/5 364/598/5 365/599/5
f 366/600/5 362/596/5 365/599/5
f 366/600/5 365/599/5 367/601/5
f 368/602/5 366/600/5 367/601/5
f 368/602/5 369/603/5 366/600/5
f 370/604/5 371/605/5 372/606/5
f 372/606/5 373/607/5 370/604/5
f 374/608/5 375/609/5 376/610/5
f 376/610/5 377/611/5 374/608/5
f 378/612/98 379/613/98 356/614/98
f 356/614/98 357/615/98 378/612/98
f 380/616/99 378/617/99 357/618/99
f 357/618/99 355/619/99 380/616/99
f 381/620/100 380/621/100 355/622/100
f 355/622/100 353/623/100 381/620/100
f 382/624/101 381/625/101 353/626/101
f 353/626/101 352/627/101 382/624/101
f 383/628/102 382/629/102 352/630/102
f 352/630/102 351/631/102 383/628/102
f 384/632/103 383/633/103 351/634/103
f 351/634/103 350/635/103 384/632/103
f 385/636/104 384/637/104 350/638/104
f 350/638/104 354/639/104 385/636/104
f 379/640/105 385/641/105 354/642/105
f 354/642/105 356/643/105 379/640/105
f 386/644/106 387/645/106 388/646/106
f 388/646/106 389/647/106 386/644/106
f 390/648/107 386/649/107 389/650/107
f 389/650/107 391/651/107 390/648/107
f 392/652/108 390/653/108 391/654/108
f 391/654/108 393/655/108 392/652/108
f 394/656/109 392/657/109 393/658/109
f 393/658/109 395/659/109 394/656/109
f 396/660/110 394/661/110 395/662/110
f 395/662/110 397/663/110 396/660/110
f 398/664/111 396/665/111 397/666/111
f 397/666/111 399/667/111 398/664/111
f 400/668/100 398/669/100 399/670/100
f 399/670/100 401/671/100 400/668/100
f 402/672/112 400/673/112 401/674/112
f 401/674/112 403/675/112 402/672/112
f 404/676/113 402/677/113 403/678/113
f 403/678/113 405/679/113 404/676/113
f 406/680/114 404/681/114 405/682/114
f 405/682/114 407/683/114 406/680/114
f 408/684/87 406/685/87 407/686/87
f 407/686/87 409/687/87 408/684/87
f 410/688/115 408/689/115 409/690/115
f 409/690/115 411/691/115 410/688/115
f 412/692/116 410/693/116 411/694/116
f 411/694/116 413/695/116 412/692/116
f 387/696/117 412/697/117 413/698/117
f 413/698/117 388/699/117 387/696/117
f 414/700/118 415/701/118 416/702/118
f 416/702/118 417/703/118 414/700/118
f 418/704/119 414/705/119 417/706/119
f 417/706/119 419/707/119 418/704/119
f 420/708/120 418/709/120 419/710/120
f 419/710/120 421/711/120 420/708/120
f 422/712/121 420/713/121 421/714/121
f 421/714/121 423/715/122 422/712/121
f 424/716/102 422/717/102 423/718/102
f 423/718/102 425/719/102 424/716/102
f 426/720/123 424/721/123 425/722/123
f 425/722/123 427/723/123 426/720/123
f 428/724/108 426/725/108 427/726/108
f 427/726/108 429/727/108 428/724/108
f 430/728/124 428/729/124 429/730/124
f 429/730/124 431/731/124 430/728/124
f 432/732/102 430/733/102 431/734/102
f 431/734/102 433/735/102 432/732/102
f 415/736/125 432/737/125 433/738/125
f 433/738/125 416/739/125 415/736/125
f 434/740/126 435/741/126 360/742/126
f 360/742/126 359/743/126 434/740/126
f 436/744/100 434/745/100 359/746/100
f 359/746/100 358/747/100 436/744/100
f 437/748/127 436/749/127 358/750/127
f 358/750/127 361/751/127 437/748/127
f 435/752/128 437/753/128 361/754/128
f 361/754/128 360/755/128 435/752/128
f 438/756/129 439/757/129 440/758/129
f 440/758/129 441/759/129 438/756/129
f 442/760/100 438/761/100 441/762/100
f 441/762/100 443/763/100 442/760/100
f 444/764/130 442/765/130 443/766/130
f 443/766/130 445/767/130 444/764/130
f 446/768/102 444/769/102 445/770/102
f 445/770/102 447/771/102 446/768/102
f 448/772/131 446/773/131 447/774/131
f 447/774/131 449/775/131 448/772/131
f 450/776/116 448/777/116 449/778/116
f 449/778/116 451/779/116 450/776/116
f 452/780/132 450/781/132 451/782/132
f 451/782/132 453/783/132 452/780/132
f 454/784/133 452/785/133 453/786/133
f 453/786/133 455/787/133 454/784/133
f 456/788/134 454/789/134 455/790/134
f 455/790/134 457/791/134 456/788/134
f 439/792/113 456/793/113 457/794/113
f 457/794/113 440/795/113 439/792/113
f 458/796/135 459/797/135 460/798/135
f 460/798/135 461/799/135 458/796/135
f 462/800/136 458/801/136 461/802/136
f 461/802/136 463/803/136 462/800/136
f 464/804/137 462/805/137 463/806/137
f 463/806/137 465/807/137 464/804/137
f 466/808/138 464/809/138 465/810/138
f 465/810/138 467/811/138 466/808/138
f 468/812/139 466/813/139 467/814/139
f 467/814/139 469/815/139 468/812/139
f 470/816/140 468/817/140 469/818/140
f 469/818/140 471/819/140 470/816/140
f 472/820/141 470/821/141 471/822/141
f 471/822/141 473/823/141 472/820/141
f 474/824/142 472/825/142 473/826/142
f 473/826/142 475/827/142 474/824/142
f 476/828/143 474/829/143 475/830/143
f 475/830/143 477/831/143 476/828/143
f 459/832/93 476/833/93 477/834/93
f 477/834/93 460/835/93 459/832/93
f 478/836/144 479/837/144 480/838/144
f 480/838/144 481/839/144 478/836/144
f 482/840/145 478/841/145 481/842/145
f 481/842/145 483/843/145 482/840/145
f 484/844/146 482/845/146 483/846/146
f 483/846/146 485/847/146 484/844/146
f 486/848/147 484/849/147 485/850/147
f 485/850/147 487/851/147 486/848/147
f 488/852/148 486/853/148 487/854/148
f 487/854/148 489/855/148 488/852/148
f 490/856/149 488/857/149 489/858/149
f 489/858/149 491/859/149 490/856/149
f 492/860/150 490/861/150 491/862/150
f 491/862/150 493/863/150 492/860/150
f 494/864/151 492/865/151 493/866/151
f 493/866/151 495/867/151 494/864/151
f 496/868/86 494/869/86 495/870/86
f 495/870/86 497/871/86 496/868/86
f 479/872/139 496/873/139 497/874/139
f 497/874/139 480/875/139 479/872/139
f 498/876/152 499/877/152 367/878/152
f 367/878/152 365/879/152 498/876/152
f 500/880/153 498/881/154 365/882/153
f 365/882/153 364/883/153 500/880/153
f 501/884/147 500/885/147 364/886/147
f 364/886/147 363/887/147 501/884/147
f 502/888/155 501/889/155 363/890/155
f 363/890/155 362/891/155 502/888/155
f 503/892/149 502/893/149 362/894/149
f 362/894/149 366/895/149 503/892/149
f 504/896/156 503/897/156 366/898/156
f 366/898/156 369/899/156 504/896/156
f 505/900/157 504/901/157 369/902/157
f 369/902/157 368/903/157 505/900/157
f 499/904/158 505/905/158 368/906/158
f 368/906/158 367/907/158 499/904/158
f 506/908/159 507/909/159 372/910/159
f 372/910/159 371/911/159 506/908/159
f 508/912/160 506/913/160 371/914/160
f 371/914/160 370/915/160 508/912/160
f 509/916/139 508/917/139 370/918/139
f 370/918/139 373/919/139 509/916/139
f 507/920/161 509/921/161 373/922/161
f 373/922/161 372/923/161 507/920/161
f 510/924/162 511/925/162 377/926/162
f 377/926/162 376/927/162 510/924/162
f 512/928/163 510/929/163 376/930/163
f 376/930/163 375/931/163 512/928/163
f 513/932/164 512/933/164 375/934/164
f 375/934/164 374/935/164 513/932/164
f 511/936/139 513/937/139 374/938/139
f 374/938/139 377/939/139 511/936/139
f 514/940/165 515/941/165 516/942/165
f 516/942/165 517/943/165 514/940/165
f 518/944/166 514/945/166 517/946/166
f 517/946/166 519/947/166 518/944/166
f 520/948/167 518/949/167 519/950/167
f 519/950/167 521/951/167 520/948/167
f 522/952/168 520/953/168 521/954/168
f 521/954/168 523/955/168 522/952/168
f 524/956/145 522/957/145 523/958/145
f 523/958/145 525/959/145 524/956/145
f 526/960/169 524/961/169 525/962/169
f 525/962/169 527/963/169 526/960/169
f 528/964/170 526/965/170 527/966/170
f 527/966/170 529/967/170 528/964/170
f 530/968/171 528/969/171 529/970/171
f 529/970/171 531/971/171 530/968/171
f 532/972/172 530/973/172 531/974/172
f 531/974/172 533/975/172 532/972/172
f 534/976/173 532/977/173 533/978/173
f 533/978/173 535/979/173 534/976/173
f 536/980/147 534/981/147 535/982/147
f 535/982/147 537/983/147 536/980/147
f 515/984/109 536/985/109 537/986/109
f 537/986/109 516/987/109 515/984/109
f 538/988/5 539/989/5 540/990/5
f 538/988/5 540/990/5 541/991/5
f 542/992/5 538/988/5 541/991/5
f 542/992/5 541/991/5 543/993/5
f 544/994/5 542/992/5 543/993/5
f 544/994/5 545/995/5 542/992/5
f 546/996/5 547/997/5 548/998/5
f 548/998/5 549/999/5 546/996/5
f 550/1000/174 551/1001/174 543/1002/174
f 543/1002/174 541/1003/174 550/1000/174
f 552/1004/175 550/1005/175 541/1006/175
f 541/1006/175 540/1007/175 552/1004/175
f 553/1008/176 552/1009/176 540/1010/176
f 540/1010/176 539/1011/176 553/1008/176
f 554/1012/177 553/1013/177 539/1014/177
f 539/1014/177 538/1015/177 554/1012/177
f 555/1016/178 554/1017/178 538/1018/178
f 538/1018/178 542/1019/178 555/1016/178
f 556/1020/179 555/1021/179 542/1022/179
f 542/1022/179 545/1023/179 556/1020/179
f 557/1024/180 556/1025/180 545/1026/180
f 545/1026/180 544/1027/180 557/1024/180
f 551/1028/181 557/1029/181 544/1030/181
f 544/1030/181 543/1031/181 551/1028/181
f 558/1032/182 559/1033/182 549/1034/182
f 549/1034/182 548/1035/183 558/1032/182
f 560/1036/184 558/1037/184 548/1038/184
f 548/1038/184 547/1039/184 560/1036/184
f 561/1040/185 560/1041/185 547/1042/185
f 547/1042/185 546/1043/185 561/1040/185
f 559/1044/186 561/1045/186 546/1046/186
f 546/1046/186 549/1047/186 559/1044/186
f 562/1048/5 563/1049/5 564/1050/5
f 562/1048/5 564/1050/5 565/1051/5
f 566/1052/5 562/1048/5 565/1051/5
f 567/1053/5 566/1052/5 565/1051/5
f 567/1053/5 568/1054/5 566/1052/5
f 567/1053/5 569/1055/5 568/1054/5
f 570/1056/5 571/1057/5 572/1058/5
f 572/1058/5 573/1059/5 570/1056/5
f 574/1060/5 575/1061/5 576/1062/5
f 574/1060/5 576/1062/5 577/1063/5
f 578/1064/5 574/1060/5 577/1063/5
f 578/1064/5 577/1063/5 579/1065/5
f 580/1066/5 578/1064/5 579/1065/5
f 580/1066/5 581/1067/5 578/1064/5
f 582/1068/5 583/1069/5 584/1070/5
f 584/1070/5 585/1071/5 582/1068/5
f 586/1072/5 587/1073/5 588/1074/5
f 588/1074/5 589/1075/5 586/1072/5
f 590/1076/187 591/1077/187 592/1078/187
f 592/1078/187 593/1079/187 590/1076/187
f 594/1080/188 590/1076/188 593/1079/188
f 593/1079/188 595/1081/188 594/1080/188
f 596/1082/189 594/1083/189 595/1084/189
f 595/1084/189 597/1085/189 596/1082/189
f 598/1086/190 596/1087/190 597/1088/190
f 597/1088/190 599/1089/190 598/1086/190
f 600/1090/191 598/1086/191 599/1089/191
f 599/1089/191 601/1091/191 600/1090/191
f 602/1092/192 600/1090/192 601/1091/192
f 601/1091/192 603/1093/192 602/1092/192
f 604/1094/193 602/1095/193 603/1096/193
f 603/1096/193 605/1097/193 604/1094/193
f 606/1098/194 604/1094/194 605/1097/194
f 605/1097/194 607/1099/194 606/1098/194
f 608/1100/195 606/1101/196 607/1102/196
f 607/1102/196 609/1103/197 608/1100/195
f 610/1104/198 608/1100/195 609/1103/197
f 609/1103/197 611/1105/198 610/1104/198
f 612/1106/199 610/1107/200 611/1108/199
f 611/1108/199 613/1109/199 612/1106/199
f 614/1110/201 612/1111/201 613/1112/201
f 613/1112/201 615/1113/201 614/1110/201
f 616/1114/202 614/1110/202 615/1113/202
f 615/1113/202 617/1115/202 616/1114/202
f 618/1116/203 616/1114/203 617/1115/203
f 617/1115/203 619/1117/203 618/1116/203
f 620/1118/204 618/1119/204 619/1120/204
f 619/1120/204 621/1121/204 620/1118/204
f 622/1122/205 620/1123/205 621/1124/205
f 621/1124/205 623/1125/205 622/1122/205
f 624/1126/206 622/1127/206 623/1128/206
f 623/1128/206 625/1129/206 624/1126/206
f 626/1130/207 627/1131/65 628/1132/208
f 628/1132/64 629/1133/64 626/1130/209
f 626/1130/207 630/1134/210 627/1131/65
f 626/1130/207 631/1135/211 630/1134/210
f 631/1135/211 632/1136/212 630/1134/210
f 633/1137/213 634/1138/213 635/1139/213
f 633/1137/213 636/1140/213 634/1138/213
f 637/1141/213 638/1142/213 639/1143/213
f 640/1144/213 637/1141/213 639/1143/213
f 640/1144/213 639/1143/213 641/1145/213
f 642/1146/213 640/1144/213 641/1145/213
f 643/1147/213 642/1146/213 641/1145/213
f 643/1147/213 644/1148/213 642/1146/213
f 643/1147/213 645/1149/213 644/1148/213
f 643/1147/213 646/1150/213 645/1149/213
f 643/1147/213 635/1139/213 646/1150/213
f 643/1147/213 647/1151/213 635/1139/213
f 647/1151/213 648/1152/213 635/1139/213
f 633/1137/213 635/1139/213 648/1152/213
f 633/1137/213 648/1152/213 649/1153/213
f 650/1154/213 633/1137/213 649/1153/213
f 651/1155/213 650/1154/213 649/1153/213
f 651/1155/213 652/1156/213 650/1154/213
f 651/1155/213 649/1153/213 641/1145/213
f 649/1153/213 643/1147/213 641/1145/213
f 653/1157/214 654/1158/214 655/1159/214
f 655/1159/214 656/1160/214 653/1157/214
f 657/1161/215 658/1162/215 659/1163/215
f 659/1163/215 660/1164/215 657/1161/215
f 661/1165/216 662/1166/216 663/1167/216
f 663/1167/216 664/1168/216 661/1165/216
f 664/1169/217 663/1170/217 665/1171/218
f 665/1171/218 666/1172/218 664/1169/217
f 667/1173/219 668/1174/219 669/1175/219
f 669/1175/219 670/1176/219 667/1173/219
f 670/1177/220 669/1178/220 671/1179/220
f 671/1179/220 672/1180/220 670/1177/220
f 672/1181/221 671/1182/221 673/1183/221
f 673/1183/221 674/1184/221 672/1181/221
f 674/1185/222 673/1186/222 675/1187/222
f 675/1187/222 676/1188/222 674/1185/222
f 676/1189/223 675/1190/223 677/1191/224
f 677/1191/224 678/1192/224 676/1189/223
f 679/1193/225 660/1194/225 680/1195/225
f 657/1196/225 660/1194/225 679/1193/225
f 679/1193/225 681/1197/225 657/1196/225
f 682/1198/225 683/1199/225 684/1200/225
f 680/1195/225 682/1198/225 684/1200/225
f 685/1201/225 680/1195/225 684/1200/225
f 685/1201/225 686/1202/225 680/1195/225
f 661/1203/225 680/1195/225 686/1202/225
f 661/1203/225 664/1204/225 680/1195/225
f 664/1204/225 679/1193/225 680/1195/225
f 664/1204/225 666/1205/225 679/1193/225
f 680/1195/225 687/1206/225 682/1198/225
f 682/1198/225 687/1206/225 688/1207/225
f 688/1207/225 689/1208/225 682/1198/225
f 271/1209/226 272/1210/227 91/98/14
f 690/1211/228 691/1212/229 687/1213/229
f 687/1213/229 680/1214/228 690/1211/228
f 690/1211/228 680/1214/228 660/1164/230
f 660/1164/230 659/1163/230 690/1211/228
f 273/1215/231 91/98/14 272/1210/227
f 273/1215/231 6/95/13 91/98/14
f 273/1215/231 8/1216/232 6/95/13
f 692/1217/233 693/1218/234 694/1219/234
f 694/1219/234 695/1220/233 692/1217/233
f 692/1217/233 695/1220/233 678/1221/235
f 678/1221/235 677/1222/235 692/1217/233
f 190/1223/236 103/1224/237 112/1225/236
f 190/1223/236 104/1226/237 103/1224/237
f 190/1223/236 191/1227/236 104/1226/237
f 696/1228/225 697/1229/225 698/1230/225
f 698/1230/225 699/1231/225 696/1228/225
f 696/1228/225 699/1231/225 653/1232/225
f 653/1232/225 656/1233/225 696/1228/225
f 189/1234/238 104/1235/238 191/1236/238
f 189/1234/238 102/1237/238 104/1235/238
f 189/1234/238 93/1238/238 102/1237/238
f 700/1239/239 701/1240/239 702/1241/239
f 702/1241/239 703/1242/239 700/1239/239
f 700/1239/239 703/1242/239 704/1243/239
f 704/1243/239 705/1244/239 700/1239/239
f 189/1245/240 90/1246/241 93/1247/242
f 189/1245/240 82/1248/240 90/1246/241
f 189/1245/240 180/1249/240 82/1248/240
f 706/1250/243 654/1251/243 653/1252/243
f 653/1252/243 699/1253/243 706/1250/243
f 706/1250/243 699/1253/243 698/1254/243
f 698/1254/243 707/1255/243 706/1250/243
f 698/1256/244 697/1257/244 708/1258/244
f 708/1258/244 707/1259/244 698/1256/244
f 688/1260/245 687/1213/245 691/1212/245
f 691/1212/245 709/1261/245 688/1260/245
f 710/1262/246 662/1263/247 661/1264/247
f 661/1264/247 686/1265/246 710/1262/246
f 710/1262/246 686/1265/246 685/1266/248
f 685/1266/248 711/1267/248 710/1262/246
f 685/1268/249 684/1269/249 712/1270/249
f 712/1270/249 711/1271/249 685/1268/249
f 684/1272/250 683/1273/250 713/1274/250
f 713/1274/250 712/1275/250 684/1272/250
f 682/1276/251 689/1277/252 714/1278/252
f 714/1278/252 715/1279/253 682/1276/251
f 683/1280/254 682/1276/251 715/1279/253
f 715/1279/253 713/1281/254 683/1280/254
f 716/1282/239 668/1283/239 667/1284/239
f 667/1284/239 717/1285/239 716/1282/239
f 716/1282/239 717/1285/239 718/1286/239
f 718/1286/239 719/1287/239 716/1282/239
f 718/1288/255 720/1289/255 721/1290/255
f 721/1290/255 719/1291/255 718/1288/255
f 720/1292/256 722/1293/256 723/1294/256
f 723/1294/256 721/1295/256 720/1292/256
f 722/1296/257 724/1297/257 725/1298/257
f 725/1298/257 723/1299/257 722/1296/257
f 724/1300/258 726/1301/258 727/1302/258
f 727/1302/258 725/1303/258 724/1300/258
f 726/1304/259 694/1305/259 693/1306/259
f 693/1306/259 727/1307/260 726/1304/259
f 659/1308/225 658/1309/225 655/1310/225
f 655/1310/225 654/1311/261 659/1308/225
f 690/1312/225 659/1308/225 654/1311/261
f 654/1311/261 706/1313/225 690/1312/225
f 690/1312/225 706/1313/225 707/1314/261
f 707/1314/261 691/1315/225 690/1312/225
f 691/1315/225 707/1314/261 708/1316/225
f 708/1316/225 709/1317/225 691/1315/225
f 670/1318/225 672/1319/225 674/1320/225
f 717/1321/225 670/1318/225 674/1320/225
f 717/1321/225 667/1322/225 670/1318/225
f 678/1323/225 674/1320/225 676/1324/225
f 678/1323/225 717/1321/225 674/1320/225
f 678/1323/225 695/1325/225 717/1321/225
f 694/1326/225 717/1321/225 695/1325/225
f 694/1326/225 724/1327/225 717/1321/225
f 694/1326/225 726/1328/225 724/1327/225
f 724/1327/225 722/1329/225 720/1330/225
f 724/1327/225 720/1330/225 717/1321/225
f 720/1330/225 718/1331/225 717/1321/225
f 728/1332/5 729/1333/5 730/1334/5
f 731/1335/5 728/1332/5 730/1334/5
f 732/1336/5 733/1337/5 731/1335/5
f 734/1338/5 735/1339/5 736/1340/5
f 730/1334/5 734/1338/5 736/1340/5
f 730/1334/5 736/1340/5 737/1341/5
f 731/1335/5 730/1334/5 737/1341/5
f 738/1342/5 731/1335/5 737/1341/5
f 738/1342/5 732/1336/5 731/1335/5
f 738/1342/5 739/1343/5 732/1336/5
f 736/1340/5 740/1344/5 737/1341/5
f 740/1344/5 741/1345/5 737/1341/5
f 742/1346/5 743/1347/5 744/1348/5
f 743/1347/5 745/1349/5 744/1348/5
f 744/1348/5 746/1350/5 747/1351/5
f 742/1346/5 744/1348/5 747/1351/5
f 742/1346/5 747/1351/5 748/1352/5
f 749/1353/5 742/1346/5 748/1352/5
f 750/1354/5 749/1353/5 748/1352/5
f 750/1354/5 751/1355/5 749/1353/5
f 752/1356/233 753/1357/262 754/1358/262
f 754/1358/262 755/1359/233 752/1356/233
f 752/1356/233 755/1359/233 756/1360/263
f 756/1360/263 757/1361/263 752/1356/233
f 754/1362/264 758/1363/265 759/1364/266
f 759/1364/266 704/1365/267 754/1362/264
f 755/1366/225 754/1362/264 704/1365/267
f 704/1365/267 703/1367/225 755/1366/225
f 755/1366/225 703/1367/225 702/1368/268
f 702/1368/268 756/1369/269 755/1366/225
f 756/1369/269 702/1368/268 760/1370/270
f 760/1370/270 761/1371/271 756/1369/269
f 762/1372/5 763/1373/5 764/1374/5
f 765/1375/5 762/1372/5 764/1374/5
f 765/1375/5 764/1374/5 766/1376/5
f 765/1375/5 766/1376/5 767/1377/5
f 768/1378/5 765/1375/5 767/1377/5
f 768/1378/5 767/1377/5 769/1379/5
f 770/1380/5 768/1378/5 769/1379/5
f 770/1380/5 771/1381/5 768/1378/5
f 772/1382/272 773/1383/272 774/1384/272
f 774/1384/272 775/1385/272 772/1382/272
f 775/1386/273 774/1387/273 776/1388/273
f 776/1388/273 777/1389/273 775/1386/273
f 777/1390/274 776/1391/274 778/1392/274
f 778/1392/274 779/1393/274 777/1390/274
f 779/1394/275 778/1395/275 780/1396/275
f 780/1396/275 781/1397/275 779/1394/275
f 781/1398/23 780/1399/23 782/1400/23
f 782/1400/23 783/1401/23 781/1398/23
f 783/1402/239 782/1403/239 773/1404/239
f 773/1404/239 772/1405/239 783/1402/239
f 784/1406/276 785/1407/276 786/1408/276
f 786/1408/276 787/1409/276 784/1406/276
f 787/1410/277 786/1411/277 788/1412/277
f 788/1412/277 789/1413/277 787/1410/277
f 789/1414/278 788/1415/278 790/1416/278
f 790/1416/278 791/1417/278 789/1414/278
f 791/1418/279 790/1419/279 792/1420/279
f 792/1420/279 793/1421/279 791/1418/279
f 793/1422/239 792/1423/239 794/1424/239
f 794/1424/239 795/1425/239 793/1422/239
f 795/1426/5 794/1427/5 785/1428/5
f 785/1428/5 784/1429/5 795/1426/5
f 796/1430/280 797/1431/280 798/1432/280
f 798/1432/280 799/1433/280 796/1430/280
f 799/1433/281 798/1432/281 800/1434/281
f 800/1434/281 801/1435/281 799/1433/281
f 777/1436/225 779/1437/225 781/1438/225
f 781/1438/225 783/1439/225 777/1436/225
f 777/1436/225 783/1439/225 772/1440/225
f 772/1440/225 775/1441/225 777/1436/225
f 789/1442/225 791/1443/225 793/1444/225
f 793/1444/225 795/1445/225 789/1442/225
f 789/1442/225 795/1445/225 784/1446/225
f 784/1446/225 787/1447/225 789/1442/225
f 802/1448/282 803/1449/282 804/1450/282
f 804/1450/282 805/1451/282 802/1448/282
f 55/1452/283 806/1453/284 807/1454/285
f 807/1454/285 56/1455/286 55/1452/283
f 56/1455/286 807/1454/285 808/1456/287
f 808/1456/287 67/1457/288 56/1455/286
f 67/1457/288 808/1456/287 809/1458/289
f 809/1458/289 68/1459/290 67/1457/288
f 68/1459/290 809/1458/289 810/1460/291
f 810/1460/291 69/1461/292 68/1459/290
f 69/1461/292 810/1460/291 811/1462/293
f 811/1462/293 63/1463/294 69/1461/292
f 63/1463/294 811/1462/293 812/1464/295
f 812/1464/295 49/1465/296 63/1463/294
f 48/1466/297 813/1467/297 814/1468/298
f 814/1468/298 66/1469/298 48/1466/297
f 66/1470/299 814/1471/299 815/1472/299
f 815/1472/299 65/1473/299 66/1470/299
f 65/1474/300 815/1475/300 816/1476/300
f 816/1476/300 64/1477/300 65/1474/300
f 817/1478/5 818/1479/18 819/1480/17
f 817/1478/5 820/1481/5 818/1479/18
f 820/1481/5 821/1482/5 818/1479/18
f 822/1483/5 823/1484/5 824/1485/5
f 819/1480/17 822/1483/5 824/1485/5
f 819/1480/17 824/1485/5 825/1486/5
f 817/1478/5 819/1480/17 825/1486/5
f 826/1487/5 817/1478/5 825/1486/5
f 826/1487/5 827/1488/5 817/1478/5
f 826/1487/5 828/1489/5 827/1488/5
f 828/1489/5 829/1490/301 827/1488/5
f 829/1490/301 830/1491/5 827/1488/5
f 829/1490/301 831/1492/5 830/1491/5
f 831/1492/5 832/1493/5 830/1491/5
f 826/1487/5 825/1486/5 833/1494/5
f 830/1491/5 834/1495/5 827/1488/5
f 834/1495/5 835/1496/5 827/1488/5
f 835/1496/5 836/1497/5 827/1488/5
f 824/1485/5 837/1498/21 825/1486/5
f 837/1498/21 838/1499/5 825/1486/5
f 838/1499/5 839/1500/5 825/1486/5
f 840/1501/5 841/1502/5 828/1489/5
f 842/1503/5 840/1501/5 828/1489/5
f 826/1487/5 842/1503/5 828/1489/5
f 826/1487/5 843/1504/5 842/1503/5
f 826/1487/5 844/1505/5 843/1504/5
f 826/1487/5 845/1506/5 844/1505/5
f 844/1505/5 846/1507/5 843/1504/5
f 826/1487/5 833/1494/5 847/1508/5
f 833/1494/5 848/1509/20 847/1508/5
f 833/1494/5 849/1510/5 848/1509/20
f 849/1510/5 850/1511/5 848/1509/20
f 847/1508/5 851/1512/5 852/1513/5
f 815/1514/302 847/1508/5 852/1513/5
f 815/1514/302 826/1487/5 847/1508/5
f 815/1514/302 814/1515/5 826/1487/5
f 814/1515/5 853/1516/5 826/1487/5
f 853/1516/5 814/1515/5 813/1517/5
f 853/1516/5 813/1517/5 854/1518/5
f 813/1517/5 855/1519/5 854/1518/5
f 813/1517/5 856/1520/5 855/1519/5
f 815/1514/302 852/1513/5 857/1521/303
f 858/1522/5 859/1523/5 860/1524/5
f 859/1523/5 858/1522/5 854/1518/5
f 855/1519/5 859/1523/5 854/1518/5
f 855/1519/5 861/1525/5 859/1523/5
f 862/1526/5 863/1527/5 864/1528/5
f 865/1529/304 862/1526/5 864/1528/5
f 865/1529/304 864/1528/5 866/1530/5
f 865/1529/304 866/1530/5 867/1531/5
f 866/1530/5 868/1532/5 867/1531/5
f 868/1532/5 813/1517/5 867/1531/5
f 868/1532/5 869/1533/5 813/1517/5
f 869/1533/5 870/1534/5 813/1517/5
f 870/1534/5 856/1520/5 813/1517/5
f 865/1529/304 871/1535/305 862/1526/5
f 872/1536/5 873/1537/5 874/1538/5
f 869/1533/5 872/1536/5 874/1538/5
f 869/1533/5 874/1538/5 870/1534/5
f 874/1538/5 875/1539/5 870/1534/5
f 876/1540/5 877/1541/5 866/1530/5
f 878/1542/5 879/1543/5 876/1540/5
f 878/1542/5 876/1540/5 866/1530/5
f 880/1544/5 878/1542/5 866/1530/5
f 881/1545/5 880/1544/5 866/1530/5
f 881/1545/5 882/1546/5 880/1544/5
f 881/1545/5 883/1547/5 882/1546/5
f 884/1548/5 885/1549/306 881/1545/5
f 884/1548/5 881/1545/5 866/1530/5
f 886/1550/5 884/1548/5 866/1530/5
f 887/1551/5 888/1552/5 889/1553/5
f 887/1551/5 889/1553/5 885/1549/306
f 884/1548/5 887/1551/5 885/1549/306
f 884/1548/5 890/1554/5 887/1551/5
f 884/1548/5 891/1555/5 890/1554/5
f 884/1548/5 892/1556/5 891/1555/5
f 893/1557/5 894/1558/5 895/1559/5
f 893/1557/5 895/1559/5 886/1550/5
f 896/1560/5 893/1557/5 886/1550/5
f 897/1561/5 896/1560/5 886/1550/5
f 897/1561/5 886/1550/5 866/1530/5
f 898/1562/5 897/1561/5 866/1530/5
f 864/1528/5 898/1562/5 866/1530/5
f 864/1528/5 899/1563/12 898/1562/5
f 899/1563/12 900/1564/5 898/1562/5
f 899/1563/12 901/1565/5 900/1564/5
f 902/1566/5 903/1567/5 904/1568/5
f 902/1566/5 904/1568/5 896/1560/5
f 897/1561/5 902/1566/5 896/1560/5
f 897/1561/5 905/1569/5 902/1566/5
f 897/1561/5 906/1570/5 905/1569/5
f 897/1561/5 907/1571/5 906/1570/5
f 908/1572/40 909/1573/23 910/1574/23
f 908/1572/40 911/1575/23 909/1573/23
f 912/1576/41 913/1577/23 914/1578/23
f 912/1576/41 914/1578/23 915/1579/307
f 910/1574/23 912/1576/41 915/1579/307
f 916/1580/23 910/1574/23 915/1579/307
f 916/1580/23 908/1572/40 910/1574/23
f 916/1580/23 917/1581/23 908/1572/40
f 916/1580/23 918/1582/23 917/1581/23
f 916/1580/23 919/1583/23 918/1582/23
f 920/1584/308 916/1580/23 915/1579/307
f 920/1584/308 921/1585/23 916/1580/23
f 920/1584/308 922/1586/23 921/1585/23
f 922/1586/23 923/1587/23 921/1585/23
f 922/1586/23 924/1588/23 923/1587/23
f 920/1584/308 925/1589/23 926/1590/23
f 920/1584/308 926/1590/23 927/1591/23
f 920/1584/308 927/1591/23 922/1586/23
f 928/1592/23 929/1593/23 920/1584/23
f 928/1592/23 243/250/23 929/1593/23
f 930/1594/23 929/1593/23 243/1595/23
f 931/1596/23 932/1597/23 243/1595/23
f 932/1597/23 930/1594/23 243/1595/23
f 932/1597/23 933/1598/23 930/1594/23
f 928/1592/309 934/1599/309 935/1600/309
f 243/1595/23 936/1601/23 937/1602/23
f 243/1595/23 938/1603/23 936/1601/23
f 243/1595/23 242/249/23 938/1603/23
f 938/1603/23 939/1604/23 936/1601/23
f 940/1605/23 941/1606/23 942/1607/23
f 943/1608/23 940/1605/23 942/1607/23
f 943/1608/23 942/1607/23 944/1609/41
f 943/1608/23 944/1609/41 945/1610/23
f 946/1611/23 943/1608/23 945/1610/23
f 946/1611/23 945/1610/23 931/1596/23
f 947/1612/23 946/1611/23 931/1596/23
f 947/1612/23 931/1596/23 948/1613/23
f 931/1596/23 243/1595/23 948/1613/23
f 243/1595/23 949/1614/23 948/1613/23
f 243/1595/23 950/1615/23 949/1614/23
f 243/1595/23 951/1616/23 950/1615/23
f 952/1617/23 951/1616/23 243/1595/23
f 946/1611/23 953/1618/23 943/1608/23
f 945/1610/23 954/1619/23 931/1596/23
f 945/1610/23 955/1620/23 954/1619/23
f 955/1620/23 956/1621/23 954/1619/23
f 957/1622/23 958/1623/23 953/1618/23
f 958/1623/23 959/1624/23 953/1618/23
f 959/1624/23 960/1625/23 953/1618/23
f 961/1626/23 962/1627/23 957/1622/23
f 963/1628/42 961/1626/23 957/1622/23
f 963/1628/42 957/1622/23 953/1618/23
f 964/1629/23 963/1628/42 953/1618/23
f 946/1611/23 964/1629/23 953/1618/23
f 946/1611/23 965/1630/23 964/1629/23
f 946/1611/23 966/1631/23 965/1630/23
f 946/1611/23 967/1632/23 966/1631/23
f 967/1632/23 968/1633/23 966/1631/23
f 969/1634/23 968/1633/23 967/1632/23
f 969/1634/23 967/1632/23 970/1635/23
f 971/1636/23 969/1634/23 970/1635/23
f 972/1637/23 971/1636/23 970/1635/23
f 972/1637/23 973/1638/23 971/1636/23
f 972/1637/23 974/1639/23 973/1638/23
f 972/1637/23 975/1640/23 974/1639/23
f 976/1641/23 977/1642/23 971/1636/23
f 978/1643/23 976/1641/23 971/1636/23
f 973/1638/23 978/1643/23 971/1636/23
f 978/1643/23 979/1644/23 976/1641/23
f 980/1645/23 981/1646/23 964/1629/23
f 982/1647/23 980/1645/23 964/1629/23
f 965/1630/23 982/1647/23 964/1629/23
f 965/1630/23 983/1648/23 982/1647/23
f 965/1630/23 984/1649/23 983/1648/23
f 965/1630/23 985/1650/23 984/1649/23
f 984/1649/23 986/1651/23 983/1648/23
f 987/1652/23 988/1653/23 970/1635/23
f 988/1653/23 972/1637/23 970/1635/23
f 988/1653/23 989/1654/23 972/1637/23
f 988/1653/23 990/1655/23 989/1654/23
f 990/1655/23 991/1656/23 989/1654/23
f 990/1655/23 992/1657/23 991/1656/23
f 988/1653/23 993/1658/23 990/1655/23
f 988/1653/23 994/1659/23 993/1658/23
f 988/1653/23 995/1660/23 994/1659/23
f 996/1661/23 997/1662/23 998/1663/23
f 996/1661/23 998/1663/23 987/1652/23
f 999/1664/23 996/1661/23 987/1652/23
f 1000/1665/23 999/1664/23 987/1652/23
f 1000/1665/23 987/1652/23 970/1635/23
f 937/1602/23 1000/1665/23 970/1635/23
f 1001/1666/23 937/1602/23 970/1635/23
f 1001/1666/23 1002/1667/23 937/1602/23
f 1002/1667/23 243/1595/23 937/1602/23
f 1002/1667/23 1003/1668/23 243/1595/23
f 1003/1668/23 952/1617/23 243/1595/23
f 1000/1665/23 1004/1669/23 999/1664/23
f 1005/1670/23 1006/1671/23 1007/1672/23
f 1005/1670/23 1007/1672/23 999/1664/23
f 1004/1669/23 1005/1670/23 999/1664/23
f 1004/1669/23 1008/1673/33 1005/1670/23
f 1004/1669/23 1009/1674/23 1008/1673/33
f 1004/1669/23 1010/1675/23 1009/1674/23
f 937/1602/23 1011/1676/23 1000/1665/23
f 1011/1676/23 1012/1677/23 1000/1665/23
f 1011/1676/23 1013/1678/23 1012/1677/23
f 1014/1679/5 1015/1680/5 1016/1681/5
f 1017/1682/5 1014/1679/5 1016/1681/5
f 1017/1682/5 1016/1681/5 1018/1683/5
f 1019/1684/5 1017/1682/5 1018/1683/5
f 1019/1684/5 1018/1683/5 1020/1685/5
f 1021/1686/5 1019/1684/5 1020/1685/5
f 1022/1687/5 1021/1686/5 1020/1685/5
f 1022/1687/5 1023/1688/5 1021/1686/5
f 1024/1689/310 1025/1690/311 1026/1691/312
f 1026/1691/312 1027/1692/313 1024/1689/310
f 1028/1693/314 851/1694/225 926/1695/225
f 1028/1693/314 852/1696/225 851/1694/225
f 926/1695/225 925/1697/225 1025/1698/314
f 1028/1693/314 926/1695/225 1025/1698/314
f 1028/1693/314 1025/1698/314 1024/1699/315
f 1024/1699/315 1029/1700/315 1028/1693/314
f 1029/1701/316 1024/1702/316 1027/1703/316
f 1027/1703/316 1030/1704/316 1029/1701/316
f 855/1705/317 1031/1706/318 1032/1707/318
f 1032/1707/318 861/1708/317 855/1705/317
f 845/1709/319 826/1710/319 1033/1711/319
f 1033/1711/319 1034/1712/319 845/1709/319
f 844/1713/320 845/1714/320 1034/1715/320
f 1034/1715/320 1035/1716/320 844/1713/320
f 844/1717/225 1035/1718/225 1036/1719/225
f 1036/1719/225 846/1720/225 844/1717/225
f 846/1721/321 1036/1722/321 1037/1723/321
f 1037/1723/321 843/1724/321 846/1721/321
f 842/1725/225 843/1726/225 1037/1727/225
f 1037/1727/225 1038/1728/225 842/1725/225
f 842/1729/322 1038/1730/322 1039/1731/322
f 1039/1731/322 840/1732/322 842/1729/322
f 841/1733/225 840/1734/225 1039/1735/225
f 1039/1735/225 1040/1736/225 841/1733/225
f 841/1737/323 1040/1738/323 1041/1739/323
f 1041/1739/323 828/1740/323 841/1737/323
f 828/1741/225 1041/1742/225 1042/1743/225
f 1042/1743/225 829/1744/225 828/1741/225
f 829/1745/324 1042/1746/324 1043/1747/324
f 1043/1747/324 831/1748/324 829/1745/324
f 831/1749/225 1043/1750/225 1044/1751/225
f 1044/1751/225 832/1752/225 831/1749/225
f 830/1753/239 832/1754/239 1044/1755/239
f 1044/1755/239 1045/1756/239 830/1753/239
f 830/1757/225 1045/1758/225 1046/1759/225
f 1046/1759/225 834/1760/225 830/1757/225
f 834/1761/233 1046/1762/233 1047/1763/233
f 1047/1763/233 835/1764/233 834/1761/233
f 835/1765/225 1047/1766/225 1048/1767/225
f 1048/1767/225 836/1768/225 835/1765/225
f 836/1769/239 1048/1770/239 1049/1771/239
f 1049/1771/239 827/1772/239 836/1769/239
f 827/1773/225 1049/1774/225 915/1775/225
f 915/1775/225 817/1776/225 827/1773/225
f 817/1777/233 915/1778/233 914/1779/233
f 914/1779/233 820/1780/233 817/1777/233
f 820/1781/225 914/1782/225 913/1783/225
f 913/1783/225 821/1784/225 820/1781/225
f 821/1785/239 913/1786/239 912/1787/239
f 912/1787/239 818/1788/239 821/1785/239
f 818/1789/225 912/1790/225 910/1791/225
f 910/1791/225 819/1792/225 818/1789/225
f 819/1793/233 910/1794/233 909/1795/233
f 909/1795/233 822/1796/233 819/1793/233
f 822/1797/225 909/1798/225 911/1799/225
f 911/1799/225 823/1800/225 822/1797/225
f 824/1801/239 823/1802/239 911/1803/239
f 911/1803/239 908/1804/239 824/1801/239
f 824/1805/225 908/1806/225 917/1807/225
f 917/1807/225 837/1808/225 824/1805/225
f 838/1809/233 837/1810/233 917/1811/233
f 917/1811/233 918/1812/233 838/1809/233
f 838/1813/225 918/1814/225 919/1815/225
f 919/1815/225 839/1816/225 838/1813/225
f 839/1817/239 919/1818/239 916/1819/239
f 916/1819/239 825/1820/239 839/1817/239
f 825/1821/225 916/1822/225 921/1823/225
f 921/1823/225 833/1824/225 825/1821/225
f 833/1825/233 921/1826/233 923/1827/233
f 923/1827/233 849/1828/233 833/1825/233
f 849/1829/225 923/1830/225 924/1831/225
f 924/1831/225 850/1832/225 849/1829/225
f 848/1833/239 850/1834/239 924/1835/239
f 924/1835/239 922/1836/239 848/1833/239
f 847/1837/225 848/1838/225 922/1839/225
f 922/1839/225 927/1840/225 847/1837/225
f 847/1841/233 927/1842/233 926/1843/233
f 926/1843/233 851/1844/233 847/1841/233
f 1025/1845/325 925/1846/325 920/1847/325
f 920/1847/325 1026/1848/325 1025/1845/325
f 639/1849/326 638/1850/314 1050/1851/327
f 1051/1852/328 639/1849/326 1050/1851/327
f 1051/1852/328 1052/1853/261 639/1849/326
f 1051/1852/328 1053/1854/225 1052/1853/261
f 1051/1852/328 1054/1855/225 1053/1854/225
f 1051/1852/328 1055/1856/329 1054/1855/225
f 1051/1852/328 1056/1857/330 1055/1856/329
f 1056/1857/330 1057/1858/331 1055/1856/329
f 638/1859/23 637/1860/23 1058/1861/23
f 1059/1862/23 638/1859/23 1058/1861/23
f 1059/1862/23 1050/1863/23 638/1859/23
f 1059/1862/23 1051/1864/23 1050/1863/23
f 1059/1862/23 1056/1865/23 1051/1864/23
f 1059/1862/23 1057/1866/23 1056/1865/23
f 1059/1862/23 1060/1867/23 1057/1866/23
f 1060/1867/23 1061/1868/23 1057/1866/23
f 644/1869/332 645/1870/333 1062/1871/333
f 1063/1872/334 644/1869/332 1062/1871/333
f 1063/1872/334 1064/1873/335 644/1869/332
f 1063/1872/334 1065/1874/335 1064/1873/335
f 1063/1872/334 1066/1875/336 1065/1874/335
f 1063/1872/334 1067/1876/337 1066/1875/336
f 1063/1872/334 1068/1877/338 1067/1876/337
f 1068/1877/338 1069/1878/333 1067/1876/337
f 645/1870/261 646/1879/261 1070/1880/225
f 1071/1881/225 645/1870/261 1070/1880/225
f 1071/1881/225 1062/1871/225 645/1870/261
f 1071/1881/225 1063/1872/225 1062/1871/225
f 1071/1881/225 1068/1877/225 1063/1872/225
f 1071/1881/225 1069/1878/225 1068/1877/225
f 1071/1881/225 1072/1882/261 1069/1878/225
f 1072/1882/261 1073/1883/225 1069/1878/225
f 635/1884/339 634/1885/314 1074/1886/340
f 1075/1887/340 635/1884/339 1074/1886/340
f 1075/1887/340 1076/1888/225 635/1884/339
f 1075/1887/340 1077/1889/225 1076/1888/225
f 1075/1887/340 1078/1890/225 1077/1889/225
f 1075/1887/340 1079/1891/340 1078/1890/225
f 1075/1887/340 1080/1892/341 1079/1891/340
f 1080/1892/341 1081/1893/342 1079/1891/340
f 650/1894/343 652/1895/331 1082/1896/344
f 1083/1897/345 650/1894/343 1082/1896/344
f 1083/1897/345 1084/1898/225 650/1894/343
f 1083/1897/345 1085/1899/225 1084/1898/225
f 1083/1897/345 1086/1900/261 1085/1899/225
f 1083/1897/345 1087/1901/314 1086/1900/261
f 1083/1897/345 1088/1902/346 1087/1901/314
f 1088/1902/346 1089/1903/314 1087/1901/314
f 1090/1904/347 816/1905/348 1030/1906/349
f 1030/1906/349 1091/1907/347 1090/1904/347
f 1090/1904/347 1091/1907/347 1092/1908/350
f 1092/1908/350 1093/1909/351 1090/1904/347
f 1091/1910/225 1030/1911/225 1027/1912/225
f 1027/1912/225 1094/1913/225 1091/1910/225
f 1091/1910/225 1094/1913/225 1095/1914/225
f 1095/1914/225 1092/1915/225 1091/1910/225
f 1096/1916/225 1026/1917/225 920/1918/225
f 920/1918/225 929/1919/225 1096/1916/225
f 1096/1916/225 929/1919/225 930/1920/225
f 930/1920/225 1097/1921/225 1096/1916/225
f 1098/1922/352 1087/1923/352 1089/1924/352
f 1098/1922/352 1099/1925/352 1087/1923/352
f 1099/1925/352 1100/1926/352 1087/1923/352
f 1099/1925/352 1101/1927/352 1100/1926/352
f 1101/1927/352 1079/1928/352 1100/1926/352
f 1079/1928/352 1101/1927/352 1102/1929/352
f 1079/1928/352 1102/1929/352 1103/1930/352
f 1073/1931/352 1079/1928/352 1103/1930/352
f 1069/1932/352 1073/1931/352 1103/1930/352
f 1067/1933/352 1069/1932/352 1103/1930/352
f 1104/1934/352 1067/1933/352 1103/1930/352
f 1105/1935/352 1104/1934/352 1103/1930/352
f 1105/1935/352 1106/1936/352 1104/1934/352
f 1105/1935/352 1055/1937/352 1106/1936/352
f 1055/1937/352 1061/1938/352 1106/1936/352
f 1055/1937/352 1057/1939/352 1061/1938/352
f 1098/1922/352 1105/1935/352 1099/1925/352
f 1105/1935/352 1103/1930/352 1099/1925/352
f 1079/1928/352 1081/1940/352 1100/1926/352
f 1081/1940/352 1107/1941/352 1100/1926/352
f 635/1884/353 1070/1880/354 646/1879/333
f 635/1884/353 1077/1889/355 1070/1880/354
f 1077/1889/355 1071/1881/355 1070/1880/354
f 1072/1882/356 1071/1881/355 1077/1889/355
f 1079/1891/357 1072/1882/356 1077/1889/355
f 1079/1891/357 1073/1883/358 1072/1882/356
f 635/1884/359 1076/1888/359 1077/1889/359
f 1079/1891/360 1077/1889/360 1078/1890/360
f 1108/1942/5 1109/1943/5 1110/1944/5
f 1111/1945/5 1108/1942/5 1110/1944/5
f 1111/1945/5 1110/1944/5 1112/1946/5
f 1111/1945/5 1112/1946/5 1113/1947/5
f 1114/1948/5 1111/1945/5 1113/1947/5
f 1114/1948/5 1113/1947/5 1115/1949/5
f 1116/1950/5 1114/1948/5 1115/1949/5
f 1116/1950/5 1117/1951/5 1114/1948/5
f 1118/1952/361 1119/1953/361 1120/1954/361
f 1120/1954/361 1121/1955/361 1118/1952/361
f 1122/1956/362 1123/1957/362 1124/1958/362
f 1124/1958/362 1125/1959/362 1122/1956/362
f 1126/1960/363 1127/1961/363 1128/1962/363
f 1128/1962/363 1129/1963/363 1126/1960/363
f 1127/1964/364 1130/1965/365 1131/1966/365
f 1131/1966/365 1128/1967/364 1127/1964/364
f 1132/1968/366 1133/1969/367 1134/1970/367
f 1134/1970/367 1135/1971/368 1132/1968/366
f 1130/1972/369 1132/1968/366 1135/1971/368
f 1135/1971/368 1131/1973/369 1130/1972/369
f 1136/1974/370 1137/1975/370 1138/1976/370
f 1138/1976/370 1139/1977/370 1136/1974/370
f 1137/1978/371 1140/1979/371 1141/1980/371
f 1141/1980/371 1138/1981/371 1137/1978/371
f 1140/1982/372 1142/1983/372 1143/1984/372
f 1143/1984/372 1141/1985/372 1140/1982/372
f 1142/1986/373 1144/1987/373 1145/1988/373
f 1145/1988/373 1143/1989/373 1142/1986/373
f 1144/1990/374 1146/1991/375 1147/1992/375
f 1147/1992/375 1145/1993/374 1144/1990/374
f 1148/1994/225 1131/1995/225 1135/1996/225
f 1134/1997/225 1148/1994/225 1135/1996/225
f 1134/1997/225 1149/1998/225 1148/1994/225
f 1150/1999/225 1151/2000/225 1152/2001/225
f 1153/2002/225 1152/2001/225 1151/2000/225
f 1154/2003/225 1153/2002/225 1151/2000/225
f 1154/2003/376 1155/2004/376 1153/2002/376
f 1156/2005/225 1155/2004/225 1154/2003/225
f 1154/2003/225 1157/2006/225 1156/2005/225
f 1158/2007/225 1156/2005/225 1157/2006/225
f 1157/2006/225 1159/2008/225 1158/2007/225
f 1160/2009/225 1158/2007/225 1159/2008/225
f 1159/2008/225 1161/2010/225 1160/2009/225
f 1160/2009/225 1161/2010/225 1129/2011/225
f 1129/2011/225 1147/2012/225 1160/2009/225
f 1147/2012/225 1129/2011/225 1128/2013/225
f 1128/2013/225 1145/2014/225 1147/2012/225
f 1145/2014/225 1128/2013/225 1131/1995/225
f 1131/1995/225 1143/2015/225 1145/2014/225
f 1141/2016/377 1143/2015/377 1131/1995/377
f 1148/1994/225 1141/2016/225 1131/1995/225
f 1162/2017/225 1151/2000/225 1163/2018/225
f 1162/2017/225 1164/2019/225 1151/2000/225
f 1164/2019/225 1154/2003/225 1151/2000/225
f 1138/2020/225 1141/2016/225 1165/2021/225
f 1165/2021/225 1139/2022/225 1138/2020/225
f 1148/1994/225 1165/2021/225 1141/2016/225
f 1166/2023/225 1165/2021/225 1148/1994/225
f 1166/2023/225 1139/2022/225 1165/2021/225
f 1166/2023/225 1167/2024/225 1139/2022/225
f 1166/2023/225 1168/2025/225 1167/2024/225
f 1150/1999/225 1167/2024/225 1168/2025/225
f 1150/1999/225 1169/2026/225 1167/2024/225
f 1150/1999/225 1152/2001/225 1169/2026/225
f 1170/2027/225 1169/2026/225 1152/2001/225
f 1152/2001/225 1153/2002/225 1170/2027/225
f 1171/2028/5 1172/2029/5 1173/2030/5
f 1174/2031/5 1175/2032/5 1171/2028/5
f 1176/2033/5 1174/2031/5 1171/2028/5
f 1176/2033/5 1171/2028/5 1173/2030/5
f 1177/2034/5 1176/2033/5 1173/2030/5
f 1178/2035/5 1177/2034/5 1173/2030/5
f 1178/2035/5 1179/2036/5 1177/2034/5
f 1178/2035/5 1180/2037/5 1179/2036/5
f 1179/2036/5 1181/2038/5 1177/2034/5
f 1181/2038/5 1182/2039/5 1177/2034/5
f 395/2040/5 393/2041/5 391/2042/5
f 397/2043/5 395/2040/5 391/2042/5
f 401/2044/5 399/2045/5 397/2043/5
f 389/2046/5 388/2047/5 413/2048/5
f 391/2042/5 389/2046/5 413/2048/5
f 391/2042/5 413/2048/5 407/2049/5
f 397/2043/5 391/2042/5 407/2049/5
f 405/2050/5 397/2043/5 407/2049/5
f 405/2050/5 401/2044/5 397/2043/5
f 405/2050/5 403/2051/5 401/2044/5
f 413/2048/5 411/2052/5 407/2049/5
f 411/2052/5 409/2053/5 407/2049/5
f 419/2054/5 417/2055/5 433/2056/5
f 417/2055/5 416/2057/5 433/2056/5
f 433/2056/5 431/2058/5 429/2059/5
f 419/2054/5 433/2056/5 429/2059/5
f 419/2054/5 429/2059/5 427/2060/5
f 421/2061/5 419/2054/5 427/2060/5
f 425/2062/5 421/2061/5 427/2060/5
f 425/2062/5 423/2063/5 421/2061/5
f 1183/2064/378 1124/1958/379 1123/1957/379
f 1123/1957/379 1184/2065/378 1183/2064/378
f 1183/2064/378 1184/2065/378 1185/2066/380
f 1185/2066/380 1186/2067/380 1183/2064/378
f 1160/2068/239 1147/2069/381 1146/2070/381
f 1146/2070/381 1187/2071/239 1160/2068/239
f 1160/2068/239 1187/2071/239 1188/2072/382
f 1188/2072/382 1158/2073/382 1160/2068/239
f 1189/2074/225 1119/2075/225 1118/2076/225
f 1118/2076/225 1190/2077/225 1189/2074/225
f 1189/2074/225 1190/2077/225 1191/2078/225
f 1191/2078/225 1192/2079/225 1189/2074/225
f 1168/2080/233 1166/2081/233 1193/2082/233
f 1193/2082/233 1194/2083/233 1168/2080/233
f 1168/2080/233 1194/2083/233 1195/2084/233
f 1195/2084/233 1150/2085/233 1168/2080/233
f 1196/2086/23 1197/2087/23 1198/2088/23
f 1196/2086/23 1198/2088/23 1199/2089/23
f 1200/2090/23 1196/2086/23 1199/2089/23
f 1201/2091/23 1200/2090/23 1199/2089/23
f 1202/2092/23 1201/2091/23 1199/2089/23
f 1202/2092/23 1203/2093/23 1201/2091/23
f 1202/2092/23 1204/2094/23 1203/2093/23
f 1201/2091/23 1205/2095/23 1200/2090/23
f 1199/2096/23 1198/2088/23 1206/2097/23
f 1198/2088/23 1207/2098/23 1206/2097/23
f 1198/2088/23 1208/2099/23 1207/2098/23
f 1198/2088/23 1209/2100/23 1208/2099/23
f 1207/2098/23 1210/2101/23 1206/2097/23
f 1206/2097/23 1211/2102/23 1212/2103/23
f 1199/2096/23 1206/2097/23 1212/2103/23
f 1213/2104/23 1199/2096/23 1212/2103/23
f 1213/2104/23 1214/2105/23 1199/2096/23
f 1215/2106/23 1216/2107/23 1217/2108/23
f 1199/2089/23 1215/2106/23 1217/2108/23
f 1199/2089/23 1218/2109/23 1215/2106/23
f 1199/2089/23 1219/2110/23 1218/2109/23
f 1199/2089/23 1220/2111/23 1219/2110/23
f 1220/2111/23 1221/2112/23 1219/2110/23
f 1220/2111/23 1222/2113/23 1221/2112/23
f 1222/2113/23 1220/2111/23 1199/2096/23
f 1223/2114/23 1222/2113/23 1199/2096/23
f 1214/2105/23 1223/2114/23 1199/2096/23
f 1214/2105/23 1224/2115/23 1223/2114/23
f 1219/2110/23 1225/2116/23 1218/2109/23
f 1226/2117/23 1227/2118/23 1222/2113/23
f 1228/2119/23 1226/2117/23 1222/2113/23
f 1223/2114/23 1228/2119/23 1222/2113/23
f 1223/2114/23 1229/2120/23 1228/2119/23
f 1230/2121/23 1231/2122/23 1232/2123/23
f 1230/2121/23 1217/2108/23 1231/2122/23
f 1230/2121/23 1199/2089/23 1217/2108/23
f 1230/2121/23 1233/2124/23 1199/2125/23
f 1234/2126/23 1235/2127/23 1236/2128/23
f 1237/2129/23 1234/2126/23 1236/2128/23
f 1199/2125/23 1237/2129/23 1236/2128/23
f 1238/2130/23 1237/2129/23 1199/2125/23
f 1233/2124/23 1238/2130/23 1199/2125/23
f 1233/2124/23 1239/2131/23 1238/2130/23
f 1237/2129/23 1240/2132/23 1234/2126/23
f 1237/2129/23 1241/2133/23 1240/2132/23
f 1236/2128/23 1242/2134/23 1243/2135/23
f 1199/2125/23 1236/2128/23 1243/2135/23
f 1202/2092/23 1199/2125/23 1243/2135/23
f 1244/2136/23 1245/2137/23 1237/2129/23
f 1246/2138/23 1244/2136/23 1237/2129/23
f 1238/2130/23 1246/2138/23 1237/2129/23
f 1238/2130/23 1247/2139/23 1246/2138/23
f 453/2140/5 451/2141/5 449/2142/5
f 455/2143/5 453/2140/5 449/2142/5
f 455/2143/5 449/2142/5 447/2144/5
f 455/2143/5 447/2144/5 445/2145/5
f 457/2146/5 455/2143/5 445/2145/5
f 457/2146/5 445/2145/5 443/2147/5
f 441/2148/5 457/2146/5 443/2147/5
f 441/2148/5 440/2149/5 457/2146/5
f 1248/2150/383 1249/2151/383 1191/2152/383
f 1191/2152/383 1190/2153/383 1248/2150/383
f 1248/2150/383 1190/2153/383 1118/2154/383
f 1118/2154/383 1121/2155/383 1248/2150/383
f 475/2156/5 473/2157/5 471/2158/5
f 477/2159/5 475/2156/5 471/2158/5
f 477/2159/5 471/2158/5 469/2160/5
f 460/2161/5 477/2159/5 469/2160/5
f 460/2161/5 469/2160/5 467/2162/5
f 461/2163/5 460/2161/5 467/2162/5
f 465/2164/5 461/2163/5 467/2162/5
f 465/2164/5 463/2165/5 461/2163/5
f 1191/2166/384 1249/2167/384 1250/2168/385
f 1250/2168/385 1192/2169/385 1191/2166/384
f 1251/2170/386 1252/2171/386 1186/2067/387
f 1186/2067/387 1185/2066/387 1251/2170/386
f 1161/2172/388 1159/2173/389 1253/2174/389
f 1253/2174/389 1254/2175/388 1161/2172/388
f 1161/2172/388 1254/2175/388 1126/2176/390
f 1126/2176/390 1129/2177/390 1161/2172/388
f 493/2178/5 491/2179/5 489/2180/5
f 495/2181/5 493/2178/5 489/2180/5
f 495/2181/5 489/2180/5 487/2182/5
f 495/2181/5 487/2182/5 485/2183/5
f 497/2184/5 495/2181/5 485/2183/5
f 497/2184/5 485/2183/5 483/2185/5
f 481/2186/5 497/2184/5 483/2185/5
f 481/2186/5 480/2187/5 497/2184/5
f 1253/2188/391 1159/2189/391 1157/2190/391
f 1157/2190/391 1255/2191/391 1253/2188/391
f 1255/2192/392 1157/2193/392 1154/2194/393
f 1154/2194/393 1256/2195/393 1255/2192/392
f 1167/2196/233 1169/2197/233 1257/2198/233
f 1257/2198/233 1258/2199/233 1167/2196/233
f 1167/2196/233 1258/2199/233 1136/2200/233
f 1136/2200/233 1139/2201/233 1167/2196/233
f 537/2202/5 535/2203/5 533/2204/5
f 517/2205/5 516/2206/5 537/2202/5
f 519/2207/5 517/2205/5 537/2202/5
f 519/2207/5 537/2202/5 533/2204/5
f 521/2208/5 519/2207/5 533/2204/5
f 531/2209/5 521/2208/5 533/2204/5
f 531/2209/5 527/2210/5 521/2208/5
f 531/2209/5 529/2211/5 527/2210/5
f 527/2210/5 525/2212/5 521/2208/5
f 525/2212/5 523/2213/5 521/2208/5
f 1259/2214/5 1260/2215/5 1261/2216/5
f 1262/2217/5 1259/2214/5 1261/2216/5
f 1263/2218/5 1264/2219/5 1262/2217/5
f 1265/2220/5 1266/2221/5 1267/2222/5
f 1261/2216/5 1265/2220/5 1267/2222/5
f 1261/2216/5 1267/2222/5 1268/2223/5
f 1262/2217/5 1261/2216/5 1268/2223/5
f 1269/2224/5 1262/2217/5 1268/2223/5
f 1269/2224/5 1263/2218/5 1262/2217/5
f 1269/2224/5 1270/2225/5 1263/2218/5
f 1267/2222/5 1271/2226/5 1268/2223/5
f 1271/2226/5 1272/2227/5 1268/2223/5
f 1273/2228/5 1274/2229/5 1275/2230/5
f 1274/2229/5 1276/2231/5 1275/2230/5
f 1275/2230/5 1277/2232/5 1278/2233/5
f 1273/2228/5 1275/2230/5 1278/2233/5
f 1273/2228/5 1278/2233/5 1279/2234/5
f 1280/2235/5 1273/2228/5 1279/2234/5
f 1281/2236/5 1280/2235/5 1279/2234/5
f 1281/2236/5 1282/2237/5 1280/2235/5
f 1257/2238/394 1169/2239/394 1170/2240/394
f 1170/2240/394 1283/2241/394 1257/2238/394
f 1283/2242/395 1170/2243/395 1153/2244/395
f 1153/2244/395 1284/2245/395 1283/2242/395
f 1284/2246/396 1153/2247/396 1155/2248/396
f 1155/2248/396 1285/2249/396 1284/2246/396
f 1285/2250/397 1155/2251/397 1156/2252/397
f 1156/2252/397 1286/2253/397 1285/2250/397
f 1286/2254/398 1156/2255/398 1158/2256/398
f 1158/2256/398 1188/2257/399 1286/2254/398
f 1186/2258/225 1252/2259/225 1250/2260/225
f 1250/2260/225 1249/2261/225 1186/2258/225
f 1183/2262/225 1186/2258/225 1249/2261/225
f 1249/2261/225 1248/2263/225 1183/2262/225
f 1183/2262/225 1248/2263/225 1121/2264/225
f 1121/2264/225 1124/2265/225 1183/2262/225
f 1124/2265/225 1121/2264/225 1120/2266/225
f 1120/2266/225 1125/2267/225 1124/2265/225
f 1287/2268/5 1288/2269/5 1289/2270/5
f 1290/2271/5 1287/2268/5 1289/2270/5
f 1290/2271/5 1289/2270/5 1291/2272/5
f 1290/2271/5 1291/2272/5 1292/2273/5
f 1293/2274/5 1290/2271/5 1292/2273/5
f 1293/2274/5 1292/2273/5 1294/2275/5
f 1295/2276/5 1293/2274/5 1294/2275/5
f 1295/2276/5 1296/2277/5 1293/2274/5
f 1137/2278/225 1136/2279/225 1258/2280/225
f 1142/2281/225 1137/2278/225 1258/2280/225
f 1142/2281/225 1140/2282/225 1137/2278/225
f 1188/2283/225 1285/2284/225 1286/2285/225
f 1188/2283/225 1258/2280/225 1285/2284/225
f 1188/2283/225 1187/2286/225 1258/2280/225
f 1146/2287/225 1258/2280/225 1187/2286/225
f 1146/2287/225 1142/2281/225 1258/2280/225
f 1146/2287/225 1144/2288/225 1142/2281/225
f 1258/2280/225 1257/2289/225 1283/2290/225
f 1258/2280/225 1283/2290/225 1285/2284/225
f 1283/2290/225 1284/2291/225 1285/2284/225
f 1297/2292/5 1298/2293/5 1299/2294/5
f 1300/2295/5 1297/2292/5 1299/2294/5
f 1300/2295/5 1299/2294/5 1301/2296/5
f 1302/2297/5 1300/2295/5 1301/2296/5
f 1302/2297/5 1301/2296/5 1303/2298/5
f 1304/2299/5 1302/2297/5 1303/2298/5
f 1305/2300/5 1304/2299/5 1303/2298/5
f 1305/2300/5 1306/2301/5 1304/2299/5
f 1307/2302/400 1308/2303/401 1309/2304/401
f 1309/2304/401 1310/2305/400 1307/2302/400
f 1307/2302/400 1310/2305/400 1311/2306/402
f 1311/2306/402 1312/2307/402 1307/2302/400
f 1313/2308/5 1314/2309/5 1315/2310/20
f 1316/2311/5 1313/2308/5 1315/2310/20
f 1316/2311/5 1315/2310/20 1317/2312/5
f 1316/2311/5 1317/2312/5 1318/2313/5
f 1319/2314/5 1316/2311/5 1318/2313/5
f 1319/2314/5 1318/2313/5 1320/2315/5
f 1321/2316/5 1319/2314/5 1320/2315/5
f 1321/2316/5 1322/2317/5 1319/2314/5
f 1309/2318/403 1323/2319/404 1324/2320/405
f 1324/2320/405 1195/2321/406 1309/2318/403
f 1310/2322/225 1309/2318/403 1195/2321/406
f 1195/2321/406 1194/2323/225 1310/2322/225
f 1310/2322/225 1194/2323/225 1193/2324/407
f 1193/2324/407 1311/2325/408 1310/2322/225
f 1311/2325/408 1193/2324/407 1325/2326/409
f 1325/2326/409 1326/2327/410 1311/2325/408
f 1327/2328/5 1328/2329/5 1329/2330/5
f 1330/2331/5 1331/2332/5 1327/2328/5
f 1332/2333/5 1330/2331/5 1327/2328/5
f 1332/2333/5 1327/2328/5 1329/2330/5
f 1333/2334/5 1332/2333/5 1329/2330/5
f 1334/2335/5 1333/2334/5 1329/2330/5
f 1334/2335/5 1335/2336/5 1333/2334/5
f 1334/2335/5 1336/2337/5 1335/2336/5
f 1335/2336/5 1337/2338/5 1333/2334/5
f 1337/2338/5 1338/2339/5 1333/2334/5
f 1339/2340/261 796/2341/225 799/2342/225
f 799/2342/225 801/2343/225 1340/2344/261
f 1339/2340/261 799/2342/225 1340/2344/261
f 1341/2345/261 1339/2340/261 1340/2344/261
f 1341/2345/261 1342/2346/411 1339/2340/261
f 1341/2345/261 1343/2347/261 1342/2346/411
f 1341/2345/261 1344/2348/225 1343/2347/261
f 1344/2348/225 1345/2349/225 1343/2347/261
f 1344/2348/225 1346/2350/225 1345/2349/225
f 1345/2349/225 1347/2351/225 1343/2347/261
f 1240/2352/225 1241/2353/225 1348/2354/225
f 1348/2354/225 1308/2355/225 1240/2352/225
f 1240/2352/225 1308/2355/225 1234/2356/225
f 1308/2355/225 1349/2357/412 1234/2356/225
f 1308/2355/225 1307/2358/225 1349/2357/412
f 1349/2357/412 1307/2358/225 1312/2359/413
f 1350/2360/414 1349/2357/412 1312/2359/413
f 1351/2361/415 1350/2360/414 1312/2359/413
f 1351/2361/415 1312/2359/413 1352/2362/416
f 1352/2362/416 1353/2363/417 1351/2361/415
f 666/2364/418 665/2365/418 1354/2366/419
f 1354/2366/419 679/2367/420 666/2364/418
f 679/2367/420 1354/2366/419 1355/2368/421
f 1355/2368/421 681/2369/421 679/2367/420
f 1356/2370/422 1357/2371/423 1358/2372/424
f 1358/2372/424 1359/2373/425 1356/2370/422
f 1202/2374/225 1243/2375/426 1356/2370/422
f 1356/2370/422 1359/2373/425 1202/2374/225
f 1202/2374/225 1359/2373/425 1360/2376/427
f 1360/2376/427 1359/2373/425 1358/2372/424
f 1358/2372/424 1361/2377/428 1360/2376/427
f 1360/2376/427 1204/2378/429 1202/2374/225
f 1362/2379/430 1363/2380/430 1364/2381/430
f 1364/2381/430 1365/2382/430 1362/2379/430
f 1363/2383/431 1366/2384/432 1367/2385/431
f 1367/2385/431 1364/2386/431 1363/2383/431
f 1366/2387/433 1368/2388/433 1369/2389/433
f 1369/2389/433 1367/2390/433 1366/2387/433
f 1368/2391/434 1370/2392/434 1371/2393/434
f 1371/2393/434 1369/2394/434 1368/2391/434
f 1370/2395/23 1372/2396/23 1373/2397/23
f 1373/2397/23 1371/2398/23 1370/2395/23
f 1372/2399/233 1362/2400/233 1365/2401/233
f 1365/2401/233 1373/2402/233 1372/2399/233
f 1374/2403/435 1375/2404/435 1376/2405/435
f 1376/2405/435 1377/2406/435 1374/2403/435
f 1375/2407/436 1378/2408/436 1379/2409/436
f 1379/2409/436 1376/2410/436 1375/2407/436
f 1378/2411/437 1380/2412/437 1381/2413/437
f 1381/2413/437 1379/2414/437 1378/2411/437
f 1380/2415/438 1382/2416/438 1383/2417/438
f 1383/2417/438 1381/2418/438 1380/2415/438
f 1382/2419/233 1384/2420/233 1385/2421/233
f 1385/2421/233 1383/2422/233 1382/2419/233
f 1384/2423/5 1374/2424/5 1377/2425/5
f 1377/2425/5 1385/2426/5 1384/2423/5
f 1343/2427/439 1347/2428/439 1386/2429/439
f 1386/2429/439 1387/2430/439 1343/2427/439
f 1343/2427/439 1387/2430/439 1388/2431/23
f 1388/2431/23 1342/2432/23 1343/2427/439
f 1339/2433/440 1342/2432/23 1388/2431/23
f 1388/2431/23 1389/2434/440 1339/2433/440
f 1339/2433/440 1389/2434/440 797/2435/440
f 797/2435/440 796/2436/440 1339/2433/440
f 705/2437/441 759/2438/442 1390/2439/443
f 759/2438/442 1391/2440/444 1390/2439/443
f 705/2437/441 704/2441/445 759/2438/442
f 1347/2442/446 1345/2443/446 1392/2444/446
f 1392/2444/446 1386/2445/446 1347/2442/446
f 1345/2443/447 1346/2446/447 1393/2447/447
f 1393/2447/447 1392/2444/447 1345/2443/447
f 1383/2448/225 1365/2449/225 1364/2450/225
f 1364/2450/225 1381/2451/225 1383/2448/225
f 804/2452/225 792/2453/225 782/2454/225
f 804/2452/225 794/2455/225 792/2453/225
f 1394/2456/225 794/2455/225 804/2452/225
f 1394/2456/225 785/2457/225 794/2455/225
f 1394/2456/225 1395/2458/225 785/2457/225
f 785/2457/225 1395/2458/225 1396/2459/225
f 1396/2459/225 1395/2458/225 1377/2460/225
f 1377/2460/225 1376/2461/225 1396/2459/225
f 1396/2459/225 1376/2461/225 1397/2462/225
f 1397/2462/225 1376/2461/225 1379/2463/225
f 1379/2463/225 1393/2464/225 1397/2462/225
f 1393/2464/225 1379/2463/225 1381/2451/225
f 1381/2451/225 1392/2465/225 1393/2464/225
f 1381/2451/225 1364/2450/225 1392/2465/225
f 1392/2465/225 1364/2450/225 1367/2466/225
f 1367/2466/225 1386/2467/225 1392/2465/225
f 1386/2467/225 1367/2466/225 1369/2468/225
f 1369/2468/225 1387/2469/261 1386/2467/225
f 1396/2459/225 786/2470/225 785/2457/225
f 1394/2456/225 1377/2460/225 1395/2458/225
f 1394/2456/225 1385/2471/225 1377/2460/225
f 1394/2456/225 1398/2472/225 1385/2471/225
f 1398/2472/225 1383/2448/261 1385/2471/225
f 1398/2472/225 1373/2473/225 1383/2448/261
f 1398/2472/225 1399/2474/225 1373/2473/225
f 1399/2474/225 1371/2475/448 1373/2473/225
f 1399/2474/225 1400/2476/225 1371/2475/448
f 1369/2468/225 1371/2475/448 1400/2476/225
f 1400/2476/225 1401/2477/225 1369/2468/225
f 1387/2469/261 1369/2468/225 1401/2477/225
f 1401/2477/225 1402/2478/225 1387/2469/261
f 1387/2469/261 1402/2478/225 1388/2479/448
f 1389/2480/448 1388/2479/448 1402/2478/225
f 1389/2480/448 1402/2478/225 1401/2477/225
f 1401/2477/225 778/2481/225 1389/2480/448
f 778/2481/225 1401/2477/225 1400/2476/225
f 1400/2476/225 780/2482/341 778/2481/225
f 805/2483/225 780/2482/341 1400/2476/225
f 805/2483/225 782/2454/225 780/2482/341
f 804/2452/225 782/2454/225 805/2483/225
f 1399/2474/225 1403/2484/225 1400/2476/225
f 805/2483/225 1400/2476/225 1403/2484/225
f 1404/2485/225 1397/2462/225 1405/2486/225
f 1397/2462/225 1404/2485/225 1396/2459/225
f 1396/2459/225 1404/2485/225 1406/2487/225
f 1406/2487/225 786/2470/225 1396/2459/225
f 788/2488/225 786/2470/225 1406/2487/225
f 1406/2487/225 800/2489/225 788/2488/225
f 790/2490/225 788/2488/225 800/2489/225
f 800/2489/225 798/2491/225 790/2490/225
f 790/2490/225 798/2491/225 774/2492/225
f 776/2493/225 774/2492/225 798/2491/225
f 798/2491/225 797/2494/225 776/2493/225
f 778/2481/225 776/2493/225 797/2494/225
f 797/2494/225 1389/2480/448 778/2481/225
f 1404/2485/225 1405/2486/225 1406/2487/225
f 774/2492/225 773/2495/225 792/2453/225
f 792/2453/225 790/2490/225 774/2492/225
f 1366/2496/225 1363/2497/225 1362/2498/225
f 1362/2498/225 1372/2499/225 1366/2496/225
f 1366/2496/225 1372/2499/225 1370/2500/225
f 1370/2500/225 1368/2501/225 1366/2496/225
f 754/2502/449 753/2503/449 1407/2504/449
f 1378/2505/225 1375/2506/225 1374/2507/225
f 1374/2507/225 1384/2508/225 1378/2505/225
f 1378/2505/225 1384/2508/225 1382/2509/225
f 1382/2509/225 1380/2510/225 1378/2505/225
f 1407/2504/450 758/2511/450 754/2502/450
f 1408/2512/451 1399/2513/451 1398/2514/451
f 1398/2514/451 1409/2515/451 1408/2512/451
f 41/2516/452 42/2517/453 1410/2518/454
f 1410/2518/454 1411/2519/455 41/2516/452
f 42/2517/453 58/2520/456 1412/2521/456
f 1412/2521/456 1410/2518/454 42/2517/453
f 58/2520/457 59/2522/457 1413/2523/457
f 1413/2523/457 1412/2521/457 58/2520/457
f 59/2522/458 60/2524/458 1414/2525/458
f 1414/2525/458 1413/2523/458 59/2522/458
f 60/2524/459 35/2526/459 1415/2527/459
f 1415/2527/459 1414/2525/459 60/2524/459
f 33/2528/65 47/2529/460 1416/2530/460
f 1416/2530/460 1417/2531/65 33/2528/65
f 47/2532/299 46/2533/299 1418/2534/299
f 1418/2534/299 1416/2535/299 47/2532/299
f 46/2536/461 45/2537/461 1093/2538/461
f 1093/2538/461 1418/2539/461 46/2536/461
f 1419/2540/5 1420/2541/5 1421/2542/15
f 1419/2540/5 1422/2543/5 1420/2541/5
f 1423/2544/5 1424/2545/5 1425/2546/5
f 1423/2544/5 1425/2546/5 1426/2547/5
f 1423/2544/5 1426/2547/5 1419/2540/5
f 1423/2544/5 1419/2540/5 1421/2542/15
f 1423/2544/5 1421/2542/15 1427/2548/5
f 1427/2548/5 1428/2549/5 1429/2550/5
f 1427/2548/5 1429/2550/5 1430/2551/5
f 1427/2548/5 1430/2551/5 1431/2552/5
f 1423/2544/5 1427/2548/5 1431/2552/5
f 1432/2553/5 1423/2544/5 1431/2552/5
f 1433/2554/5 1434/2555/5 1431/2552/5
f 1430/2551/5 1435/2556/5 1431/2552/5
f 1435/2556/5 1433/2554/5 1431/2552/5
f 1435/2556/5 1436/2557/5 1433/2554/5
f 1437/2558/21 1438/2559/5 1439/2560/5
f 1437/2558/21 1439/2560/5 1432/2553/5
f 1440/2561/21 1437/2558/21 1432/2553/5
f 1441/2562/5 1440/2561/21 1432/2553/5
f 1441/2562/5 1432/2553/5 1431/2552/5
f 1442/2563/5 1441/2562/5 1431/2552/5
f 1443/2564/5 1442/2563/5 1431/2552/5
f 1443/2564/5 1444/2565/20 1442/2563/5
f 1444/2565/20 1445/2566/5 1442/2563/5
f 1444/2565/20 1446/2567/5 1445/2566/5
f 1447/2568/5 1448/2569/5 1449/2570/5
f 1447/2568/5 1449/2570/5 1440/2561/21
f 1441/2562/5 1447/2568/5 1440/2561/21
f 1441/2562/5 1450/2571/462 1447/2568/5
f 1441/2562/5 1451/2572/5 1450/2571/462
f 1441/2562/5 1452/2573/5 1451/2572/5
f 1453/2574/5 1454/2575/5 1443/2564/5
f 1418/2576/463 1453/2574/5 1443/2564/5
f 1418/2576/463 1443/2564/5 1431/2552/5
f 1418/2576/463 1431/2552/5 1416/2577/5
f 1431/2552/5 1455/2578/5 1416/2577/5
f 1455/2578/5 1417/2579/5 1416/2577/5
f 1455/2578/5 1456/2580/5 1417/2579/5
f 1418/2576/463 1457/2581/464 1453/2574/5
f 1458/2582/5 1417/2579/5 1459/2583/5
f 1458/2582/5 1460/2584/5 1417/2579/5
f 1461/2585/5 1462/2586/5 1463/2587/5
f 1462/2586/5 1461/2585/5 1459/2583/5
f 1464/2588/5 1462/2586/5 1459/2583/5
f 1417/2579/5 1464/2588/5 1459/2583/5
f 1417/2579/5 1465/2589/5 1464/2588/5
f 1466/2590/5 1465/2589/5 1417/2579/5
f 1456/2580/5 1466/2590/5 1417/2579/5
f 1456/2580/5 1467/2591/5 1466/2590/5
f 1456/2580/5 1468/2592/5 1467/2591/5
f 1468/2592/5 1469/2593/5 1467/2591/5
f 1467/2591/5 1470/2594/5 1466/2590/5
f 1464/2588/5 1471/2595/5 1462/2586/5
f 1472/2596/5 1473/2597/5 1474/2598/5
f 1475/2599/465 1472/2596/5 1474/2598/5
f 1475/2599/465 1476/2600/5 1472/2596/5
f 1475/2599/465 1460/2584/5 1476/2600/5
f 1460/2584/5 1458/2582/5 1476/2600/5
f 1475/2599/465 1474/2598/5 1477/2601/466
f 1478/2602/5 1479/2603/5 1480/2604/5
f 1481/2605/5 1478/2602/5 1480/2604/5
f 1476/2600/5 1481/2605/5 1480/2604/5
f 1476/2600/5 1482/2606/5 1481/2605/5
f 1476/2600/5 1483/2607/5 1482/2606/5
f 1476/2600/5 1484/2608/5 1483/2607/5
f 1483/2607/5 1485/2609/5 1482/2606/5
f 1476/2600/5 1486/2610/5 1487/2611/5
f 1476/2600/5 1480/2604/5 1486/2610/5
f 1480/2604/5 1488/2612/5 1486/2610/5
f 1488/2612/5 1489/2613/5 1486/2610/5
f 1488/2612/5 1490/2614/5 1489/2613/5
f 1490/2614/5 1491/2615/5 1489/2613/5
f 1489/2613/5 1492/2616/5 1486/2610/5
f 1492/2616/5 1493/2617/5 1486/2610/5
f 1493/2617/5 1494/2618/5 1486/2610/5
f 1495/2619/5 1496/2620/5 1497/2621/21
f 1487/2611/5 1495/2619/5 1497/2621/21
f 1487/2611/5 1497/2621/21 1498/2622/21
f 1487/2611/5 1498/2622/21 1499/2623/5
f 1476/2600/5 1487/2611/5 1499/2623/5
f 1476/2600/5 1499/2623/5 1500/2624/5
f 1476/2600/5 1500/2624/5 1472/2596/5
f 1500/2624/5 1501/2625/20 1472/2596/5
f 1500/2624/5 1502/2626/5 1501/2625/20
f 1502/2626/5 1503/2627/5 1501/2625/20
f 1504/2628/5 1505/2629/5 1499/2623/5
f 1506/2630/467 1504/2628/5 1499/2623/5
f 1507/2631/5 1506/2630/467 1499/2623/5
f 1498/2622/21 1507/2631/5 1499/2623/5
f 1498/2622/21 1508/2632/5 1507/2631/5
f 1508/2632/5 1509/2633/5 1507/2631/5
f 944/1609/41 1510/2634/56 945/1610/23
f 944/1609/41 1511/2635/23 1510/2634/56
f 1511/2635/23 1512/2636/33 1510/2634/56
f 1512/2636/33 1513/2637/23 1510/2634/56
f 1513/2637/23 1514/2638/23 1510/2634/56
f 944/1609/41 1515/2639/23 1511/2635/23
f 1515/2639/23 1516/2640/23 1511/2635/23
f 705/2641/225 1390/2642/225 1517/2643/225
f 714/2644/225 1518/2645/225 1519/2646/225
f 714/2644/225 1519/2646/225 715/2647/225
f 1519/2646/225 713/2648/225 715/2647/225
f 1519/2646/225 723/2649/225 713/2648/225
f 1519/2646/225 1520/2650/225 723/2649/225
f 721/2651/225 723/2649/225 1520/2650/225
f 1520/2650/225 719/2652/225 721/2651/225
f 701/2653/225 719/2652/225 1520/2650/225
f 701/2653/225 716/2654/225 719/2652/225
f 701/2653/225 700/2655/225 716/2654/225
f 705/2641/225 716/2654/225 700/2655/225
f 705/2641/225 668/2656/225 716/2654/225
f 705/2641/225 1517/2643/225 668/2656/225
f 669/2657/225 668/2656/225 1517/2643/225
f 1517/2643/225 671/2658/225 669/2657/225
f 671/2658/225 1517/2643/225 1390/2642/225
f 665/2659/225 671/2658/225 1390/2642/225
f 1354/2660/225 665/2659/225 1390/2642/225
f 1355/2661/225 1354/2660/225 1390/2642/225
f 1355/2661/225 1390/2642/225 1391/2662/225
f 701/2653/225 1520/2650/225 1519/2646/225
f 723/2649/468 725/2663/468 713/2648/468
f 713/2648/225 725/2663/225 727/2664/225
f 727/2664/225 712/2665/225 713/2648/225
f 712/2665/225 727/2664/225 693/2666/225
f 693/2666/225 711/2667/225 712/2665/225
f 711/2667/225 693/2666/225 692/2668/225
f 692/2668/225 710/2669/225 711/2667/225
f 662/2670/225 710/2669/225 692/2668/225
f 692/2668/225 677/2671/225 662/2670/225
f 663/2672/225 662/2670/225 677/2671/225
f 677/2671/225 675/2673/225 663/2672/225
f 665/2659/225 663/2672/225 675/2673/225
f 675/2673/225 673/2674/225 665/2659/225
f 665/2659/469 673/2674/469 671/2658/469
f 1521/2675/470 1095/2676/471 1097/2677/472
f 1097/2677/472 1522/2678/473 1521/2675/470
f 1096/2679/474 1097/2677/472 1095/2676/471
f 1095/2676/471 1094/2680/474 1096/2679/474
f 1096/2679/474 1094/2680/474 1027/1692/313
f 1027/1692/313 1026/1691/312 1096/2679/474
f 701/2681/475 760/2682/476 702/2683/477
f 1523/2684/478 1092/2685/478 1095/2686/478
f 1095/2686/478 1521/2687/478 1523/2684/478
f 1466/2688/479 1470/2689/479 1524/2690/479
f 1524/2690/479 966/2691/479 1466/2688/479
f 1434/2692/480 985/2693/480 965/2694/480
f 965/2694/480 1431/2695/480 1434/2692/480
f 1433/2696/481 984/2697/481 985/2698/481
f 985/2698/481 1434/2699/481 1433/2696/481
f 1433/2700/225 1436/2701/225 986/2702/225
f 986/2702/225 984/2703/225 1433/2700/225
f 1436/2704/482 1435/2705/482 983/2706/482
f 983/2706/482 986/2707/482 1436/2704/482
f 1430/2708/225 982/2709/225 983/2710/225
f 983/2710/225 1435/2711/225 1430/2708/225
f 1430/2712/483 1429/2713/483 980/2714/483
f 980/2714/483 982/2715/483 1430/2712/483
f 1428/2716/225 981/2717/225 980/2718/225
f 980/2718/225 1429/2719/225 1428/2716/225
f 1428/2720/484 1427/2721/484 964/2722/484
f 964/2722/484 981/2723/484 1428/2720/484
f 1427/2724/225 1421/2725/225 963/2726/225
f 963/2726/225 964/2727/225 1427/2724/225
f 1421/2728/485 1420/2729/485 961/2730/485
f 961/2730/485 963/2731/485 1421/2728/485
f 1420/2732/225 1422/2733/225 962/2734/225
f 962/2734/225 961/2735/225 1420/2732/225
f 1419/2736/233 957/2737/233 962/2738/233
f 962/2738/233 1422/2739/233 1419/2736/233
f 1419/2740/225 1426/2741/225 958/2742/225
f 958/2742/225 957/2743/225 1419/2740/225
f 1426/2744/239 1425/2745/239 959/2746/239
f 959/2746/239 958/2747/239 1426/2744/239
f 1425/2748/225 1424/2749/225 960/2750/225
f 960/2750/225 959/2751/225 1425/2748/225
f 1424/2752/233 1423/2753/233 953/2754/233
f 953/2754/233 960/2755/233 1424/2752/233
f 1423/2756/225 1432/2757/225 943/2758/225
f 943/2758/225 953/2759/225 1423/2756/225
f 1432/2760/239 1439/2761/239 940/2762/239
f 940/2762/239 943/2763/239 1432/2760/239
f 1439/2764/225 1438/2765/225 941/2766/225
f 941/2766/225 940/2767/225 1439/2764/225
f 1438/2768/233 1437/2769/233 942/2770/233
f 942/2770/233 941/2771/233 1438/2768/233
f 1437/2772/225 1440/2773/225 944/2774/225
f 944/2774/225 942/2775/225 1437/2772/225
f 1440/2776/239 1449/2777/239 1515/2778/239
f 1515/2778/239 944/2779/239 1440/2776/239
f 1449/2780/225 1448/2781/225 1516/2782/225
f 1516/2782/225 1515/2783/225 1449/2780/225
f 1447/2784/233 1511/2785/233 1516/2786/233
f 1516/2786/233 1448/2787/233 1447/2784/233
f 1447/2788/225 1450/2789/225 1512/2790/225
f 1512/2790/225 1511/2791/225 1447/2788/225
f 1451/2792/239 1513/2793/239 1512/2794/239
f 1512/2794/239 1450/2795/239 1451/2792/239
f 1451/2796/225 1452/2797/225 1514/2798/225
f 1514/2798/225 1513/2799/225 1451/2796/225
f 1452/2800/233 1441/2801/233 1510/2802/233
f 1510/2802/233 1514/2803/233 1452/2800/233
f 1441/2804/225 1442/2805/225 945/2806/225
f 945/2806/225 1510/2807/225 1441/2804/225
f 1442/2808/239 1445/2809/239 955/2810/239
f 955/2810/239 945/2811/239 1442/2808/239
f 1445/2812/225 1446/2813/225 956/2814/225
f 956/2814/225 955/2815/225 1445/2812/225
f 1444/2816/233 954/2817/233 956/2818/233
f 956/2818/233 1446/2819/233 1444/2816/233
f 1443/2820/225 931/2821/225 954/2822/225
f 954/2822/225 1444/2823/225 1443/2820/225
f 1443/2824/239 1454/2825/239 932/2826/239
f 932/2826/239 931/2827/239 1443/2824/239
f 1522/2828/486 1097/2829/486 930/2830/486
f 930/2830/486 933/2831/486 1522/2828/486
f 1525/2832/487 629/2833/487 628/2834/487
f 1525/2832/487 1526/2835/487 629/2833/487
f 1526/2835/487 1527/2836/487 629/2833/487
f 1526/2835/487 1528/2837/488 1527/2836/487
f 1528/2837/488 1529/2838/487 1527/2836/487
f 1529/2838/487 1528/2837/488 1530/2839/487
f 1529/2838/487 1530/2839/487 1531/2840/487
f 1532/2841/487 1529/2838/487 1531/2840/487
f 1533/2842/487 1532/2841/487 1531/2840/487
f 1534/2843/488 1533/2842/487 1531/2840/487
f 1535/2844/487 1534/2843/488 1531/2840/487
f 1536/2845/487 1535/2844/487 1531/2840/487
f 1536/2845/487 1537/2846/487 1535/2844/487
f 1536/2845/487 1538/2847/487 1537/2846/487
f 1538/2847/487 1539/2848/487 1537/2846/487
f 1538/2847/487 1540/2849/487 1539/2848/487
f 1525/2832/487 1536/2845/487 1526/2835/487
f 1536/2845/487 1531/2840/487 1526/2835/487
f 1529/2838/487 1541/2850/487 1527/2836/487
f 1541/2850/487 1542/2851/487 1527/2836/487
f 1543/2852/23 1544/2853/23 1531/2854/23
f 1531/2854/23 1530/2855/23 1543/2852/23
f 1545/2856/23 1543/2852/23 1546/2857/23
f 1545/2856/23 1547/2858/23 1543/2852/23
f 1547/2858/23 1544/2859/23 1543/2852/23
f 701/2681/475 1519/2860/489 760/2682/476
f 1519/2860/489 1518/2861/490 760/2682/476
f 756/2862/491 761/2863/491 1548/2864/491
f 1544/2865/492 1549/2866/65 1526/2867/208
f 1526/2867/208 1531/2868/208 1544/2865/492
f 1550/2869/493 1547/2870/494 1545/2871/493
f 1550/2869/493 1544/2865/492 1547/2870/494
f 1550/2869/493 1549/2866/65 1544/2865/492
f 1548/2864/495 757/2872/495 756/2862/495
f 1551/2873/496 1552/2874/496 1553/2875/497
f 1554/2876/498 1552/2874/496 1551/2873/496
f 1551/2873/496 1555/2877/498 1554/2876/498
f 1554/2876/498 1555/2877/498 1556/2878/499
f 1556/2878/499 1557/2879/499 1554/2876/498
f 1558/2880/500 1557/2879/499 1556/2878/499
f 1556/2878/499 1559/2881/500 1558/2880/500
f 1560/2882/299 1558/2880/299 1559/2881/299
f 1559/2881/299 1561/2883/299 1560/2882/299
f 1562/2884/501 1560/2882/501 1561/2883/501
f 1561/2883/501 1563/2885/501 1562/2884/501
f 1564/2886/502 1562/2884/502 1563/2885/502
f 1563/2885/502 1565/2887/502 1564/2886/502
f 1566/2888/503 1564/2886/504 1565/2887/504
f 1565/2887/504 1567/2889/503 1566/2888/503
f 1566/2888/503 1567/2889/503 1568/2890/505
f 1568/2890/505 1569/2891/505 1566/2888/503
f 1570/2892/506 1569/2891/505 1568/2890/505
f 1568/2890/505 1571/2893/506 1570/2892/506
f 1570/2892/506 1571/2893/506 1572/2894/507
f 1572/2894/507 1573/2895/507 1570/2892/506
f 1573/2895/508 1572/2894/508 1574/2896/508
f 1574/2896/508 1575/2897/508 1573/2895/508
f 1575/2897/509 1574/2896/509 1576/2898/509
f 1576/2898/509 1577/2899/509 1575/2897/509
f 1577/2899/1 1576/2898/1 1578/2900/1
f 1578/2900/1 1553/2875/1 1577/2899/1
f 1553/2875/497 1578/2900/497 1551/2873/496
f 1579/2901/510 1551/2902/510 1578/2903/511
f 1551/2902/510 1579/2901/510 1580/2904/512
f 1580/2904/5 1555/2905/5 1551/2902/5
f 1556/2906/5 1555/2905/5 1580/2904/5
f 1580/2904/5 1581/2907/5 1556/2906/5
f 1559/2908/5 1556/2906/5 1581/2907/5
f 1581/2907/5 1582/2909/5 1559/2908/5
f 1561/2910/5 1559/2908/5 1582/2909/5
f 1582/2909/5 1583/2911/5 1561/2910/5
f 1563/2912/5 1561/2910/5 1583/2911/5
f 1583/2911/5 1584/2913/5 1563/2912/5
f 1565/2914/5 1563/2912/5 1584/2913/5
f 1584/2913/5 1585/2915/5 1565/2914/5
f 1567/2916/5 1565/2914/5 1585/2915/5
f 1585/2915/5 1586/2917/5 1567/2916/5
f 1567/2916/5 1586/2917/5 1587/2918/5
f 1587/2918/5 1568/2919/5 1567/2916/5
f 1571/2920/5 1568/2919/5 1587/2918/5
f 1587/2918/5 1588/2921/5 1571/2920/5
f 1571/2920/5 1588/2921/5 1589/2922/5
f 1589/2922/5 1572/2923/5 1571/2920/5
f 1572/2923/5 1589/2922/5 1590/2924/5
f 1590/2924/5 1574/2925/5 1572/2923/5
f 1574/2925/5 1590/2924/5 1591/2926/5
f 1591/2926/5 1576/2927/5 1574/2925/5
f 1576/2927/5 1591/2926/5 1592/2928/513
f 1592/2928/513 1578/2903/514 1576/2927/5
f 1578/2903/514 1592/2928/513 1579/2901/515
f 1593/2929/516 1579/2930/517 1592/2931/518
f 1580/2932/519 1579/2930/517 1593/2929/516
f 1593/2929/516 1594/2933/519 1580/2932/519
f 1580/2932/519 1594/2933/519 1595/2934/520
f 1595/2934/520 1581/2935/520 1580/2932/519
f 1582/2936/521 1581/2935/520 1595/2934/520
f 1595/2934/520 1596/2937/521 1582/2936/521
f 1583/2938/225 1582/2936/225 1596/2937/225
f 1596/2937/225 1597/2939/225 1583/2938/225
f 1584/2940/522 1583/2938/522 1597/2939/522
f 1597/2939/522 1598/2941/522 1584/2940/522
f 1585/2942/523 1584/2940/523 1598/2941/523
f 1598/2941/523 1599/2943/523 1585/2942/523
f 1586/2944/524 1585/2942/525 1599/2943/525
f 1599/2943/525 1600/2945/524 1586/2944/524
f 1586/2944/524 1600/2945/524 1601/2946/526
f 1601/2946/526 1587/2947/526 1586/2944/524
f 1588/2948/527 1587/2947/526 1601/2946/526
f 1601/2946/526 1602/2949/527 1588/2948/527
f 1588/2948/527 1602/2949/527 1603/2950/528
f 1603/2950/528 1589/2951/528 1588/2948/527
f 1589/2951/529 1603/2950/529 1604/2952/529
f 1604/2952/529 1590/2953/529 1589/2951/529
f 1590/2953/530 1604/2952/530 1605/2954/530
f 1605/2954/530 1591/2955/530 1590/2953/530
f 1591/2955/65 1605/2954/65 1606/2956/65
f 1606/2956/65 1592/2931/65 1591/2955/65
f 1592/2931/518 1606/2956/518 1593/2929/516
f 1607/2957/531 656/2958/532 655/2959/532
f 655/2959/532 1608/2960/531 1607/2957/531
f 1607/2957/531 1608/2960/531 1609/2961/533
f 1609/2961/533 1610/2962/533 1607/2957/531
f 1611/2963/5 681/2964/5 1355/2965/5
f 1355/2965/5 1612/2966/5 1611/2963/5
f 1611/2963/5 1612/2966/5 1613/2967/5
f 1613/2967/5 1614/2968/5 1611/2963/5
f 1615/2969/534 1407/2970/535 1616/2971/536
f 1616/2971/536 1617/2972/537 1615/2969/534
f 1617/2972/537 1618/2973/538 1615/2969/534
f 1619/2974/539 1615/2969/534 1618/2973/538
f 1615/2969/534 1619/2974/539 1620/2975/540
f 1620/2975/540 1621/2976/541 1615/2969/534
f 1622/2977/542 1610/2978/542 1609/2979/542
f 1609/2979/542 1623/2980/542 1622/2977/542
f 1624/2981/23 1625/2982/23 1626/2983/23
f 1626/2983/23 1627/2984/23 1624/2981/23
f 1624/2981/23 1627/2984/23 658/2985/23
f 658/2985/23 657/2986/23 1624/2981/23
f 1548/2987/225 1197/2988/225 1196/2989/225
f 1196/2989/225 757/2990/225 1548/2987/225
f 1196/2989/225 1200/2991/225 757/2990/225
f 1200/2991/225 1628/2992/543 757/2990/225
f 1628/2992/543 752/2993/225 757/2990/225
f 753/2994/544 752/2993/225 1628/2992/543
f 753/2994/544 1628/2992/543 1629/2995/545
f 1630/2996/546 753/2994/544 1629/2995/545
f 1407/2997/547 753/2994/544 1630/2996/546
f 1630/2996/546 1616/2998/417 1407/2997/547
f 1625/2999/548 1631/3000/548 1632/3001/548
f 1632/3001/548 1626/3002/548 1625/2999/548
f 1633/3003/549 1634/3004/549 1635/3005/549
f 1635/3005/549 1636/3006/549 1633/3003/549
f 1634/3007/550 1637/3008/550 1638/3009/550
f 1638/3009/550 1635/3010/550 1634/3007/550
f 1639/3011/551 1614/3012/552 1613/3013/552
f 1613/3013/552 1640/3014/553 1639/3011/551
f 1637/3015/554 1639/3011/551 1640/3014/553
f 1640/3014/553 1638/3016/554 1637/3015/554
f 1641/3017/555 1642/3018/555 1643/3019/555
f 1643/3019/555 1644/3020/555 1641/3017/555
f 1642/3021/556 1645/3022/556 1646/3023/556
f 1646/3023/556 1643/3024/556 1642/3021/556
f 1645/3025/557 1647/3026/557 1648/3027/557
f 1648/3027/557 1646/3028/557 1645/3025/557
f 1647/3029/558 1649/3030/558 1650/3031/558
f 1650/3031/558 1648/3032/558 1647/3029/558
f 1649/3033/559 1651/3034/560 1652/3035/560
f 1652/3035/560 1650/3036/559 1649/3033/559
f 1627/3037/561 1626/3038/562 1609/3039/562
f 1609/3039/562 1608/3040/561 1627/3037/561
f 1627/3037/561 1608/3040/561 655/3041/563
f 655/3041/563 658/3042/563 1627/3037/561
f 1361/2377/564 1653/3043/564 1654/3044/565
f 1654/3044/565 1360/2376/565 1361/2377/564
f 1204/2378/566 1360/2376/565 1654/3044/565
f 1654/3044/565 1203/3045/566 1204/2378/566
f 1655/3046/65 1638/3047/65 1640/3048/65
f 1613/3049/65 1655/3046/65 1640/3048/65
f 1613/3049/65 1656/3050/65 1655/3046/65
f 1657/3051/65 1658/3052/65 1659/3053/65
f 1660/3054/65 1659/3053/65 1658/3052/65
f 1661/3055/65 1660/3054/65 1658/3052/65
f 1661/3055/567 1662/3056/567 1660/3054/567
f 1663/3057/65 1662/3056/65 1661/3055/65
f 1661/3055/65 1664/3058/65 1663/3057/65
f 1665/3059/65 1663/3057/65 1664/3058/65
f 1664/3058/65 1666/3060/65 1665/3059/65
f 1667/3061/65 1665/3059/65 1666/3060/65
f 1666/3060/65 1668/3062/65 1667/3061/65
f 1667/3061/65 1668/3062/65 1636/3063/65
f 1636/3063/65 1652/3064/65 1667/3061/65
f 1652/3064/65 1636/3063/65 1635/3065/65
f 1635/3065/65 1650/3066/65 1652/3064/65
f 1650/3066/65 1635/3065/65 1638/3047/65
f 1638/3047/65 1648/3067/65 1650/3066/65
f 1646/3068/1 1648/3067/1 1638/3047/1
f 1655/3046/65 1646/3068/65 1638/3047/65
f 1669/3069/65 1658/3052/65 1670/3070/65
f 1669/3069/65 1671/3071/65 1658/3052/65
f 1671/3071/65 1661/3055/65 1658/3052/65
f 1643/3072/65 1646/3068/65 1672/3073/65
f 1672/3073/65 1644/3074/65 1643/3072/65
f 1655/3046/65 1672/3073/65 1646/3068/65
f 1673/3075/65 1672/3073/65 1655/3046/65
f 1673/3075/65 1644/3074/65 1672/3073/65
f 1673/3075/65 1674/3076/65 1644/3074/65
f 1673/3075/65 1675/3077/65 1674/3076/65
f 1657/3051/65 1674/3076/65 1675/3077/65
f 1657/3051/65 1676/3078/65 1674/3076/65
f 1657/3051/65 1659/3053/65 1676/3078/65
f 1677/3079/65 1676/3078/65 1659/3053/65
f 1659/3053/65 1660/3054/65 1677/3079/65
f 1653/3080/568 1678/3081/568 1679/3082/569
f 1679/3082/569 1654/3083/569 1653/3080/568
f 1203/3084/570 1654/3083/569 1679/3082/569
f 1679/3082/569 1201/3085/570 1203/3084/570
f 1611/3086/561 1614/3087/571 1625/3088/571
f 1625/3088/571 1624/3089/561 1611/3086/561
f 1611/3086/561 1624/3089/561 657/3090/563
f 657/3090/563 681/3091/563 1611/3086/561
f 1678/3092/572 1680/3093/572 1681/3094/573
f 1681/3094/573 1679/3095/573 1678/3092/572
f 1201/3096/574 1679/3095/573 1681/3094/573
f 1681/3094/573 1205/3097/574 1201/3096/574
f 1682/3098/575 1683/3099/576 1684/3100/577
f 1684/3100/577 1685/3101/578 1682/3098/575
f 1682/3098/575 1685/3101/578 759/3102/579
f 759/3102/579 758/3103/580 1682/3098/575
f 1680/3104/581 1629/3105/581 1628/3106/582
f 1628/3106/582 1681/3107/582 1680/3104/581
f 1205/3108/583 1681/3107/582 1628/3106/582
f 1628/3106/582 1200/3109/583 1205/3108/583
f 1686/3110/561 1656/3111/562 1613/3112/562
f 1613/3112/562 1612/3113/561 1686/3110/561
f 1686/3110/561 1612/3113/561 1355/3114/563
f 1355/3114/563 1391/3115/563 1686/3110/561
f 792/2453/584 773/2495/585 782/2454/586
f 1687/3116/587 1632/3001/588 1631/3000/588
f 1631/3000/588 1688/3117/587 1687/3116/587
f 1687/3116/587 1688/3117/587 1689/3118/589
f 1689/3118/589 1690/3119/589 1687/3116/587
f 1667/3120/3 1652/3121/590 1651/3122/590
f 1651/3122/590 1691/3123/3 1667/3120/3
f 1667/3120/3 1691/3123/3 1692/3124/591
f 1692/3124/591 1665/3125/591 1667/3120/3
f 1693/3126/65 1610/3127/65 1622/3128/65
f 1622/3128/65 1694/3129/65 1693/3126/65
f 1693/3126/65 1694/3129/65 1695/3130/65
f 1695/3130/65 1696/3131/65 1693/3126/65
f 1675/3132/79 1673/3133/79 1697/3134/79
f 1697/3134/79 1698/3135/79 1675/3132/79
f 1675/3132/79 1698/3135/79 1699/3136/79
f 1699/3136/79 1657/3137/79 1675/3132/79
f 1700/3138/592 1696/3139/593 1701/3140/593
f 1701/3140/593 1702/3141/592 1700/3138/592
f 1700/3138/592 1702/3141/592 708/3142/594
f 708/3142/594 697/3143/594 1700/3138/592
f 1033/3144/595 1703/3145/23 1031/3146/596
f 1703/3145/23 1032/3147/23 1031/3146/596
f 1703/3145/23 1704/3148/23 1032/3147/23
f 1035/3149/23 1034/3150/23 1033/3144/595
f 1037/3151/23 1035/3149/23 1033/3144/595
f 1038/3152/23 1037/3151/23 1033/3144/595
f 1037/3151/23 1036/3153/23 1035/3149/23
f 1705/3154/23 1706/3155/23 1707/3156/597
f 1708/3157/23 1705/3154/23 1707/3156/597
f 1709/3158/598 1708/3157/23 1707/3156/597
f 1710/3159/599 1709/3158/598 1707/3156/597
f 1710/3159/599 1711/3160/600 1709/3158/598
f 1710/3159/599 1712/3161/601 1711/3160/600
f 1712/3161/601 1713/3162/602 1711/3160/600
f 1031/3146/596 1713/3162/602 1712/3161/601
f 1031/3146/596 1712/3161/601 1714/3163/603
f 1033/3144/595 1031/3146/596 1714/3163/603
f 1041/3164/604 1033/3144/595 1714/3163/603
f 1041/3164/604 1038/3152/23 1033/3144/595
f 1041/3164/604 1039/3165/23 1038/3152/23
f 1041/3164/604 1040/3166/23 1039/3165/23
f 1709/3158/598 1715/3167/23 1708/3157/23
f 1709/3158/598 1716/3168/23 1715/3167/23
f 1709/3158/598 1717/3169/23 1716/3168/23
f 1716/3168/23 1718/3170/23 1715/3167/23
f 1711/3160/600 1719/3171/23 1709/3158/598
f 1711/3160/600 1720/3172/23 1719/3171/23
f 1720/3172/23 1721/3173/23 1719/3171/23
f 1722/3174/23 1723/3175/23 1724/3176/23
f 1725/3177/23 1722/3174/23 1724/3176/23
f 1725/3177/23 1724/3176/23 1726/3178/605
f 1727/3179/23 1725/3177/23 1726/3178/605
f 1728/3180/606 1727/3179/23 1726/3178/605
f 1710/3159/599 1728/3180/606 1726/3178/605
f 1710/3159/599 1729/3181/607 1728/3180/606
f 1710/3159/599 1707/3156/597 1729/3181/607
f 1730/3182/23 1731/3183/23 1729/3181/607
f 1732/3184/23 1730/3182/23 1729/3181/607
f 1733/3185/23 1732/3184/23 1729/3181/607
f 1734/3186/23 1733/3185/23 1729/3181/607
f 1707/3156/597 1734/3186/23 1729/3181/607
f 1734/3186/23 1735/3187/23 1733/3185/23
f 1735/3187/23 1736/3188/23 1733/3185/23
f 1724/3176/23 1737/3189/23 1726/3178/605
f 1737/3189/23 1738/3190/23 1726/3178/605
f 1738/3190/23 1739/3191/23 1726/3178/605
f 1740/3192/608 1710/3159/608 1726/3178/608
f 1740/3192/609 1726/3178/610 1741/3193/611
f 1726/3178/610 935/1600/612 1741/3193/611
f 1726/3178/610 928/1592/613 935/1600/612
f 1726/3178/23 244/251/23 928/1592/23
f 244/251/23 243/252/23 928/1592/23
f 928/1592/614 1742/3194/615 934/1599/616
f 1743/3195/617 1742/3194/615 928/1592/614
f 1744/3196/618 1743/3195/618 928/1592/618
f 1744/3196/619 928/1592/620 920/1584/621
f 1745/3197/622 1744/3196/619 920/1584/621
f 1746/3198/623 1745/3197/622 920/1584/621
f 1746/3198/624 920/1584/624 1714/3163/624
f 920/1584/308 915/1579/307 1714/3163/603
f 915/1579/307 1049/3199/625 1714/3163/603
f 1049/3199/625 1041/3164/604 1714/3163/603
f 1049/3199/625 1042/3200/41 1041/3164/604
f 1049/3199/625 1045/3201/23 1042/3200/41
f 1045/3201/23 1043/3202/23 1042/3200/41
f 1045/3201/23 1044/3203/23 1043/3202/23
f 1049/3199/625 1046/3204/23 1045/3201/23
f 1049/3199/625 1047/3205/23 1046/3204/23
f 1049/3199/625 1048/3206/23 1047/3205/23
f 1747/3207/23 1748/3208/23 1669/3209/23
f 1669/3209/23 1749/3210/23 1747/3207/23
f 1747/3207/23 1749/3210/23 714/3211/23
f 714/3211/23 689/3212/23 1747/3207/23
f 857/3213/626 852/3214/626 1028/3215/626
f 1750/3216/561 1751/3217/562 1209/3218/562
f 1209/3218/562 1198/3219/561 1750/3216/561
f 1750/3216/561 1198/3219/561 1197/3220/563
f 1197/3220/563 1548/3221/563 1750/3216/561
f 1028/3222/627 1029/3223/628 857/1521/303
f 1752/3224/629 1753/3225/629 1695/3226/629
f 1695/3226/629 1694/3227/629 1752/3224/629
f 1752/3224/629 1694/3227/629 1622/3228/629
f 1622/3228/629 1623/3229/629 1752/3224/629
f 1030/1906/349 857/1521/303 1029/3223/628
f 1030/1906/349 815/1514/302 857/1521/303
f 1030/1906/349 816/1905/348 815/1514/302
f 1695/3230/630 1753/3231/630 1701/3232/630
f 1701/3232/630 1696/3233/630 1695/3230/630
f 1754/3234/5 688/3235/5 709/3236/5
f 709/3236/5 1755/3237/5 1754/3234/5
f 1754/3234/5 1755/3237/5 1756/3238/5
f 1756/3238/5 1757/3239/5 1754/3234/5
f 1757/3240/631 1756/3241/631 1690/3119/632
f 1690/3119/632 1689/3118/632 1757/3240/631
f 1668/3242/633 1666/3243/634 1758/3244/634
f 1758/3244/634 1759/3245/633 1668/3242/633
f 1668/3242/633 1759/3245/633 1633/3246/635
f 1633/3246/635 1636/3247/635 1668/3242/633
f 1032/3248/636 859/3249/636 861/3250/636
f 1032/3248/636 860/3251/636 859/3249/636
f 1032/3248/636 1704/3252/636 860/3251/636
f 1758/3253/637 1666/3254/637 1664/3255/637
f 1664/3255/637 1760/3256/637 1758/3253/637
f 1760/3257/638 1664/3258/638 1661/3259/638
f 1661/3259/638 1761/3260/638 1760/3257/638
f 1674/3261/79 1676/3262/79 1762/3263/79
f 1762/3263/79 1763/3264/79 1674/3261/79
f 1674/3261/79 1763/3264/79 1641/3265/79
f 1641/3265/79 1644/3266/79 1674/3261/79
f 1703/3267/639 860/3268/639 1704/3269/639
f 1703/3267/639 858/3270/639 860/3268/639
f 1703/3267/639 854/3271/639 858/3270/639
f 1762/3272/640 1676/3273/640 1677/3274/640
f 1677/3274/640 1764/3275/640 1762/3272/640
f 1764/3276/641 1677/3277/641 1660/3278/641
f 1660/3278/641 1765/3279/641 1764/3276/641
f 1765/3280/642 1660/3281/642 1662/3282/642
f 1662/3282/642 1766/3283/642 1765/3280/642
f 1766/3284/643 1662/3285/643 1663/3286/643
f 1663/3286/643 1767/3287/643 1766/3284/643
f 1767/3288/644 1663/3289/644 1665/3290/644
f 1665/3290/644 1692/3291/644 1767/3288/644
f 1690/3292/65 1756/3293/65 1701/3294/65
f 1701/3294/65 1753/3295/65 1690/3292/65
f 1687/3296/65 1690/3292/65 1753/3295/65
f 1753/3295/65 1752/3297/65 1687/3296/65
f 1687/3296/65 1752/3297/65 1623/3298/65
f 1623/3298/65 1632/3299/65 1687/3296/65
f 1632/3299/65 1623/3298/65 1609/3300/65
f 1609/3300/65 1626/3301/65 1632/3299/65
f 1703/3302/645 853/3303/645 854/3304/645
f 1703/3302/645 826/3305/645 853/3303/645
f 1703/3302/645 1033/3306/645 826/3305/645
f 1755/3307/561 709/3308/563 708/3309/563
f 708/3309/563 1702/3310/561 1755/3307/561
f 1755/3307/561 1702/3310/561 1701/3311/562
f 1701/3311/562 1756/3312/562 1755/3307/561
f 1642/3313/65 1641/3314/65 1763/3315/65
f 1647/3316/65 1642/3313/65 1763/3315/65
f 1647/3316/65 1645/3317/65 1642/3313/65
f 1692/3318/65 1766/3319/65 1767/3320/65
f 1692/3318/65 1763/3315/65 1766/3319/65
f 1692/3318/65 1691/3321/65 1763/3315/65
f 1651/3322/65 1763/3315/65 1691/3321/65
f 1651/3322/65 1647/3316/65 1763/3315/65
f 1651/3322/65 1649/3323/65 1647/3316/65
f 1763/3315/65 1762/3324/65 1764/3325/65
f 1763/3315/65 1764/3325/65 1766/3319/65
f 1764/3325/65 1765/3326/65 1766/3319/65
f 1768/3327/646 1769/3328/5 641/3329/647
f 641/3329/647 639/3330/648 1052/3331/649
f 1768/3327/648 641/3329/647 1052/3331/649
f 1053/3332/649 1768/3327/648 1052/3331/649
f 1053/3332/649 1054/3333/648 1768/3327/648
f 1054/3333/648 1105/3334/648 1768/3327/648
f 1054/3333/648 1055/3335/648 1105/3334/648
f 1105/3334/648 1770/3336/650 1768/3327/648
f 1700/3337/561 697/3338/651 696/3339/651
f 696/3339/651 1771/3340/561 1700/3337/561
f 1693/3341/571 1696/3342/571 1700/3337/561
f 1700/3337/561 1771/3340/561 1693/3341/571
f 1693/3341/571 1771/3340/561 1607/3343/561
f 1607/3343/561 1771/3340/561 696/3339/651
f 696/3339/651 656/3344/651 1607/3343/561
f 1607/3343/561 1610/3345/571 1693/3341/571
f 1747/3346/652 689/3347/653 688/3348/654
f 688/3348/654 1754/3349/561 1747/3346/652
f 1747/3346/652 1754/3349/561 1757/3350/562
f 1757/3350/562 1748/3351/562 1747/3346/652
f 1772/3352/3 1773/3353/655 1774/3354/655
f 1774/3354/655 1775/3355/3 1772/3352/3
f 1772/3352/3 1775/3355/3 1776/3356/656
f 1776/3356/656 1777/3357/656 1772/3352/3
f 1778/3358/5 1779/3359/657 649/3360/5
f 648/3361/5 1780/3362/5 649/3360/5
f 1780/3362/5 1778/3358/5 649/3360/5
f 1780/3362/5 1781/3363/5 1778/3358/5
f 1778/3358/5 1781/3363/5 1782/3364/5
f 1099/3365/5 1778/3358/5 1782/3364/5
f 1099/3365/5 1783/3366/658 1778/3358/5
f 1101/3367/5 1099/3365/5 1782/3364/5
f 1102/3368/659 1101/3369/659 1784/3370/660
f 1101/3369/659 1785/3371/661 1784/3370/660
f 1101/3369/659 1782/3372/299 1785/3371/661
f 1782/3372/299 1781/3373/299 1785/3371/661
f 1785/3371/661 1781/3373/299 1780/3374/299
f 1785/3371/661 1780/3374/299 648/3375/662
f 1786/3376/663 1785/3371/661 648/3375/662
f 647/3377/662 1786/3376/663 648/3375/662
f 1774/3378/664 1787/3379/665 1788/3380/666
f 1788/3380/666 1699/3381/667 1774/3378/664
f 1775/3382/65 1774/3378/664 1699/3381/667
f 1699/3381/667 1698/3383/65 1775/3382/65
f 1775/3382/65 1698/3383/65 1697/3384/668
f 1697/3384/668 1776/3385/669 1775/3382/65
f 1776/3385/669 1697/3384/668 1684/3386/670
f 1684/3386/670 1683/3387/671 1776/3385/669
f 1785/3388/23 1786/3389/672 647/3390/23
f 643/3391/23 1789/3392/23 647/3390/23
f 1789/3392/23 1785/3388/23 647/3390/23
f 1789/3392/23 1790/3393/23 1785/3388/23
f 1785/3388/23 1790/3393/23 1791/3394/23
f 1102/3395/23 1785/3388/23 1791/3394/23
f 1102/3395/23 1784/3396/673 1785/3388/23
f 1103/3397/23 1102/3395/23 1791/3394/23
f 1099/3398/314 1103/3399/674 1783/3400/675
f 1103/3399/674 1778/3401/676 1783/3400/675
f 1103/3399/674 1791/3402/225 1778/3401/676
f 1791/3402/225 1790/3403/261 1778/3401/676
f 1778/3401/676 1790/3403/261 1789/3404/225
f 1778/3401/676 1789/3404/225 643/3405/331
f 1779/3406/677 1778/3401/676 643/3405/331
f 649/3407/331 1779/3406/677 643/3405/331
f 1792/3408/678 761/3409/679 760/3410/680
f 760/3410/680 1793/3411/681 1792/3408/678
f 1792/3408/678 1793/3411/681 1788/3412/682
f 1788/3412/682 1787/3413/683 1792/3408/678
f 1208/3414/65 1209/3415/65 1751/3416/65
f 1751/3416/65 1773/3417/65 1208/3414/65
f 1208/3414/65 1773/3417/65 1207/3418/65
f 1773/3417/65 1794/3419/65 1207/3418/65
f 1773/3417/65 1772/3420/65 1794/3419/65
f 1794/3419/65 1772/3420/65 1777/3421/65
f 1795/3422/65 1794/3419/65 1777/3421/65
f 1796/3423/65 1795/3422/65 1777/3421/65
f 1796/3423/65 1777/3421/65 1621/3424/65
f 1621/3424/65 1620/3425/65 1796/3423/65
f 1106/3426/659 1061/3427/684 1797/3428/685
f 1061/3427/684 1798/3429/686 1797/3428/685
f 1061/3427/684 1060/3430/687 1798/3429/686
f 1060/3430/687 1059/3431/299 1798/3429/686
f 1798/3429/686 1059/3431/299 1058/3432/688
f 1798/3429/686 1058/3432/688 637/3433/689
f 1799/3434/690 1798/3429/686 637/3433/689
f 640/3435/662 1799/3434/690 637/3433/689
f 1800/3436/561 1518/3437/563 714/3438/563
f 714/3438/563 1749/3439/561 1800/3436/561
f 1800/3436/561 1749/3439/561 1669/3440/562
f 1669/3440/562 1670/3441/562 1800/3436/561
f 1801/3442/691 1802/3443/691 1803/3444/691
f 1803/3444/691 1804/3445/691 1801/3442/691
f 1802/3446/692 1805/3447/692 1806/3448/692
f 1806/3448/692 1803/3449/692 1802/3446/692
f 1805/3450/693 1807/3451/693 1808/3452/693
f 1808/3452/693 1806/3453/693 1805/3450/693
f 1807/3454/694 1809/3455/694 1810/3456/694
f 1810/3456/694 1808/3457/694 1807/3454/694
f 1809/3458/23 1811/3459/23 1812/3460/23
f 1812/3460/23 1810/3461/23 1809/3458/23
f 1811/3462/79 1801/3463/79 1804/3464/79
f 1804/3464/79 1812/3465/79 1811/3462/79
f 1813/3466/695 1814/3467/695 1815/3468/695
f 1815/3468/695 1816/3469/695 1813/3466/695
f 1814/3470/696 1817/3471/696 1818/3472/696
f 1818/3472/696 1815/3473/696 1814/3470/696
f 1817/3474/697 1819/3475/697 1820/3476/697
f 1820/3476/697 1818/3477/697 1817/3474/697
f 1819/3478/698 1821/3479/698 1822/3480/698
f 1822/3480/698 1820/3481/698 1819/3478/698
f 1821/3482/79 1823/3483/79 1824/3484/79
f 1824/3484/79 1822/3485/79 1821/3482/79
f 1823/3486/5 1813/3487/5 1816/3488/5
f 1816/3488/5 1824/3489/5 1823/3486/5
f 1825/3490/699 1826/3491/699 1827/3492/699
f 1827/3492/699 1828/3493/699 1825/3490/699
f 1826/3491/700 1829/3494/700 1830/3495/700
f 1830/3495/700 1827/3492/700 1826/3491/700
f 1805/3496/65 1802/3497/65 1801/3498/65
f 1801/3498/65 1811/3499/65 1805/3496/65
f 1805/3496/65 1811/3499/65 1809/3500/65
f 1809/3500/65 1807/3501/65 1805/3496/65
f 1798/3502/701 1799/3503/23 640/3504/702
f 642/3505/702 1831/3506/702 640/3504/702
f 1831/3506/702 1798/3502/701 640/3504/702
f 1831/3506/702 1832/3507/702 1798/3502/701
f 1798/3502/701 1832/3507/702 1833/3508/702
f 1106/3509/703 1798/3502/701 1833/3508/702
f 1106/3509/703 1797/3510/704 1798/3502/701
f 1104/3511/702 1106/3509/703 1833/3508/702
f 1067/1876/705 1104/3512/705 1066/1875/675
f 1104/3512/705 1065/1874/225 1066/1875/675
f 1104/3512/705 1833/3513/225 1065/1874/225
f 1833/3513/225 1832/3514/225 1065/1874/225
f 1065/1874/225 1832/3514/225 1831/3515/225
f 1065/1874/225 1831/3515/225 642/3516/706
f 1064/1873/674 1065/1874/225 642/3516/706
f 644/1869/706 1064/1873/674 642/3516/706
f 1817/3517/65 1814/3518/65 1813/3519/65
f 1813/3519/65 1823/3520/65 1817/3517/65
f 1817/3517/65 1823/3520/65 1821/3521/65
f 1821/3521/65 1819/3522/65 1817/3517/65
f 1100/3523/659 1107/3524/659 1834/3525/707
f 1107/3524/659 1835/3526/708 1834/3525/707
f 1107/3524/659 1836/3527/299 1835/3526/708
f 1836/3527/299 1837/3528/299 1835/3526/708
f 1835/3526/708 1837/3528/299 1838/3529/299
f 1835/3526/708 1838/3529/299 636/3530/662
f 1839/3531/709 1835/3526/710 636/3530/662
f 633/3532/662 1839/3531/709 636/3530/662
f 810/1460/711 809/1458/711 1745/3533/711
f 1745/3533/711 1746/3534/711 810/1460/711
f 810/1460/712 1746/3534/712 1714/3535/712
f 1714/3535/712 811/1462/712 810/1460/712
f 811/1462/713 1714/3535/714 1712/3536/715
f 1712/3536/715 812/1464/716 811/1462/713
f 1840/3537/717 812/3538/718 1712/3536/719
f 1712/3536/719 1710/3539/720 1840/3537/717
f 1841/3540/721 1840/3537/721 1710/3539/721
f 1710/3539/721 1740/3541/721 1841/3540/721
f 1841/3540/722 1740/3541/722 1741/3542/722
f 1741/3542/722 1842/3543/722 1841/3540/722
f 1842/3543/723 1741/3542/723 935/3544/723
f 935/3544/723 1843/3545/723 1842/3543/723
f 1844/3546/724 1843/3545/724 935/3544/724
f 935/3544/724 934/3547/724 1844/3546/724
f 806/1453/725 1844/3546/726 934/3547/727
f 934/3547/727 1742/3548/728 806/1453/725
f 806/1453/725 1742/3548/728 1743/3549/729
f 1743/3549/729 807/1454/730 806/1453/725
f 807/1454/731 1743/3549/731 1744/3550/731
f 1744/3550/731 808/1456/731 807/1454/731
f 809/1458/732 808/1456/732 1744/3550/732
f 1744/3550/732 1745/3533/732 809/1458/732
f 1835/3551/23 1839/3552/23 633/3553/23
f 650/3554/23 1084/3555/23 633/3553/23
f 1084/3555/23 1835/3551/23 633/3553/23
f 1084/3555/23 1085/3556/23 1835/3551/23
f 1835/3551/23 1085/3556/23 1086/3557/23
f 1100/3558/23 1835/3551/23 1086/3557/23
f 1100/3558/23 1834/3559/733 1835/3551/23
f 1087/3560/23 1100/3558/23 1086/3557/23
f 1184/3561/225 1123/3562/411 1132/3563/225
f 1132/3563/225 1123/3562/411 1122/3564/225
f 1122/3564/225 1133/3565/225 1132/3563/225
f 1132/3563/225 1130/3566/225 1127/3567/225
f 1184/3561/225 1132/3563/225 1127/3567/225
f 1126/3568/225 1184/3561/225 1127/3567/225
f 1126/3568/225 1254/3569/225 1184/3561/225
f 1253/3570/225 1184/3561/225 1254/3569/225
f 1253/3570/225 1255/3571/225 1184/3561/225
f 1255/3571/225 1845/3572/225 1184/3561/225
f 1255/3571/225 1256/3573/225 1845/3572/225
f 1845/3572/225 1185/3574/411 1184/3561/225
f 1251/3575/225 1185/3574/411 1845/3572/225
f 1845/3572/225 1846/3576/225 1251/3575/225
f 1847/3577/734 269/277/63 268/276/62
f 268/276/62 1848/3578/735 1847/3577/734
f 1849/3579/736 1850/3580/736 269/3581/736
f 269/3581/736 1847/3582/736 1849/3579/736
f 1713/3583/737 1031/3584/738 855/3585/738
f 855/3585/738 856/3586/737 1713/3583/737
f 1713/3583/737 856/3586/737 870/3587/739
f 870/3587/739 1711/3588/739 1713/3583/737
f 870/3589/740 875/3590/740 1720/3591/740
f 1720/3591/740 1711/3592/740 870/3589/740
f 877/3593/741 1717/3594/741 1709/3595/741
f 1709/3595/741 866/3596/741 877/3593/741
f 876/3597/742 1716/3598/742 1717/3599/742
f 1717/3599/742 877/3600/742 876/3597/742
f 876/3601/65 879/3602/65 1718/3603/65
f 1718/3603/65 1716/3604/65 876/3601/65
f 879/3605/743 878/3606/743 1715/3607/743
f 1715/3607/743 1718/3608/743 879/3605/743
f 880/3609/65 1708/3610/65 1715/3611/65
f 1715/3611/65 878/3612/65 880/3609/65
f 880/3613/744 882/3614/744 1705/3615/744
f 1705/3615/744 1708/3616/744 880/3613/744
f 883/3617/65 1706/3618/65 1705/3619/65
f 1705/3619/65 882/3620/65 883/3617/65
f 883/3621/745 881/3622/745 1707/3623/745
f 1707/3623/745 1706/3624/745 883/3621/745
f 881/3625/65 885/3626/65 1734/3627/65
f 1734/3627/65 1707/3628/65 881/3625/65
f 885/3629/746 889/3630/746 1735/3631/746
f 1735/3631/746 1734/3632/746 885/3629/746
f 889/3633/65 888/3634/65 1736/3635/65
f 1736/3635/65 1735/3636/65 889/3633/65
f 887/3637/79 1733/3638/79 1736/3639/79
f 1736/3639/79 888/3640/79 887/3637/79
f 887/3641/65 890/3642/65 1732/3643/65
f 1732/3643/65 1733/3644/65 887/3641/65
f 890/3645/3 891/3646/3 1730/3647/3
f 1730/3647/3 1732/3648/3 890/3645/3
f 891/3649/65 892/3650/65 1731/3651/65
f 1731/3651/65 1730/3652/65 891/3649/65
f 892/3653/79 884/3654/79 1729/3655/79
f 1729/3655/79 1731/3656/79 892/3653/79
f 884/3657/65 886/3658/65 1728/3659/65
f 1728/3659/65 1729/3660/65 884/3657/65
f 886/3661/3 895/3662/3 1851/3663/3
f 1851/3663/3 1728/3664/3 886/3661/3
f 895/3665/65 894/3666/65 1852/3667/65
f 1852/3667/65 1851/3668/65 895/3665/65
f 894/3669/79 893/3670/79 1853/3671/79
f 1853/3671/79 1852/3672/79 894/3669/79
f 893/3673/65 896/3674/65 1854/3675/65
f 1854/3675/65 1853/3676/65 893/3673/65
f 896/3677/3 904/3678/3 1855/3679/3
f 1855/3679/3 1854/3680/3 896/3677/3
f 904/3681/65 903/3682/65 1856/3683/65
f 1856/3683/65 1855/3684/65 904/3681/65
f 902/3685/79 1857/3686/79 1856/3687/79
f 1856/3687/79 903/3688/79 902/3685/79
f 902/3689/65 905/3690/65 1858/3691/65
f 1858/3691/65 1857/3692/65 902/3689/65
f 906/3693/3 1859/3694/3 1858/3695/3
f 1858/3695/3 905/3696/3 906/3693/3
f 906/3697/65 907/3698/65 1860/3699/65
f 1860/3699/65 1859/3700/65 906/3697/65
f 907/3701/79 897/3702/79 1727/3703/79
f 1727/3703/79 1860/3704/79 907/3701/79
f 897/3705/65 898/3706/65 1725/3707/65
f 1725/3707/65 1727/3708/65 897/3705/65
f 898/3709/3 900/3710/3 1722/3711/3
f 1722/3711/3 1725/3712/3 898/3709/3
f 900/3713/65 901/3714/65 1723/3715/65
f 1723/3715/65 1722/3716/65 900/3713/65
f 899/3717/79 1724/3718/79 1723/3719/79
f 1723/3719/79 901/3720/79 899/3717/79
f 864/3721/65 1737/3722/65 1724/3723/65
f 1724/3723/65 899/3724/65 864/3721/65
f 864/3725/3 863/3726/3 1738/3727/3
f 1738/3727/3 1737/3728/3 864/3725/3
f 1848/3729/747 268/3730/747 1726/3731/747
f 1726/3731/747 1739/3732/747 1848/3729/747
f 1861/3733/23 1352/3734/23 1326/3735/23
f 1326/3735/23 1862/3736/23 1861/3733/23
f 1861/3733/23 1862/3736/23 1863/3737/23
f 1863/3737/23 1864/3738/23 1861/3733/23
f 1865/3739/1 1353/3740/748 1352/3741/748
f 1352/3741/748 1861/3742/1 1865/3739/1
f 1865/3739/1 1861/3742/1 1864/3743/749
f 1864/3743/749 1866/3744/749 1865/3739/1
f 1867/3745/750 1192/3746/751 1250/3747/751
f 1250/3747/751 1868/3748/750 1867/3745/750
f 1867/3745/750 1868/3748/750 1869/3749/752
f 1869/3749/752 1870/3750/752 1867/3745/750
f 1871/3751/23 1846/3752/23 1162/3753/23
f 1162/3753/23 1872/3754/23 1871/3751/23
f 1871/3751/23 1872/3754/23 1873/3755/23
f 1873/3755/23 1874/3756/23 1871/3751/23
f 1875/3757/1 1348/3758/753 1241/3759/753
f 1241/3759/753 1237/3760/1 1875/3757/1
f 1875/3757/1 1237/3760/1 1245/3761/754
f 1245/3761/754 1876/3762/754 1875/3757/1
f 1877/3763/65 1829/3764/65 1826/3765/65
f 1877/3763/65 1826/3765/65 1825/3766/65
f 1878/3767/65 1877/3763/65 1825/3766/65
f 1878/3767/65 1879/3768/65 1877/3763/65
f 1879/3768/65 1880/3769/65 1877/3763/65
f 1880/3769/65 1881/3770/65 1877/3763/65
f 1882/3771/23 1883/3772/23 1884/3773/23
f 1884/3773/23 1885/3774/23 1882/3771/23
f 1882/3771/23 1885/3774/23 1886/3775/23
f 1886/3775/23 1887/3776/23 1882/3771/23
f 1888/3777/1 1889/3778/1 29/3779/1
f 29/3779/1 28/3780/1 1888/3777/1
f 1888/3777/1 28/3780/1 9/3781/1
f 9/3781/1 8/3782/1 1888/3777/1
f 270/3783/65 269/3784/65 1850/3785/65
f 1850/3785/65 1890/3786/65 270/3783/65
f 270/3783/65 1890/3786/65 273/3787/65
f 273/3787/65 266/3788/65 270/3783/65
f 244/3789/65 1726/3790/65 268/3791/65
f 268/3791/65 267/3792/65 244/3789/65
f 244/3789/65 267/3792/65 265/3793/65
f 265/3793/65 232/3794/65 244/3789/65
f 1891/3795/5 1830/3796/755 1829/3797/755
f 1829/3797/755 1877/3798/5 1891/3795/5
f 1891/3795/5 1877/3798/5 1881/3799/756
f 1881/3799/756 1892/3800/756 1891/3795/5
f 1893/3801/757 1894/3802/757 1895/3803/757
f 1893/3801/757 1896/3804/757 1894/3802/757
f 1896/3804/757 1897/3805/757 1894/3802/757
f 1896/3804/757 1898/3806/757 1897/3805/757
f 1898/3806/757 1899/3807/757 1897/3805/757
f 1899/3807/757 1898/3806/757 1900/3808/757
f 1899/3807/757 1900/3808/757 1901/3809/757
f 1902/3810/757 1899/3807/757 1901/3809/757
f 1903/3811/757 1902/3810/757 1901/3809/757
f 1904/3812/758 1903/3811/757 1901/3809/757
f 1905/3813/757 1904/3812/758 1901/3809/757
f 1906/3814/757 1905/3813/757 1901/3809/757
f 1906/3814/757 1907/3815/757 1905/3813/757
f 1906/3814/757 1908/3816/757 1907/3815/757
f 1908/3816/757 1909/3817/757 1907/3815/757
f 1908/3816/757 1910/3818/757 1909/3817/757
f 1893/3801/757 1906/3814/757 1896/3804/757
f 1906/3814/757 1901/3809/757 1896/3804/757
f 1899/3807/757 1911/3819/757 1897/3805/757
f 1911/3819/757 1912/3820/757 1897/3805/757
f 1913/3821/759 1914/3822/759 1915/3823/759
f 1915/3823/759 1916/3824/759 1913/3821/759
f 1917/3825/760 1918/3826/760 1919/3827/760
f 1919/3827/760 1920/3828/760 1917/3825/760
f 1921/3829/761 1922/3830/761 1923/3831/761
f 1923/3831/761 1924/3832/761 1921/3829/761
f 1922/3833/762 1925/3834/762 1926/3835/762
f 1926/3835/762 1923/3836/762 1922/3833/762
f 1927/3837/763 1928/3838/764 1929/3839/764
f 1929/3839/764 1930/3840/765 1927/3837/763
f 1925/3841/766 1927/3837/763 1930/3840/765
f 1930/3840/765 1926/3842/766 1925/3841/766
f 1931/3843/767 1932/3844/767 1933/3845/767
f 1933/3845/767 1934/3846/767 1931/3843/767
f 1932/3847/768 1935/3848/768 1936/3849/768
f 1936/3849/768 1933/3850/768 1932/3847/768
f 1935/3851/769 1937/3852/769 1938/3853/769
f 1938/3853/769 1936/3854/769 1935/3851/769
f 1937/3855/770 1939/3856/770 1940/3857/770
f 1940/3857/770 1938/3858/770 1937/3855/770
f 1939/3859/771 1941/3860/772 1942/3861/772
f 1942/3861/772 1940/3862/771 1939/3859/771
f 1943/3863/773 1926/3864/773 1930/3865/773
f 1929/3866/773 1943/3863/773 1930/3865/773
f 1929/3866/773 1944/3867/773 1943/3863/773
f 1945/3868/773 1946/3869/773 1947/3870/773
f 1948/3871/773 1947/3870/773 1946/3869/773
f 1949/3872/773 1948/3871/773 1946/3869/773
f 1949/3872/774 1950/3873/774 1948/3871/774
f 1951/3874/773 1950/3873/773 1949/3872/773
f 1949/3872/773 1952/3875/773 1951/3874/773
f 1953/3876/773 1951/3874/773 1952/3875/773
f 1952/3875/773 1954/3877/773 1953/3876/773
f 1955/3878/773 1953/3876/773 1954/3877/773
f 1954/3877/773 1956/3879/773 1955/3878/773
f 1955/3878/773 1956/3879/773 1924/3880/773
f 1924/3880/773 1942/3881/773 1955/3878/773
f 1942/3881/773 1924/3880/773 1923/3882/773
f 1923/3882/773 1940/3883/773 1942/3881/773
f 1940/3883/773 1923/3882/773 1926/3864/773
f 1926/3864/773 1938/3884/773 1940/3883/773
f 1936/3885/775 1938/3884/775 1926/3864/775
f 1943/3863/773 1936/3885/773 1926/3864/773
f 1957/3886/773 1946/3869/773 1958/3887/773
f 1957/3886/773 1959/3888/773 1946/3869/773
f 1959/3888/773 1949/3872/773 1946/3869/773
f 1933/3889/773 1936/3885/773 1960/3890/773
f 1960/3890/773 1934/3891/773 1933/3889/773
f 1943/3863/773 1960/3890/773 1936/3885/773
f 1961/3892/773 1960/3890/773 1943/3863/773
f 1961/3892/773 1934/3891/773 1960/3890/773
f 1961/3892/773 1962/3893/773 1934/3891/773
f 1961/3892/773 1963/3894/773 1962/3893/773
f 1945/3868/773 1962/3893/773 1963/3894/773
f 1945/3868/773 1964/3895/773 1962/3893/773
f 1945/3868/773 1947/3870/773 1964/3895/773
f 1965/3896/773 1964/3895/773 1947/3870/773
f 1947/3870/773 1948/3871/773 1965/3896/773
f 1166/3897/776 1325/3898/777 1193/3899/778
f 1966/3900/779 1919/3827/780 1918/3826/780
f 1918/3826/780 1967/3901/779 1966/3900/779
f 1966/3900/779 1967/3901/779 1968/3902/781
f 1968/3902/781 1969/3903/781 1966/3900/779
f 1955/3904/782 1942/3905/783 1941/3906/783
f 1941/3906/783 1970/3907/782 1955/3904/782
f 1955/3904/782 1970/3907/782 1971/3908/784
f 1971/3908/784 1953/3909/784 1955/3904/782
f 1972/3910/773 1914/3911/773 1913/3912/773
f 1913/3912/773 1973/3913/773 1972/3910/773
f 1972/3910/773 1973/3913/773 1974/3914/773
f 1974/3914/773 1975/3915/773 1972/3910/773
f 1963/3916/785 1961/3917/785 1976/3918/785
f 1976/3918/785 1977/3919/785 1963/3916/785
f 1963/3916/785 1977/3919/785 1978/3920/785
f 1978/3920/785 1945/3921/785 1963/3916/785
f 1979/3922/786 1980/3923/786 1974/3924/786
f 1974/3924/786 1973/3925/786 1979/3922/786
f 1979/3922/786 1973/3925/786 1913/3926/786
f 1913/3926/786 1916/3927/786 1979/3922/786
f 1166/3897/776 1148/3928/787 1325/3898/777
f 1148/3928/787 1149/3929/788 1325/3898/777
f 1311/3930/789 1326/3931/789 1352/3932/789
f 1974/3933/790 1980/3934/790 1981/3935/790
f 1981/3935/790 1975/3936/790 1974/3933/790
f 1982/3937/791 1983/3938/791 1969/3903/791
f 1969/3903/791 1968/3902/791 1982/3937/791
f 1956/3939/792 1954/3940/793 1984/3941/793
f 1984/3941/793 1985/3942/792 1956/3939/792
f 1956/3939/792 1985/3942/792 1921/3943/794
f 1921/3943/794 1924/3944/794 1956/3939/792
f 1352/3932/795 1312/3945/795 1311/3930/795
f 1984/3946/796 1954/3947/796 1952/3948/796
f 1952/3948/796 1986/3949/796 1984/3946/796
f 1986/3950/797 1952/3951/797 1949/3952/798
f 1949/3952/798 1987/3953/798 1986/3950/797
f 1962/3954/785 1964/3955/785 1988/3956/785
f 1988/3956/785 1989/3957/785 1962/3954/785
f 1962/3954/785 1989/3957/785 1931/3958/785
f 1931/3958/785 1934/3959/785 1962/3954/785
f 1256/3960/799 1154/3961/799 1164/3962/800
f 1164/3962/800 1845/3963/801 1256/3960/799
f 1845/3963/801 1164/3962/800 1162/3964/802
f 1162/3964/802 1846/3965/802 1845/3963/801
f 1988/3966/803 1964/3967/803 1965/3968/803
f 1965/3968/803 1990/3969/803 1988/3966/803
f 1990/3970/804 1965/3971/804 1948/3972/804
f 1948/3972/804 1991/3973/804 1990/3970/804
f 1991/3974/805 1948/3975/805 1950/3976/805
f 1950/3976/805 1992/3977/805 1991/3974/805
f 1992/3978/806 1950/3979/806 1951/3980/806
f 1951/3980/806 1993/3981/806 1992/3978/806
f 1993/3982/807 1951/3983/807 1953/3984/807
f 1953/3984/807 1971/3985/807 1993/3982/807
f 1969/3986/808 1983/3987/773 1981/3988/773
f 1981/3988/773 1980/3989/808 1969/3986/808
f 1966/3990/773 1969/3986/808 1980/3989/808
f 1980/3989/808 1979/3991/773 1966/3990/773
f 1966/3990/773 1979/3991/773 1916/3992/808
f 1916/3992/808 1919/3993/808 1966/3990/773
f 1919/3993/808 1916/3992/808 1915/3994/773
f 1915/3994/773 1920/3995/773 1919/3993/808
f 1150/3996/809 1324/3997/810 1151/3998/811
f 1324/3997/810 1163/3999/812 1151/3998/811
f 1150/3996/809 1195/4000/813 1324/3997/810
f 1932/4001/773 1931/4002/773 1989/4003/773
f 1937/4004/773 1932/4001/773 1989/4003/773
f 1937/4004/773 1935/4005/773 1932/4001/773
f 1971/4006/773 1992/4007/773 1993/4008/773
f 1971/4006/773 1989/4003/773 1992/4007/773
f 1971/4006/773 1970/4009/773 1989/4003/773
f 1941/4010/773 1989/4003/773 1970/4009/773
f 1941/4010/773 1937/4004/773 1989/4003/773
f 1941/4010/773 1939/4011/773 1937/4004/773
f 1989/4003/773 1988/4012/773 1990/4013/773
f 1989/4003/773 1990/4013/773 1992/4007/773
f 1990/4013/773 1991/4014/773 1992/4007/773
f 1309/4015/814 1308/4016/814 1348/4017/814
f 1994/4018/782 1995/4019/815 1996/4020/815
f 1996/4020/815 1997/4021/782 1994/4018/782
f 1994/4018/782 1997/4021/782 1998/4022/816
f 1998/4022/816 1999/4023/816 1994/4018/782
f 1348/4017/817 1323/4024/817 1309/4015/817
f 2000/4025/818 2001/4026/818 2002/4027/818
f 2002/4027/818 2003/4028/818 2000/4025/818
f 2001/4029/819 2004/4030/820 2005/4031/820
f 2005/4031/820 2002/4032/819 2001/4029/819
f 2004/4033/821 2006/4034/821 2007/4035/821
f 2007/4035/821 2005/4036/821 2004/4033/821
f 2006/4037/822 2008/4038/822 2009/4039/822
f 2009/4039/822 2007/4040/822 2006/4037/822
f 2008/4041/23 2010/4042/23 2011/4043/23
f 2011/4043/23 2009/4044/23 2008/4041/23
f 2010/4045/785 2000/4046/785 2003/4047/785
f 2003/4047/785 2011/4048/785 2010/4045/785
f 2012/4049/823 2013/4050/823 2014/4051/823
f 2014/4051/823 2015/4052/823 2012/4049/823
f 2013/4053/824 2016/4054/824 2017/4055/824
f 2017/4055/824 2014/4056/824 2013/4053/824
f 2016/4057/825 2018/4058/825 2019/4059/825
f 2019/4059/825 2017/4060/825 2016/4057/825
f 2018/4061/826 2020/4062/826 2021/4063/826
f 2021/4063/826 2019/4064/826 2018/4061/826
f 2020/4065/785 2022/4066/785 2023/4067/785
f 2023/4067/785 2021/4068/785 2020/4065/785
f 2022/4069/5 2012/4070/5 2015/4071/5
f 2015/4071/5 2023/4072/5 2022/4069/5
f 2024/4073/827 2025/4074/827 2026/4075/827
f 2026/4075/827 2027/4076/827 2024/4073/827
f 2025/4074/828 2028/4077/828 2029/4078/828
f 2029/4078/828 2026/4075/828 2025/4074/828
f 2004/4079/773 2001/4080/773 2000/4081/773
f 2000/4081/773 2010/4082/773 2004/4079/773
f 2004/4079/773 2010/4082/773 2008/4083/773
f 2008/4083/773 2006/4084/773 2004/4079/773
f 1243/2375/829 1242/4085/829 2030/4086/830
f 2030/4086/830 1356/2370/830 1243/2375/829
f 1357/2371/831 1356/2370/830 2030/4086/830
f 2030/4086/830 2031/4087/831 1357/2371/831
f 2016/4088/773 2013/4089/773 2012/4090/773
f 2012/4090/773 2022/4091/773 2016/4088/773
f 2016/4088/773 2022/4091/773 2020/4092/773
f 2020/4092/773 2018/4093/773 2016/4088/773
f 1242/4094/832 1236/4095/832 2032/4096/833
f 2032/4096/833 2030/4097/833 1242/4094/832
f 2031/4098/834 2030/4097/833 2032/4096/833
f 2032/4096/833 2033/4099/834 2031/4098/834
f 2034/4100/835 2035/4101/835 2036/4102/835
f 2036/4102/835 2037/4103/835 2034/4100/835
f 19/4104/836 21/4105/837 2038/4106/838
f 2038/4106/838 2039/4107/839 19/4104/836
f 21/4105/837 22/4108/840 2040/4109/840
f 2040/4109/840 2038/4106/838 21/4105/837
f 22/4108/841 23/4110/841 2041/4111/841
f 2041/4111/841 2040/4109/841 22/4108/841
f 23/4110/842 24/4112/842 2042/4113/842
f 2042/4113/842 2041/4111/842 23/4110/842
f 24/4112/843 25/4114/843 2043/4115/843
f 2043/4115/843 2042/4113/843 24/4112/843
f 25/4114/844 26/4116/845 2044/4117/844
f 2044/4117/844 2043/4115/846 25/4114/844
f 10/4118/847 12/4119/848 124/4120/848
f 124/4120/848 92/4121/849 10/4118/847
f 12/4122/850 11/4123/850 122/4124/850
f 122/4124/850 124/4125/850 12/4122/850
f 11/4126/851 13/4127/851 2045/4128/851
f 2045/4128/851 122/4129/851 11/4126/851
f 2046/4130/852 2047/4131/852 235/4132/852
f 235/4132/852 234/4133/852 2046/4130/852
f 2048/4134/853 2046/4130/853 234/4133/853
f 234/4133/853 233/4135/853 2048/4134/853
f 2048/4134/854 233/4135/854 179/4136/854
f 179/4136/854 2049/4137/854 2048/4134/854
f 2049/4137/855 179/4136/856 176/4138/857
f 176/4138/857 2044/4139/858 2049/4137/855
f 2043/4115/859 2044/4117/860 176/4138/861
f 176/4138/861 175/4140/862 2043/4115/859
f 2042/4113/863 2043/4115/863 175/4140/863
f 175/4140/863 199/4141/863 2042/4113/863
f 2042/4113/864 199/4141/864 200/4142/864
f 200/4142/864 2041/4111/864 2042/4113/864
f 2041/4111/865 200/4142/865 201/4143/865
f 201/4143/865 2040/4109/865 2041/4111/865
f 2038/4106/866 2040/4109/866 201/4143/866
f 201/4143/866 241/4144/866 2038/4106/866
f 2039/4107/867 2038/4106/868 241/4144/867
f 241/4144/867 240/4145/869 2039/4107/867
f 239/4146/870 2039/4107/870 240/4145/870
f 239/4146/871 238/4147/871 2039/4107/871
f 2039/4107/872 238/4147/873 237/4148/874
f 237/4148/874 2050/4149/875 2039/4107/872
f 2050/4149/876 237/4148/876 235/4132/876
f 235/4132/876 2047/4131/876 2050/4149/876
f 2051/4150/877 2052/4151/878 2053/4152/879
f 2053/4152/879 2054/4153/880 2051/4150/877
f 2055/4154/881 2056/4155/881 2052/4156/881
f 2052/4156/881 2051/4157/881 2055/4154/881
f 107/4158/882 113/4159/882 165/4160/883
f 165/4160/883 162/4161/883 107/4158/882
f 127/4162/884 173/4163/884 164/4164/884
f 164/4164/884 123/4165/884 127/4162/884
f 126/4166/885 172/4167/885 173/4168/885
f 173/4168/885 127/4169/885 126/4166/885
f 126/4170/773 130/4171/773 174/4172/773
f 174/4172/773 172/4173/773 126/4170/773
f 130/4174/886 128/4175/886 171/4176/887
f 171/4176/887 174/4177/887 130/4174/886
f 129/4178/773 170/4179/773 171/4180/773
f 171/4180/773 128/4181/773 129/4178/773
f 129/4182/888 133/4183/888 167/4184/888
f 167/4184/888 170/4185/888 129/4182/888
f 132/4186/773 168/4187/773 167/4188/773
f 167/4188/773 133/4189/773 132/4186/773
f 132/4190/889 131/4191/889 169/4192/889
f 169/4192/889 168/4193/889 132/4190/889
f 131/4194/773 140/4195/773 195/4196/773
f 195/4196/773 169/4197/773 131/4194/773
f 140/4198/890 141/4199/890 192/4200/890
f 192/4200/890 195/4201/890 140/4198/890
f 141/4202/773 142/4203/773 193/4204/773
f 193/4204/773 192/4205/773 141/4202/773
f 139/4206/785 194/4207/785 193/4208/785
f 193/4208/785 142/4209/785 139/4206/785
f 139/4210/773 138/4211/773 202/4212/773
f 202/4212/773 194/4213/773 139/4210/773
f 138/4214/782 137/4215/782 203/4216/782
f 203/4216/782 202/4217/782 138/4214/782
f 137/4218/773 136/4219/773 204/4220/773
f 204/4220/773 203/4221/773 137/4218/773
f 136/4222/785 134/4223/785 196/4224/785
f 196/4224/785 204/4225/785 136/4222/785
f 134/4226/773 135/4227/773 197/4228/773
f 197/4228/773 196/4229/773 134/4226/773
f 135/4230/782 145/4231/782 215/4232/782
f 215/4232/782 197/4233/782 135/4230/782
f 145/4234/773 144/4235/773 216/4236/773
f 216/4236/773 215/4237/773 145/4234/773
f 144/4238/785 143/4239/785 214/4240/785
f 214/4240/785 216/4241/785 144/4238/785
f 143/4242/773 146/4243/773 213/4244/773
f 213/4244/773 214/4245/773 143/4242/773
f 146/4246/782 158/4247/782 217/4248/782
f 217/4248/782 213/4249/782 146/4246/782
f 158/4250/773 157/4251/773 218/4252/773
f 218/4252/773 217/4253/773 158/4250/773
f 156/4254/785 219/4255/785 218/4256/785
f 218/4256/785 157/4257/785 156/4254/785
f 156/4258/773 159/4259/773 220/4260/773
f 220/4260/773 219/4261/773 156/4258/773
f 160/4262/782 221/4263/782 220/4264/782
f 220/4264/782 159/4265/782 160/4262/782
f 160/4266/773 161/4267/773 222/4268/773
f 222/4268/773 221/4269/773 160/4266/773
f 161/4270/785 147/4271/785 212/4272/785
f 212/4272/785 222/4273/785 161/4270/785
f 147/4274/773 148/4275/773 211/4276/773
f 211/4276/773 212/4277/773 147/4274/773
f 148/4278/782 154/4279/782 209/4280/782
f 209/4280/782 211/4281/782 148/4278/782
f 154/4282/773 155/4283/773 210/4284/773
f 210/4284/773 209/4285/773 154/4282/773
f 153/4286/785 205/4287/785 210/4288/785
f 210/4288/785 155/4289/785 153/4286/785
f 149/4290/773 206/4291/773 205/4292/773
f 205/4292/773 153/4293/773 149/4290/773
f 149/4294/782 152/4295/782 207/4296/782
f 207/4296/782 206/4297/782 149/4294/782
f 2054/4298/891 2053/4299/891 198/4300/891
f 198/4300/891 208/4301/891 2054/4298/891
f 2057/4302/892 1908/4303/893 1906/4304/894
f 2057/4302/892 1906/4304/894 2058/4305/894
f 2059/4306/892 2057/4302/892 2058/4305/894
f 2059/4306/892 2058/4305/894 2060/4307/893
f 2058/4305/894 2061/4308/893 2060/4307/893
f 2058/4305/895 2062/4309/896 2061/4308/897
f 2061/4308/893 2063/4310/893 2060/4307/893
f 1906/4304/894 2064/4311/21 2058/4305/894
f 2063/4312/898 2065/4313/898 2066/4314/899
f 2067/4315/900 2063/4312/898 2066/4314/899
f 2067/4315/900 2060/4316/773 2063/4312/898
f 2067/4315/900 2059/4317/773 2060/4316/773
f 2067/4315/900 2057/4318/808 2059/4317/773
f 2067/4315/900 1908/4319/901 2057/4318/808
f 2067/4315/900 2068/4320/902 1908/4319/901
f 2068/4320/902 1910/4321/901 1908/4319/901
f 1236/4322/847 1235/4323/847 2069/4324/903
f 2069/4324/903 2032/4325/903 1236/4322/847
f 2033/4326/904 2032/4325/903 2069/4324/903
f 2069/4324/903 2070/4327/904 2033/4326/904
f 2065/4328/23 2071/4329/23 2072/4330/23
f 2073/4331/23 2065/4328/23 2072/4330/23
f 2073/4331/23 2066/4332/23 2065/4328/23
f 2073/4331/23 2067/4333/23 2066/4332/23
f 2073/4331/23 2068/4334/23 2067/4333/23
f 2073/4331/23 1910/4335/23 2068/4334/23
f 2073/4331/23 2074/4336/23 1910/4335/23
f 2074/4336/23 1909/4337/23 1910/4335/23
f 1235/4338/905 1234/4339/905 1349/4340/906
f 1349/4340/906 2069/4341/906 1235/4338/905
f 2070/4342/907 2069/4341/906 1349/4340/906
f 1349/4340/906 1350/4343/907 2070/4342/907
f 2075/4344/908 2076/4345/909 2077/4346/910
f 2078/4347/911 2075/4344/908 2077/4346/910
f 2078/4347/911 2079/4348/912 2075/4344/908
f 2078/4347/911 2080/4349/913 2079/4348/912
f 2078/4347/911 2081/4350/914 2080/4349/913
f 2078/4347/911 1904/4351/915 2081/4350/914
f 2078/4347/911 2082/4352/916 1904/4351/915
f 2082/4352/916 1903/4353/909 1904/4351/915
f 801/4354/274 800/4355/274 1406/4356/274
f 1406/4356/274 1340/4357/274 801/4354/274
f 1341/4358/5 1340/4357/274 1406/4356/274
f 1406/4356/274 1405/4359/5 1341/4358/5
f 1341/4358/5 1405/4359/5 1397/4360/433
f 1397/4360/433 1344/4361/433 1341/4358/5
f 1346/4362/433 1344/4361/433 1397/4360/433
f 1397/4360/433 1393/4363/433 1346/4362/433
f 2076/4345/773 2083/4364/773 2084/4365/808
f 2085/4366/773 2076/4345/773 2084/4365/808
f 2085/4366/773 2077/4346/808 2076/4345/773
f 2085/4366/773 2078/4347/773 2077/4346/808
f 2085/4366/773 2082/4352/773 2078/4347/773
f 2085/4366/773 1903/4353/808 2082/4352/773
f 2085/4366/773 2086/4367/773 1903/4353/808
f 2086/4367/773 1902/4368/808 1903/4353/808
f 1373/2473/917 1365/2449/918 1383/2448/919
f 2087/4369/920 2088/4370/920 2089/4371/921
f 2090/4372/922 2087/4369/920 2089/4371/921
f 2090/4372/922 2091/4373/773 2087/4369/920
f 2090/4372/922 2092/4374/773 2091/4373/773
f 2090/4372/922 2093/4375/773 2092/4374/773
f 2090/4372/922 1899/4376/923 2093/4375/773
f 2090/4372/922 2094/4377/922 1899/4376/923
f 2094/4377/922 1911/4378/901 1899/4376/923
f 1408/4379/299 1409/4380/299 2095/4381/299
f 2095/4381/299 2096/4382/299 1408/4379/299
f 802/4383/299 2096/4382/299 2095/4381/299
f 2095/4381/299 803/4384/299 802/4383/299
f 2097/4385/924 2098/4386/901 2099/4387/925
f 2100/4388/926 2097/4385/924 2099/4387/925
f 2100/4388/926 2101/4389/808 2097/4385/924
f 2100/4388/926 2102/4390/773 2101/4389/808
f 2100/4388/926 2103/4391/773 2102/4390/773
f 2100/4388/926 1894/4392/927 2103/4391/773
f 2100/4388/926 2104/4393/928 1894/4392/927
f 2104/4393/928 1895/4394/898 1894/4392/927
f 35/2526/929 34/4395/930 2105/4396/931
f 2106/4397/5 2107/4398/5 2108/4399/5
f 2108/4399/5 2109/4400/5 2106/4397/5
f 2106/4397/5 2109/4400/5 2035/4401/5
f 2035/4401/5 2034/4402/5 2106/4397/5
f 2105/4396/931 1415/2527/932 35/2526/929
f 31/4403/850 30/4404/850 2110/4405/850
f 2110/4405/850 2111/4406/850 31/4403/850
f 31/4403/850 2111/4406/850 2045/4407/850
f 2045/4407/850 13/4408/850 31/4403/850
f 1457/4409/933 2112/4410/933 1453/4411/933
f 2111/4412/934 2110/4413/935 2113/4414/936
f 2113/4414/936 2114/4415/934 2111/4412/934
f 2111/4412/934 2114/4415/934 2056/4416/937
f 2056/4416/937 2045/4417/938 2111/4412/934
f 2112/4418/939 1457/2581/464 1523/4419/940
f 2114/4420/773 2113/4421/773 2115/4422/773
f 2115/4422/773 2116/4423/773 2114/4420/773
f 2114/4420/773 2116/4423/773 2052/4424/773
f 2052/4424/773 2056/4425/773 2114/4420/773
f 1092/1908/350 1418/2576/463 1093/1909/351
f 1092/1908/350 1457/2581/464 1418/2576/463
f 1092/1908/350 1523/4419/940 1457/2581/464
f 2117/4426/773 2118/4427/773 938/4428/773
f 938/4428/773 242/4429/773 2117/4426/773
f 2117/4426/773 242/4429/773 198/4430/773
f 198/4430/773 2053/4431/773 2117/4426/773
f 2112/4432/941 1523/4433/942 1521/4434/942
f 2112/4432/941 1454/4435/225 1453/4436/225
f 2112/4432/941 932/4437/225 1454/4435/225
f 2112/4432/941 1522/4438/331 932/4437/225
f 1521/4434/942 1522/4438/331 2112/4432/941
f 1522/4438/331 933/4439/225 932/4437/225
f 2119/4440/943 2088/4441/943 2087/4442/943
f 2119/4440/943 2120/4443/943 2088/4441/943
f 2071/4444/943 2065/4445/943 2063/4446/943
f 2121/4447/943 2071/4444/943 2063/4446/943
f 2121/4447/943 2063/4446/943 2061/4448/943
f 2122/4449/943 2121/4447/943 2061/4448/943
f 2123/4450/943 2122/4449/943 2061/4448/943
f 2123/4450/943 2075/4451/944 2122/4449/943
f 2123/4450/943 2076/4452/943 2075/4451/944
f 2123/4450/943 2083/4453/943 2076/4452/943
f 2123/4450/943 2087/4442/943 2083/4453/943
f 2123/4450/943 2124/4454/943 2087/4442/943
f 2124/4454/943 2125/4455/943 2087/4442/943
f 2119/4440/943 2087/4442/943 2125/4455/943
f 2119/4440/943 2125/4455/943 2126/4456/943
f 2097/4457/943 2119/4440/943 2126/4456/943
f 2127/4458/943 2097/4457/943 2126/4456/943
f 2127/4458/943 2098/4459/943 2097/4457/943
f 2127/4458/943 2126/4456/943 2061/4448/943
f 2126/4456/943 2123/4450/943 2061/4448/943
f 2124/4460/945 2128/4461/946 2125/4462/947
f 2128/4461/946 2129/4463/948 2125/4462/947
f 2129/4463/948 2130/4464/850 2125/4462/947
f 2129/4463/948 2131/4465/850 2130/4464/850
f 2132/4466/949 2131/4465/850 2129/4463/948
f 1898/4467/950 2132/4466/949 2129/4463/948
f 1898/4467/950 2129/4463/948 2133/4468/951
f 1900/4469/950 1898/4467/950 2133/4468/951
f 1524/4470/952 1469/4471/952 2134/4472/952
f 1524/4470/952 1467/4473/952 1469/4471/952
f 1524/4470/952 1470/4474/952 1467/4473/952
f 2126/4475/901 2135/4476/953 2123/4477/901
f 2135/4476/953 2136/4478/954 2123/4477/901
f 2136/4478/954 2137/4479/773 2123/4477/901
f 2136/4478/954 2138/4480/773 2137/4479/773
f 2139/4481/773 2138/4480/773 2136/4478/954
f 1901/4482/898 2139/4481/773 2136/4478/954
f 1901/4482/898 2136/4478/954 2140/4483/955
f 1896/4484/898 1901/4482/898 2140/4483/955
f 2141/4485/956 1468/4486/956 1456/4487/956
f 2141/4485/956 1469/4488/956 1468/4486/956
f 2141/4485/956 2134/4489/956 1469/4488/956
f 2121/4490/945 2142/4491/957 2071/4492/958
f 2142/4491/957 2143/4493/959 2071/4492/958
f 2143/4493/959 2072/4494/960 2071/4492/958
f 2143/4493/959 2073/4495/850 2072/4494/960
f 2074/4496/961 2073/4495/850 2143/4493/959
f 1909/4497/950 2074/4496/961 2143/4493/959
f 1909/4497/950 2143/4493/959 2144/4498/962
f 1907/4499/950 1909/4497/950 2144/4498/962
f 2141/4500/963 1431/4501/963 965/4502/963
f 2141/4500/963 1455/4503/964 1431/4501/963
f 2141/4500/963 1456/4504/964 1455/4503/964
f 2075/4344/965 2079/4348/966 2122/4505/965
f 2079/4348/966 2080/4349/967 2122/4505/965
f 2080/4349/967 2145/4506/773 2122/4505/965
f 2080/4349/967 2146/4507/773 2145/4506/773
f 2147/4508/773 2146/4507/773 2080/4349/967
f 1905/4509/968 2147/4508/773 2080/4349/967
f 1905/4509/968 2080/4349/967 2081/4350/955
f 1904/4351/969 1905/4509/968 2081/4350/955
f 629/4510/23 2148/4511/23 626/4512/23
f 629/4510/23 2149/4513/33 2148/4511/23
f 629/4510/23 1527/4514/23 2149/4513/33
f 632/4515/23 2150/4516/40 2151/4517/23
f 632/4515/23 2148/4511/23 2150/4516/40
f 632/4515/23 631/4518/23 2148/4511/23
f 631/4518/23 626/4512/23 2148/4511/23
f 2119/4519/945 2152/4520/970 2120/4521/945
f 2152/4520/970 2153/4522/946 2120/4521/945
f 2153/4522/971 2154/4523/850 2120/4521/945
f 2153/4522/971 2155/4524/850 2154/4523/850
f 2156/4525/850 2155/4524/850 2153/4522/971
f 1912/4526/950 2156/4525/850 2153/4522/971
f 1912/4526/950 2153/4522/971 2157/4527/774
f 1897/4528/950 1912/4526/950 2157/4527/774
f 758/4529/23 1407/4530/23 1615/4531/23
f 1615/4531/23 1682/4532/23 758/4529/23
f 1683/4533/23 1682/4532/23 1615/4531/23
f 1615/4531/23 1621/4534/23 1683/4533/23
f 2158/4535/500 2159/4536/500 2160/4537/500
f 2159/4536/299 2158/4535/299 2161/4538/299
f 2161/4538/299 2162/4539/299 2159/4536/299
f 2162/4539/501 2161/4538/501 2163/4540/501
f 2163/4540/501 2164/4541/501 2162/4539/501
f 2165/4542/65 2164/4541/972 2163/4540/972
f 2163/4540/972 2166/4543/65 2165/4542/65
f 2165/4542/65 2166/4543/65 2167/4544/973
f 2167/4544/973 2168/4545/973 2165/4542/65
f 2169/4546/974 2168/4545/974 2167/4544/974
f 2167/4544/974 2170/4547/974 2169/4546/974
f 2171/4548/850 2169/4546/850 2170/4547/850
f 2170/4547/850 2172/4549/850 2171/4548/850
f 2173/4550/975 2171/4548/975 2172/4549/975
f 2172/4549/975 2174/4551/975 2173/4550/975
f 2175/4552/976 2173/4550/976 2174/4551/976
f 2174/4551/976 2176/4553/976 2175/4552/976
f 2177/4554/977 2175/4552/978 2176/4553/978
f 2176/4553/978 2178/4555/977 2177/4554/977
f 2177/4554/977 2178/4555/977 2179/4556/1
f 2179/4556/1 2180/4557/1 2177/4554/977
f 2181/4558/979 2180/4557/1 2179/4556/1
f 2179/4556/1 2182/4559/979 2181/4558/979
f 2181/4558/979 2182/4559/979 2183/4560/980
f 2183/4560/980 2184/4561/980 2181/4558/979
f 2184/4561/981 2183/4560/981 2185/4562/981
f 2185/4562/981 2160/4537/981 2184/4561/981
f 2160/4537/500 2185/4562/500 2158/4535/500
f 1688/4563/65 1631/4564/65 1639/4565/65
f 1639/4565/65 1631/4564/65 1625/4566/65
f 1625/4566/65 1614/4567/65 1639/4565/65
f 1639/4565/65 1637/4568/65 1634/4569/65
f 1688/4563/65 1639/4565/65 1634/4569/65
f 1633/4570/65 1688/4563/65 1634/4569/65
f 1633/4570/65 1759/4571/65 1688/4563/65
f 1758/4572/65 1688/4563/65 1759/4571/65
f 1758/4572/65 1760/4573/65 1688/4563/65
f 1760/4573/65 2186/4574/65 1688/4563/65
f 1760/4573/65 1761/4575/65 2186/4574/65
f 2186/4574/65 1689/4576/982 1688/4563/65
f 1757/4577/65 1689/4576/982 2186/4574/65
f 2186/4574/65 1748/4578/65 1757/4577/65
f 2187/4579/5 2158/4580/5 2185/4581/5
f 2158/4580/5 2187/4579/5 2188/4582/5
f 2188/4582/5 2161/4583/5 2158/4580/5
f 2161/4583/5 2188/4582/5 2189/4584/5
f 2189/4584/5 2163/4585/5 2161/4583/5
f 2163/4585/5 2189/4584/5 2190/4586/5
f 2190/4586/5 2166/4587/5 2163/4585/5
f 2167/4588/5 2166/4587/5 2190/4586/5
f 2190/4586/5 2191/4589/5 2167/4588/5
f 2170/4590/5 2167/4588/5 2191/4589/5
f 2191/4589/5 2192/4591/5 2170/4590/5
f 2172/4592/5 2170/4590/5 2192/4591/5
f 2192/4591/5 2193/4593/5 2172/4592/5
f 2174/4594/5 2172/4592/5 2193/4593/5
f 2193/4593/5 2194/4595/5 2174/4594/5
f 2176/4596/5 2174/4594/5 2194/4595/5
f 2194/4595/5 2195/4597/5 2176/4596/5
f 2178/4598/5 2176/4596/5 2195/4597/5
f 2195/4597/5 2196/4599/5 2178/4598/5
f 2178/4598/5 2196/4599/5 2197/4600/5
f 2197/4600/5 2179/4601/5 2178/4598/5
f 2182/4602/5 2179/4601/5 2197/4600/5
f 2197/4600/5 2198/4603/5 2182/4602/5
f 2182/4602/5 2198/4603/5 2199/4604/5
f 2199/4604/5 2183/4605/5 2182/4602/5
f 2183/4605/5 2199/4604/5 2200/4606/5
f 2200/4606/5 2185/4581/5 2183/4605/5
f 2185/4581/5 2200/4606/5 2187/4579/5
f 2201/4607/521 2187/4608/521 2200/4609/521
f 2187/4608/225 2201/4607/225 2202/4610/225
f 2202/4610/225 2188/4611/225 2187/4608/225
f 2188/4611/983 2202/4610/983 2203/4612/983
f 2203/4612/522 2189/4613/522 2188/4611/522
f 2190/4614/1 2189/4613/984 2203/4612/984
f 2203/4612/984 2204/4615/1 2190/4614/1
f 2190/4614/1 2204/4615/1 2205/4616/985
f 2205/4616/985 2191/4617/985 2190/4614/1
f 2192/4618/986 2191/4617/986 2205/4616/986
f 2205/4616/986 2206/4619/987 2192/4618/986
f 2193/4620/773 2192/4618/773 2206/4619/773
f 2206/4619/773 2207/4621/773 2193/4620/773
f 2194/4622/988 2193/4620/988 2207/4621/988
f 2207/4621/988 2208/4623/988 2194/4622/988
f 2195/4624/989 2194/4622/989 2208/4623/989
f 2208/4623/989 2209/4625/989 2195/4624/989
f 2196/4626/990 2195/4624/990 2209/4625/990
f 2209/4625/990 2210/4627/990 2196/4626/990
f 2196/4626/991 2210/4627/992 2211/4628/65
f 2211/4628/65 2197/4629/65 2196/4626/991
f 2198/4630/993 2197/4629/65 2211/4628/65
f 2211/4628/65 2212/4631/994 2198/4630/993
f 2198/4630/995 2212/4631/995 2213/4632/995
f 2213/4632/995 2199/4633/995 2198/4630/995
f 2199/4633/996 2213/4632/996 2214/4634/996
f 2214/4634/996 2200/4609/996 2199/4633/996
f 2200/4609/521 2214/4634/521 2201/4607/521
f 1684/4635/5 1656/4636/5 1686/4637/5
f 1686/4637/5 1685/4638/5 1684/4635/5
f 759/4639/5 1685/4638/5 1686/4637/5
f 1686/4637/5 1391/4640/5 759/4639/5
f 2215/4641/5 2216/4642/5 2217/4643/5
f 2218/4644/5 2215/4641/5 2217/4643/5
f 2218/4644/5 2219/4645/5 2215/4641/5
f 2218/4644/5 1866/4646/5 2219/4645/5
f 2218/4644/5 1865/4647/5 1866/4646/5
f 1353/4648/5 1865/4647/5 2218/4644/5
f 1351/4649/5 1353/4648/5 2218/4644/5
f 1350/4650/5 1351/4649/5 2218/4644/5
f 2033/4651/5 1350/4650/5 2218/4644/5
f 2033/4651/5 2070/4652/5 1350/4650/5
f 2220/4653/5 2221/4654/5 2222/4655/5
f 2220/4653/5 2217/4643/5 2221/4654/5
f 2220/4653/5 2218/4644/5 2217/4643/5
f 1358/4656/5 2033/4651/5 2218/4644/5
f 1358/4656/5 2031/4657/5 2033/4651/5
f 1358/4656/5 1357/4658/5 2031/4657/5
f 2218/4644/5 1619/4659/5 2223/4660/5
f 1618/4661/5 2223/4660/5 1619/4659/5
f 1618/4661/5 1617/4662/5 2223/4660/5
f 2218/4644/5 2223/4660/5 1617/4662/5
f 2218/4644/5 1617/4662/5 1678/4663/5
f 2218/4644/5 1678/4663/5 1653/4664/5
f 1358/4656/5 2218/4644/5 1653/4664/5
f 1358/4656/5 1653/4664/5 1361/4665/5
f 1629/4666/5 1680/4667/5 1678/4663/5
f 1617/4662/5 1629/4666/5 1678/4663/5
f 1617/4662/5 1630/4668/5 1629/4666/5
f 1617/4662/5 1616/4669/5 1630/4668/5
f 1796/4670/5 1620/4671/5 1619/4659/5
f 2218/4644/5 1796/4670/5 1619/4659/5
f 2218/4644/5 1795/4672/5 1796/4670/5
f 2218/4644/5 2224/4673/5 1795/4672/5
f 2224/4673/5 2225/4674/5 1795/4672/5
f 2226/4675/5 2227/4676/5 2224/4673/5
f 2218/4644/5 2226/4675/5 2224/4673/5
f 2218/4644/5 2228/4677/5 2226/4675/5
f 2218/4644/5 2229/4678/5 2228/4677/5
f 2218/4644/5 2230/4679/5 2229/4678/5
f 2230/4679/5 2231/4680/5 2229/4678/5
f 2220/4653/5 2232/4681/5 2233/4682/5
f 2220/4653/5 2233/4682/5 2218/4644/5
f 2233/4682/5 2234/4683/5 2218/4644/5
f 2234/4683/5 2235/4684/5 2218/4644/5
f 2235/4684/5 2236/4685/5 2218/4644/5
f 2237/4686/5 2236/4685/5 2235/4684/5
f 2237/4686/5 2238/4687/5 2236/4685/5
f 2218/4644/5 2236/4685/5 2238/4687/5
f 2218/4644/5 2238/4687/5 2239/4688/5
f 2218/4644/5 2239/4688/5 2240/4689/5
f 2218/4644/5 2240/4689/5 2230/4679/5
f 2240/4689/5 2241/4690/5 2230/4679/5
f 2238/4687/5 2242/4691/5 2239/4688/5
f 2243/4692/5 2244/4693/5 2235/4684/5
f 2245/4694/5 2243/4692/5 2235/4684/5
f 2234/4683/5 2245/4694/5 2235/4684/5
f 2234/4683/5 2246/4695/5 2245/4694/5
f 1673/4696/997 1684/4697/998 1697/4698/999
f 2247/4699/1000 2248/4700/1000 2249/4701/1000
f 2249/4701/1000 2250/4702/1000 2247/4699/1000
f 2251/4703/23 1122/4704/23 1125/4705/23
f 1125/4705/23 2252/4706/23 2251/4703/23
f 2251/4703/23 2252/4706/23 2253/4707/23
f 2253/4707/23 2254/4708/23 2251/4703/23
f 2254/4709/1001 2253/4710/1001 2255/4711/1001
f 2255/4711/1001 2256/4712/1001 2254/4709/1001
f 2257/4713/1002 2258/4714/1002 2259/4715/1002
f 2259/4715/1002 2260/4716/1002 2257/4713/1002
f 2260/4717/1003 2259/4718/1003 2261/4719/1004
f 2261/4719/1004 2262/4720/1004 2260/4717/1003
f 2263/4721/1005 2264/4722/1005 2265/4723/1005
f 2265/4723/1005 2266/4724/1005 2263/4721/1005
f 2266/4725/1006 2265/4726/1006 2267/4727/1006
f 2267/4727/1006 2268/4728/1006 2266/4725/1006
f 2268/4729/1007 2267/4730/1007 2269/4731/1007
f 2269/4731/1007 2270/4732/1007 2268/4729/1007
f 2270/4733/1008 2269/4734/1008 2271/4735/1008
f 2271/4735/1008 2272/4736/1008 2270/4733/1008
f 2272/4737/1009 2271/4738/1009 2273/4739/1010
f 2273/4739/1010 2274/4740/1010 2272/4737/1009
f 2275/4741/773 2256/4742/1011 2276/4743/773
f 2254/4744/773 2256/4742/1011 2275/4741/773
f 2275/4741/773 2277/4745/773 2254/4744/773
f 2278/4746/773 2279/4747/773 2280/4748/773
f 2276/4743/773 2278/4746/773 2280/4748/773
f 2281/4749/773 2276/4743/773 2280/4748/773
f 2281/4749/773 2282/4750/773 2276/4743/773
f 2257/4751/773 2276/4743/773 2282/4750/773
f 2257/4751/773 2260/4752/773 2276/4743/773
f 2260/4752/773 2275/4741/773 2276/4743/773
f 2260/4752/773 2262/4753/773 2275/4741/773
f 2276/4743/773 2283/4754/1012 2278/4746/773
f 2278/4746/773 2283/4754/1012 2284/4755/773
f 2284/4755/773 1874/4756/773 2278/4746/773
f 1673/4696/997 1655/4757/1013 1684/4697/998
f 1655/4757/1013 1656/4758/1014 1684/4697/998
f 1776/4759/1015 1683/4760/1015 1621/4761/1015
f 2285/4762/5 2286/4763/5 2287/4764/5
f 2287/4764/5 2288/4765/5 2285/4762/5
f 2285/4762/5 2288/4765/5 1325/4766/5
f 1325/4766/5 1149/4767/5 2285/4762/5
f 1621/4761/1016 1777/4768/1016 1776/4759/1016
f 2289/4769/1017 2290/4770/1018 2283/4771/1018
f 2283/4771/1018 2276/4772/1017 2289/4769/1017
f 2289/4769/1017 2276/4772/1017 2256/4712/1019
f 2256/4712/1019 2255/4711/1019 2289/4769/1017
f 1787/4773/5 1751/4774/5 1750/4775/5
f 1750/4775/5 1792/4776/5 1787/4773/5
f 761/4777/5 1792/4776/5 1750/4775/5
f 1750/4775/5 1548/4778/5 761/4777/5
f 2291/4779/785 2292/4780/1020 2293/4781/1020
f 2293/4781/1020 2294/4782/785 2291/4779/785
f 2291/4779/785 2294/4782/785 2274/4783/1021
f 2274/4783/1021 2273/4784/1021 2291/4779/785
f 1761/4785/1022 1661/4786/1022 1671/4787/1023
f 1671/4787/1023 2186/4788/1024 1761/4785/1022
f 2186/4788/1024 1671/4787/1023 1669/4789/1025
f 1669/4789/1025 1748/4790/1025 2186/4788/1024
f 2295/4791/773 1870/4792/773 2296/4793/773
f 2296/4793/773 2297/4794/773 2295/4791/773
f 2295/4791/773 2297/4794/773 2247/4795/773
f 2247/4795/773 2250/4796/773 2295/4791/773
f 760/4797/23 1518/4798/23 1800/4799/23
f 1800/4799/23 1793/4800/23 760/4797/23
f 1788/4801/23 1793/4800/23 1800/4799/23
f 1800/4799/23 1670/4802/23 1788/4801/23
f 2298/4803/782 2299/4804/782 2300/4805/782
f 2300/4805/782 2301/4806/782 2298/4803/782
f 2298/4803/782 2301/4806/782 2302/4807/782
f 2302/4807/782 2303/4808/782 2298/4803/782
f 1657/4809/1026 1788/4810/1027 1658/4811/1028
f 1788/4810/1027 1670/4812/1029 1658/4811/1028
f 1657/4809/1026 1699/4813/1030 1788/4810/1027
f 2304/4814/1031 2248/4815/1031 2247/4816/1031
f 2247/4816/1031 2297/4817/1031 2304/4814/1031
f 2304/4814/1031 2297/4817/1031 2296/4818/1031
f 2296/4818/1031 2305/4819/1031 2304/4814/1031
f 2296/4820/1032 1870/4821/1033 1869/4822/1033
f 1869/4822/1033 2305/4823/1032 2296/4820/1032
f 2306/4824/5 2284/4825/5 2307/4826/5
f 2307/4826/5 2308/4827/5 2306/4824/5
f 2306/4824/5 2308/4827/5 1252/4828/5
f 1252/4828/5 1251/4829/5 2306/4824/5
f 1774/4830/1034 1773/4831/1034 1751/4832/1034
f 2284/4833/1035 2283/4771/1036 2290/4770/1036
f 2290/4770/1036 2307/4834/1035 2284/4833/1035
f 2309/4835/1037 2258/4836/1038 2257/4837/1038
f 2257/4837/1038 2282/4838/1037 2309/4835/1037
f 2309/4835/1037 2282/4838/1037 2281/4839/1039
f 2281/4839/1039 2310/4840/1039 2309/4835/1037
f 2281/4841/1040 2280/4842/1040 2311/4843/1040
f 2311/4843/1040 2310/4844/1040 2281/4841/1040
f 2280/4845/1041 2279/4846/1042 2312/4847/1042
f 2312/4847/1042 2311/4848/1041 2280/4845/1041
f 2278/4849/1043 1874/4850/1044 1873/4851/1044
f 1873/4851/1044 2313/4852/1045 2278/4849/1043
f 2279/4853/1046 2278/4849/1043 2313/4852/1045
f 2313/4852/1045 2312/4854/1046 2279/4853/1046
f 2314/4855/782 2264/4856/782 2263/4857/782
f 2263/4857/782 2315/4858/782 2314/4855/782
f 2314/4855/782 2315/4858/782 2316/4859/782
f 2316/4859/782 2317/4860/782 2314/4855/782
f 2316/4861/1047 2318/4862/1047 2319/4863/1047
f 2319/4863/1047 2317/4864/1047 2316/4861/1047
f 2318/4865/1048 2320/4866/1048 2321/4867/1048
f 2321/4867/1048 2319/4868/1048 2318/4865/1048
f 2320/4869/1049 2322/4870/1049 2323/4871/1049
f 2323/4871/1049 2321/4872/1049 2320/4869/1049
f 2322/4873/1050 2324/4874/1050 2325/4875/1050
f 2325/4875/1050 2323/4876/1050 2322/4873/1050
f 2324/4877/1051 2293/4878/1052 2292/4879/1052
f 2292/4879/1052 2325/4880/1051 2324/4877/1051
f 2255/4881/773 2253/4882/773 2249/4883/773
f 2249/4883/773 2248/4884/773 2255/4881/773
f 2289/4885/773 2255/4881/773 2248/4884/773
f 2248/4884/773 2304/4886/773 2289/4885/773
f 2289/4885/773 2304/4886/773 2305/4887/773
f 2305/4887/773 2290/4888/773 2289/4885/773
f 2290/4888/773 2305/4887/773 1869/4889/773
f 1869/4889/773 2307/4890/773 2290/4888/773
f 2308/4891/1 2307/4892/754 1869/4893/754
f 1869/4893/754 1868/4894/1 2308/4891/1
f 2308/4891/1 1868/4894/1 1250/4895/753
f 1250/4895/753 1252/4896/753 2308/4891/1
f 1751/4832/1053 1787/4897/1053 1774/4830/1053
f 2266/4898/773 2268/4899/773 2270/4900/773
f 2315/4901/773 2266/4898/773 2270/4900/773
f 2315/4901/773 2263/4902/773 2266/4898/773
f 2274/4903/773 2270/4900/773 2272/4904/773
f 2274/4903/773 2315/4901/773 2270/4900/773
f 2274/4903/773 2294/4905/773 2315/4901/773
f 2293/4906/773 2315/4901/773 2294/4905/773
f 2293/4906/773 2322/4907/773 2315/4901/773
f 2293/4906/773 2324/4908/773 2322/4907/773
f 2322/4907/773 2320/4909/773 2318/4910/773
f 2322/4907/773 2318/4910/773 2315/4901/773
f 2318/4910/773 2316/4911/773 2315/4901/773
f 1212/4912/1054 1211/4913/1054 2326/4914/1055
f 2326/4914/1055 2327/4915/1055 1212/4912/1054
f 2226/4916/1056 2327/4915/1055 2326/4914/1055
f 2326/4914/1055 2227/4917/1056 2226/4916/1056
f 2295/4918/754 2250/4919/754 2328/4920/1
f 2328/4920/1 2329/4921/1 2295/4918/754
f 1867/4922/1 1870/4923/754 2295/4918/754
f 2295/4918/754 2329/4921/1 1867/4922/1
f 1867/4922/1 2329/4921/1 1189/4924/753
f 1189/4924/753 2329/4921/1 2328/4920/1
f 2328/4920/1 1119/4925/753 1189/4924/753
f 1189/4924/753 1192/4926/753 1867/4922/1
f 1871/4927/1 1874/4928/754 2284/4929/754
f 2284/4929/754 2306/4930/1 1871/4927/1
f 1871/4927/1 2306/4930/1 1251/4931/753
f 1251/4931/753 1846/4932/753 1871/4927/1
f 1211/4933/1057 1206/4934/1057 2330/4935/1058
f 2330/4935/1058 2326/4936/1058 1211/4933/1057
f 2227/4937/1059 2326/4936/1058 2330/4935/1058
f 2330/4935/1058 2224/4938/1059 2227/4937/1059
f 2331/4939/785 2332/4940/1060 2333/4941/1060
f 2333/4941/1060 2334/4942/785 2331/4939/785
f 2331/4939/785 2334/4942/785 2335/4943/1061
f 2335/4943/1061 2336/4944/1061 2331/4939/785
f 2333/4945/1062 1863/4946/1063 2287/4947/1064
f 2287/4947/1064 2302/4948/1065 2333/4945/1062
f 2334/4949/773 2333/4945/1062 2302/4948/1065
f 2302/4948/1065 2301/4950/773 2334/4949/773
f 2334/4949/773 2301/4950/773 2300/4951/1066
f 2300/4951/1066 2335/4952/1067 2334/4949/773
f 2335/4952/1067 2300/4951/1066 2337/4953/1068
f 2337/4953/1068 2338/4954/1069 2335/4952/1067
f 1206/4955/1070 1210/4956/1070 2339/4957/1070
f 2339/4957/1070 2330/4958/1070 1206/4955/1070
f 2224/4959/1070 2330/4958/1070 2339/4957/1070
f 2339/4957/1070 2225/4960/1070 2224/4959/1070
f 2340/4961/1071 2338/4962/1072 2337/4963/1073
f 2337/4963/1073 2341/4964/1074 2340/4961/1071
f 2340/4961/1071 2341/4964/1074 1324/4965/1075
f 1324/4965/1075 1323/4966/1076 2340/4961/1071
f 1210/4967/1077 1207/4968/1077 1794/4969/1078
f 1794/4969/1078 2339/4970/1079 1210/4967/1077
f 2225/4971/1080 2339/4970/1079 1794/4969/1078
f 1794/4969/1078 1795/4972/1080 2225/4971/1080
f 2342/4973/1 2343/4974/754 1873/4975/754
f 1873/4975/754 1872/4976/1 2342/4973/1
f 2342/4973/1 1872/4976/1 1162/4977/753
f 1162/4977/753 1163/4978/753 2342/4973/1
f 1812/4979/1081 1804/4980/1082 1822/4981/1083
f 2344/4982/1084 2345/4983/1085 1230/4984/773
f 1230/4984/773 1232/4985/1086 2344/4982/1084
f 2344/4982/1084 2232/4986/1087 2220/4987/1088
f 2220/4987/1088 2345/4983/1085 2344/4982/1084
f 2346/4988/1089 2345/4983/1085 2220/4987/1088
f 1230/4984/773 2345/4983/1085 2346/4988/1089
f 2346/4988/1089 1233/4989/1090 1230/4984/773
f 2220/4987/1088 2222/4990/1091 2346/4988/1089
f 2347/4991/1092 2348/4992/1092 2349/4993/1092
f 2349/4993/1092 2350/4994/1092 2347/4991/1092
f 2350/4995/1093 2349/4996/1093 2351/4997/1093
f 2351/4997/1093 2352/4998/1093 2350/4995/1093
f 2352/4999/1094 2351/5000/1094 2353/5001/1094
f 2353/5001/1094 2354/5002/1094 2352/4999/1094
f 2354/5003/1095 2353/5004/1095 2355/5005/1095
f 2355/5005/1095 2356/5006/1095 2354/5003/1095
f 2356/5007/23 2355/5008/23 2357/5009/23
f 2357/5009/23 2358/5010/23 2356/5007/23
f 2358/5011/782 2357/5012/782 2348/5013/782
f 2348/5013/782 2347/5014/782 2358/5011/782
f 2359/5015/1096 2360/5016/1096 2361/5017/1096
f 2361/5017/1096 2362/5018/1096 2359/5015/1096
f 2362/5019/1097 2361/5020/1097 2363/5021/1097
f 2363/5021/1097 2364/5022/1097 2362/5019/1097
f 2364/5023/1098 2363/5024/1098 2365/5025/1098
f 2365/5025/1098 2366/5026/1098 2364/5023/1098
f 2366/5027/1099 2365/5028/1099 2367/5029/1099
f 2367/5029/1099 2368/5030/1099 2366/5027/1099
f 2368/5031/782 2367/5032/782 2369/5033/782
f 2369/5033/782 2370/5034/782 2368/5031/782
f 2370/5035/5 2369/5036/5 2360/5037/5
f 2360/5037/5 2359/5038/5 2370/5035/5
f 2371/5039/1100 2024/5040/1100 2027/5041/1100
f 2027/5041/1100 2372/5042/1100 2371/5039/1100
f 2371/5039/1100 2372/5042/1100 2373/5043/23
f 2373/5043/23 2374/5044/23 2371/5039/1100
f 2375/5045/1101 2374/5044/23 2373/5043/23
f 2373/5043/23 2376/5046/1101 2375/5045/1101
f 2375/5045/1101 2376/5046/1101 2377/5047/1101
f 2377/5047/1101 2378/5048/1101 2375/5045/1101
f 2378/5049/1102 2377/5050/1102 2379/5051/1102
f 2379/5051/1102 2380/5052/1102 2378/5049/1102
f 2380/5052/1103 2379/5051/1103 2381/5053/1103
f 2381/5053/1103 2382/5054/1103 2380/5052/1103
f 2352/5055/773 2354/5056/773 2356/5057/773
f 2356/5057/773 2358/5058/773 2352/5055/773
f 2352/5055/773 2358/5058/773 2347/5059/773
f 2347/5059/773 2350/5060/773 2352/5055/773
f 2364/5061/773 2366/5062/773 2368/5063/773
f 2368/5063/773 2370/5064/773 2364/5061/773
f 2364/5061/773 2370/5064/773 2359/5065/773
f 2359/5065/773 2362/5066/773 2364/5061/773
f 2349/5067/773 2348/5068/773 2367/5069/773
f 2367/5069/773 2365/5070/773 2349/5067/773
f 2365/5070/773 2379/5071/773 2349/5067/773
f 2351/5072/773 2349/5067/773 2379/5071/773
f 2379/5071/773 2377/5073/773 2351/5072/773
f 2353/5074/773 2351/5072/773 2377/5073/773
f 2377/5073/773 2376/5075/1104 2353/5074/773
f 2360/5076/773 2383/5077/773 2384/5078/773
f 2384/5078/773 2361/5079/773 2360/5076/773
f 2385/5080/773 2361/5079/773 2384/5078/773
f 2363/5081/773 2361/5079/773 2385/5080/773
f 2385/5080/773 2381/5082/773 2363/5081/773
f 2365/5070/773 2363/5081/773 2381/5082/773
f 2381/5082/773 2379/5071/773 2365/5070/773
f 2386/5083/773 2387/5084/773 2384/5078/773
f 2384/5078/773 2387/5084/773 2385/5080/773
f 2387/5084/773 2388/5085/773 2385/5080/773
f 2387/5084/773 2386/5083/773 2388/5085/773
f 2005/5086/773 2027/5087/773 2026/5088/773
f 2026/5088/773 2002/5089/773 2005/5086/773
f 2019/5090/773 2002/5089/773 2026/5088/773
f 2019/5090/773 2026/5088/773 2029/5091/773
f 2029/5091/773 2017/5092/773 2019/5090/773
f 2017/5092/773 2029/5091/773 2386/5083/773
f 2386/5083/773 2014/5093/773 2017/5092/773
f 2384/5078/773 2014/5093/773 2386/5083/773
f 2015/5094/773 2014/5093/773 2384/5078/773
f 2384/5078/773 2383/5077/773 2015/5094/773
f 2389/5095/773 2015/5094/773 2383/5077/773
f 2389/5095/773 2383/5077/773 2360/5076/773
f 2389/5095/773 2360/5076/773 2369/5096/773
f 2389/5095/773 2369/5096/773 2390/5097/773
f 2390/5097/773 2369/5096/773 2367/5069/808
f 2390/5097/773 2367/5069/808 2357/5098/773
f 2390/5097/773 2357/5098/773 2108/5099/773
f 2108/5099/773 2357/5098/773 2355/5100/1105
f 2027/5087/773 2005/5086/773 2007/5101/773
f 2007/5101/773 2372/5102/773 2027/5087/773
f 2021/5103/773 2003/5104/773 2002/5089/773
f 2002/5089/773 2019/5090/773 2021/5103/773
f 2108/5099/773 2355/5100/1105 2391/5105/773
f 2391/5105/773 2355/5100/1105 2353/5074/773
f 2353/5074/773 2392/5106/773 2391/5105/773
f 2392/5106/773 2353/5074/773 2376/5075/1104
f 2376/5075/1104 2393/5107/1104 2392/5106/773
f 2376/5075/1104 2373/5108/1104 2393/5107/1104
f 2372/5102/773 2393/5107/1104 2373/5108/1104
f 2392/5106/773 2393/5107/1104 2372/5102/773
f 2372/5102/773 2007/5101/773 2392/5106/773
f 2391/5105/773 2392/5106/773 2007/5101/773
f 2007/5101/773 2009/5109/921 2391/5105/773
f 2035/5110/773 2391/5105/773 2009/5109/921
f 2035/5110/773 2009/5109/921 2011/5111/773
f 2036/5112/773 2035/5110/773 2011/5111/773
f 2036/5112/773 2011/5111/773 2021/5103/773
f 2036/5112/773 2021/5103/773 2023/5113/773
f 2389/5095/773 2036/5112/773 2023/5113/773
f 2389/5095/773 2023/5113/773 2015/5094/773
f 2108/5099/773 2391/5105/773 2109/5114/773
f 2035/5110/773 2109/5114/773 2391/5105/773
f 1854/5115/23 1855/5116/23 1857/5117/23
f 1855/5116/23 1856/5118/23 1857/5117/23
f 1859/5119/23 1860/5120/23 1727/3179/23
f 1858/5121/56 1859/5119/23 1727/3179/23
f 1857/5117/23 1858/5121/56 1727/3179/23
f 1854/5115/23 1857/5117/23 1727/3179/23
f 1728/3180/606 1854/5115/23 1727/3179/23
f 1728/3180/606 1853/5122/23 1854/5115/23
f 1728/3180/606 1851/5123/23 1853/5122/23
f 1851/5123/23 1852/5124/23 1853/5122/23
f 871/5125/1106 2394/5126/1106 862/5127/1106
f 2107/5128/1107 2395/5129/1107 2390/5130/1107
f 2390/5130/1107 2108/5131/1107 2107/5128/1107
f 41/2516/452 1411/2519/455 2396/5132/1108
f 2396/5132/1108 40/5133/1109 41/2516/452
f 40/5133/1109 2396/5132/1108 2397/5134/1110
f 2397/5134/1110 39/5135/1110 40/5133/1109
f 39/5135/1111 2397/5134/1111 2398/5136/1111
f 2398/5136/1111 38/5137/1111 39/5135/1111
f 38/5137/1112 2398/5136/1112 2399/5138/1112
f 2399/5138/1112 37/5139/1112 38/5137/1112
f 37/5139/1113 2399/5138/1113 2400/5140/1113
f 2400/5140/1113 36/5141/1113 37/5139/1113
f 33/2528/65 1417/2531/65 1460/5142/1114
f 1460/5142/1114 44/5143/1114 33/2528/65
f 44/5144/850 1460/5145/850 1475/5146/850
f 1475/5146/850 43/5147/850 44/5144/850
f 43/5148/1115 1475/5149/1115 2110/5150/1115
f 2110/5150/1115 30/5151/1115 43/5148/1115
f 966/1631/23 2141/5152/23 965/1630/23
f 966/1631/23 1524/5153/23 2141/5152/23
f 1524/5153/23 2134/5154/23 2141/5152/23
f 2394/5155/1116 871/1535/305 1849/5156/1117
f 2151/5157/1118 2401/5158/1118 2402/5159/1118
f 2151/5157/1118 2403/5160/1118 2401/5158/1118
f 2404/5161/1118 2405/5162/1118 2406/5163/1118
f 2407/5164/1118 2404/5161/1118 2406/5163/1118
f 2407/5164/1118 2406/5163/1118 2408/5165/1118
f 2409/5166/1118 2407/5164/1118 2408/5165/1118
f 1545/5167/1118 2409/5166/1118 2408/5165/1118
f 1545/5167/1118 2410/5168/1118 2409/5166/1118
f 1545/5167/1118 2411/5169/1118 2410/5168/1118
f 1545/5167/1118 2412/5170/1118 2411/5169/1118
f 1545/5167/1118 2402/5159/1118 2412/5170/1118
f 1545/5167/1118 1546/5171/1119 2402/5159/1118
f 1546/5171/1119 2413/5172/1119 2402/5159/1118
f 2151/5157/1118 2402/5159/1118 2413/5172/1119
f 2151/5157/1118 2413/5172/1119 1550/5173/1118
f 632/5174/1118 2151/5157/1118 1550/5173/1118
f 2414/5175/1118 632/5174/1118 1550/5173/1118
f 2414/5175/1118 630/5176/1118 632/5174/1118
f 2414/5175/1118 1550/5173/1118 2408/5165/1118
f 1550/5173/1118 1545/5167/1118 2408/5165/1118
f 1549/5177/5 1550/5178/5 2413/5179/5
f 2413/5179/5 2415/5180/5 1549/5177/5
f 1549/5177/5 2415/5180/5 1528/5181/5
f 1528/5181/5 1526/5182/5 1549/5177/5
f 1850/5183/1120 865/1529/304 1889/5184/1121
f 1850/5183/1120 871/1535/305 865/1529/304
f 1850/5183/1120 1849/5156/1117 871/1535/305
f 2415/5185/1 2413/5186/1122 1546/5187/1122
f 1546/5187/1122 1543/5188/1 2415/5185/1
f 2415/5185/1 1543/5188/1 1530/5189/1123
f 1530/5189/1123 1528/5190/1123 2415/5185/1
f 2394/5191/212 1849/5192/1124 1847/5193/1124
f 2394/5191/212 863/5194/65 862/5195/65
f 2394/5191/212 1738/5196/65 863/5194/65
f 2394/5191/212 1848/5197/212 1738/5196/65
f 1847/5193/1124 1848/5197/212 2394/5191/212
f 1848/5197/212 1739/5198/65 1738/5196/65
f 2416/5199/1 2404/5200/1125 2407/5201/1125
f 2407/5201/1125 2417/5202/1 2416/5199/1
f 2416/5199/1 2417/5202/1 1537/5203/1123
f 1537/5203/1123 1539/5204/1123 2416/5199/1
f 1720/5205/1126 873/5206/1126 1721/5207/1126
f 1720/5205/1126 874/5208/1126 873/5206/1126
f 1720/5205/1126 875/5209/1126 874/5208/1126
f 2417/5210/1127 2407/5211/1127 2409/5212/1127
f 2409/5212/1127 2418/5213/1127 2417/5210/1127
f 2417/5210/1127 2418/5213/1127 1535/5214/1127
f 1535/5214/1127 1537/5215/1127 2417/5210/1127
f 1719/5216/1128 872/5217/1128 869/5218/1128
f 1719/5216/1128 873/5219/1128 872/5217/1128
f 1719/5216/1128 1721/5220/1128 873/5219/1128
f 2418/5221/65 2409/5222/493 2410/5223/493
f 2410/5223/493 2419/5224/65 2418/5221/65
f 2418/5221/65 2419/5224/65 1534/5225/208
f 1534/5225/208 1535/5226/208 2418/5221/65
f 1719/5227/1129 866/5228/1129 1709/5229/1129
f 1719/5227/1129 868/5230/1129 866/5228/1129
f 1719/5227/1129 869/5231/1129 868/5230/1129
f 2420/5232/1130 2412/5233/1131 2402/5234/1132
f 2402/5234/1132 2421/5235/1133 2420/5232/1130
f 2420/5232/1130 2421/5235/1133 1529/5236/1134
f 1529/5236/1134 1532/5237/1131 2420/5232/1130
f 1120/5238/1135 1119/5239/1135 2328/5240/1136
f 2328/5240/1136 2422/5241/1136 1120/5238/1135
f 2249/5242/1137 2422/5241/1136 2328/5240/1136
f 2328/5240/1136 2250/5243/1137 2249/5242/1137
f 2151/5244/1122 2423/5245/1 2403/5246/1122
f 2151/5244/1122 2150/5247/1123 2423/5245/1
f 2150/5247/1123 2148/5248/1 2423/5245/1
f 2423/5245/1 2148/5248/1 2149/5249/1122
f 1527/5250/1123 2423/5245/1 2149/5249/1122
f 1527/5250/1123 1542/5251/1123 2423/5245/1
f 1134/5252/5 1133/5253/5 2424/5254/5
f 2424/5254/5 2425/5255/5 1134/5252/5
f 2426/5256/5 2425/5255/5 2424/5254/5
f 2424/5254/5 2277/5257/5 2426/5256/5
f 2427/5258/974 2428/5259/974 2429/5260/974
f 2428/5259/850 2427/5258/850 2430/5261/850
f 2430/5261/850 2431/5262/850 2428/5259/850
f 2431/5262/975 2430/5261/975 2432/5263/1138
f 2432/5263/1139 2433/5264/1139 2431/5262/975
f 2434/5265/1140 2433/5264/1139 2432/5263/1139
f 2432/5263/1139 2435/5266/1140 2434/5265/1140
f 2434/5265/1140 2435/5266/1140 2436/5267/1141
f 2436/5267/1141 2437/5268/1141 2434/5265/1140
f 2438/5269/509 2437/5268/1141 2436/5267/1141
f 2436/5267/1141 2439/5270/509 2438/5269/509
f 2440/5271/1 2438/5269/1 2439/5270/1
f 2439/5270/1 2441/5272/1 2440/5271/1
f 2442/5273/497 2440/5271/497 2441/5272/497
f 2441/5272/497 2443/5274/497 2442/5273/497
f 2444/5275/1142 2442/5273/1142 2443/5274/1142
f 2443/5274/1142 2445/5276/1142 2444/5275/1142
f 2446/5277/1143 2444/5275/1144 2445/5276/1144
f 2445/5276/1144 2447/5278/1143 2446/5277/1143
f 2446/5277/1143 2447/5278/1143 2448/5279/1145
f 2448/5279/1145 2449/5280/1145 2446/5277/1143
f 2450/5281/1146 2449/5280/1145 2448/5279/1145
f 2448/5279/1145 2451/5282/1146 2450/5281/1146
f 2450/5281/1146 2451/5282/1146 2452/5283/1147
f 2452/5283/1147 2453/5284/1147 2450/5281/1146
f 2453/5284/1148 2452/5283/1148 2454/5285/1148
f 2454/5285/1148 2429/5260/1148 2453/5284/1148
f 2429/5260/974 2454/5285/974 2427/5258/974
f 1323/5286/5 1348/5287/5 1875/5288/5
f 1875/5288/5 2340/5289/5 1323/5286/5
f 2338/5290/5 2340/5289/5 1875/5288/5
f 1875/5288/5 1876/5291/5 2338/5290/5
f 2455/5292/5 2427/5293/5 2454/5294/5
f 2427/5293/5 2455/5292/5 2456/5295/5
f 2456/5295/5 2430/5296/5 2427/5293/5
f 2430/5296/5 2456/5295/5 2457/5297/5
f 2457/5297/5 2432/5298/5 2430/5296/5
f 2432/5298/5 2457/5297/5 2458/5299/5
f 2458/5299/5 2435/5300/5 2432/5298/5
f 2436/5301/5 2435/5300/5 2458/5299/5
f 2458/5299/5 2459/5302/5 2436/5301/5
f 2439/5303/5 2436/5301/5 2459/5302/5
f 2459/5302/5 2460/5304/5 2439/5303/5
f 2441/5305/5 2439/5303/5 2460/5304/5
f 2460/5304/5 2461/5306/5 2441/5305/5
f 2443/5307/5 2441/5305/5 2461/5306/5
f 2461/5306/5 2462/5308/5 2443/5307/5
f 2445/5309/5 2443/5307/5 2462/5308/5
f 2462/5308/5 2463/5310/5 2445/5309/5
f 2447/5311/5 2445/5309/5 2463/5310/5
f 2463/5310/5 2464/5312/5 2447/5311/5
f 2447/5311/5 2464/5312/5 2465/5313/5
f 2465/5313/5 2448/5314/5 2447/5311/5
f 2451/5315/5 2448/5314/5 2465/5313/5
f 2465/5313/5 2466/5316/5 2451/5315/5
f 2451/5315/5 2466/5316/5 2467/5317/5
f 2467/5317/5 2452/5318/5 2451/5315/5
f 2452/5318/5 2467/5317/5 2468/5319/5
f 2468/5319/5 2454/5294/5 2452/5318/5
f 2454/5294/5 2468/5319/5 2455/5292/5
f 2469/5320/986 2455/5321/986 2468/5322/986
f 2455/5321/773 2469/5320/773 2470/5323/773
f 2470/5323/773 2456/5324/773 2455/5321/773
f 2456/5324/988 2470/5323/988 2471/5325/1149
f 2471/5325/1149 2457/5326/1149 2456/5324/988
f 2458/5327/1150 2457/5326/1149 2471/5325/1149
f 2471/5325/1149 2472/5328/1150 2458/5327/1150
f 2458/5327/1150 2472/5328/1150 2473/5329/1151
f 2473/5329/1151 2459/5330/1151 2458/5327/1150
f 2460/5331/530 2459/5330/1151 2473/5329/1151
f 2473/5329/1151 2474/5332/530 2460/5331/530
f 2461/5333/65 2460/5331/65 2474/5332/65
f 2474/5332/65 2475/5334/65 2461/5333/65
f 2462/5335/1152 2461/5333/1152 2475/5334/1152
f 2475/5334/1152 2476/5336/1152 2462/5335/1152
f 2463/5337/1153 2462/5335/1153 2476/5336/1153
f 2476/5336/1153 2477/5338/1153 2463/5337/1153
f 2464/5339/1154 2463/5337/1155 2477/5338/1155
f 2477/5338/1155 2478/5340/1154 2464/5339/1154
f 2464/5339/1154 2478/5340/1154 2479/5341/1156
f 2479/5341/1156 2465/5342/1156 2464/5339/1154
f 2466/5343/1157 2465/5342/1156 2479/5341/1156
f 2479/5341/1156 2480/5344/1157 2466/5343/1157
f 2466/5343/1157 2480/5344/1157 2481/5345/1158
f 2481/5345/1158 2467/5346/1158 2466/5343/1159
f 2467/5346/1160 2481/5345/1160 2482/5347/1160
f 2482/5347/1160 2468/5322/1160 2467/5346/1160
f 2468/5322/986 2482/5347/986 2469/5320/986
f 1538/5348/462 1536/5349/462 2483/5350/462
f 2483/5350/462 2484/5351/462 1538/5348/462
f 2406/5352/462 2484/5351/462 2483/5350/462
f 2483/5350/462 2408/5353/462 2406/5352/462
f 2485/5354/1161 2486/5355/1162 2487/5356/1162
f 2487/5356/1162 2488/5357/1161 2485/5354/1161
f 2485/5354/1161 2488/5357/1161 2489/5358/1163
f 2489/5358/1163 2490/5359/1163 2485/5354/1161
f 2491/5360/1164 2490/5359/1163 2489/5358/1163
f 2489/5358/1163 2492/5361/1164 2491/5360/1164
f 2491/5360/1164 2492/5361/1164 1915/5362/1165
f 1915/5362/1165 1914/5363/1165 2491/5360/1164
f 1540/5364/212 1538/5365/212 2484/5366/65
f 2484/5366/65 2493/5367/65 1540/5364/212
f 2405/5368/64 2493/5367/65 2484/5366/65
f 2484/5366/65 2406/5369/64 2405/5368/64
f 2494/5370/5 2495/5371/5 2496/5372/5
f 2496/5372/5 2497/5373/5 2494/5370/5
f 2494/5370/5 2497/5373/5 2498/5374/5
f 2498/5374/5 2499/5375/5 2494/5370/5
f 2500/5376/5 2499/5375/5 2498/5374/5
f 2498/5374/5 2501/5377/5 2500/5376/5
f 2500/5376/5 2501/5377/5 1929/5378/5
f 1929/5378/5 1928/5379/5 2500/5376/5
f 1539/5380/23 1540/5381/23 2493/5382/23
f 2493/5382/23 2416/5383/23 1539/5380/23
f 2404/5384/23 2416/5383/23 2493/5382/23
f 2493/5382/23 2405/5385/23 2404/5384/23
f 2502/5386/1166 2503/5387/1167 2242/5388/1167
f 2242/5388/1167 2238/5389/1168 2502/5386/1166
f 2502/5386/1166 2238/5389/1168 2237/5390/1169
f 2237/5390/1169 2504/5391/1170 2502/5386/1166
f 2505/5392/1171 2504/5391/1170 2237/5390/1169
f 2237/5390/1169 2235/5393/1172 2505/5392/1171
f 2505/5392/1171 2235/5393/1172 2244/5394/1173
f 2244/5394/1173 2506/5395/1173 2505/5392/1171
f 1533/5396/1174 1534/5225/1175 2419/5224/1176
f 2419/5224/1176 2507/5397/1177 1533/5396/1174
f 2411/5398/1178 2507/5397/1177 2419/5224/1176
f 2419/5224/1176 2410/5223/1179 2411/5398/1178
f 2508/5399/1180 2509/5400/1180 2487/5401/1180
f 2487/5401/1180 2486/5402/1180 2508/5399/1180
f 2510/5403/23 1917/5404/23 1920/5405/23
f 1920/5405/23 2511/5406/23 2510/5403/23
f 2510/5403/23 2511/5406/23 2512/5407/23
f 2512/5407/23 2513/5408/23 2510/5403/23
f 2514/5409/23 2513/5408/23 2512/5407/23
f 2512/5407/23 2515/5410/23 2514/5409/23
f 2514/5409/23 2515/5410/23 2516/5411/23
f 2516/5411/23 2517/5412/23 2514/5409/23
f 2517/5413/1181 2516/5414/1181 2518/5415/1182
f 2518/5415/1182 2519/5416/1182 2517/5413/1181
f 2520/5417/1183 2521/5418/1183 2522/5419/1183
f 2522/5419/1183 2523/5420/1183 2520/5417/1183
f 2523/5421/1184 2522/5422/1184 2524/5423/1185
f 2524/5423/1185 2525/5424/1185 2523/5421/1184
f 2526/5425/1186 2527/5426/1186 2528/5427/1186
f 2528/5427/1186 2529/5428/1186 2526/5425/1186
f 2529/5429/1187 2528/5430/1187 2530/5431/1187
f 2530/5431/1187 2531/5432/1187 2529/5429/1187
f 2531/5433/1188 2530/5434/1188 2532/5435/1188
f 2532/5435/1188 2533/5436/1188 2531/5433/1188
f 2533/5437/1189 2532/5438/1189 2534/5439/1189
f 2534/5439/1189 2535/5440/1189 2533/5437/1189
f 2535/5441/1190 2534/5442/1190 2536/5443/1191
f 2536/5443/1191 2537/5444/1191 2535/5441/1190
f 2511/5445/1192 1920/5446/1193 1915/5447/1193
f 1915/5447/1193 2492/5448/1194 2511/5445/1192
f 2512/5449/1195 2511/5445/1192 2492/5448/1194
f 2492/5448/1194 2489/5450/1195 2512/5449/1195
f 2512/5449/1195 2489/5450/1195 2488/5451/1196
f 2488/5451/1196 2515/5452/1197 2512/5449/1195
f 2515/5452/1197 2488/5451/1196 2487/5453/1198
f 2487/5453/1198 2516/5454/1198 2515/5452/1197
f 2538/5455/65 2519/5456/982 2539/5457/65
f 2517/5458/65 2519/5456/982 2538/5455/65
f 2538/5455/65 2495/5459/65 2517/5458/65
f 2540/5460/65 2541/5461/65 2542/5462/65
f 2539/5457/65 2540/5460/65 2542/5462/65
f 2543/5463/65 2539/5457/65 2542/5462/65
f 2543/5463/65 2544/5464/65 2539/5457/65
f 2520/5465/65 2539/5457/65 2544/5464/65
f 2520/5465/65 2523/5466/65 2539/5457/65
f 2523/5466/65 2538/5455/65 2539/5457/65
f 2523/5466/65 2525/5467/65 2538/5455/65
f 2539/5457/65 2545/5468/1199 2540/5460/65
f 2540/5460/65 2545/5468/1199 2546/5469/65
f 2546/5469/65 2547/5470/65 2540/5460/65
f 1532/5237/65 1533/5396/65 2507/5397/65
f 2507/5397/65 2420/5232/65 1532/5237/65
f 2412/5233/65 2420/5232/65 2507/5397/65
f 2507/5397/65 2411/5398/65 2412/5233/65
f 2500/5471/1200 1928/5472/1193 1917/5473/1193
f 1917/5473/1193 2510/5474/1201 2500/5471/1200
f 2499/5475/1195 2500/5471/1200 2510/5474/1201
f 2510/5474/1201 2513/5476/1195 2499/5475/1195
f 2499/5475/1195 2513/5476/1195 2514/5477/1196
f 2514/5477/1196 2494/5478/1202 2499/5475/1195
f 2494/5478/1202 2514/5477/1196 2517/5479/1198
f 2517/5479/1198 2495/5480/1198 2494/5478/1202
f 2548/5481/1203 2549/5482/1204 2550/5483/1205
f 2550/5483/1205 2551/5484/1206 2548/5481/1203
f 2552/5485/1207 2548/5481/1203 2551/5484/1206
f 2551/5484/1206 2553/5486/1208 2552/5485/1207
f 2552/5485/1207 2553/5486/1208 2554/5487/1209
f 2554/5487/1209 2555/5488/1210 2552/5485/1207
f 2555/5488/1210 2554/5487/1209 2556/5489/1211
f 2556/5489/1211 2557/5490/1212 2555/5488/1210
f 2558/5491/1192 1944/5492/1193 1929/5493/1193
f 1929/5493/1193 2501/5494/1201 2558/5491/1192
f 2559/5495/1195 2558/5491/1192 2501/5494/1201
f 2501/5494/1201 2498/5496/68 2559/5495/1195
f 2559/5495/1195 2498/5496/68 2497/5497/1213
f 2497/5497/1213 2560/5498/1197 2559/5495/1195
f 2560/5498/1197 2497/5497/1213 2496/5499/1198
f 2496/5499/1198 2561/5500/1198 2560/5498/1197
f 2562/5501/1214 2563/5502/1215 2545/5503/1215
f 2545/5503/1215 2539/5504/1214 2562/5501/1214
f 2562/5501/1214 2539/5504/1214 2519/5416/1216
f 2519/5416/1216 2518/5415/1216 2562/5501/1214
f 1541/5505/212 1529/5236/212 2421/5235/65
f 2421/5235/982 2564/5506/65 1541/5505/212
f 2401/5507/64 2564/5506/65 2421/5235/982
f 2421/5235/982 2402/5234/64 2401/5507/64
f 2565/5508/79 2566/5509/1217 2567/5510/1217
f 2567/5510/1217 2568/5511/79 2565/5508/79
f 2565/5508/79 2568/5511/79 2537/5512/1218
f 2537/5512/1218 2536/5513/1218 2565/5508/79
f 1815/5514/65 1818/5515/65 1830/5516/65
f 1830/5516/65 1818/5515/65 1820/5517/65
f 1820/5517/65 1827/5518/65 1830/5516/65
f 2569/5519/65 2570/5520/65 2571/5521/65
f 1828/5522/65 2571/5521/65 2570/5520/65
f 1828/5522/65 1808/5523/65 2571/5521/65
f 1828/5522/65 1806/5524/65 1808/5523/65
f 1806/5524/65 1828/5522/65 1827/5518/65
f 1827/5518/65 1803/5525/65 1806/5524/65
f 1820/5517/65 1803/5525/65 1827/5518/65
f 1803/5525/65 1820/5517/65 1822/4981/65
f 1822/4981/65 1804/4980/65 1803/5525/65
f 2569/5519/65 2571/5521/65 2572/5526/65
f 2572/5526/65 2571/5521/65 2573/5527/65
f 1808/5523/65 2573/5527/65 2571/5521/65
f 2573/5527/65 1808/5523/65 1810/5528/65
f 1810/5528/65 2574/5529/65 2573/5527/65
f 2575/5530/65 2574/5529/65 1810/5528/65
f 2575/5530/65 2576/5531/65 2574/5529/65
f 2577/5532/65 2574/5529/65 2576/5531/65
f 2577/5532/65 2578/5533/1219 2574/5529/65
f 2577/5532/65 3/3/65 2578/5533/1219
f 1886/5534/65 3/3/65 2577/5532/65
f 1886/5534/65 1/1/65 3/3/65
f 2578/5533/1219 2572/5526/65 2573/5527/65
f 2573/5527/65 2574/5529/65 2578/5533/1219
f 2579/5535/65 2/2/65 1/1/65
f 1/1/65 2580/5536/65 2579/5535/65
f 2581/5537/65 1886/5534/65 1885/5538/65
f 2581/5537/65 1885/5538/65 1884/5539/65
f 2581/5537/65 1884/5539/65 1816/5540/65
f 1884/5539/65 1824/5541/65 1816/5540/65
f 1884/5539/65 1822/4981/65 1824/5541/65
f 1884/5539/65 1812/4979/65 1822/4981/65
f 1884/5539/65 2575/5530/65 1812/4979/65
f 2575/5530/65 1810/5528/65 1812/4979/65
f 1886/5534/65 2582/5542/65 1/1/65
f 2583/5543/65 2582/5542/65 1886/5534/65
f 2581/5537/65 2583/5543/65 1886/5534/65
f 2583/5543/65 2581/5537/65 2584/5544/65
f 2584/5544/65 2581/5537/65 1816/5540/65
f 1816/5540/65 1815/5514/65 2584/5544/65
f 2585/5545/65 2584/5544/65 1815/5514/65
f 2585/5545/65 1815/5514/65 1830/5516/65
f 1891/5546/65 2585/5545/65 1830/5516/65
f 1891/5546/65 1892/5547/65 2585/5545/65
f 1892/5547/65 2586/5548/65 2585/5545/65
f 1892/5547/65 2587/5549/65 2586/5548/65
f 2580/5536/65 2587/5549/65 1892/5547/65
f 1892/5547/65 2588/5550/65 2580/5536/65
f 2580/5536/65 2588/5550/65 2579/5535/65
f 2589/5551/65 2579/5535/65 2588/5550/65
f 2588/5550/65 2569/5519/65 2589/5551/65
f 2569/5519/65 2572/5526/65 2589/5551/65
f 2584/5544/65 2586/5548/65 2583/5543/65
f 2585/5545/65 2586/5548/65 2584/5544/65
f 2575/5552/5 2590/5553/5 2591/5554/5
f 2591/5554/5 2576/5555/5 2575/5552/5
f 2577/5556/5 2576/5555/5 2591/5554/5
f 2591/5554/5 2592/5557/5 2577/5556/5
f 2593/5558/65 2594/5559/65 2595/5560/65
f 2595/5560/65 2596/5561/65 2593/5558/65
f 2593/5558/65 2596/5561/65 2508/5562/65
f 2508/5562/65 2486/5563/65 2593/5558/65
f 1850/5183/1120 1889/5184/1121 1888/5564/1220
f 1888/5564/1220 1890/5565/1220 1850/5183/1120
f 273/1215/231 1890/5565/1220 1888/5564/1220
f 1888/5564/1220 8/1216/232 273/1215/231
f 2597/5566/3 2598/5567/3 2599/5568/3
f 2599/5568/3 2600/5569/3 2597/5566/3
f 2597/5566/3 2600/5569/3 2601/5570/3
f 2601/5570/3 2602/5571/3 2597/5566/3
f 1896/5572/5 2140/5573/895 2136/5574/5
f 2125/5575/5 2130/5576/5 2126/5577/5
f 2130/5576/5 2136/5574/5 2126/5577/5
f 2130/5576/5 2131/5578/5 2136/5574/5
f 2136/5574/5 2131/5578/5 2132/5579/5
f 1896/5572/5 2136/5574/5 2132/5579/5
f 1898/5580/5 1896/5572/5 2132/5579/5
f 2136/5574/5 2135/5581/1221 2126/5577/5
f 2603/5582/1222 1975/5583/1223 1981/5584/1223
f 1981/5584/1223 2604/5585/1222 2603/5582/1222
f 2603/5582/1222 2604/5585/1222 2605/5586/1224
f 2605/5586/1224 2606/5587/1224 2603/5582/1222
f 2607/5588/1225 2606/5587/1224 2605/5586/1224
f 2605/5586/1224 2608/5589/1225 2607/5588/1225
f 2607/5588/1225 2608/5589/1225 2609/5590/1226
f 2609/5590/1226 2594/5591/1226 2607/5588/1225
f 2610/5592/23 2611/5593/23 1957/5594/23
f 1957/5594/23 2612/5595/23 2610/5592/23
f 2610/5592/23 2612/5595/23 2613/5596/23
f 2613/5596/23 2614/5597/23 2610/5592/23
f 2615/5598/23 2614/5597/23 2613/5596/23
f 2613/5596/23 2616/5599/23 2615/5598/23
f 2615/5598/23 2616/5599/23 2617/5600/23
f 2617/5600/23 2547/5601/23 2615/5598/23
f 2618/5602/1227 2619/5603/1193 1225/5604/1193
f 1225/5604/1193 1219/5605/1227 2618/5602/1227
f 2618/5602/1227 1219/5605/1227 1221/5606/1195
f 1221/5606/1195 2620/5607/68 2618/5602/1227
f 2621/5608/1228 2620/5607/68 1221/5606/1195
f 1221/5606/1195 1222/5609/1228 2621/5608/1228
f 2621/5608/1228 1222/5609/1228 1227/5610/1198
f 1227/5610/1198 2622/5611/1198 2621/5608/1228
f 2623/5612/1229 2509/5613/1229 2508/5614/1229
f 2508/5614/1229 2596/5615/1229 2623/5612/1229
f 2623/5612/1229 2596/5615/1229 2595/5616/1229
f 2595/5616/1229 2624/5617/1229 2623/5612/1229
f 2595/5618/1230 2594/5619/1230 2609/5620/1230
f 2609/5620/1230 2624/5621/1230 2595/5618/1230
f 2625/5622/5 2546/5623/5 2626/5624/5
f 2626/5624/5 2627/5625/5 2625/5622/5
f 2625/5622/5 2627/5625/5 2628/5626/5
f 2628/5626/5 2629/5627/5 2625/5622/5
f 2630/5628/5 2629/5627/5 2628/5626/5
f 2628/5626/5 2631/5629/5 2630/5628/5
f 2630/5628/5 2631/5629/5 1983/5630/5
f 1983/5630/5 1982/5631/5 2630/5628/5
f 1900/5632/23 2133/5633/1231 2129/5634/23
f 2123/5635/23 2137/5636/23 2124/5637/23
f 2137/5636/23 2129/5634/23 2124/5637/23
f 2137/5636/23 2138/5638/23 2129/5634/23
f 2129/5634/23 2138/5638/23 2139/5639/23
f 1900/5632/23 2129/5634/23 2139/5639/23
f 1901/5640/23 1900/5632/23 2139/5639/23
f 2129/5634/23 2128/5641/1232 2124/5637/23
f 2546/5642/1233 2545/5503/1233 2563/5502/1233
f 2563/5502/1233 2626/5643/1233 2546/5642/1233
f 2632/5644/1234 2521/5645/1235 2520/5646/1235
f 2520/5646/1235 2544/5647/1234 2632/5644/1234
f 2632/5644/1234 2544/5647/1234 2543/5648/1236
f 2543/5648/1236 2633/5649/1236 2632/5644/1234
f 2543/5650/1237 2542/5651/1237 2634/5652/1237
f 2634/5652/1237 2633/5653/1237 2543/5650/1237
f 2542/5654/1238 2541/5655/1239 2635/5656/1239
f 2635/5656/1239 2634/5657/1238 2542/5654/1238
f 2540/5658/1240 2547/5659/1241 2617/5660/1241
f 2617/5660/1241 2636/5661/1242 2540/5658/1240
f 2541/5662/1243 2540/5658/1240 2636/5661/1242
f 2636/5661/1242 2635/5663/1243 2541/5662/1243
f 2637/5664/3 2527/5665/3 2526/5666/3
f 2526/5666/3 2638/5667/3 2637/5664/3
f 2637/5664/3 2638/5667/3 2639/5668/3
f 2639/5668/3 2640/5669/3 2637/5664/3
f 2639/5670/1244 2641/5671/1244 2642/5672/1244
f 2642/5672/1244 2640/5673/1244 2639/5670/1244
f 2641/5674/1245 2643/5675/1245 2644/5676/1245
f 2644/5676/1245 2642/5677/1245 2641/5674/1245
f 2643/5678/1246 2645/5679/1246 2646/5680/1246
f 2646/5680/1246 2644/5681/1246 2643/5678/1246
f 2645/5682/1247 2647/5683/1247 2648/5684/1247
f 2648/5684/1247 2646/5685/1247 2645/5682/1247
f 2647/5686/1248 2567/5687/1248 2566/5688/1248
f 2566/5688/1248 2648/5689/1248 2647/5686/1248
f 2518/5690/65 2516/5691/65 2487/5692/65
f 2487/5692/65 2509/5693/65 2518/5690/65
f 2562/5694/65 2518/5690/65 2509/5693/65
f 2509/5693/65 2623/5695/65 2562/5694/65
f 2562/5694/65 2623/5695/65 2624/5696/65
f 2624/5696/65 2563/5697/65 2562/5694/65
f 2563/5697/65 2624/5696/65 2609/5698/65
f 2609/5698/65 2626/5699/65 2563/5697/65
f 2627/5700/1228 2626/5701/1198 2609/5702/1198
f 2609/5702/1198 2608/5703/1228 2627/5700/1228
f 2627/5700/1228 2608/5703/1228 2605/5704/1195
f 2605/5704/1195 2628/5705/1195 2627/5700/1228
f 2631/5706/1227 2628/5705/1195 2605/5704/1195
f 2605/5704/1195 2604/5707/1227 2631/5706/1227
f 2631/5706/1227 2604/5707/1227 1981/5708/1193
f 1981/5708/1193 1983/5709/1193 2631/5706/1227
f 1907/5710/1249 2144/5711/1250 2143/5712/1251
f 2122/5713/1252 2145/5714/1252 2121/5715/1253
f 2145/5714/1252 2143/5712/1251 2121/5715/1253
f 2145/5714/1252 2146/5716/1252 2143/5712/1251
f 2143/5712/1251 2146/5716/1252 2147/5717/1252
f 1907/5710/1249 2143/5712/1251 2147/5717/1252
f 1905/5718/1252 1907/5710/1249 2147/5717/1252
f 2143/5712/1251 2142/5719/1254 2121/5715/1253
f 2529/5720/65 2531/5721/65 2533/5722/65
f 2638/5723/65 2529/5720/65 2533/5722/65
f 2638/5723/65 2526/5724/65 2529/5720/65
f 2537/5725/65 2533/5722/65 2535/5726/65
f 2537/5725/65 2638/5723/65 2533/5722/65
f 2537/5725/65 2568/5727/65 2638/5723/65
f 2567/5728/65 2638/5723/65 2568/5727/65
f 2567/5728/65 2645/5729/65 2638/5723/65
f 2567/5728/65 2647/5730/65 2645/5729/65
f 2645/5729/65 2643/5731/65 2641/5732/65
f 2645/5729/65 2641/5732/65 2638/5723/65
f 2641/5732/65 2639/5733/65 2638/5723/65
f 1899/4376/1255 2092/4374/1255 2093/4375/1255
f 1899/4376/1256 1902/4368/909 2086/4367/1257
f 1899/4376/1256 2086/4367/1257 2092/4374/1258
f 2086/4367/1257 2085/4366/1258 2092/4374/1258
f 2092/4374/1258 2085/4366/1258 2084/4365/1259
f 2087/4369/1260 2092/4374/1258 2084/4365/1259
f 2087/4369/1261 2091/4373/1261 2092/4374/1261
f 2087/4369/1260 2084/4365/1259 2083/4364/1262
f 1897/5734/23 2157/5735/1263 2153/5736/1264
f 2097/5737/23 2101/5738/23 2119/5739/23
f 2101/5738/23 2153/5736/1264 2119/5739/23
f 2101/5738/23 2102/5740/23 2153/5736/1264
f 2153/5736/1264 2102/5740/23 2103/5741/23
f 1897/5734/23 2153/5736/1264 2103/5741/23
f 1894/5742/23 1897/5734/23 2103/5741/23
f 2153/5736/1264 2152/5743/1265 2119/5739/23
f 2649/5744/68 2606/5745/1266 2607/5746/1228
f 2603/5747/1227 2606/5745/1266 2649/5744/68
f 2649/5744/68 2650/5748/1267 2603/5747/1227
f 2603/5747/1227 2650/5748/1267 1972/5749/1193
f 1972/5749/1193 1975/5750/1193 2603/5747/1227
f 2491/5751/1200 1914/5752/1193 1972/5749/1193
f 1972/5749/1193 2650/5748/1267 2491/5751/1200
f 2490/5753/68 2491/5751/1200 2650/5748/1267
f 2650/5748/1267 2649/5744/68 2490/5753/68
f 2490/5753/68 2649/5744/68 2651/5754/1268
f 2607/5746/1228 2651/5754/1268 2649/5744/68
f 2593/5755/1198 2651/5754/1268 2607/5746/1228
f 2607/5746/1228 2594/5756/1198 2593/5755/1198
f 2651/5754/1268 2485/5757/1202 2490/5753/68
f 2485/5757/1202 2651/5754/1268 2593/5755/1198
f 2593/5755/1198 2486/5758/1198 2485/5757/1202
f 2615/5759/1228 2547/5760/1198 2546/5761/1198
f 2546/5761/1198 2625/5762/1228 2615/5759/1228
f 2615/5759/1228 2625/5762/1228 2629/5763/1195
f 2629/5763/1195 2614/5764/1195 2615/5759/1228
f 2610/5765/1227 2614/5764/1195 2629/5763/1195
f 2629/5763/1195 2630/5766/1227 2610/5765/1227
f 2610/5765/1227 2630/5766/1227 1982/5767/1193
f 1982/5767/1193 2611/5768/1193 2610/5765/1227
f 1967/5769/773 1918/5770/1104 1927/5771/773
f 1927/5771/773 1918/5770/1104 1917/5772/773
f 1917/5772/773 1928/5773/773 1927/5771/773
f 1927/5771/773 1925/5774/773 1922/5775/773
f 1967/5769/773 1927/5771/773 1922/5775/773
f 1921/5776/773 1967/5769/773 1922/5775/773
f 1921/5776/773 1985/5777/773 1967/5769/773
f 1984/5778/773 1967/5769/773 1985/5777/773
f 1984/5778/773 1986/5779/773 1967/5769/773
f 1986/5779/773 2652/5780/773 1967/5769/773
f 1986/5779/773 1987/5781/773 2652/5780/773
f 2652/5780/773 1968/5782/773 1967/5769/773
f 1982/5783/773 1968/5782/773 2652/5780/773
f 2652/5780/773 2611/5784/773 1982/5783/773
f 2653/5785/79 2654/5786/1269 2655/5787/1269
f 2655/5787/1269 2656/5788/79 2653/5785/79
f 2653/5785/79 2656/5788/79 2657/5789/1270
f 2657/5789/1270 2658/5790/1270 2653/5785/79
f 2655/5791/1271 2557/5792/1272 2556/5793/1273
f 2556/5793/1273 2601/5794/1274 2655/5791/1271
f 2656/5795/65 2655/5791/1271 2601/5794/1274
f 2601/5794/1274 2600/5796/65 2656/5795/65
f 2656/5795/65 2600/5796/65 2599/5797/1275
f 2599/5797/1275 2657/5798/1276 2656/5795/65
f 2657/5798/1276 2599/5797/1275 2659/5799/1277
f 2659/5799/1277 2660/5800/1278 2657/5798/1276
f 1961/5801/1279 2550/5802/1280 1976/5803/1281
f 2661/5804/1282 2660/5805/1283 2659/5806/1284
f 2659/5806/1284 2662/5807/1285 2661/5804/1282
f 2661/5804/1282 2662/5807/1285 2663/5808/1286
f 2663/5808/1286 2664/5809/1287 2661/5804/1282
f 2665/5810/1288 2664/5809/1287 2663/5808/1286
f 2663/5808/1286 2666/5811/1289 2665/5810/1288
f 2665/5810/1288 2666/5811/1289 2667/5812/1290
f 2667/5812/1290 2668/5813/1291 2665/5810/1288
f 1961/5801/1279 1943/5814/1292 2550/5802/1280
f 1943/5814/1292 1944/5815/1293 2550/5802/1280
f 1998/5816/1294 2549/5817/1294 2506/5818/1294
f 2669/5819/1295 2670/5820/1198 2617/5821/1198
f 2617/5821/1198 2616/5822/1228 2669/5819/1295
f 2669/5819/1295 2616/5822/1228 2613/5823/1266
f 2613/5823/1266 2671/5824/1195 2669/5819/1295
f 2672/5825/1296 2671/5824/1195 2613/5823/1266
f 2613/5823/1266 2612/5826/1296 2672/5825/1296
f 2672/5825/1296 2612/5826/1296 1957/5827/1193
f 1957/5827/1193 1958/5828/1193 2672/5825/1296
f 2506/5818/1297 1999/5829/1297 1998/5816/1297
f 1213/5830/65 1212/4912/1298 2327/4915/1299
f 2327/4915/1299 2673/5831/65 1213/5830/65
f 2674/5832/1300 1214/5833/1301 1213/5830/65
f 1213/5830/65 2673/5831/65 2674/5832/1300
f 2674/5832/1300 2673/5831/65 2228/5834/1302
f 2228/5834/1302 2673/5831/65 2327/4915/1299
f 2327/4915/1299 2226/4916/1303 2228/5834/1302
f 2228/5834/1302 2229/5835/1304 2674/5832/1300
f 2675/5836/1305 2/5837/1305 2579/5838/1305
f 2579/5838/1305 2676/5839/1305 2675/5836/1305
f 2676/5840/1306 2579/5841/1306 2589/5842/1306
f 2589/5842/1306 2677/5843/1306 2676/5840/1306
f 2677/5844/1307 2589/5845/1307 2572/5846/1307
f 2572/5846/1307 2678/5847/1307 2677/5844/1307
f 2678/5848/1308 2572/5849/1308 2578/5850/1308
f 2578/5850/1308 2679/5851/1308 2678/5848/1308
f 2679/5852/23 2578/5853/23 3/5854/23
f 3/5854/23 2680/5855/23 2679/5852/23
f 2680/5856/3 3/5857/3 2/5858/2
f 2/5858/2 2675/5859/3 2680/5856/3
f 2681/5860/1309 2583/5861/1309 2586/5862/1309
f 2586/5862/1309 2682/5863/1309 2681/5860/1309
f 2682/5864/1310 2586/5865/1310 2587/5866/1310
f 2587/5866/1310 2683/5867/1310 2682/5864/1310
f 2683/5868/1311 2587/5869/1311 2580/5870/1311
f 2580/5870/1311 2684/5871/1311 2683/5868/1311
f 2684/5872/1312 2580/5873/1312 1/5874/1312
f 1/5874/1312 2685/5875/1312 2684/5872/1312
f 2685/5876/3 1/5877/3 2582/5878/3
f 2582/5878/3 2686/5879/3 2685/5876/3
f 2686/5880/5 2582/5881/5 2583/5882/5
f 2583/5882/5 2681/5883/5 2686/5880/5
f 2570/5884/23 2569/5885/1313 1879/5886/1313
f 1879/5886/1313 1878/5887/23 2570/5884/23
f 2570/5884/23 1878/5887/23 1825/5888/1314
f 1825/5888/1314 1828/5889/1314 2570/5884/23
f 1987/5890/1315 1949/5891/1315 1959/5892/1316
f 1959/5892/1316 2652/5893/1317 1987/5890/1315
f 2652/5893/1317 1959/5892/1316 1957/5894/1318
f 1957/5894/1318 2611/5895/1318 2652/5893/1317
f 1879/5896/1319 2569/5897/1319 2588/5898/1319
f 2588/5898/1319 1880/5899/1319 1879/5896/1319
f 1880/5899/1320 2588/5898/1320 1892/5900/1320
f 1892/5900/1320 1881/5901/1320 1880/5899/1320
f 2677/5902/65 2678/5903/65 2679/5904/65
f 2679/5904/65 2680/5905/65 2677/5902/65
f 2677/5902/65 2680/5905/65 2675/5906/65
f 2675/5906/65 2676/5907/65 2677/5902/65
f 2683/5908/65 2684/5909/65 2685/5910/65
f 2685/5910/65 2686/5911/65 2683/5908/65
f 2683/5908/65 2686/5911/65 2681/5912/65
f 2681/5912/65 2682/5913/65 2683/5908/65
f 2687/5914/1321 2688/5915/1321 304/5916/1321
f 304/5916/1321 305/5917/1321 2687/5914/1321
f 2689/5918/81 2687/5919/81 305/5920/81
f 305/5920/81 303/5921/81 2689/5918/81
f 2690/5922/1 2689/5923/1 303/5924/1
f 303/5924/1 301/5925/1 2690/5922/1
f 2691/5926/82 2690/5927/82 301/5928/82
f 301/5928/82 300/5929/82 2691/5926/82
f 2692/5930/65 2691/5931/65 300/5932/65
f 300/5932/65 299/5933/65 2692/5930/65
f 2693/5934/81 2692/5935/81 299/5936/81
f 299/5936/81 298/5937/81 2693/5934/81
f 2694/5938/1322 2693/5939/1322 298/5940/1322
f 298/5940/1322 302/5941/1322 2694/5938/1322
f 2688/5942/1323 2694/5943/1323 302/5944/1323
f 302/5944/1323 304/5945/1323 2688/5942/1323
f 2695/5946/1324 2696/5947/1324 735/5948/1324
f 735/5948/1324 734/5949/1324 2695/5946/1324
f 2697/5950/81 2695/5951/81 734/5952/81
f 734/5952/81 730/5953/81 2697/5950/81
f 2698/5954/65 2697/5955/65 730/5956/65
f 730/5956/65 729/5957/65 2698/5954/65
f 2699/5958/81 2698/5959/81 729/5960/81
f 729/5960/81 728/5961/81 2699/5958/81
f 2700/5962/1 2699/5963/1 728/5964/1
f 728/5964/1 731/5965/1 2700/5962/1
f 2701/5966/81 2700/5967/81 731/5968/81
f 731/5968/81 733/5969/81 2701/5966/81
f 2702/5970/1 2701/5971/1 733/5972/1
f 733/5972/1 732/5973/1 2702/5970/1
f 2703/5974/82 2702/5975/82 732/5976/82
f 732/5976/82 739/5977/82 2703/5974/82
f 2704/5978/65 2703/5979/65 739/5980/65
f 739/5980/65 738/5981/65 2704/5978/65
f 2705/5982/82 2704/5983/82 738/5984/82
f 738/5984/82 737/5985/82 2705/5982/82
f 2706/5986/1 2705/5987/1 737/5988/1
f 737/5988/1 741/5989/1 2706/5986/1
f 2707/5990/82 2706/5991/82 741/5992/82
f 741/5992/82 740/5993/82 2707/5990/82
f 2708/5994/65 2707/5995/65 740/5996/65
f 740/5996/65 736/5997/65 2708/5994/65
f 2696/5998/82 2708/5999/82 736/6000/82
f 736/6000/82 735/6001/82 2696/5998/82
f 2709/6002/1325 2710/6003/1325 745/6004/1325
f 745/6004/1325 743/6005/1325 2709/6002/1325
f 2711/6006/82 2709/6007/82 743/6008/82
f 743/6008/82 742/6009/82 2711/6006/82
f 2712/6010/1 2711/6011/1 742/6012/1
f 742/6012/1 749/6013/1 2712/6010/1
f 2713/6014/82 2712/6015/82 749/6016/82
f 749/6016/82 751/6017/82 2713/6014/82
f 2714/6018/65 2713/6019/65 751/6020/65
f 751/6020/65 750/6021/65 2714/6018/65
f 2715/6022/81 2714/6023/81 750/6024/81
f 750/6024/81 748/6025/81 2715/6022/81
f 2716/6026/65 2715/6027/65 748/6028/65
f 748/6028/65 747/6029/65 2716/6026/65
f 2717/6030/82 2716/6031/82 747/6032/82
f 747/6032/82 746/6033/82 2717/6030/82
f 2718/6034/65 2717/6035/65 746/6036/65
f 746/6036/65 744/6037/65 2718/6034/65
f 2710/6038/81 2718/6039/81 744/6040/81
f 744/6040/81 745/6041/81 2710/6038/81
f 2719/6042/1326 2720/6043/1326 308/6044/1326
f 308/6044/1326 307/6045/1326 2719/6042/1326
f 2721/6046/1 2719/6047/1 307/6048/1
f 307/6048/1 306/6049/1 2721/6046/1
f 2722/6050/82 2721/6051/82 306/6052/82
f 306/6052/82 309/6053/82 2722/6050/82
f 2720/6054/65 2722/6055/65 309/6056/65
f 309/6056/65 308/6057/65 2720/6054/65
f 2723/6058/1327 2724/6059/1327 771/6060/1327
f 771/6060/1327 770/6061/1327 2723/6058/1327
f 2725/6062/1 2723/6063/1 770/6064/1
f 770/6064/1 769/6065/1 2725/6062/1
f 2726/6066/82 2725/6067/82 769/6068/82
f 769/6068/82 767/6069/82 2726/6066/82
f 2727/6070/65 2726/6071/65 767/6072/65
f 767/6072/65 766/6073/65 2727/6070/65
f 2728/6074/81 2727/6075/81 766/6076/81
f 766/6076/81 764/6077/81 2728/6074/81
f 2729/6078/65 2728/6079/65 764/6080/65
f 764/6080/65 763/6081/65 2729/6078/65
f 2730/6082/81 2729/6083/81 763/6084/81
f 763/6084/81 762/6085/81 2730/6082/81
f 2731/6086/1 2730/6087/1 762/6088/1
f 762/6088/1 765/6089/1 2731/6086/1
f 2732/6090/81 2731/6091/81 765/6092/81
f 765/6092/81 768/6093/81 2732/6090/81
f 2724/6094/65 2732/6095/65 768/6096/65
f 768/6096/65 771/6097/65 2724/6094/65
f 2733/6098/1328 2734/6099/1328 1019/6100/1328
f 1019/6100/1328 1021/6101/1328 2733/6098/1328
f 2735/6102/82 2733/6103/82 1021/6104/82
f 1021/6104/82 1023/6105/82 2735/6102/82
f 2736/6106/65 2735/6107/65 1023/6108/65
f 1023/6108/65 1022/6109/65 2736/6106/65
f 2737/6110/81 2736/6111/81 1022/6112/81
f 1022/6112/81 1020/6113/81 2737/6110/81
f 2738/6114/65 2737/6115/65 1020/6116/65
f 1020/6116/65 1018/6117/65 2738/6114/65
f 2739/6118/82 2738/6119/82 1018/6120/82
f 1018/6120/82 1016/6121/82 2739/6118/82
f 2740/6122/1 2739/6123/1 1016/6124/1
f 1016/6124/1 1015/6125/1 2740/6122/1
f 2741/6126/82 2740/6127/82 1015/6128/82
f 1015/6128/82 1014/6129/82 2741/6126/82
f 2742/6130/65 2741/6131/65 1014/6132/65
f 1014/6132/65 1017/6133/65 2742/6130/65
f 2734/6134/81 2742/6135/81 1017/6136/81
f 1017/6136/81 1019/6137/81 2734/6134/81
f 2743/6138/1327 2744/6139/1327 1117/6140/1327
f 1117/6140/1327 1116/6141/1327 2743/6138/1327
f 2745/6142/1 2743/6143/1 1116/6144/1
f 1116/6144/1 1115/6145/1 2745/6142/1
f 2746/6146/82 2745/6147/82 1115/6148/82
f 1115/6148/82 1113/6149/82 2746/6146/82
f 2747/6150/65 2746/6151/65 1113/6152/65
f 1113/6152/65 1112/6153/65 2747/6150/65
f 2748/6154/81 2747/6155/81 1112/6156/81
f 1112/6156/81 1110/6157/81 2748/6154/81
f 2749/6158/65 2748/6159/65 1110/6160/65
f 1110/6160/65 1109/6161/65 2749/6158/65
f 2750/6162/81 2749/6163/81 1109/6164/81
f 1109/6164/81 1108/6165/81 2750/6162/81
f 2751/6166/1 2750/6167/1 1108/6168/1
f 1108/6168/1 1111/6169/1 2751/6166/1
f 2752/6170/81 2751/6171/81 1111/6172/81
f 1111/6172/81 1114/6173/81 2752/6170/81
f 2744/6174/65 2752/6175/65 1114/6176/65
f 1114/6176/65 1117/6177/65 2744/6174/65
f 2753/6178/1 2754/6179/1 315/6180/1
f 315/6180/1 313/6181/1 2753/6178/1
f 2755/6182/82 2753/6183/82 313/6184/82
f 313/6184/82 312/6185/82 2755/6182/82
f 2756/6186/65 2755/6187/65 312/6188/65
f 312/6188/65 311/6189/65 2756/6186/65
f 2757/6190/81 2756/6191/81 311/6192/81
f 311/6192/81 310/6193/81 2757/6190/81
f 2758/6194/65 2757/6195/65 310/6196/65
f 310/6196/65 314/6197/65 2758/6194/65
f 2759/6198/82 2758/6199/82 314/6200/82
f 314/6200/82 317/6201/82 2759/6198/82
f 2760/6202/1329 2759/6203/1329 317/6204/1329
f 317/6204/1329 316/6205/1329 2760/6202/1329
f 2754/6206/81 2760/6207/81 316/6208/81
f 316/6208/81 315/6209/81 2754/6206/81
f 2761/6210/1330 2762/6211/1330 320/6212/1330
f 320/6212/1330 319/6213/1330 2761/6210/1330
f 2763/6214/82 2761/6215/82 319/6216/82
f 319/6216/82 318/6217/82 2763/6214/82
f 2764/6218/65 2763/6219/65 318/6220/65
f 318/6220/65 321/6221/65 2764/6218/65
f 2762/6222/81 2764/6223/81 321/6224/81
f 321/6224/81 320/6225/81 2762/6222/81
f 2765/6226/81 2766/6227/81 325/6228/81
f 325/6228/81 324/6229/81 2765/6226/81
f 2767/6230/1330 2765/6231/1330 324/6232/1330
f 324/6232/1330 323/6233/1330 2767/6230/1330
f 2768/6234/82 2767/6235/82 323/6236/82
f 323/6236/82 322/6237/82 2768/6234/82
f 2766/6238/65 2768/6239/65 322/6240/65
f 322/6240/65 325/6241/65 2766/6238/65
f 2769/6242/1331 2770/6243/1331 1175/6244/1331
f 1175/6244/1331 1174/6245/1331 2769/6242/1331
f 2771/6246/82 2769/6247/82 1174/6248/82
f 1174/6248/82 1176/6249/82 2771/6246/82
f 2772/6250/1 2771/6251/1 1176/6252/1
f 1176/6252/1 1177/6253/1 2772/6250/1
f 2773/6254/81 2772/6255/81 1177/6256/81
f 1177/6256/81 1182/6257/81 2773/6254/81
f 2774/6258/1 2773/6259/1 1182/6260/1
f 1182/6260/1 1181/6261/1 2774/6258/1
f 2775/6262/82 2774/6263/82 1181/6264/82
f 1181/6264/82 1179/6265/82 2775/6262/82
f 2776/6266/65 2775/6267/65 1179/6268/65
f 1179/6268/65 1180/6269/65 2776/6266/65
f 2777/6270/81 2776/6271/81 1180/6272/81
f 1180/6272/81 1178/6273/81 2777/6270/81
f 2778/6274/65 2777/6275/65 1178/6276/65
f 1178/6276/65 1173/6277/65 2778/6274/65
f 2779/6278/82 2778/6279/82 1173/6280/82
f 1173/6280/82 1172/6281/82 2779/6278/82
f 2780/6282/65 2779/6283/65 1172/6284/65
f 1172/6284/65 1171/6285/65 2780/6282/65
f 2770/6286/81 2780/6287/81 1171/6288/81
f 1171/6288/81 1175/6289/81 2770/6286/81
f 2781/6290/1332 2782/6291/1332 568/6292/1332
f 568/6292/1332 569/6293/1332 2781/6290/1332
f 2783/6294/1333 2781/6295/1333 569/6296/1333
f 569/6296/1333 567/6297/1333 2783/6294/1333
f 2784/6298/1334 2783/6299/1334 567/6300/1334
f 567/6300/1334 565/6301/1334 2784/6298/1334
f 2785/6302/1335 2784/6303/1335 565/6304/1335
f 565/6304/1335 564/6305/1335 2785/6302/1335
f 2786/6306/1336 2785/6307/1336 564/6308/1336
f 564/6308/1336 563/6309/1336 2786/6306/1336
f 2787/6310/1337 2786/6311/1337 563/6312/1337
f 563/6312/1337 562/6313/1337 2787/6310/1337
f 2788/6314/1338 2787/6315/1338 562/6316/1338
f 562/6316/1338 566/6317/1338 2788/6314/1338
f 2782/6318/1339 2788/6319/1339 566/6320/1339
f 566/6320/1339 568/6321/1339 2782/6318/1339
f 2789/6322/1340 2790/6323/1340 1266/6324/1340
f 1266/6324/1340 1265/6325/1340 2789/6322/1340
f 2791/6326/1341 2789/6327/1341 1265/6328/1341
f 1265/6328/1341 1261/6329/1341 2791/6326/1341
f 2792/6330/1342 2791/6331/1342 1261/6332/1342
f 1261/6332/1342 1260/6333/1342 2792/6330/1342
f 2793/6334/1343 2792/6335/1343 1260/6336/1343
f 1260/6336/1343 1259/6337/1343 2793/6334/1343
f 2794/6338/1344 2793/6339/1344 1259/6340/1344
f 1259/6340/1344 1262/6341/1344 2794/6338/1344
f 2795/6342/1345 2794/6343/1345 1262/6344/1345
f 1262/6344/1345 1264/6345/1345 2795/6342/1345
f 2796/6346/1334 2795/6347/1334 1264/6348/1334
f 1264/6348/1334 1263/6349/1334 2796/6346/1334
f 2797/6350/1346 2796/6351/1346 1263/6352/1346
f 1263/6352/1346 1270/6353/1346 2797/6350/1346
f 2798/6354/1347 2797/6355/1347 1270/6356/1347
f 1270/6356/1347 1269/6357/1347 2798/6354/1347
f 2799/6358/1348 2798/6359/1348 1269/6360/1348
f 1269/6360/1348 1268/6361/1348 2799/6358/1348
f 2800/6362/176 2799/6363/176 1268/6364/176
f 1268/6364/176 1272/6365/176 2800/6362/176
f 2801/6366/1349 2800/6367/1349 1272/6368/1349
f 1272/6368/1349 1271/6369/1349 2801/6366/1349
f 2802/6370/1350 2801/6371/1350 1271/6372/1350
f 1271/6372/1350 1267/6373/1350 2802/6370/1350
f 2790/6374/1351 2802/6375/1351 1267/6376/1351
f 1267/6376/1351 1266/6377/1351 2790/6374/1351
f 2803/6378/1352 2804/6379/1352 1276/6380/1352
f 1276/6380/1352 1274/6381/1352 2803/6378/1352
f 2805/6382/1353 2803/6383/1353 1274/6384/1353
f 1274/6384/1353 1273/6385/1353 2805/6382/1353
f 2806/6386/1354 2805/6387/1354 1273/6388/1354
f 1273/6388/1354 1280/6389/1354 2806/6386/1354
f 2807/6390/1355 2806/6391/1355 1280/6392/1355
f 1280/6392/1355 1282/6393/1355 2807/6390/1355
f 2808/6394/1336 2807/6395/1336 1282/6396/1336
f 1282/6396/1336 1281/6397/1336 2808/6394/1336
f 2809/6398/1356 2808/6399/1357 1281/6400/1356
f 1281/6400/1356 1279/6401/1356 2809/6398/1356
f 2810/6402/1358 2809/6403/1358 1279/6404/1358
f 1279/6404/1358 1278/6405/1358 2810/6402/1358
f 2811/6406/1359 2810/6407/1359 1278/6408/1359
f 1278/6408/1359 1277/6409/1359 2811/6406/1359
f 2812/6410/1336 2811/6411/1336 1277/6412/1336
f 1277/6412/1336 1275/6413/1336 2812/6410/1336
f 2804/6414/1360 2812/6415/1360 1275/6416/1360
f 1275/6416/1360 1276/6417/1360 2804/6414/1360
f 2813/6418/1361 2814/6419/1361 572/6420/1361
f 572/6420/1361 571/6421/1361 2813/6418/1361
f 2815/6422/1362 2813/6423/1362 571/6424/1334
f 571/6424/1334 570/6425/1334 2815/6422/1362
f 2816/6426/1363 2815/6427/1363 570/6428/1363
f 570/6428/1363 573/6429/1363 2816/6426/1363
f 2814/6430/1347 2816/6431/1347 573/6432/1347
f 573/6432/1347 572/6433/1347 2814/6430/1347
f 2817/6434/1364 2818/6435/1364 1296/6436/1364
f 1296/6436/1364 1295/6437/1364 2817/6434/1364
f 2819/6438/1334 2817/6439/1334 1295/6440/1334
f 1295/6440/1334 1294/6441/1334 2819/6438/1334
f 2820/6442/1365 2819/6443/1365 1294/6444/1365
f 1294/6444/1365 1292/6445/1365 2820/6442/1365
f 2821/6446/174 2820/6447/174 1292/6448/174
f 1292/6448/174 1291/6449/174 2821/6446/174
f 2822/6450/1366 2821/6451/1366 1291/6452/1366
f 1291/6452/1366 1289/6453/1366 2822/6450/1366
f 2823/6454/1367 2822/6455/1367 1289/6456/1367
f 1289/6456/1367 1288/6457/1367 2823/6454/1367
f 2824/6458/1368 2823/6459/1368 1288/6460/1368
f 1288/6460/1368 1287/6461/1368 2824/6458/1368
f 2825/6462/1354 2824/6463/1354 1287/6464/1354
f 1287/6464/1354 1290/6465/1354 2825/6462/1354
f 2826/6466/1369 2825/6467/1369 1290/6468/1369
f 1290/6468/1369 1293/6469/1369 2826/6466/1369
f 2818/6470/186 2826/6471/186 1293/6472/186
f 1293/6472/186 1296/6473/186 2818/6470/186
f 2827/6474/1370 2828/6475/1370 1302/6476/1370
f 1302/6476/1370 1304/6477/1370 2827/6474/1370
f 2829/6478/1371 2827/6479/1371 1304/6480/1371
f 1304/6480/1371 1306/6481/1371 2829/6478/1371
f 2830/6482/1372 2829/6483/1372 1306/6484/1372
f 1306/6484/1372 1305/6485/1372 2830/6482/1372
f 2831/6486/1373 2830/6487/1373 1305/6488/1373
f 1305/6488/1373 1303/6489/1373 2831/6486/1373
f 2832/6490/1374 2831/6491/1374 1303/6492/1374
f 1303/6492/1374 1301/6493/1374 2832/6490/1374
f 2833/6494/1375 2832/6495/1375 1301/6496/1375
f 1301/6496/1375 1299/6497/1375 2833/6494/1375
f 2834/6498/1376 2833/6499/1376 1299/6500/1376
f 1299/6500/1376 1298/6501/1376 2834/6498/1376
f 2835/6502/1377 2834/6503/1377 1298/6504/1377
f 1298/6504/1377 1297/6505/1377 2835/6502/1377
f 2836/6506/1378 2835/6507/1378 1297/6508/1378
f 1297/6508/1378 1300/6509/1378 2836/6506/1378
f 2828/6510/182 2836/6511/183 1300/6512/183
f 1300/6512/183 1302/6513/182 2828/6510/182
f 2837/6514/1379 2838/6515/1379 1322/6516/1379
f 1322/6516/1379 1321/6517/1379 2837/6514/1379
f 2839/6518/1380 2837/6519/1380 1321/6520/1380
f 1321/6520/1380 1320/6521/1380 2839/6518/1380
f 2840/6522/1381 2839/6523/1381 1320/6524/1381
f 1320/6524/1381 1318/6525/1381 2840/6522/1381
f 2841/6526/1378 2840/6527/1378 1318/6528/1378
f 1318/6528/1378 1317/6529/1378 2841/6526/1378
f 2842/6530/1382 2841/6531/1382 1317/6532/1382
f 1317/6532/1382 1315/6533/1382 2842/6530/1382
f 2843/6534/1383 2842/6535/1383 1315/6536/1383
f 1315/6536/1383 1314/6537/1383 2843/6534/1383
f 2844/6538/1384 2843/6539/1384 1314/6540/1384
f 1314/6540/1384 1313/6541/1384 2844/6538/1384
f 2845/6542/1385 2844/6543/1385 1313/6544/1385
f 1313/6544/1385 1316/6545/1385 2845/6542/1385
f 2846/6546/175 2845/6547/175 1316/6548/175
f 1316/6548/175 1319/6549/175 2846/6546/175
f 2838/6550/1374 2846/6551/1374 1319/6552/1374
f 1319/6552/1374 1322/6553/1374 2838/6550/1374
f 2847/6554/1386 2848/6555/1386 579/6556/1386
f 579/6556/1386 577/6557/1386 2847/6554/1386
f 2849/6558/1387 2847/6559/1387 577/6560/1387
f 577/6560/1387 576/6561/1387 2849/6558/1387
f 2850/6562/1378 2849/6563/1378 576/6564/1378
f 576/6564/1378 575/6565/1378 2850/6562/1378
f 2851/6566/1388 2850/6567/1388 575/6568/1388
f 575/6568/1388 574/6569/1388 2851/6566/1388
f 2852/6570/1383 2851/6571/1383 574/6572/1383
f 574/6572/1383 578/6573/1383 2852/6570/1383
f 2853/6574/1389 2852/6575/1389 578/6576/1389
f 578/6576/1389 581/6577/1389 2853/6574/1389
f 2854/6578/1390 2853/6579/1390 581/6580/1390
f 581/6580/1390 580/6581/1391 2854/6578/1390
f 2848/6582/1392 2854/6583/1393 580/6584/1392
f 580/6584/1392 579/6585/1392 2848/6582/1392
f 2855/6586/1394 2856/6587/1394 584/6588/1395
f 584/6588/1395 583/6589/1395 2855/6586/1394
f 2857/6590/1396 2855/6591/1396 583/6592/1396
f 583/6592/1396 582/6593/1396 2857/6590/1396
f 2858/6594/1374 2857/6595/1374 582/6596/1374
f 582/6596/1374 585/6597/1374 2858/6594/1374
f 2856/6598/1397 2858/6599/1397 585/6600/1397
f 585/6600/1397 584/6601/1397 2856/6598/1397
f 2859/6602/1398 2860/6603/1398 589/6604/1398
f 589/6604/1398 588/6605/1398 2859/6602/1398
f 2861/6606/1399 2859/6607/1399 588/6608/1399
f 588/6608/1399 587/6609/1399 2861/6606/1399
f 2862/6610/1400 2861/6611/1401 587/6612/1400
f 587/6612/1400 586/6613/1400 2862/6610/1400
f 2860/6614/1374 2862/6615/1374 586/6616/1374
f 586/6616/1374 589/6617/1374 2860/6614/1374
f 2863/6618/1402 2864/6619/1402 1331/6620/1402
f 1331/6620/1402 1330/6621/1402 2863/6618/1402
f 2865/6622/1403 2863/6623/1403 1330/6624/1403
f 1330/6624/1403 1332/6625/1403 2865/6622/1403
f 2866/6626/1404 2865/6627/1404 1332/6628/1404
f 1332/6628/1404 1333/6629/1404 2866/6626/1404
f 2867/6630/1405 2866/6631/1405 1333/6632/1405
f 1333/6632/1405 1338/6633/1405 2867/6630/1405
f 2868/6634/1406 2867/6635/1406 1338/6636/1406
f 1338/6636/1406 1337/6637/1406 2868/6634/1406
f 2869/6638/1407 2868/6639/1407 1337/6640/1407
f 1337/6640/1407 1335/6641/1407 2869/6638/1407
f 2870/6642/1408 2869/6643/1408 1335/6644/1408
f 1335/6644/1408 1336/6645/1408 2870/6642/1408
f 2871/6646/1409 2870/6647/1409 1336/6648/1409
f 1336/6648/1409 1334/6649/1409 2871/6646/1409
f 2872/6650/1410 2871/6651/1410 1334/6652/1410
f 1334/6652/1410 1329/6653/1410 2872/6650/1410
f 2873/6654/1411 2872/6655/1411 1329/6656/1411
f 1329/6656/1411 1328/6657/1411 2873/6654/1411
f 2874/6658/1378 2873/6659/1378 1328/6660/1378
f 1328/6660/1378 1327/6661/1378 2874/6658/1378
f 2864/6662/1412 2874/6663/1412 1327/6664/1412
f 1327/6664/1412 1331/6665/1412 2864/6662/1412
f 2875/6666/5 2876/6667/5 2877/6668/5
f 2876/6667/5 2875/6666/5 2878/6669/5
f 2879/6670/5 2876/6667/5 2878/6669/5
f 2879/6670/5 2878/6669/5 2880/6671/5
f 2881/6672/5 2879/6670/5 2880/6671/5
f 2881/6672/5 2880/6671/5 2882/6673/5
f 2883/6674/5 2881/6672/5 2882/6673/5
f 2883/6674/5 2882/6673/5 2884/6675/5
f 2885/6676/5 2883/6674/5 2884/6675/5
f 2886/6677/5 2885/6676/5 2884/6675/5
f 2886/6677/5 2887/6678/5 2885/6676/5
f 2887/6678/5 2888/6679/5 2885/6676/5
f 2887/6678/5 2889/6680/5 2888/6679/5
f 2889/6680/5 2877/6668/5 2888/6679/5
f 2889/6680/5 2875/6666/5 2877/6668/5
f 2890/6681/5 2891/6682/5 2892/6683/5
f 2893/6684/5 2890/6681/5 2892/6683/5
f 2894/6685/5 2893/6684/5 2895/6686/5
f 2893/6684/5 2892/6683/5 2895/6686/5
f 2896/6687/5 2897/6688/5 2890/6681/5
f 2897/6688/5 2891/6682/5 2890/6681/5
f 2897/6688/5 2898/6689/5 2891/6682/5
f 2897/6688/5 2899/6690/5 2898/6689/5
f 2899/6690/5 2895/6686/5 2898/6689/5
f 2899/6690/5 2900/6691/5 2895/6686/5
f 2900/6691/5 2901/6692/5 2895/6686/5
f 2901/6692/5 2902/6693/5 2895/6686/5
f 2902/6693/5 2894/6685/5 2895/6686/5
f 2902/6693/5 2903/6694/5 2894/6685/5
f 2902/6693/5 2904/6695/5 2903/6694/5
f 2905/6696/5 2906/6697/5 2907/6698/5
f 2908/6699/5 2905/6696/5 2907/6698/5
f 2908/6699/5 2907/6698/5 2909/6700/5
f 2908/6699/5 2909/6700/5 2910/6701/5
f 2908/6699/5 2910/6701/5 2896/6687/5
f 2908/6699/5 2896/6687/5 2890/6681/5
f 2911/6702/5 2912/6703/5 2905/6696/5
f 2908/6699/5 2911/6702/5 2905/6696/5
f 2908/6699/5 2913/6704/5 2911/6702/5
f 1945/6705/1413 2667/6706/1414 1946/6707/1415
f 2667/6706/1414 1958/6708/1416 1946/6707/1415
f 1945/6705/1413 1978/6709/1417 2667/6706/1414
f 2914/6710/1418 2915/6711/1418 2916/6712/1418
f 2916/6712/1418 2917/6713/1418 2914/6710/1418
f 2918/6714/1419 2914/6715/1419 2917/6716/1419
f 2917/6716/1419 2919/6717/1419 2918/6714/1419
f 2920/6718/1420 2918/6719/1420 2919/6720/1420
f 2919/6720/1420 2921/6721/1420 2920/6718/1420
f 2922/6722/1421 2920/6718/1421 2921/6721/1421
f 2921/6721/1421 2923/6723/1421 2922/6722/1421
f 2915/6724/1422 2922/6725/1422 2923/6726/1422
f 2923/6726/1422 2916/6727/1422 2915/6724/1422
f 2924/6728/933 2925/6729/933 2887/6730/933
f 2887/6730/933 2886/6731/933 2924/6728/933
f 2926/6732/1423 2924/6733/1423 2886/6734/1423
f 2886/6734/1423 2884/6735/1423 2926/6732/1423
f 2927/6736/1424 2926/6737/1424 2884/6738/1424
f 2884/6738/1424 2882/6739/1424 2927/6736/1424
f 2928/6740/1425 2927/6741/1425 2882/6742/1425
f 2882/6742/1425 2880/6743/1425 2928/6740/1425
f 2929/6744/1426 2928/6745/1426 2880/6746/1426
f 2880/6746/1426 2878/6747/1426 2929/6744/1426
f 2930/6748/1427 2929/6749/1427 2878/6750/1427
f 2878/6750/1427 2875/6751/1427 2930/6748/1427
f 2931/6752/1428 2930/6753/1428 2875/6754/1428
f 2875/6754/1428 2889/6755/1428 2931/6752/1428
f 2925/6756/1429 2931/6757/1429 2889/6758/1429
f 2889/6758/1429 2887/6759/1429 2925/6756/1429
f 2932/6760/1430 2933/6761/1431 2885/6762/1430
f 2885/6762/1430 2888/6763/1430 2932/6760/1430
f 2934/6764/1432 2932/6765/1432 2888/6766/1432
f 2888/6766/1432 2877/6767/1432 2934/6764/1432
f 2935/6768/1433 2934/6769/1433 2877/6770/1433
f 2877/6770/1433 2876/6771/1433 2935/6768/1433
f 2936/6772/1434 2935/6773/1434 2876/6774/1434
f 2876/6774/1434 2879/6775/1434 2936/6772/1434
f 2937/6776/1435 2936/6777/1435 2879/6778/1435
f 2879/6778/1435 2881/6779/1435 2937/6776/1435
f 2938/6780/1436 2937/6781/1436 2881/6782/1436
f 2881/6782/1436 2883/6783/1436 2938/6780/1436
f 2933/6784/1437 2938/6785/1437 2883/6786/1437
f 2883/6786/1437 2885/6787/1437 2933/6784/1437
f 2939/6788/1438 2940/6789/1438 2895/6790/1438
f 2895/6790/1438 2892/6791/1438 2939/6788/1438
f 2941/6792/1439 2939/6793/1439 2892/6794/1439
f 2892/6794/1439 2891/6795/1439 2941/6792/1439
f 2942/6796/1440 2941/6797/1440 2891/6798/1440
f 2891/6798/1440 2898/6799/1440 2942/6796/1440
f 2940/6800/1441 2942/6801/1441 2898/6802/1441
f 2898/6802/1441 2895/6803/1441 2940/6800/1441
f 2943/6804/1442 2944/6805/1443 2893/6806/1443
f 2893/6806/1443 2894/6807/1442 2943/6804/1442
f 2945/6808/1444 2943/6804/1444 2894/6807/1444
f 2894/6807/1444 2903/6809/1444 2945/6808/1444
f 2946/6810/1445 2945/6811/1445 2903/6812/1445
f 2903/6812/1445 2904/6813/1445 2946/6810/1445
f 2947/6814/1446 2946/6815/1446 2904/6816/1446
f 2904/6816/1446 2902/6817/1446 2947/6814/1446
f 2948/6818/1447 2947/6814/1447 2902/6817/1447
f 2902/6817/1447 2901/6819/1447 2948/6818/1447
f 2949/6820/1448 2948/6818/1448 2901/6819/1448
f 2901/6819/1448 2900/6821/1448 2949/6820/1448
f 2950/6822/1449 2949/6820/1449 2900/6821/1449
f 2900/6821/1449 2899/6823/1449 2950/6822/1449
f 2951/6824/1450 2950/6822/1450 2899/6823/1450
f 2899/6823/1450 2897/6825/1450 2951/6824/1450
f 2952/6826/1451 2951/6827/1451 2897/6828/1451
f 2897/6828/1451 2896/6829/1451 2952/6826/1451
f 2953/6830/1452 2952/6831/1452 2896/6832/1452
f 2896/6832/1452 2910/6833/1452 2953/6830/1452
f 2954/6834/1453 2953/6830/1453 2910/6833/1453
f 2910/6833/1453 2909/6835/1453 2954/6834/1453
f 2955/6836/1454 2954/6837/1454 2909/6838/1454
f 2909/6838/1454 2907/6839/1454 2955/6836/1454
f 2956/6840/1455 2955/6841/1455 2907/6842/1455
f 2907/6842/1455 2906/6843/1455 2956/6840/1455
f 2957/6844/1456 2956/6845/1456 2906/6846/1456
f 2906/6846/1456 2905/6847/1456 2957/6844/1456
f 2958/6848/1457 2957/6844/1457 2905/6847/1457
f 2905/6847/1457 2912/6849/1457 2958/6848/1457
f 2959/6850/1458 2958/6851/1459 2912/6852/1459
f 2912/6852/1459 2911/6853/1460 2959/6850/1458
f 2960/6854/1461 2959/6850/1458 2911/6853/1460
f 2911/6853/1460 2913/6855/1461 2960/6854/1461
f 2961/6856/1462 2960/6857/1462 2913/6858/1462
f 2913/6858/1462 2908/6859/1462 2961/6856/1462
f 2962/6860/1463 2961/6861/1463 2908/6862/1463
f 2908/6862/1463 2890/6863/1463 2962/6860/1463
f 2944/6864/1464 2962/6865/1464 2890/6866/1464
f 2890/6866/1464 2893/6867/1464 2944/6864/1464
f 2963/6868/5 2964/6869/5 2965/6870/5
f 2964/6869/5 2963/6868/5 2966/6871/5
f 2967/6872/5 2964/6869/5 2966/6871/5
f 2967/6872/5 2966/6871/5 2968/6873/5
f 2969/6874/5 2967/6872/5 2968/6873/5
f 2969/6874/5 2968/6873/5 2970/6875/5
f 2971/6876/5 2969/6874/5 2970/6875/5
f 2971/6876/5 2970/6875/5 2972/6877/5
f 2973/6878/5 2971/6876/5 2972/6877/5
f 2974/6879/5 2973/6878/5 2972/6877/5
f 2974/6879/5 2975/6880/5 2973/6878/5
f 2975/6880/5 2976/6881/5 2973/6878/5
f 2975/6880/5 2977/6882/5 2976/6881/5
f 2977/6882/5 2965/6870/5 2976/6881/5
f 2977/6882/5 2963/6868/5 2965/6870/5
f 2978/6883/5 2979/6884/5 2980/6885/5
f 2981/6886/5 2978/6883/5 2980/6885/5
f 2982/6887/5 2981/6886/5 2983/6888/5
f 2981/6886/5 2980/6885/5 2983/6888/5
f 2984/6889/5 2985/6890/5 2978/6883/5
f 2985/6890/5 2979/6884/5 2978/6883/5
f 2985/6890/5 2986/6891/5 2979/6884/5
f 2985/6890/5 2987/6892/5 2986/6891/5
f 2987/6892/5 2983/6888/5 2986/6891/5
f 2987/6892/5 2988/6893/5 2983/6888/5
f 2988/6893/5 2989/6894/5 2983/6888/5
f 2989/6894/5 2990/6895/5 2983/6888/5
f 2990/6895/5 2982/6887/5 2983/6888/5
f 2990/6895/5 2991/6896/5 2982/6887/5
f 2990/6895/5 2992/6897/5 2991/6896/5
f 2993/6898/5 2994/6899/5 2995/6900/5
f 2996/6901/5 2993/6898/5 2995/6900/5
f 2996/6901/5 2995/6900/5 2997/6902/5
f 2996/6901/5 2997/6902/5 2998/6903/5
f 2996/6901/5 2998/6903/5 2984/6889/5
f 2996/6901/5 2984/6889/5 2978/6883/5
f 2999/6904/5 3000/6905/5 2993/6898/5
f 2996/6901/5 2999/6904/5 2993/6898/5
f 2996/6901/5 3001/6906/5 2999/6904/5
f 1996/6907/1465 1995/6908/1465 2619/6909/1465
f 3002/6910/1466 3003/6911/1466 3004/6912/1466
f 3004/6912/1466 3005/6913/1466 3002/6910/1466
f 3006/6914/1467 3002/6915/1467 3005/6916/1467
f 3005/6916/1467 3007/6917/1467 3006/6914/1467
f 3008/6918/1468 3006/6919/1468 3007/6920/1468
f 3007/6920/1468 3009/6921/1468 3008/6918/1468
f 3010/6922/1469 3008/6918/1469 3009/6921/1469
f 3009/6921/1469 3011/6923/1469 3010/6922/1469
f 3003/6924/1470 3010/6925/1470 3011/6926/1470
f 3011/6926/1470 3004/6927/1470 3003/6924/1470
f 3012/6928/1471 3013/6929/1471 2975/6930/1471
f 2975/6930/1471 2974/6931/1471 3012/6928/1471
f 3014/6932/1472 3012/6933/1472 2974/6934/1472
f 2974/6934/1472 2972/6935/1472 3014/6932/1472
f 3015/6936/1473 3014/6937/1473 2972/6938/1473
f 2972/6938/1473 2970/6939/1473 3015/6936/1473
f 3016/6940/1474 3015/6941/1474 2970/6942/1474
f 2970/6942/1474 2968/6943/1474 3016/6940/1474
f 3017/6944/1475 3016/6945/1475 2968/6946/1475
f 2968/6946/1475 2966/6947/1475 3017/6944/1475
f 3018/6948/1476 3017/6949/1476 2966/6950/1476
f 2966/6950/1476 2963/6951/1476 3018/6948/1476
f 3019/6952/1477 3018/6953/1477 2963/6954/1477
f 2963/6954/1477 2977/6955/1477 3019/6952/1477
f 3013/6956/1478 3019/6957/1479 2977/6958/1478
f 2977/6958/1478 2975/6959/1478 3013/6956/1478
f 3020/6960/1480 3021/6961/1480 2973/6962/1480
f 2973/6962/1480 2976/6963/1480 3020/6960/1480
f 3022/6964/1481 3020/6965/1481 2976/6966/1481
f 2976/6966/1481 2965/6967/1481 3022/6964/1481
f 3023/6968/1482 3022/6969/1482 2965/6970/1482
f 2965/6970/1482 2964/6971/1482 3023/6968/1482
f 3024/6972/104 3023/6973/104 2964/6974/104
f 2964/6974/104 2967/6975/104 3024/6972/104
f 3025/6976/1483 3024/6977/1483 2967/6978/1483
f 2967/6978/1483 2969/6979/1483 3025/6976/1483
f 3026/6980/1484 3025/6981/1484 2969/6982/1484
f 2969/6982/1484 2971/6983/1484 3026/6980/1484
f 3021/6984/1485 3026/6985/1485 2971/6986/1485
f 2971/6986/1485 2973/6987/1485 3021/6984/1485
f 3027/6988/1486 3028/6989/1486 2983/6990/1486
f 2983/6990/1486 2980/6991/1486 3027/6988/1486
f 3029/6992/1487 3027/6993/1487 2980/6994/1487
f 2980/6994/1487 2979/6995/1487 3029/6992/1487
f 3030/6996/1488 3029/6997/1488 2979/6998/1488
f 2979/6998/1488 2986/6999/1488 3030/6996/1488
f 3028/7000/1489 3030/7001/1489 2986/7002/1489
f 2986/7002/1489 2983/7003/1489 3028/7000/1489
f 3031/7004/1490 3032/7005/1490 2981/7006/1490
f 2981/7006/1490 2982/7007/1490 3031/7004/1490
f 3033/7008/1491 3031/7004/1491 2982/7007/1491
f 2982/7007/1491 2991/7009/1491 3033/7008/1491
f 3034/7010/1492 3033/7011/1492 2991/7012/1492
f 2991/7012/1492 2992/7013/1492 3034/7010/1492
f 3035/7014/1493 3034/7015/1493 2992/7016/1493
f 2992/7016/1493 2990/7017/1493 3035/7014/1493
f 3036/7018/1494 3035/7014/1494 2990/7017/1494
f 2990/7017/1494 2989/7019/1494 3036/7018/1494
f 3037/7020/1495 3036/7018/1495 2989/7019/1495
f 2989/7019/1495 2988/7021/1495 3037/7020/1495
f 3038/7022/1496 3037/7020/1496 2988/7021/1496
f 2988/7021/1496 2987/7023/1496 3038/7022/1496
f 3039/7024/1497 3038/7022/1497 2987/7023/1497
f 2987/7023/1497 2985/7025/1497 3039/7024/1497
f 3040/7026/1498 3039/7027/1498 2985/7028/1498
f 2985/7028/1498 2984/7029/1498 3040/7026/1498
f 3041/7030/1499 3040/7031/1499 2984/7032/1499
f 2984/7032/1499 2998/7033/1499 3041/7030/1499
f 3042/7034/1500 3041/7030/1500 2998/7033/1500
f 2998/7033/1500 2997/7035/1500 3042/7034/1500
f 3043/7036/1501 3042/7037/1501 2997/7038/1501
f 2997/7038/1501 2995/7039/1501 3043/7036/1501
f 3044/7040/1502 3043/7041/1502 2995/7042/1502
f 2995/7042/1502 2994/7043/1502 3044/7040/1502
f 3045/7044/1503 3044/7045/1503 2994/7046/1503
f 2994/7046/1503 2993/7047/1503 3045/7044/1503
f 3046/7048/1504 3045/7044/1504 2993/7047/1504
f 2993/7047/1504 3000/7049/1504 3046/7048/1504
f 3047/7050/1505 3046/7051/1506 3000/7052/1506
f 3000/7052/1506 2999/7053/1507 3047/7050/1505
f 3048/7054/1508 3047/7050/1505 2999/7053/1507
f 2999/7053/1507 3001/7055/1508 3048/7054/1508
f 3049/7056/1509 3048/7057/1509 3001/7058/1509
f 3001/7058/1509 2996/7059/1509 3049/7056/1509
f 3050/7060/1510 3049/7061/1510 2996/7062/1510
f 2996/7062/1510 2978/7063/1510 3050/7060/1510
f 3032/7064/1511 3050/7065/1511 2978/7066/1511
f 2978/7066/1511 2981/7067/1511 3032/7064/1511
f 3051/7068/5 3052/7069/5 3053/7070/5
f 3052/7069/5 3051/7068/5 3054/7071/5
f 3055/7072/5 3052/7069/5 3054/7071/5
f 3055/7072/5 3054/7071/5 3056/7073/5
f 3057/7074/5 3055/7072/5 3056/7073/5
f 3057/7074/5 3056/7073/5 3058/7075/5
f 3059/7076/5 3057/7074/5 3058/7075/5
f 3059/7076/5 3058/7075/5 3060/7077/5
f 3061/7078/5 3059/7076/5 3060/7077/5
f 3062/7079/5 3061/7078/5 3060/7077/5
f 3062/7079/5 3063/7080/5 3061/7078/5
f 3063/7080/5 3064/7081/5 3061/7078/5
f 3063/7080/5 3065/7082/5 3064/7081/5
f 3065/7082/5 3053/7070/5 3064/7081/5
f 3065/7082/5 3051/7068/5 3053/7070/5
f 3066/7083/5 3067/7084/5 3068/7085/5
f 3069/7086/5 3066/7083/5 3068/7085/5
f 3070/7087/5 3069/7086/5 3071/7088/5
f 3069/7086/5 3068/7085/5 3071/7088/5
f 3072/7089/5 3073/7090/5 3066/7083/5
f 3073/7090/5 3067/7084/5 3066/7083/5
f 3073/7090/5 3074/7091/5 3067/7084/5
f 3073/7090/5 3075/7092/5 3074/7091/5
f 3075/7092/5 3071/7088/5 3074/7091/5
f 3075/7092/5 3076/7093/5 3071/7088/5
f 3076/7093/5 3077/7094/5 3071/7088/5
f 3077/7094/5 3078/7095/5 3071/7088/5
f 3078/7095/5 3070/7087/5 3071/7088/5
f 3078/7095/5 3079/7096/5 3070/7087/5
f 3078/7095/5 3080/7097/5 3079/7096/5
f 3081/7098/5 3082/7099/5 3083/7100/5
f 3084/7101/5 3081/7098/5 3083/7100/5
f 3084/7101/5 3083/7100/5 3085/7102/5
f 3084/7101/5 3085/7102/5 3086/7103/5
f 3084/7101/5 3086/7103/5 3072/7089/5
f 3084/7101/5 3072/7089/5 3066/7083/5
f 3087/7104/5 3088/7105/5 3081/7098/5
f 3084/7101/5 3087/7104/5 3081/7098/5
f 3084/7101/5 3089/7106/5 3087/7104/5
f 2619/6909/1512 2668/7107/1512 1996/6907/1512
f 3090/7108/1513 3091/7109/1513 3092/7110/1513
f 3092/7110/1513 3093/7111/1513 3090/7108/1513
f 3094/7112/1514 3090/7113/1514 3093/7114/1514
f 3093/7114/1514 3095/7115/1514 3094/7112/1514
f 3096/7116/1515 3094/7117/1515 3095/7118/1515
f 3095/7118/1515 3097/7119/1515 3096/7116/1515
f 3098/7120/1516 3096/7116/1516 3097/7119/1516
f 3097/7119/1516 3099/7121/1516 3098/7120/1516
f 3091/7122/1517 3098/7123/1517 3099/7124/1517
f 3099/7124/1517 3092/7125/1517 3091/7122/1517
f 3100/7126/1518 3101/7127/1518 3063/7128/1518
f 3063/7128/1518 3062/7129/1518 3100/7126/1518
f 3102/7130/1519 3100/7131/1519 3062/7132/1519
f 3062/7132/1519 3060/7133/1519 3102/7130/1519
f 3103/7134/1520 3102/7135/1520 3060/7136/1520
f 3060/7136/1520 3058/7137/1520 3103/7134/1520
f 3104/7138/1521 3103/7139/1521 3058/7140/1521
f 3058/7140/1521 3056/7141/1521 3104/7138/1521
f 3105/7142/1522 3104/7143/1522 3056/7144/1522
f 3056/7144/1522 3054/7145/1522 3105/7142/1522
f 3106/7146/1439 3105/7147/1439 3054/7148/1439
f 3054/7148/1439 3051/7149/1439 3106/7146/1439
f 3107/7150/1523 3106/7151/1523 3051/7152/1523
f 3051/7152/1523 3065/7153/1523 3107/7150/1523
f 3101/7154/1524 3107/7155/1524 3065/7156/1524
f 3065/7156/1524 3063/7157/1524 3101/7154/1524
f 3108/7158/1525 3109/7159/1525 3061/7160/1525
f 3061/7160/1525 3064/7161/1525 3108/7158/1525
f 3110/7162/1526 3108/7163/1526 3064/7164/1526
f 3064/7164/1526 3053/7165/1526 3110/7162/1526
f 3111/7166/1527 3110/7167/1527 3053/7168/1527
f 3053/7168/1527 3052/7169/1527 3111/7166/1527
f 3112/7170/1528 3111/7171/1528 3052/7172/1528
f 3052/7172/1528 3055/7173/1528 3112/7170/1528
f 3113/7174/1529 3112/7175/1529 3055/7176/1529
f 3055/7176/1529 3057/7177/1529 3113/7174/1529
f 3114/7178/1530 3113/7179/1530 3057/7180/1530
f 3057/7180/1530 3059/7181/1530 3114/7178/1530
f 3109/7182/1531 3114/7183/1531 3059/7184/1531
f 3059/7184/1531 3061/7185/1531 3109/7182/1531
f 3115/7186/1532 3116/7187/1532 3071/7188/1532
f 3071/7188/1532 3068/7189/1532 3115/7186/1532
f 3117/7190/1533 3115/7191/1533 3068/7192/1533
f 3068/7192/1533 3067/7193/1533 3117/7190/1533
f 3118/7194/1534 3117/7195/1534 3067/7196/1534
f 3067/7196/1534 3074/7197/1534 3118/7194/1534
f 3116/7198/1535 3118/7199/1535 3074/7200/1535
f 3074/7200/1535 3071/7201/1535 3116/7198/1535
f 3119/7202/1536 3120/7203/1536 3069/7204/1536
f 3069/7204/1536 3070/7205/1536 3119/7202/1536
f 3121/7206/1537 3119/7202/1537 3070/7205/1537
f 3070/7205/1537 3079/7207/1537 3121/7206/1537
f 3122/7208/1538 3121/7209/1538 3079/7210/1538
f 3079/7210/1538 3080/7211/1538 3122/7208/1538
f 3123/7212/1539 3122/7213/1539 3080/7214/1539
f 3080/7214/1539 3078/7215/1539 3123/7212/1539
f 3124/7216/1540 3123/7212/1540 3078/7215/1540
f 3078/7215/1540 3077/7217/1540 3124/7216/1540
f 3125/7218/1541 3124/7216/1541 3077/7217/1541
f 3077/7217/1541 3076/7219/1541 3125/7218/1541
f 3126/7220/1542 3125/7218/1542 3076/7219/1542
f 3076/7219/1542 3075/7221/1542 3126/7220/1542
f 3127/7222/1543 3126/7220/1543 3075/7221/1543
f 3075/7221/1543 3073/7223/1543 3127/7222/1543
f 3128/7224/1544 3127/7225/1544 3073/7226/1544
f 3073/7226/1544 3072/7227/1544 3128/7224/1544
f 3129/7228/1545 3128/7229/1545 3072/7230/1545
f 3072/7230/1545 3086/7231/1545 3129/7228/1545
f 3130/7232/1546 3129/7228/1546 3086/7231/1546
f 3086/7231/1546 3085/7233/1546 3130/7232/1546
f 3131/7234/1547 3130/7235/1547 3085/7236/1547
f 3085/7236/1547 3083/7237/1547 3131/7234/1547
f 3132/7238/1548 3131/7239/1548 3083/7240/1548
f 3083/7240/1548 3082/7241/1548 3132/7238/1548
f 3133/7242/1549 3132/7243/1549 3082/7244/1549
f 3082/7244/1549 3081/7245/1549 3133/7242/1549
f 3134/7246/1550 3133/7242/1550 3081/7245/1550
f 3081/7245/1550 3088/7247/1550 3134/7246/1550
f 3135/7248/1551 3134/7249/1552 3088/7250/1552
f 3088/7250/1552 3087/7251/1553 3135/7248/1551
f 3136/7252/1554 3135/7248/1551 3087/7251/1553
f 3087/7251/1553 3089/7253/1554 3136/7252/1554
f 3137/7254/1555 3136/7255/1555 3089/7256/1555
f 3089/7256/1555 3084/7257/1555 3137/7254/1555
f 3138/7258/1556 3137/7259/1556 3084/7260/1556
f 3084/7260/1556 3066/7261/1556 3138/7258/1556
f 3120/7262/1557 3138/7263/1557 3066/7264/1557
f 3066/7264/1557 3069/7265/1557 3120/7262/1557
f 3139/7266/5 3140/7267/5 3141/7268/5
f 3140/7267/5 3142/7269/5 3141/7268/5
f 3142/7269/5 3143/7270/5 3141/7268/5
f 3143/7270/5 3144/7271/5 3141/7268/5
f 3143/7270/5 3145/7272/5 3144/7271/5
f 3146/7273/5 3147/7274/5 3148/7275/5
f 3149/7276/5 3146/7273/5 3148/7275/5
f 3150/7277/5 3149/7276/5 3148/7275/5
f 3150/7277/5 3148/7275/5 3151/7278/5
f 3150/7277/5 3151/7278/5 3152/7279/5
f 3141/7268/5 3150/7277/5 3152/7279/5
f 3139/7266/5 3141/7268/5 3152/7279/5
f 3153/7280/5 3139/7266/5 3152/7279/5
f 3153/7280/5 3154/7281/5 3139/7266/5
f 3153/7280/5 3155/7282/5 3154/7281/5
f 3155/7282/5 3156/7283/5 3154/7281/5
f 3156/7283/5 3157/7284/5 3154/7281/5
f 3158/7285/5 3159/7286/5 3160/7287/5
f 3158/7285/5 3160/7287/5 3161/7288/5
f 3162/7289/5 3158/7285/5 3161/7288/5
f 3162/7289/5 3161/7288/5 3163/7290/5
f 3162/7289/5 3163/7290/5 3164/7291/5
f 3162/7289/5 3164/7291/5 3153/7280/5
f 3162/7289/5 3153/7280/5 3152/7279/5
f 3165/7292/5 3162/7289/5 3152/7279/5
f 3166/7293/5 3165/7292/5 3152/7279/5
f 3166/7293/5 3167/7294/5 3165/7292/5
f 3166/7293/5 3168/7295/5 3167/7294/5
f 3151/7278/5 3169/7296/5 3152/7279/5
f 3169/7296/5 3170/7297/5 3152/7279/5
f 3169/7296/5 3171/7298/5 3170/7297/5
f 3171/7298/5 3172/7299/5 3170/7297/5
f 3172/7299/5 3173/7300/5 3170/7297/5
f 3174/7301/1558 3175/7302/1558 3141/7303/1558
f 3141/7303/1558 3144/7304/1558 3174/7301/1558
f 3176/7305/1559 3174/7306/1559 3144/7307/1559
f 3144/7307/1559 3145/7308/1559 3176/7305/1559
f 3177/7309/1560 3176/7310/1560 3145/7311/1560
f 3145/7311/1560 3143/7312/1560 3177/7309/1560
f 3178/7313/1561 3177/7314/1561 3143/7315/1561
f 3143/7315/1561 3142/7316/1561 3178/7313/1561
f 3179/7317/1562 3178/7313/1562 3142/7316/1562
f 3142/7316/1562 3140/7318/1562 3179/7317/1562
f 3180/7319/1563 3179/7317/1563 3140/7318/1563
f 3140/7318/1563 3139/7320/1563 3180/7319/1563
f 3181/7321/1564 3180/7322/1564 3139/7323/1564
f 3139/7323/1564 3154/7324/1564 3181/7321/1564
f 3182/7325/1565 3181/7321/1565 3154/7324/1565
f 3154/7324/1565 3157/7326/1565 3182/7325/1565
f 3183/7327/1566 3182/7328/1566 3157/7329/1566
f 3157/7329/1566 3156/7330/1566 3183/7327/1566
f 3184/7331/1 3183/7332/1 3156/7333/1
f 3156/7333/1 3155/7334/1 3184/7331/1
f 3185/7335/1567 3184/7331/1567 3155/7334/1567
f 3155/7334/1567 3153/7336/1567 3185/7335/1567
f 3186/7337/1568 3185/7338/1568 3153/7339/1568
f 3153/7339/1568 3164/7340/1568 3186/7337/1568
f 3187/7341/1569 3186/7337/1569 3164/7340/1569
f 3164/7340/1569 3163/7342/1569 3187/7341/1569
f 3188/7343/1570 3187/7344/1570 3163/7345/1570
f 3163/7345/1570 3161/7346/1570 3188/7343/1570
f 3189/7347/1571 3188/7348/1571 3161/7349/1571
f 3161/7349/1571 3160/7350/1571 3189/7347/1571
f 3190/7351/1572 3189/7352/1572 3160/7353/1572
f 3160/7353/1572 3159/7354/1572 3190/7351/1572
f 3191/7355/1573 3190/7356/1573 3159/7357/1573
f 3159/7357/1573 3158/7358/1573 3191/7355/1573
f 3192/7359/1574 3191/7355/1574 3158/7358/1574
f 3158/7358/1574 3162/7360/1574 3192/7359/1574
f 3193/7361/1575 3192/7362/1575 3162/7363/1575
f 3162/7363/1575 3165/7364/1575 3193/7361/1575
f 3194/7365/1576 3193/7361/1576 3165/7364/1576
f 3165/7364/1576 3167/7366/1576 3194/7365/1576
f 3195/7367/1577 3194/7368/1577 3167/7369/1577
f 3167/7369/1577 3168/7370/1577 3195/7367/1577
f 3196/7371/1578 3195/7372/1578 3168/7373/1578
f 3168/7373/1578 3166/7374/1578 3196/7371/1578
f 3197/7375/1579 3196/7371/1579 3166/7374/1579
f 3166/7374/1579 3152/7376/1579 3197/7375/1579
f 3198/7377/1580 3197/7378/1580 3152/7379/1580
f 3152/7379/1580 3170/7380/1580 3198/7377/1580
f 3199/7381/1581 3198/7377/1581 3170/7380/1581
f 3170/7380/1581 3173/7382/1581 3199/7381/1581
f 3200/7383/1582 3199/7384/1582 3173/7385/1582
f 3173/7385/1582 3172/7386/1582 3200/7383/1582
f 3201/7387/1583 3200/7388/1583 3172/7389/1583
f 3172/7389/1583 3171/7390/1583 3201/7387/1583
f 3202/7391/1584 3201/7392/1584 3171/7393/1584
f 3171/7393/1584 3169/7394/1584 3202/7391/1584
f 3203/7395/1585 3202/7396/1585 3169/7397/1585
f 3169/7397/1585 3151/7398/1585 3203/7395/1585
f 3204/7399/1586 3203/7395/1587 3151/7398/1587
f 3151/7398/1587 3148/7400/1588 3204/7399/1586
f 3205/7401/1589 3204/7399/1586 3148/7400/1588
f 3148/7400/1588 3147/7402/1589 3205/7401/1589
f 3206/7403/1590 3205/7404/1590 3147/7405/1590
f 3147/7405/1590 3146/7406/1590 3206/7403/1590
f 3207/7407/1591 3206/7408/1591 3146/7409/1591
f 3146/7409/1591 3149/7410/1591 3207/7407/1591
f 3208/7411/79 3207/7407/79 3149/7410/79
f 3149/7410/79 3150/7412/79 3208/7411/79
f 3175/7413/1592 3208/7414/1592 3150/7415/1592
f 3150/7415/1592 3141/7416/1592 3175/7413/1592
f 599/7417/5 597/7418/5 595/7419/5
f 599/7417/5 595/7419/5 593/7420/5
f 599/7417/5 593/7420/5 592/7421/5
f 601/7422/5 599/7417/5 592/7421/5
f 601/7422/5 592/7421/5 3209/7423/5
f 603/7424/5 601/7422/5 3209/7423/5
f 603/7424/5 3209/7423/5 3210/7425/5
f 3209/7423/5 3211/7426/5 3210/7425/5
f 3212/7427/5 3213/7428/5 3214/7429/5
f 3215/7430/5 3212/7427/5 3214/7429/5
f 3216/7431/5 3215/7430/5 3214/7429/5
f 3217/7432/5 3216/7431/5 3214/7429/5
f 3211/7426/5 3217/7432/5 3214/7429/5
f 3211/7426/5 3214/7429/5 3210/7425/5
f 3214/7429/5 3218/7433/5 3210/7425/5
f 3218/7433/5 3219/7434/5 3210/7425/5
f 3218/7433/5 3220/7435/5 3219/7434/5
f 3218/7433/5 3221/7436/5 3220/7435/5
f 3218/7433/5 3222/7437/5 3221/7436/5
f 3218/7433/5 3223/7438/5 3222/7437/5
f 3223/7438/5 3224/7439/5 3222/7437/5
f 625/7440/5 623/7441/5 621/7442/5
f 3225/7443/5 625/7440/5 621/7442/5
f 3226/7444/5 3225/7443/5 621/7442/5
f 3227/7445/5 3226/7444/5 621/7442/5
f 3227/7445/5 621/7442/5 3210/7425/5
f 3228/7446/5 3227/7445/5 3210/7425/5
f 3229/7447/5 3228/7446/5 3210/7425/5
f 3230/7448/5 3229/7447/5 3210/7425/5
f 3231/7449/5 3230/7448/5 3210/7425/5
f 3231/7449/5 3232/7450/5 3230/7448/5
f 621/7442/5 619/7451/5 3210/7425/5
f 619/7451/5 603/7424/5 3210/7425/5
f 619/7451/5 605/7452/5 603/7424/5
f 619/7451/5 607/7453/5 605/7452/5
f 619/7451/5 617/7454/5 607/7453/5
f 617/7454/5 609/7455/5 607/7453/5
f 617/7454/5 615/7456/5 609/7455/5
f 615/7456/5 613/7457/5 609/7455/5
f 613/7457/5 611/7458/5 609/7455/5
f 3233/7459/1593 624/7460/1593 625/7461/1593
f 625/7461/1593 3225/7462/1593 3233/7459/1593
f 3234/7463/1594 3233/7459/1594 3225/7462/1594
f 3225/7462/1594 3226/7464/1594 3234/7463/1594
f 3235/7465/1595 3234/7463/1595 3226/7464/1595
f 3226/7464/1595 3227/7466/1595 3235/7465/1595
f 3236/7467/1596 3235/7468/1596 3227/7469/1596
f 3227/7469/1596 3228/7470/1596 3236/7467/1596
f 3237/7471/1597 3236/7472/1598 3228/7473/1598
f 3228/7473/1598 3229/7474/1599 3237/7471/1597
f 3238/7475/1599 3237/7471/1597 3229/7474/1599
f 3229/7474/1599 3230/7476/1600 3238/7475/1599
f 3239/7477/1598 3238/7475/1599 3230/7476/1600
f 3230/7476/1600 3232/7478/1598 3239/7477/1598
f 3240/7479/1601 3239/7480/1601 3232/7481/1601
f 3232/7481/1601 3231/7482/1601 3240/7479/1601
f 3241/7483/1602 3240/7484/1602 3231/7485/1602
f 3231/7485/1602 3210/7486/1602 3241/7483/1602
f 3242/7487/1603 3241/7488/1603 3210/7489/1603
f 3210/7489/1603 3219/7490/1603 3242/7487/1603
f 3243/7491/1604 3242/7492/1604 3219/7493/1604
f 3219/7493/1604 3220/7494/1604 3243/7491/1604
f 3244/7495/1605 3243/7491/1605 3220/7494/1605
f 3220/7494/1605 3221/7496/1605 3244/7495/1605
f 3245/7497/1606 3244/7495/1606 3221/7496/1606
f 3221/7496/1606 3222/7498/1606 3245/7497/1606
f 3246/7499/1607 3245/7497/1607 3222/7498/1607
f 3222/7498/1607 3224/7500/1607 3246/7499/1607
f 3247/7501/1608 3246/7502/1608 3224/7503/1608
f 3224/7503/1608 3223/7504/1608 3247/7501/1608
f 3248/7505/1609 3247/7506/1609 3223/7507/1609
f 3223/7507/1609 3218/7508/1609 3248/7505/1609
f 3249/7509/1610 3248/7510/1610 3218/7511/1610
f 3218/7511/1610 3214/7512/1610 3249/7509/1610
f 3250/7513/1611 3249/7514/1611 3214/7515/1611
f 3214/7515/1611 3213/7516/1611 3250/7513/1611
f 3251/7517/1612 3250/7518/1612 3213/7519/1612
f 3213/7519/1612 3212/7520/1612 3251/7517/1612
f 3252/7521/1613 3251/7522/1614 3212/7523/1614
f 3212/7523/1614 3215/7524/1615 3252/7521/1613
f 3253/7525/1616 3252/7521/1613 3215/7524/1615
f 3215/7524/1615 3216/7526/1616 3253/7525/1616
f 3254/7527/1617 3253/7528/1617 3216/7529/1617
f 3216/7529/1617 3217/7530/1617 3254/7527/1617
f 3255/7531/1616 3254/7532/1616 3217/7533/1616
f 3217/7533/1616 3211/7534/1616 3255/7531/1616
f 3256/7535/1618 3255/7536/1618 3211/7537/1618
f 3211/7537/1618 3209/7538/1618 3256/7535/1618
f 3209/7539/188 592/1078/188 591/1077/188
f 591/1077/188 3256/7540/188 3209/7539/188
f 2590/7541/1619 2575/7542/1619 1884/7543/1619
f 1884/7543/1619 1883/7544/1619 2590/7541/1619
f 55/1452/283 54/7545/1620 1844/3546/1621
f 1844/3546/1621 806/1453/284 55/1452/283
f 54/7545/1620 53/7546/1622 1843/3545/1623
f 1843/3545/1623 1844/3546/1621 54/7545/1620
f 53/7546/1622 52/7547/1624 1842/3543/1625
f 1842/3543/1625 1843/3545/1623 53/7546/1622
f 52/7547/1624 51/7548/1626 1841/3540/1627
f 1841/3540/1627 1842/3543/1625 52/7547/1624
f 51/7548/1626 50/7549/1628 1840/3537/1629
f 1840/3537/1629 1841/3540/1627 51/7548/1626
f 50/7549/1628 49/1465/296 812/3538/295
f 812/3538/295 1840/3537/1629 50/7549/1628
f 48/1466/297 62/7550/1630 867/7551/1630
f 867/7551/1630 813/1467/297 48/1466/297
f 62/7552/1 61/7553/1 865/7554/1
f 865/7554/1 867/7555/1 62/7552/1
f 61/7556/1631 29/7557/1631 1889/7558/1631
f 1889/7558/1631 865/7559/1631 61/7556/1631
f 3257/7560/1632 3258/7561/1633 2118/7562/1634
f 2118/7562/1634 2115/7563/1635 3257/7560/1632
f 2117/7564/1636 2053/4152/879 2052/4151/878
f 2052/4151/878 2116/7565/1636 2117/7564/1636
f 2117/7564/1636 2116/7565/1636 2115/7563/1635
f 2115/7563/1635 2118/7562/1634 2117/7564/1636
f 3259/7566/898 1473/7567/773 936/7568/773
f 3259/7566/898 1474/7569/773 1473/7567/773
f 936/7568/773 939/7570/773 3258/7571/898
f 3259/7566/898 936/7568/773 3258/7571/898
f 3259/7566/898 3258/7571/898 3257/7572/1637
f 3257/7572/1637 3260/7573/1637 3259/7566/898
f 3260/7574/1638 3257/7575/1638 2115/7576/1638
f 2115/7576/1638 2113/7577/1638 3260/7574/1638
f 968/7578/1 969/7579/1639 1464/7580/1639
f 1464/7580/1639 1465/7581/1 968/7578/1
f 968/7578/1 1465/7581/1 1466/7582/1640
f 1466/7582/1640 966/7583/1640 968/7578/1
f 1231/7584/1641 1217/7585/1641 3261/7586/1642
f 3261/7586/1642 3262/7587/1642 1231/7584/1641
f 2233/7588/1643 3262/7587/1642 3261/7586/1642
f 3261/7586/1642 2234/7589/1643 2233/7588/1643
f 1464/7590/1644 969/7591/1644 3263/7592/1644
f 3263/7592/1644 1471/7593/1644 1464/7590/1644
f 1484/7594/1645 1476/7595/1645 971/7596/1645
f 971/7596/1645 977/7597/1645 1484/7594/1645
f 1483/7598/1646 1484/7599/1646 977/7600/1646
f 977/7600/1646 976/7601/1646 1483/7598/1646
f 1483/7602/773 976/7603/773 979/7604/773
f 979/7604/773 1485/7605/773 1483/7602/773
f 1485/7606/1647 979/7607/1647 978/7608/1647
f 978/7608/1647 1482/7609/1647 1485/7606/1647
f 1481/7610/773 1482/7611/773 978/7612/773
f 978/7612/773 973/7613/773 1481/7610/773
f 1481/7614/1648 973/7615/1648 974/7616/1648
f 974/7616/1648 1478/7617/1648 1481/7614/1648
f 1479/7618/773 1478/7619/773 974/7620/773
f 974/7620/773 975/7621/773 1479/7618/773
f 1479/7622/1649 975/7623/1649 972/7624/1649
f 972/7624/1649 1480/7625/1649 1479/7622/1649
f 1480/7626/773 972/7627/773 989/7628/773
f 989/7628/773 1488/7629/773 1480/7626/773
f 1488/7630/1650 989/7631/1650 991/7632/1650
f 991/7632/1650 1490/7633/1650 1488/7630/1650
f 1490/7634/773 991/7635/773 992/7636/773
f 992/7636/773 1491/7637/773 1490/7634/773
f 1489/7638/782 1491/7639/782 992/7640/782
f 992/7640/782 990/7641/782 1489/7638/782
f 1489/7642/773 990/7643/773 993/7644/773
f 993/7644/773 1492/7645/773 1489/7642/773
f 1492/7646/785 993/7647/785 994/7648/785
f 994/7648/785 1493/7649/785 1492/7646/785
f 1493/7650/773 994/7651/773 995/7652/773
f 995/7652/773 1494/7653/773 1493/7650/773
f 1494/7654/782 995/7655/782 988/7656/782
f 988/7656/782 1486/7657/782 1494/7654/782
f 1486/7658/773 988/7659/773 987/7660/773
f 987/7660/773 1487/7661/773 1486/7658/773
f 1487/7662/785 987/7663/785 998/7664/785
f 998/7664/785 1495/7665/785 1487/7662/785
f 1495/7666/773 998/7667/773 997/7668/773
f 997/7668/773 1496/7669/773 1495/7666/773
f 1496/7670/782 997/7671/782 996/7672/782
f 996/7672/782 1497/7673/782 1496/7670/782
f 1497/7674/773 996/7675/773 999/7676/773
f 999/7676/773 1498/7677/773 1497/7674/773
f 1498/7678/785 999/7679/785 1007/7680/785
f 1007/7680/785 1508/7681/785 1498/7678/785
f 1508/7682/773 1007/7683/773 1006/7684/773
f 1006/7684/773 1509/7685/773 1508/7682/773
f 1507/7686/782 1509/7687/782 1006/7688/782
f 1006/7688/782 1005/7689/782 1507/7686/782
f 1507/7690/773 1005/7691/773 1008/7692/773
f 1008/7692/773 1506/7693/773 1507/7690/773
f 1504/7694/785 1506/7695/785 1008/7696/785
f 1008/7696/785 1009/7697/785 1504/7694/785
f 1504/7698/773 1009/7699/773 1010/7700/773
f 1010/7700/773 1505/7701/773 1504/7698/773
f 1505/7702/782 1010/7703/782 1004/7704/782
f 1004/7704/782 1499/7705/782 1505/7702/782
f 1499/7706/773 1004/7707/773 1000/7708/773
f 1000/7708/773 1500/7709/773 1499/7706/773
f 1500/7710/785 1000/7711/785 1012/7712/785
f 1012/7712/785 1502/7713/785 1500/7710/785
f 1502/7714/773 1012/7715/773 1013/7716/773
f 1013/7716/773 1503/7717/773 1502/7714/773
f 1501/7718/782 1503/7719/782 1013/7720/782
f 1013/7720/782 1011/7721/782 1501/7718/782
f 1472/7722/773 1501/7723/773 1011/7724/773
f 1011/7724/773 937/7725/773 1472/7722/773
f 1472/7726/785 937/7727/785 936/7728/785
f 936/7728/785 1473/7729/785 1472/7726/785
f 3258/7730/1651 939/7731/1651 938/7732/1651
f 938/7732/1651 2118/7733/1651 3258/7730/1651
f 1882/7734/1 1887/7735/1 2592/7736/1
f 2592/7736/1 2591/7737/1 1882/7734/1
f 1882/7734/1 2591/7737/1 2590/7738/1
f 2590/7738/1 1883/7739/1 1882/7734/1
f 1217/7740/1652 1216/7741/1652 3264/7742/1653
f 3264/7742/1653 3261/7743/1653 1217/7740/1652
f 2234/7744/1654 3261/7743/1653 3264/7742/1653
f 3264/7742/1653 2246/7745/1654 2234/7744/1654
f 2592/7746/1655 1887/7747/1655 1886/7748/1655
f 1886/7748/1655 2577/7749/1655 2592/7746/1655
f 19/4104/836 2039/4107/839 2050/4149/1656
f 2050/4149/1656 17/7750/1657 19/4104/836
f 17/7750/1657 2050/4149/1656 2047/4131/1658
f 2047/4131/1658 16/7751/1658 17/7750/1657
f 16/7751/1659 2047/4131/1659 2046/4130/1659
f 2046/4130/1659 15/7752/1659 16/7751/1659
f 15/7752/1660 2046/4130/1660 2048/4134/1660
f 2048/4134/1660 14/7753/1660 15/7752/1660
f 14/7753/1661 2048/4134/1661 2049/4137/1661
f 2049/4137/1661 27/7754/1661 14/7753/1661
f 27/7754/1662 2049/4137/1663 2044/4139/1662
f 2044/4139/1662 26/4116/1664 27/7754/1662
f 10/4118/847 92/4121/849 5/7755/1665
f 5/7755/1665 4/7756/1665 10/4118/847
f 2096/7757/5 802/7758/5 805/7759/5
f 805/7759/5 1403/7760/5 2096/7757/5
f 2096/7757/5 1403/7760/5 1399/7761/5
f 1399/7761/5 1408/7762/5 2096/7757/5
f 1996/7763/1666 2668/7764/1667 2667/7765/1668
f 2667/7765/1668 1978/7766/1669 1996/7763/1666
f 1997/7767/773 1996/7763/1666 1978/7766/1669
f 1978/7766/1669 1977/7768/773 1997/7767/773
f 1997/7767/773 1977/7768/773 1976/7769/1670
f 1976/7769/1670 1998/7770/1671 1997/7767/773
f 1998/7770/1671 1976/7769/1670 2550/7771/1672
f 2550/7771/1672 2549/7772/1673 1998/7770/1671
f 1216/7773/1674 1215/7774/1674 3265/7775/1675
f 3265/7775/1675 3264/7776/1675 1216/7773/1674
f 2246/7777/1676 3264/7776/1675 3265/7775/1675
f 3265/7775/1675 2245/7778/1676 2246/7777/1676
f 1218/7779/773 1225/7780/773 2619/7781/773
f 2619/7781/773 1995/7782/773 1218/7779/773
f 1218/7779/773 1995/7782/773 1215/7783/773
f 1995/7782/773 3265/7784/1677 1215/7783/773
f 1995/7782/773 1994/7785/773 3265/7784/1677
f 3265/7784/1677 1994/7785/773 1999/7786/1678
f 2245/7787/1679 3265/7784/1677 1999/7786/1678
f 2243/7788/1680 2245/7787/1679 1999/7786/1678
f 2243/7788/1680 1999/7786/1678 2506/7789/1681
f 2506/7789/1681 2244/7790/1682 2243/7788/1680
f 2011/5111/1683 2003/5104/1684 2021/5103/1685
f 3262/7791/1686 2233/7792/1687 2232/4986/1687
f 2232/4986/1687 2344/4982/1686 3262/7791/1686
f 3262/7791/1686 2344/4982/1686 1232/4985/1688
f 1232/4985/1688 1231/7793/1688 3262/7791/1686
f 151/7794/1689 3266/7795/1689 150/7796/1689
f 339/7797/5 337/7798/5 335/7799/5
f 339/7797/5 335/7799/5 333/7800/5
f 341/7801/5 339/7797/5 333/7800/5
f 341/7801/5 333/7800/5 332/7802/5
f 345/7803/5 341/7801/5 332/7802/5
f 345/7803/5 343/7804/5 341/7801/5
f 3266/7805/1690 151/158/19 2055/7806/1691
f 2399/5138/1692 2398/5136/1692 1002/7807/1692
f 1002/7807/1692 1001/7808/1692 2399/5138/1692
f 2399/5138/1693 1001/7808/1693 970/7809/1693
f 970/7809/1693 2400/5140/1693 2399/5138/1693
f 2400/5140/1694 970/7809/1695 967/7810/1695
f 967/7810/1695 2105/7811/1696 2400/5140/1694
f 1415/2527/1697 2105/4396/1698 967/7810/1699
f 967/7810/1699 946/7812/1699 1415/2527/1697
f 1414/2525/1700 1415/2527/1700 946/7812/1700
f 946/7812/1700 947/7813/1700 1414/2525/1700
f 1414/2525/1701 947/7813/1701 948/7814/1701
f 948/7814/1701 1413/2523/1701 1414/2525/1701
f 1413/2523/1702 948/7814/1702 949/7815/1702
f 949/7815/1702 1412/2521/1702 1413/2523/1702
f 1410/2518/1703 1412/2521/1703 949/7815/1703
f 949/7815/1703 950/7816/1703 1410/2518/1703
f 1411/2519/1704 1410/2518/1705 950/7816/1706
f 950/7816/1706 951/7817/1707 1411/2519/1704
f 1411/2519/1704 951/7817/1707 952/7818/1708
f 952/7818/1708 2396/5132/1709 1411/2519/1704
f 2396/5132/1710 952/7818/1710 1003/7819/1710
f 1003/7819/1710 2397/5134/1710 2396/5132/1710
f 2398/5136/1711 2397/5134/1711 1003/7819/1711
f 1003/7819/1711 1002/7807/1711 2398/5136/1711
f 2056/4416/937 122/129/16 2045/4417/938
f 2056/4416/937 151/158/19 122/129/16
f 2056/4416/937 2055/7806/1691 151/158/19
f 2287/7820/1712 1863/7821/1713 1862/7822/1714
f 1862/7822/1714 2288/7823/1715 2287/7820/1712
f 1325/7824/1716 2288/7823/1715 1862/7822/1714
f 1862/7822/1714 1326/7825/1717 1325/7824/1716
f 3266/7826/1718 2055/7827/1719 2051/7828/1719
f 3266/7826/1718 152/7829/773 150/7830/773
f 3266/7826/1718 207/7831/773 152/7829/773
f 3266/7826/1718 2054/7832/901 207/7831/773
f 2051/7828/1719 2054/7832/901 3266/7826/1718
f 2054/7832/901 208/7833/773 207/7831/773
f 1093/7834/299 45/7835/299 57/7836/299
f 57/7836/299 1090/7837/299 1093/7834/299
f 816/7838/299 1090/7837/299 57/7836/299
f 57/7836/299 64/7839/299 816/7838/299
f 165/7840/1720 111/7841/1720 166/7842/1720
f 165/7840/1720 109/7843/1720 111/7841/1720
f 165/7840/1720 113/7844/1720 109/7843/1720
f 804/7845/23 803/7846/23 2095/7847/23
f 2095/7847/23 1394/7848/23 804/7845/23
f 1398/7849/23 1394/7848/23 2095/7847/23
f 2095/7847/23 1409/7850/23 1398/7849/23
f 163/7851/1721 110/7852/1721 108/7853/1721
f 163/7851/1721 111/7854/1721 110/7852/1721
f 163/7851/1721 166/7855/1721 111/7854/1721
f 3267/7856/1722 1458/7857/1723 1459/7858/1723
f 3267/7856/1722 1476/7859/1722 1458/7857/1723
f 3267/7856/1722 971/7860/1722 1476/7859/1722
f 163/7861/1724 123/7862/1724 164/7863/1724
f 163/7861/1724 125/7864/1724 123/7862/1724
f 163/7861/1724 108/7865/1724 125/7864/1724
f 3267/7866/1725 1463/7867/1725 3268/7868/1725
f 3267/7866/1725 1461/7869/1725 1463/7867/1725
f 3267/7866/1725 1459/7870/1725 1461/7869/1725
f 2375/7871/808 2378/7872/773 2380/7873/773
f 2380/7873/773 2382/7874/773 3269/7875/773
f 2375/7871/808 2380/7873/773 3269/7875/773
f 3270/7876/773 2375/7871/808 3269/7875/773
f 3270/7876/773 2374/7877/808 2375/7871/808
f 3270/7876/773 2371/7878/808 2374/7877/808
f 3270/7876/773 3271/7879/808 2371/7878/808
f 3271/7879/808 2025/7880/773 2371/7878/808
f 3271/7879/808 2028/7881/773 2025/7880/773
f 2025/7880/773 2024/7882/773 2371/7878/808
f 3263/7883/1726 1462/7884/1726 1471/7885/1726
f 3263/7883/1726 1463/7886/1726 1462/7884/1726
f 3263/7883/1726 3268/7887/1726 1463/7886/1726
f 2390/7888/23 2395/7889/23 3272/7890/23
f 3272/7890/23 2389/7891/23 2390/7888/23
f 2036/7892/23 2389/7891/23 3272/7890/23
f 3272/7890/23 2037/7893/23 2036/7892/23
f 2113/4414/936 1477/2601/466 3260/7894/1727
f 2113/4414/936 1475/2599/465 1477/2601/466
f 2113/4414/936 2110/4413/935 1475/2599/465
f 2262/7895/1728 2261/7896/1728 3273/7897/1729
f 3273/7897/1729 2275/7898/1730 2262/7895/1728
f 2275/7898/1730 3273/7897/1729 2426/7899/1731
f 2426/7899/1731 2277/7900/1731 2275/7898/1730
f 3093/7901/5 3097/7902/5 3095/7903/5
f 3093/7901/5 3099/7904/5 3097/7902/5
f 3093/7901/5 3092/7905/5 3099/7904/5
f 2249/7906/754 2253/7907/754 2252/7908/1
f 2252/7908/1 2422/7909/1 2249/7906/754
f 1120/7910/753 2422/7909/1 2252/7908/1
f 2252/7908/1 1125/7911/753 1120/7910/753
f 3005/7912/5 3009/7913/5 3007/7914/5
f 3005/7912/5 3011/7915/5 3009/7913/5
f 3005/7912/5 3004/7916/5 3011/7915/5
f 2254/7917/754 2277/7918/754 2424/7919/1
f 2424/7919/1 2251/7920/1 2254/7917/754
f 1122/7921/753 2251/7920/1 2424/7919/1
f 2424/7919/1 1133/7922/753 1122/7921/753
f 2917/7923/5 2921/7924/5 2919/7925/5
f 2917/7923/5 2923/7926/5 2921/7924/5
f 2917/7923/5 2916/7927/5 2923/7926/5
f 2303/7928/1732 2287/7929/1733 3274/7930/1734
f 2287/7929/1733 2286/7931/1735 3274/7930/1734
f 2303/7928/1732 2302/7932/1736 2287/7929/1733
f 2617/7933/65 2670/7934/65 3275/7935/65
f 2617/7933/65 3275/7935/65 2636/7936/65
f 3275/7935/65 2635/7937/65 2636/7936/65
f 3275/7935/65 2644/7938/65 2635/7937/65
f 3275/7935/65 3276/7939/65 2644/7938/65
f 2642/7940/65 2644/7938/65 3276/7939/65
f 3276/7939/65 2640/7941/65 2642/7940/65
f 2598/7942/65 2640/7941/65 3276/7939/65
f 2598/7942/65 2637/7943/65 2640/7941/65
f 2598/7942/65 2597/7944/65 2637/7943/65
f 2602/7945/65 2637/7943/65 2597/7944/65
f 2602/7945/65 2527/7946/65 2637/7943/65
f 2602/7945/65 3277/7947/65 2527/7946/65
f 2528/7948/65 2527/7946/65 3277/7947/65
f 3277/7947/65 2530/7949/65 2528/7948/65
f 2530/7949/65 3277/7947/65 3278/7950/65
f 2524/7951/65 2530/7949/65 3278/7950/65
f 3279/7952/65 2524/7951/65 3278/7950/65
f 2496/7953/65 3279/7952/65 3278/7950/65
f 2496/7953/65 3278/7950/65 2561/7954/65
f 2602/7945/65 3278/7950/65 3277/7947/65
f 2598/7942/65 3276/7939/65 3275/7935/65
f 2644/7938/1737 2646/7955/1737 2635/7937/1737
f 2635/7937/65 2646/7955/65 2648/7956/65
f 2648/7956/65 2634/7957/65 2635/7937/65
f 2634/7957/65 2648/7956/65 2566/7958/65
f 2566/7958/65 2633/7959/65 2634/7957/65
f 2633/7959/65 2566/7958/65 2565/7960/65
f 2565/7960/65 2632/7961/65 2633/7959/65
f 2521/7962/65 2632/7961/65 2565/7960/65
f 2565/7960/65 2536/7963/65 2521/7962/65
f 2522/7964/65 2521/7962/65 2536/7963/65
f 2536/7963/65 2534/7965/65 2522/7964/65
f 2524/7951/65 2522/7964/65 2534/7965/65
f 2534/7965/65 2532/7966/65 2524/7951/65
f 2524/7951/567 2532/7966/567 2530/7949/567
f 2333/7967/1738 2332/7968/1738 1864/7969/1738
f 2241/7970/1739 2240/7971/1739 3280/7972/1740
f 3280/7972/1740 3281/7973/1741 2241/7970/1739
f 1229/7974/1742 3281/7973/1741 3280/7972/1740
f 3280/7972/1740 1228/7975/1742 1229/7974/1742
f 1864/7969/1743 1863/7976/1743 2333/7967/1743
f 2230/7977/1744 2241/7978/1744 3281/7979/1744
f 3281/7979/1744 3282/7980/1744 2230/7977/1744
f 1223/7981/1744 3282/7980/1744 3281/7979/1744
f 3281/7979/1744 1229/7982/1744 1223/7981/1744
f 2426/7983/754 2286/7984/754 2285/7985/1
f 2285/7985/1 2425/7986/1 2426/7983/754
f 1134/7987/753 2425/7986/1 2285/7985/1
f 2285/7985/1 1149/7988/753 1134/7987/753
f 2231/7989/1745 2230/7990/1745 3282/7991/1746
f 3282/7991/1746 3283/7992/1746 2231/7989/1745
f 1224/7993/1747 3283/7992/1746 3282/7991/1746
f 3282/7991/1746 1223/7994/1747 1224/7993/1747
f 2303/7995/773 3274/7996/773 3284/7997/773
f 1873/7998/773 2343/7999/773 3285/8000/773
f 1873/7998/773 3285/8000/773 2313/8001/773
f 3285/8000/773 2312/8002/773 2313/8001/773
f 3285/8000/773 2321/8003/773 2312/8002/773
f 3285/8000/773 3286/8004/773 2321/8003/773
f 2319/8005/773 2321/8003/773 3286/8004/773
f 3286/8004/773 2317/8006/773 2319/8005/773
f 2299/8007/773 2317/8006/773 3286/8004/773
f 2299/8007/773 2314/8008/773 2317/8006/773
f 2299/8007/773 2298/8009/773 2314/8008/773
f 2303/7995/773 2314/8008/773 2298/8009/773
f 2303/7995/773 2264/8010/773 2314/8008/773
f 2303/7995/773 3284/7997/773 2264/8010/773
f 2265/8011/773 2264/8010/773 3284/7997/773
f 3284/7997/773 2267/8012/773 2265/8011/773
f 2267/8012/773 3284/7997/773 3274/7996/773
f 2261/8013/773 2267/8012/773 3274/7996/773
f 3273/8014/773 2261/8013/773 3274/7996/773
f 2426/8015/773 3273/8014/773 3274/7996/773
f 2426/8015/773 3274/7996/773 2286/8016/773
f 2299/8007/773 3286/8004/773 3285/8000/773
f 2321/8003/1748 2323/8017/1748 2312/8002/1748
f 2312/8002/773 2323/8017/773 2325/8018/773
f 2325/8018/773 2311/8019/773 2312/8002/773
f 2311/8019/773 2325/8018/773 2292/8020/773
f 2292/8020/773 2310/8021/773 2311/8019/773
f 2310/8021/773 2292/8020/773 2291/8022/773
f 2291/8022/773 2309/8023/773 2310/8021/773
f 2258/8024/773 2309/8023/773 2291/8022/773
f 2291/8022/773 2273/8025/773 2258/8024/773
f 2259/8026/773 2258/8024/773 2273/8025/773
f 2273/8025/773 2271/8027/773 2259/8026/773
f 2261/8013/773 2259/8026/773 2271/8027/773
f 2271/8027/773 2269/8028/773 2261/8013/773
f 2261/8013/850 2269/8028/850 2267/8012/850
f 2229/5835/1749 2231/8029/1749 3283/8030/1750
f 3283/8030/1750 2674/5832/1750 2229/5835/1749
f 1214/5833/1751 2674/5832/1750 3283/8030/1750
f 3283/8030/1750 1224/8031/1751 1214/5833/1751
f 2337/8032/23 2343/8033/23 2342/8034/23
f 2342/8034/23 2341/8035/23 2337/8032/23
f 1324/8036/23 2341/8035/23 2342/8034/23
f 2342/8034/23 1163/8037/23 1324/8036/23
f 2622/8038/65 1227/8039/65 1226/8040/65
f 1226/8040/65 2658/8041/65 2622/8038/65
f 1226/8040/65 1228/8042/65 2658/8041/65
f 1228/8042/65 3280/8043/65 2658/8041/65
f 3280/8043/65 2653/8044/65 2658/8041/65
f 2654/8045/65 2653/8044/65 3280/8043/65
f 2654/8045/65 3280/8043/65 2240/8046/65
f 2239/8047/65 2654/8045/65 2240/8046/65
f 2503/8048/65 2654/8045/65 2239/8047/65
f 2239/8047/65 2242/8049/65 2503/8048/65
f 2299/8050/1752 2337/8051/1753 2300/8052/1754
f 2622/8053/1755 2658/8054/1755 2657/8055/1755
f 2299/8050/1752 3285/8056/1756 2337/8051/1753
f 3285/8056/1756 2343/8057/1757 2337/8051/1753
f 2335/8058/1758 2338/8059/1758 1876/8060/1758
f 2657/8055/1759 2660/8061/1759 2622/8053/1759
f 1876/8060/1760 2336/8062/1760 2335/8058/1760
f 2598/8063/1761 3275/8064/1762 2659/8065/1763
f 3275/8064/1762 2670/8066/1764 2659/8065/1763
f 2598/8063/1761 2659/8065/1763 2599/8067/1765
f 1876/8068/773 1245/8069/773 1244/8070/773
f 1244/8070/773 2336/8071/773 1876/8068/773
f 1244/8070/773 1246/8072/773 2336/8071/773
f 1246/8072/773 3287/8073/1766 2336/8071/773
f 3287/8073/1766 2331/8074/773 2336/8071/773
f 2332/8075/1767 2331/8074/773 3287/8073/1766
f 2332/8075/1767 3287/8073/1766 2215/8076/1768
f 2219/8077/1769 2332/8075/1767 2215/8076/1768
f 1864/8078/1770 2332/8075/1767 2219/8077/1769
f 2219/8077/1769 1866/8079/1682 1864/8078/1770
f 2659/8080/23 2670/8081/23 2669/8082/23
f 2669/8082/23 2662/8083/23 2659/8080/23
f 2663/8084/23 2662/8083/23 2669/8082/23
f 2669/8082/23 2671/8085/23 2663/8084/23
f 2663/8084/23 2671/8085/23 2672/8086/23
f 2672/8086/23 2666/8087/23 2663/8084/23
f 2667/8088/23 2666/8087/23 2672/8086/23
f 2672/8086/23 1958/8089/23 2667/8088/23
f 2222/4990/1771 2221/8090/1771 3288/8091/1772
f 3288/8091/1772 2346/4988/1772 2222/4990/1771
f 1233/4989/1773 2346/4988/1772 3288/8091/1772
f 3288/8091/1772 1239/8092/1773 1233/4989/1773
f 2668/8093/5 2619/8094/5 2618/8095/5
f 2618/8095/5 2665/8096/5 2668/8093/5
f 2664/8097/5 2665/8096/5 2618/8095/5
f 2618/8095/5 2620/8098/5 2664/8097/5
f 2664/8097/5 2620/8098/5 2621/8099/5
f 2621/8099/5 2661/8100/5 2664/8097/5
f 2660/8101/5 2661/8100/5 2621/8099/5
f 2621/8099/5 2622/8102/5 2660/8101/5
f 2221/8103/1774 2217/8104/1774 3289/8105/1775
f 3289/8105/1775 3288/8106/1775 2221/8103/1774
f 1239/8107/1776 3288/8106/1775 3289/8105/1775
f 3289/8105/1775 1238/8108/1776 1239/8107/1776
f 2503/8109/1777 2557/8110/1777 2655/8111/1777
f 2217/8112/1778 2216/8113/1778 3290/8114/1779
f 3290/8114/1779 3289/8115/1779 2217/8112/1778
f 1238/8116/297 3289/8115/1779 3290/8114/1779
f 3290/8114/1779 1247/8117/297 1238/8116/297
f 2655/8111/1780 2654/8118/1780 2503/8109/1780
f 2216/8119/1781 2215/8120/1781 3287/8121/1782
f 3287/8121/1782 3290/8122/1782 2216/8119/1781
f 1247/8123/1783 3290/8122/1782 3287/8121/1782
f 3287/8121/1782 1246/8124/1783 1247/8123/1783
f 2602/8125/1784 2601/8126/1785 2556/8127/1786
f 2382/8128/1094 2381/8129/1094 2385/8130/1094
f 2385/8130/1094 3269/8131/1094 2382/8128/1094
f 3270/8132/5 3269/8131/1094 2385/8130/1094
f 2385/8130/1094 2388/8133/5 3270/8132/5
f 3270/8132/5 2388/8133/5 2386/8134/821
f 2386/8134/821 3271/8135/821 3270/8132/5
f 2028/8136/821 3271/8135/821 2386/8134/821
f 2386/8134/821 2029/8137/821 2028/8136/821
f 2602/8125/1784 2556/8127/1786 3278/8138/1787
f 2556/8127/1786 2561/8139/1788 3278/8138/1787
f 2550/8140/5 1944/8141/5 2558/8142/5
f 2558/8142/5 2551/8143/5 2550/8140/5
f 2553/8144/5 2551/8143/5 2558/8142/5
f 2558/8142/5 2559/8145/5 2553/8144/5
f 2553/8144/5 2559/8145/5 2560/8146/5
f 2560/8146/5 2554/8147/5 2553/8144/5
f 2556/8148/5 2554/8147/5 2560/8146/5
f 2560/8146/5 2561/8149/5 2556/8148/5
f 2367/5069/1789 2348/5068/1790 2357/5098/1791
f 2525/8150/1792 2524/8151/1792 3279/8152/1793
f 3279/8152/1793 2538/8153/1794 2525/8150/1792
f 2538/8153/1794 3279/8152/1793 2496/8154/1795
f 2496/8154/1795 2495/8155/1795 2538/8153/1794
f 2034/8156/850 2037/8157/850 3272/8158/850
f 3272/8158/850 2106/8159/850 2034/8156/850
f 2107/8160/850 2106/8159/850 3272/8158/850
f 3272/8158/850 2395/8161/850 2107/8160/850
f 2557/8162/23 2503/8163/23 2502/8164/23
f 2502/8164/23 2555/8165/23 2557/8162/23
f 2552/8166/23 2555/8165/23 2502/8164/23
f 2502/8164/23 2504/8167/23 2552/8166/23
f 2552/8166/23 2504/8167/23 2505/8168/23
f 2505/8168/23 2548/8169/23 2552/8166/23
f 2549/8170/23 2548/8169/23 2505/8168/23
f 2505/8168/23 2506/8171/23 2549/8170/23
f 36/5141/1796 2400/5140/1797 2105/7811/1796
f 3259/8172/1798 3260/7894/1727 1477/2601/466
f 2105/7811/1796 34/4395/1799 36/5141/1796
f 1477/8173/1800 1474/8174/1800 3259/8175/1800
f 971/1636/23 3267/8176/23 969/1634/23
f 3267/8176/23 3263/8177/23 969/1634/23
f 3267/8176/23 3268/8178/23 3263/8177/23
